patch_id,region_id,image_path,mask_path,non_background_ratio,classes_present,split
moscow_suburb_small_17_79316_40855,moscow_suburb_small,images/patches_512/moscow_suburb_small_17_79316_40855.png,masks/patches_512/moscow_suburb_small_17_79316_40855.png,1.0,"2,3,4",train
moscow_suburb_small_17_79307_40872,moscow_suburb_small,images/patches_512/moscow_suburb_small_17_79307_40872.png,masks/patches_512/moscow_suburb_small_17_79307_40872.png,1.0,"2,3,4",train
moscow_city_small_17_79238_40972,moscow_city_small,images/patches_512/moscow_city_small_17_79238_40972.png,masks/patches_512/moscow_city_small_17_79238_40972.png,0.731262,"1,2,3,4",train
moscow_suburb_small_17_79299_40869,moscow_suburb_small,images/patches_512/moscow_suburb_small_17_79299_40869.png,masks/patches_512/moscow_suburb_small_17_79299_40869.png,1.0,"2,3,4",train
moscow_suburb_small_17_79307_40866,moscow_suburb_small,images/patches_512/moscow_suburb_small_17_79307_40866.png,masks/patches_512/moscow_suburb_small_17_79307_40866.png,1.0,"2,3,4",train
moscow_city_small_17_79238_40966,moscow_city_small,images/patches_512/moscow_city_small_17_79238_40966.png,masks/patches_512/moscow_city_small_17_79238_40966.png,0.679569,"2,3,4",train
moscow_suburb_small_17_79316_40841,moscow_suburb_small,images/patches_512/moscow_suburb_small_17_79316_40841.png,masks/patches_512/moscow_suburb_small_17_79316_40841.png,1.0,"2,3,4",train
moscow_suburb_small_17_79316_40869,moscow_suburb_small,images/patches_512/moscow_suburb_small_17_79316_40869.png,masks/patches_512/moscow_suburb_small_17_79316_40869.png,1.0,"2,3,4",train
moscow_city_small_17_79229_40969,moscow_city_small,images/patches_512/moscow_city_small_17_79229_40969.png,masks/patches_512/moscow_city_small_17_79229_40969.png,0.699493,"1,2,3,4",train
moscow_city_small_17_79224_40995,moscow_city_small,images/patches_512/moscow_city_small_17_79224_40995.png,masks/patches_512/moscow_city_small_17_79224_40995.png,0.744701,"2,3,4",train
moscow_suburb_small_17_79299_40841,moscow_suburb_small,images/patches_512/moscow_suburb_small_17_79299_40841.png,masks/patches_512/moscow_suburb_small_17_79299_40841.png,1.0,"2,3,4",train
moscow_city_small_17_79224_40981,moscow_city_small,images/patches_512/moscow_city_small_17_79224_40981.png,masks/patches_512/moscow_city_small_17_79224_40981.png,0.691509,"2,3,4",train
moscow_suburb_small_17_79294_40856,moscow_suburb_small,images/patches_512/moscow_suburb_small_17_79294_40856.png,masks/patches_512/moscow_suburb_small_17_79294_40856.png,1.0,"2,3,4",train
moscow_city_small_17_79229_40982,moscow_city_small,images/patches_512/moscow_city_small_17_79229_40982.png,masks/patches_512/moscow_city_small_17_79229_40982.png,0.514809,"1,2,3,4",train
moscow_city_small_17_79235_40971,moscow_city_small,images/patches_512/moscow_city_small_17_79235_40971.png,masks/patches_512/moscow_city_small_17_79235_40971.png,0.710011,"2,3,4",train
svo_airport_small_17_79169_40833,svo_airport_small,images/patches_512/svo_airport_small_17_79169_40833.png,masks/patches_512/svo_airport_small_17_79169_40833.png,1.0,"2,3,4",train
svo_airport_small_17_79157_40822,svo_airport_small,images/patches_512/svo_airport_small_17_79157_40822.png,masks/patches_512/svo_airport_small_17_79157_40822.png,1.0,"1,2,3,4",train
svo_airport_small_17_79157_40836,svo_airport_small,images/patches_512/svo_airport_small_17_79157_40836.png,masks/patches_512/svo_airport_small_17_79157_40836.png,1.0,"2,3,4",train
moscow_city_small_17_79235_40965,moscow_city_small,images/patches_512/moscow_city_small_17_79235_40965.png,masks/patches_512/moscow_city_small_17_79235_40965.png,0.759319,"2,3,4",train
moscow_suburb_small_17_79315_40861,moscow_suburb_small,images/patches_512/moscow_suburb_small_17_79315_40861.png,masks/patches_512/moscow_suburb_small_17_79315_40861.png,1.0,"2,3,4",train
svo_airport_small_17_79159_40815,svo_airport_small,images/patches_512/svo_airport_small_17_79159_40815.png,masks/patches_512/svo_airport_small_17_79159_40815.png,1.0,"1,2,3,4",train
karelia_forest_small_17_76729_36729,karelia_forest_small,images/patches_512/karelia_forest_small_17_76729_36729.png,masks/patches_512/karelia_forest_small_17_76729_36729.png,1.0,"1,2,3,4",test
moscow_suburb_small_17_79304_40852,moscow_suburb_small,images/patches_512/moscow_suburb_small_17_79304_40852.png,masks/patches_512/moscow_suburb_small_17_79304_40852.png,1.0,"1,2,3,4",train
moscow_city_small_17_79227_40989,moscow_city_small,images/patches_512/moscow_city_small_17_79227_40989.png,masks/patches_512/moscow_city_small_17_79227_40989.png,0.854156,"1,2,3,4",train
moscow_suburb_small_17_79315_40875,moscow_suburb_small,images/patches_512/moscow_suburb_small_17_79315_40875.png,masks/patches_512/moscow_suburb_small_17_79315_40875.png,1.0,"2,3,4",train
krasnodar_fields_small_17_79657_46795,krasnodar_fields_small,images/patches_512/krasnodar_fields_small_17_79657_46795.png,masks/patches_512/krasnodar_fields_small_17_79657_46795.png,1.0,"1,2,3,4",val
moscow_city_small_17_79236_40986,moscow_city_small,images/patches_512/moscow_city_small_17_79236_40986.png,masks/patches_512/moscow_city_small_17_79236_40986.png,0.527565,"3,4",train
moscow_city_small_17_79236_40992,moscow_city_small,images/patches_512/moscow_city_small_17_79236_40992.png,masks/patches_512/moscow_city_small_17_79236_40992.png,0.547848,"2,3,4",train
moscow_suburb_small_17_79315_40849,moscow_suburb_small,images/patches_512/moscow_suburb_small_17_79315_40849.png,masks/patches_512/moscow_suburb_small_17_79315_40849.png,1.0,"2,3,4",train
moscow_suburb_small_17_79297_40862,moscow_suburb_small,images/patches_512/moscow_suburb_small_17_79297_40862.png,masks/patches_512/moscow_suburb_small_17_79297_40862.png,1.0,"2,3,4",train
moscow_city_small_17_79236_40979,moscow_city_small,images/patches_512/moscow_city_small_17_79236_40979.png,masks/patches_512/moscow_city_small_17_79236_40979.png,0.870953,"1,2,3,4",train
moscow_suburb_small_17_79297_40876,moscow_suburb_small,images/patches_512/moscow_suburb_small_17_79297_40876.png,masks/patches_512/moscow_suburb_small_17_79297_40876.png,1.0,"2,3,4",train
moscow_city_small_17_79219_40973,moscow_city_small,images/patches_512/moscow_city_small_17_79219_40973.png,masks/patches_512/moscow_city_small_17_79219_40973.png,0.580948,"2,3,4",train
moscow_suburb_small_17_79318_40862,moscow_suburb_small,images/patches_512/moscow_suburb_small_17_79318_40862.png,masks/patches_512/moscow_suburb_small_17_79318_40862.png,1.0,"2,3,4",train
moscow_suburb_small_17_79309_40845,moscow_suburb_small,images/patches_512/moscow_suburb_small_17_79309_40845.png,masks/patches_512/moscow_suburb_small_17_79309_40845.png,1.0,"1,2,3,4",train
moscow_suburb_small_17_79309_40851,moscow_suburb_small,images/patches_512/moscow_suburb_small_17_79309_40851.png,masks/patches_512/moscow_suburb_small_17_79309_40851.png,1.0,"2,3,4",train
moscow_suburb_small_17_79318_40876,moscow_suburb_small,images/patches_512/moscow_suburb_small_17_79318_40876.png,masks/patches_512/moscow_suburb_small_17_79318_40876.png,1.0,"2,3,4",train
moscow_city_small_17_79227_40976,moscow_city_small,images/patches_512/moscow_city_small_17_79227_40976.png,masks/patches_512/moscow_city_small_17_79227_40976.png,0.680786,"2,3,4",train
moscow_city_small_17_79219_40967,moscow_city_small,images/patches_512/moscow_city_small_17_79219_40967.png,masks/patches_512/moscow_city_small_17_79219_40967.png,0.563145,"1,2,3,4",train
moscow_city_small_17_79233_40976,moscow_city_small,images/patches_512/moscow_city_small_17_79233_40976.png,masks/patches_512/moscow_city_small_17_79233_40976.png,0.719349,"1,2,3,4",train
svo_airport_small_17_79151_40819,svo_airport_small,images/patches_512/svo_airport_small_17_79151_40819.png,masks/patches_512/svo_airport_small_17_79151_40819.png,1.0,"2,3,4",train
moscow_city_small_17_79222_40979,moscow_city_small,images/patches_512/moscow_city_small_17_79222_40979.png,masks/patches_512/moscow_city_small_17_79222_40979.png,0.542831,"1,3,4",train
moscow_suburb_small_17_79301_40849,moscow_suburb_small,images/patches_512/moscow_suburb_small_17_79301_40849.png,masks/patches_512/moscow_suburb_small_17_79301_40849.png,1.0,"1,2,3,4",train
svo_airport_small_17_79156_40841,svo_airport_small,images/patches_512/svo_airport_small_17_79156_40841.png,masks/patches_512/svo_airport_small_17_79156_40841.png,1.0,"2,3,4",train
moscow_city_small_17_79222_40992,moscow_city_small,images/patches_512/moscow_city_small_17_79222_40992.png,masks/patches_512/moscow_city_small_17_79222_40992.png,0.92783,"1,2,3,4",train
svo_airport_small_17_79173_40838,svo_airport_small,images/patches_512/svo_airport_small_17_79173_40838.png,masks/patches_512/svo_airport_small_17_79173_40838.png,1.0,"1,2,3,4",train
moscow_city_small_17_79222_40986,moscow_city_small,images/patches_512/moscow_city_small_17_79222_40986.png,masks/patches_512/moscow_city_small_17_79222_40986.png,0.621033,"2,3,4",train
moscow_suburb_small_17_79301_40875,moscow_suburb_small,images/patches_512/moscow_suburb_small_17_79301_40875.png,masks/patches_512/moscow_suburb_small_17_79301_40875.png,1.0,"2,3,4",train
svo_airport_small_17_79162_40837,svo_airport_small,images/patches_512/svo_airport_small_17_79162_40837.png,masks/patches_512/svo_airport_small_17_79162_40837.png,1.0,"2,3,4",train
moscow_city_small_17_79233_40989,moscow_city_small,images/patches_512/moscow_city_small_17_79233_40989.png,masks/patches_512/moscow_city_small_17_79233_40989.png,0.669289,"2,3,4",train
moscow_suburb_small_17_79310_40852,moscow_suburb_small,images/patches_512/moscow_suburb_small_17_79310_40852.png,masks/patches_512/moscow_suburb_small_17_79310_40852.png,1.0,"1,2,3,4",train
moscow_suburb_small_17_79310_40846,moscow_suburb_small,images/patches_512/moscow_suburb_small_17_79310_40846.png,masks/patches_512/moscow_suburb_small_17_79310_40846.png,1.0,"1,2,3,4",train
moscow_suburb_small_17_79301_40861,moscow_suburb_small,images/patches_512/moscow_suburb_small_17_79301_40861.png,masks/patches_512/moscow_suburb_small_17_79301_40861.png,1.0,"2,3,4",train
svo_airport_small_17_79162_40823,svo_airport_small,images/patches_512/svo_airport_small_17_79162_40823.png,masks/patches_512/svo_airport_small_17_79162_40823.png,1.0,"1,2,3,4",train
moscow_city_small_17_79221_40965,moscow_city_small,images/patches_512/moscow_city_small_17_79221_40965.png,masks/patches_512/moscow_city_small_17_79221_40965.png,0.62904,"2,3,4",train
moscow_city_small_17_79221_40971,moscow_city_small,images/patches_512/moscow_city_small_17_79221_40971.png,masks/patches_512/moscow_city_small_17_79221_40971.png,0.624905,"2,3,4",train
moscow_city_small_17_79230_40981,moscow_city_small,images/patches_512/moscow_city_small_17_79230_40981.png,masks/patches_512/moscow_city_small_17_79230_40981.png,0.4771,"1,2,3,4",train
moscow_city_small_17_79230_40995,moscow_city_small,images/patches_512/moscow_city_small_17_79230_40995.png,masks/patches_512/moscow_city_small_17_79230_40995.png,0.511311,"2,3,4",train
moscow_suburb_small_17_79302_40869,moscow_suburb_small,images/patches_512/moscow_suburb_small_17_79302_40869.png,masks/patches_512/moscow_suburb_small_17_79302_40869.png,1.0,"2,3,4",train
moscow_suburb_small_17_79302_40841,moscow_suburb_small,images/patches_512/moscow_suburb_small_17_79302_40841.png,masks/patches_512/moscow_suburb_small_17_79302_40841.png,1.0,"1,2,3,4",train
moscow_suburb_small_17_79313_40866,moscow_suburb_small,images/patches_512/moscow_suburb_small_17_79313_40866.png,masks/patches_512/moscow_suburb_small_17_79313_40866.png,1.0,"2,3,4",train
moscow_suburb_small_17_79313_40872,moscow_suburb_small,images/patches_512/moscow_suburb_small_17_79313_40872.png,masks/patches_512/moscow_suburb_small_17_79313_40872.png,1.0,"2,3,4",train
svo_airport_small_17_79161_40817,svo_airport_small,images/patches_512/svo_airport_small_17_79161_40817.png,masks/patches_512/svo_airport_small_17_79161_40817.png,1.0,"2,3,4",train
moscow_suburb_small_17_79302_40855,moscow_suburb_small,images/patches_512/moscow_suburb_small_17_79302_40855.png,masks/patches_512/moscow_suburb_small_17_79302_40855.png,1.0,"2,3,4",train
moscow_suburb_small_17_79313_40873,moscow_suburb_small,images/patches_512/moscow_suburb_small_17_79313_40873.png,masks/patches_512/moscow_suburb_small_17_79313_40873.png,1.0,"2,3,4",train
moscow_suburb_small_17_79302_40854,moscow_suburb_small,images/patches_512/moscow_suburb_small_17_79302_40854.png,masks/patches_512/moscow_suburb_small_17_79302_40854.png,1.0,"2,3,4",train
svo_airport_small_17_79161_40816,svo_airport_small,images/patches_512/svo_airport_small_17_79161_40816.png,masks/patches_512/svo_airport_small_17_79161_40816.png,1.0,"2,3,4",train
moscow_suburb_small_17_79302_40840,moscow_suburb_small,images/patches_512/moscow_suburb_small_17_79302_40840.png,masks/patches_512/moscow_suburb_small_17_79302_40840.png,1.0,"1,2,3,4",train
moscow_suburb_small_17_79313_40867,moscow_suburb_small,images/patches_512/moscow_suburb_small_17_79313_40867.png,masks/patches_512/moscow_suburb_small_17_79313_40867.png,1.0,"2,3,4",train
moscow_suburb_small_17_79302_40868,moscow_suburb_small,images/patches_512/moscow_suburb_small_17_79302_40868.png,masks/patches_512/moscow_suburb_small_17_79302_40868.png,1.0,"2,3,4",train
moscow_city_small_17_79230_40994,moscow_city_small,images/patches_512/moscow_city_small_17_79230_40994.png,masks/patches_512/moscow_city_small_17_79230_40994.png,0.482975,"2,3,4",train
moscow_city_small_17_79230_40980,moscow_city_small,images/patches_512/moscow_city_small_17_79230_40980.png,masks/patches_512/moscow_city_small_17_79230_40980.png,0.687695,"1,2,3,4",train
svo_airport_small_17_79152_40838,svo_airport_small,images/patches_512/svo_airport_small_17_79152_40838.png,masks/patches_512/svo_airport_small_17_79152_40838.png,1.0,"2,3,4",train
moscow_city_small_17_79221_40970,moscow_city_small,images/patches_512/moscow_city_small_17_79221_40970.png,masks/patches_512/moscow_city_small_17_79221_40970.png,0.559803,"1,2,3,4",train
moscow_city_small_17_79221_40964,moscow_city_small,images/patches_512/moscow_city_small_17_79221_40964.png,masks/patches_512/moscow_city_small_17_79221_40964.png,0.57785,"2,3,4",train
moscow_suburb_small_17_79310_40847,moscow_suburb_small,images/patches_512/moscow_suburb_small_17_79310_40847.png,masks/patches_512/moscow_suburb_small_17_79310_40847.png,1.0,"1,2,3,4",train
svo_airport_small_17_79162_40822,svo_airport_small,images/patches_512/svo_airport_small_17_79162_40822.png,masks/patches_512/svo_airport_small_17_79162_40822.png,1.0,"1,2,3,4",train
moscow_suburb_small_17_79301_40860,moscow_suburb_small,images/patches_512/moscow_suburb_small_17_79301_40860.png,masks/patches_512/moscow_suburb_small_17_79301_40860.png,1.0,"2,3,4",train
moscow_city_small_17_79233_40988,moscow_city_small,images/patches_512/moscow_city_small_17_79233_40988.png,masks/patches_512/moscow_city_small_17_79233_40988.png,0.650944,"2,3,4",train
svo_airport_small_17_79162_40836,svo_airport_small,images/patches_512/svo_airport_small_17_79162_40836.png,masks/patches_512/svo_airport_small_17_79162_40836.png,1.0,"2,3,4",train
moscow_suburb_small_17_79310_40853,moscow_suburb_small,images/patches_512/moscow_suburb_small_17_79310_40853.png,masks/patches_512/moscow_suburb_small_17_79310_40853.png,1.0,"1,2,3,4",train
moscow_city_small_17_79222_40987,moscow_city_small,images/patches_512/moscow_city_small_17_79222_40987.png,masks/patches_512/moscow_city_small_17_79222_40987.png,0.614513,"2,3,4",train
svo_airport_small_17_79173_40839,svo_airport_small,images/patches_512/svo_airport_small_17_79173_40839.png,masks/patches_512/svo_airport_small_17_79173_40839.png,1.0,"1,2,3,4",train
svo_airport_small_17_79156_40840,svo_airport_small,images/patches_512/svo_airport_small_17_79156_40840.png,masks/patches_512/svo_airport_small_17_79156_40840.png,1.0,"2,3,4",train
moscow_suburb_small_17_79301_40848,moscow_suburb_small,images/patches_512/moscow_suburb_small_17_79301_40848.png,masks/patches_512/moscow_suburb_small_17_79301_40848.png,1.0,"1,2,3,4",train
moscow_city_small_17_79222_40993,moscow_city_small,images/patches_512/moscow_city_small_17_79222_40993.png,masks/patches_512/moscow_city_small_17_79222_40993.png,0.985577,"1,2,3,4",train
moscow_city_small_17_79222_40978,moscow_city_small,images/patches_512/moscow_city_small_17_79222_40978.png,masks/patches_512/moscow_city_small_17_79222_40978.png,0.580284,"1,2,3,4",train
rostov_open_small_17_80195_45976,rostov_open_small,images/patches_512/rostov_open_small_17_80195_45976.png,masks/patches_512/rostov_open_small_17_80195_45976.png,1.0,"1,2,3,4",train
svo_airport_small_17_79165_40846,svo_airport_small,images/patches_512/svo_airport_small_17_79165_40846.png,masks/patches_512/svo_airport_small_17_79165_40846.png,1.0,"2,3,4",train
moscow_city_small_17_79233_40977,moscow_city_small,images/patches_512/moscow_city_small_17_79233_40977.png,masks/patches_512/moscow_city_small_17_79233_40977.png,0.915104,"1,2,3,4",train
moscow_suburb_small_17_79309_40850,moscow_suburb_small,images/patches_512/moscow_suburb_small_17_79309_40850.png,masks/patches_512/moscow_suburb_small_17_79309_40850.png,1.0,"2,3,4",train
moscow_city_small_17_79219_40966,moscow_city_small,images/patches_512/moscow_city_small_17_79219_40966.png,masks/patches_512/moscow_city_small_17_79219_40966.png,0.578598,"1,2,3,4",train
moscow_city_small_17_79227_40977,moscow_city_small,images/patches_512/moscow_city_small_17_79227_40977.png,masks/patches_512/moscow_city_small_17_79227_40977.png,0.660381,"2,3,4",train
moscow_suburb_small_17_79318_40863,moscow_suburb_small,images/patches_512/moscow_suburb_small_17_79318_40863.png,masks/patches_512/moscow_suburb_small_17_79318_40863.png,1.0,"2,3,4",train
moscow_city_small_17_79219_40972,moscow_city_small,images/patches_512/moscow_city_small_17_79219_40972.png,masks/patches_512/moscow_city_small_17_79219_40972.png,0.540707,"2,3,4",train
moscow_suburb_small_17_79297_40877,moscow_suburb_small,images/patches_512/moscow_suburb_small_17_79297_40877.png,masks/patches_512/moscow_suburb_small_17_79297_40877.png,1.0,"2,3,4",train
svo_airport_small_17_79171_40846,svo_airport_small,images/patches_512/svo_airport_small_17_79171_40846.png,masks/patches_512/svo_airport_small_17_79171_40846.png,1.0,"2,3,4",train
moscow_city_small_17_79236_40978,moscow_city_small,images/patches_512/moscow_city_small_17_79236_40978.png,masks/patches_512/moscow_city_small_17_79236_40978.png,1.0,"1,3,4",train
moscow_suburb_small_17_79297_40863,moscow_suburb_small,images/patches_512/moscow_suburb_small_17_79297_40863.png,masks/patches_512/moscow_suburb_small_17_79297_40863.png,1.0,"2,3,4",train
moscow_city_small_17_79236_40993,moscow_city_small,images/patches_512/moscow_city_small_17_79236_40993.png,masks/patches_512/moscow_city_small_17_79236_40993.png,0.540207,"2,3,4",train
svo_airport_small_17_79167_40839,svo_airport_small,images/patches_512/svo_airport_small_17_79167_40839.png,masks/patches_512/svo_airport_small_17_79167_40839.png,1.0,"1,2,3,4",train
moscow_city_small_17_79236_40987,moscow_city_small,images/patches_512/moscow_city_small_17_79236_40987.png,masks/patches_512/moscow_city_small_17_79236_40987.png,0.51609,"3,4",train
moscow_suburb_small_17_79304_40853,moscow_suburb_small,images/patches_512/moscow_suburb_small_17_79304_40853.png,masks/patches_512/moscow_suburb_small_17_79304_40853.png,1.0,"1,2,3,4",train
moscow_suburb_small_17_79315_40874,moscow_suburb_small,images/patches_512/moscow_suburb_small_17_79315_40874.png,masks/patches_512/moscow_suburb_small_17_79315_40874.png,1.0,"2,3,4",train
moscow_city_small_17_79227_40988,moscow_city_small,images/patches_512/moscow_city_small_17_79227_40988.png,masks/patches_512/moscow_city_small_17_79227_40988.png,0.672916,"1,2,3,4",train
moscow_suburb_small_17_79315_40860,moscow_suburb_small,images/patches_512/moscow_suburb_small_17_79315_40860.png,masks/patches_512/moscow_suburb_small_17_79315_40860.png,1.0,"2,3,4",train
krasnodar_fields_small_17_79670_46802,krasnodar_fields_small,images/patches_512/krasnodar_fields_small_17_79670_46802.png,masks/patches_512/krasnodar_fields_small_17_79670_46802.png,1.0,"1,2,3,4",val
moscow_city_small_17_79235_40964,moscow_city_small,images/patches_512/moscow_city_small_17_79235_40964.png,masks/patches_512/moscow_city_small_17_79235_40964.png,0.703236,"2,3,4",train
svo_airport_small_17_79157_40837,svo_airport_small,images/patches_512/svo_airport_small_17_79157_40837.png,masks/patches_512/svo_airport_small_17_79157_40837.png,1.0,"2,3,4",train
svo_airport_small_17_79157_40823,svo_airport_small,images/patches_512/svo_airport_small_17_79157_40823.png,masks/patches_512/svo_airport_small_17_79157_40823.png,1.0,"1,2,3,4",train
moscow_city_small_17_79235_40970,moscow_city_small,images/patches_512/moscow_city_small_17_79235_40970.png,masks/patches_512/moscow_city_small_17_79235_40970.png,0.688023,"2,3,4",train
moscow_city_small_17_79229_40983,moscow_city_small,images/patches_512/moscow_city_small_17_79229_40983.png,masks/patches_512/moscow_city_small_17_79229_40983.png,0.571846,"1,2,3,4",train
krasnodar_fields_small_17_79648_46784,krasnodar_fields_small,images/patches_512/krasnodar_fields_small_17_79648_46784.png,masks/patches_512/krasnodar_fields_small_17_79648_46784.png,1.0,"1,2,4",val
moscow_suburb_small_17_79294_40857,moscow_suburb_small,images/patches_512/moscow_suburb_small_17_79294_40857.png,masks/patches_512/moscow_suburb_small_17_79294_40857.png,1.0,"2,3,4",train
moscow_city_small_17_79224_40980,moscow_city_small,images/patches_512/moscow_city_small_17_79224_40980.png,masks/patches_512/moscow_city_small_17_79224_40980.png,0.647484,"1,2,3,4",train
moscow_city_small_17_79224_40994,moscow_city_small,images/patches_512/moscow_city_small_17_79224_40994.png,masks/patches_512/moscow_city_small_17_79224_40994.png,0.893166,"1,2,3,4",train
moscow_city_small_17_79229_40968,moscow_city_small,images/patches_512/moscow_city_small_17_79229_40968.png,masks/patches_512/moscow_city_small_17_79229_40968.png,0.696732,"1,2,3,4",train
moscow_suburb_small_17_79316_40868,moscow_suburb_small,images/patches_512/moscow_suburb_small_17_79316_40868.png,masks/patches_512/moscow_suburb_small_17_79316_40868.png,1.0,"2,3,4",train
svo_airport_small_17_79164_40825,svo_airport_small,images/patches_512/svo_airport_small_17_79164_40825.png,masks/patches_512/svo_airport_small_17_79164_40825.png,1.0,"2,3,4",train
moscow_city_small_17_79238_40967,moscow_city_small,images/patches_512/moscow_city_small_17_79238_40967.png,masks/patches_512/moscow_city_small_17_79238_40967.png,0.72057,"2,3,4",train
moscow_suburb_small_17_79307_40867,moscow_suburb_small,images/patches_512/moscow_suburb_small_17_79307_40867.png,masks/patches_512/moscow_suburb_small_17_79307_40867.png,1.0,"2,3,4",train
moscow_suburb_small_17_79316_40854,moscow_suburb_small,images/patches_512/moscow_suburb_small_17_79316_40854.png,masks/patches_512/moscow_suburb_small_17_79316_40854.png,1.0,"2,3,4",train
moscow_suburb_small_17_79299_40868,moscow_suburb_small,images/patches_512/moscow_suburb_small_17_79299_40868.png,masks/patches_512/moscow_suburb_small_17_79299_40868.png,1.0,"2,3,4",train
moscow_city_small_17_79238_40973,moscow_city_small,images/patches_512/moscow_city_small_17_79238_40973.png,masks/patches_512/moscow_city_small_17_79238_40973.png,0.702305,"1,2,3,4",train
moscow_suburb_small_17_79307_40873,moscow_suburb_small,images/patches_512/moscow_suburb_small_17_79307_40873.png,masks/patches_512/moscow_suburb_small_17_79307_40873.png,1.0,"2,3,4",train
moscow_suburb_small_17_79316_40842,moscow_suburb_small,images/patches_512/moscow_suburb_small_17_79316_40842.png,masks/patches_512/moscow_suburb_small_17_79316_40842.png,1.0,"2,3,4",train
moscow_city_small_17_79238_40965,moscow_city_small,images/patches_512/moscow_city_small_17_79238_40965.png,masks/patches_512/moscow_city_small_17_79238_40965.png,0.699444,"2,3,4",train
moscow_suburb_small_17_79307_40865,moscow_suburb_small,images/patches_512/moscow_suburb_small_17_79307_40865.png,masks/patches_512/moscow_suburb_small_17_79307_40865.png,1.0,"2,3,4",train
moscow_city_small_17_79238_40971,moscow_city_small,images/patches_512/moscow_city_small_17_79238_40971.png,masks/patches_512/moscow_city_small_17_79238_40971.png,0.739193,"2,3,4",train
moscow_suburb_small_17_79307_40871,moscow_suburb_small,images/patches_512/moscow_suburb_small_17_79307_40871.png,masks/patches_512/moscow_suburb_small_17_79307_40871.png,1.0,"2,3,4",train
moscow_suburb_small_17_79316_40856,moscow_suburb_small,images/patches_512/moscow_suburb_small_17_79316_40856.png,masks/patches_512/moscow_suburb_small_17_79316_40856.png,1.0,"2,3,4",train
moscow_city_small_17_79224_40982,moscow_city_small,images/patches_512/moscow_city_small_17_79224_40982.png,masks/patches_512/moscow_city_small_17_79224_40982.png,0.673252,"2,3,4",train
moscow_suburb_small_17_79307_40859,moscow_suburb_small,images/patches_512/moscow_suburb_small_17_79307_40859.png,masks/patches_512/moscow_suburb_small_17_79307_40859.png,1.0,"1,2,3,4",train
moscow_suburb_small_17_79299_40842,moscow_suburb_small,images/patches_512/moscow_suburb_small_17_79299_40842.png,masks/patches_512/moscow_suburb_small_17_79299_40842.png,1.0,"1,2,3,4",train
moscow_suburb_small_17_79299_40856,moscow_suburb_small,images/patches_512/moscow_suburb_small_17_79299_40856.png,masks/patches_512/moscow_suburb_small_17_79299_40856.png,1.0,"2,3,4",train
moscow_city_small_17_79229_40981,moscow_city_small,images/patches_512/moscow_city_small_17_79229_40981.png,masks/patches_512/moscow_city_small_17_79229_40981.png,0.54517,"1,2,3,4",train
moscow_suburb_small_17_79294_40841,moscow_suburb_small,images/patches_512/moscow_suburb_small_17_79294_40841.png,masks/patches_512/moscow_suburb_small_17_79294_40841.png,1.0,"1,2,3,4",train
rostov_open_small_17_80193_45973,rostov_open_small,images/patches_512/rostov_open_small_17_80193_45973.png,masks/patches_512/rostov_open_small_17_80193_45973.png,1.0,"2,3,4",train
moscow_suburb_small_17_79294_40855,moscow_suburb_small,images/patches_512/moscow_suburb_small_17_79294_40855.png,masks/patches_512/moscow_suburb_small_17_79294_40855.png,1.0,"2,3,4",train
moscow_city_small_17_79224_40969,moscow_city_small,images/patches_512/moscow_city_small_17_79224_40969.png,masks/patches_512/moscow_city_small_17_79224_40969.png,0.619202,"1,2,3,4",train
moscow_city_small_17_79229_40995,moscow_city_small,images/patches_512/moscow_city_small_17_79229_40995.png,masks/patches_512/moscow_city_small_17_79229_40995.png,0.534569,"2,3,4",train
moscow_city_small_17_79235_40966,moscow_city_small,images/patches_512/moscow_city_small_17_79235_40966.png,masks/patches_512/moscow_city_small_17_79235_40966.png,0.736794,"2,3,4",train
moscow_city_small_17_79235_40972,moscow_city_small,images/patches_512/moscow_city_small_17_79235_40972.png,masks/patches_512/moscow_city_small_17_79235_40972.png,0.763908,"1,2,3,4",train
moscow_suburb_small_17_79294_40869,moscow_suburb_small,images/patches_512/moscow_suburb_small_17_79294_40869.png,masks/patches_512/moscow_suburb_small_17_79294_40869.png,1.0,"2,3,4",train
svo_airport_small_17_79157_40821,svo_airport_small,images/patches_512/svo_airport_small_17_79157_40821.png,masks/patches_512/svo_airport_small_17_79157_40821.png,1.0,"2,3,4",train
moscow_suburb_small_17_79315_40876,moscow_suburb_small,images/patches_512/moscow_suburb_small_17_79315_40876.png,masks/patches_512/moscow_suburb_small_17_79315_40876.png,1.0,"2,3,4",train
moscow_suburb_small_17_79315_40862,moscow_suburb_small,images/patches_512/moscow_suburb_small_17_79315_40862.png,masks/patches_512/moscow_suburb_small_17_79315_40862.png,1.0,"2,3,4",train
moscow_city_small_17_79236_40991,moscow_city_small,images/patches_512/moscow_city_small_17_79236_40991.png,masks/patches_512/moscow_city_small_17_79236_40991.png,0.561665,"2,3,4",train
karelia_forest_small_17_76729_36716,karelia_forest_small,images/patches_512/karelia_forest_small_17_76729_36716.png,masks/patches_512/karelia_forest_small_17_76729_36716.png,1.0,"1,2,4",test
moscow_city_small_17_79236_40985,moscow_city_small,images/patches_512/moscow_city_small_17_79236_40985.png,masks/patches_512/moscow_city_small_17_79236_40985.png,0.570126,"2,3,4",train
moscow_suburb_small_17_79318_40849,moscow_suburb_small,images/patches_512/moscow_suburb_small_17_79318_40849.png,masks/patches_512/moscow_suburb_small_17_79318_40849.png,1.0,"2,3,4",train
moscow_suburb_small_17_79297_40875,moscow_suburb_small,images/patches_512/moscow_suburb_small_17_79297_40875.png,masks/patches_512/moscow_suburb_small_17_79297_40875.png,1.0,"2,3,4",train
moscow_suburb_small_17_79297_40861,moscow_suburb_small,images/patches_512/moscow_suburb_small_17_79297_40861.png,masks/patches_512/moscow_suburb_small_17_79297_40861.png,1.0,"2,3,4",train
svo_airport_small_17_79171_40844,svo_airport_small,images/patches_512/svo_airport_small_17_79171_40844.png,masks/patches_512/svo_airport_small_17_79171_40844.png,1.0,"1,2,3,4",train
moscow_city_small_17_79227_40975,moscow_city_small,images/patches_512/moscow_city_small_17_79227_40975.png,masks/patches_512/moscow_city_small_17_79227_40975.png,0.676834,"2,3,4",train
moscow_suburb_small_17_79318_40875,moscow_suburb_small,images/patches_512/moscow_suburb_small_17_79318_40875.png,masks/patches_512/moscow_suburb_small_17_79318_40875.png,1.0,"2,3,4",train
moscow_city_small_17_79219_40964,moscow_city_small,images/patches_512/moscow_city_small_17_79219_40964.png,masks/patches_512/moscow_city_small_17_79219_40964.png,0.527039,"2,3,4",train
moscow_suburb_small_17_79309_40852,moscow_suburb_small,images/patches_512/moscow_suburb_small_17_79309_40852.png,masks/patches_512/moscow_suburb_small_17_79309_40852.png,1.0,"2,3,4",train
moscow_suburb_small_17_79309_40846,moscow_suburb_small,images/patches_512/moscow_suburb_small_17_79309_40846.png,masks/patches_512/moscow_suburb_small_17_79309_40846.png,1.0,"1,2,3,4",train
moscow_city_small_17_79219_40970,moscow_city_small,images/patches_512/moscow_city_small_17_79219_40970.png,masks/patches_512/moscow_city_small_17_79219_40970.png,0.588787,"2,3,4",train
moscow_suburb_small_17_79318_40861,moscow_suburb_small,images/patches_512/moscow_suburb_small_17_79318_40861.png,masks/patches_512/moscow_suburb_small_17_79318_40861.png,1.0,"2,3,4",train
krasnodar_fields_small_17_79669_46803,krasnodar_fields_small,images/patches_512/krasnodar_fields_small_17_79669_46803.png,masks/patches_512/krasnodar_fields_small_17_79669_46803.png,1.0,"2,3,4",val
moscow_city_small_17_79233_40975,moscow_city_small,images/patches_512/moscow_city_small_17_79233_40975.png,masks/patches_512/moscow_city_small_17_79233_40975.png,0.600166,"1,2,3,4",train
svo_airport_small_17_79151_40826,svo_airport_small,images/patches_512/svo_airport_small_17_79151_40826.png,masks/patches_512/svo_airport_small_17_79151_40826.png,1.0,"2,3,4",train
rostov_open_small_17_80195_45974,rostov_open_small,images/patches_512/rostov_open_small_17_80195_45974.png,masks/patches_512/rostov_open_small_17_80195_45974.png,1.0,"1,2,3,4",train
karelia_forest_small_17_76712_36734,karelia_forest_small,images/patches_512/karelia_forest_small_17_76712_36734.png,masks/patches_512/karelia_forest_small_17_76712_36734.png,1.0,"1,2",test
moscow_city_small_17_79222_40985,moscow_city_small,images/patches_512/moscow_city_small_17_79222_40985.png,masks/patches_512/moscow_city_small_17_79222_40985.png,0.607914,"2,3,4",train
moscow_suburb_small_17_79301_40862,moscow_suburb_small,images/patches_512/moscow_suburb_small_17_79301_40862.png,masks/patches_512/moscow_suburb_small_17_79301_40862.png,1.0,"2,3,4",train
moscow_suburb_small_17_79310_40845,moscow_suburb_small,images/patches_512/moscow_suburb_small_17_79310_40845.png,masks/patches_512/moscow_suburb_small_17_79310_40845.png,1.0,"1,2,3,4",train
moscow_suburb_small_17_79310_40851,moscow_suburb_small,images/patches_512/moscow_suburb_small_17_79310_40851.png,masks/patches_512/moscow_suburb_small_17_79310_40851.png,1.0,"2,3,4",train
svo_airport_small_17_79162_40834,svo_airport_small,images/patches_512/svo_airport_small_17_79162_40834.png,masks/patches_512/svo_airport_small_17_79162_40834.png,1.0,"1,2,3,4",train
moscow_city_small_17_79221_40972,moscow_city_small,images/patches_512/moscow_city_small_17_79221_40972.png,masks/patches_512/moscow_city_small_17_79221_40972.png,0.614822,"2,3,4",train
moscow_city_small_17_79221_40966,moscow_city_small,images/patches_512/moscow_city_small_17_79221_40966.png,masks/patches_512/moscow_city_small_17_79221_40966.png,0.630527,"1,2,3,4",train
moscow_city_small_17_79230_40969,moscow_city_small,images/patches_512/moscow_city_small_17_79230_40969.png,masks/patches_512/moscow_city_small_17_79230_40969.png,0.77702,"2,3,4",train
svo_airport_small_17_79149_40846,svo_airport_small,images/patches_512/svo_airport_small_17_79149_40846.png,masks/patches_512/svo_airport_small_17_79149_40846.png,1.0,"1,2,3,4",train
moscow_suburb_small_17_79313_40859,moscow_suburb_small,images/patches_512/moscow_suburb_small_17_79313_40859.png,masks/patches_512/moscow_suburb_small_17_79313_40859.png,1.0,"2,3,4",train
moscow_city_small_17_79230_40982,moscow_city_small,images/patches_512/moscow_city_small_17_79230_40982.png,masks/patches_512/moscow_city_small_17_79230_40982.png,0.520401,"1,2,3,4",train
svo_airport_small_17_79170_40833,svo_airport_small,images/patches_512/svo_airport_small_17_79170_40833.png,masks/patches_512/svo_airport_small_17_79170_40833.png,1.0,"2,3,4",train
moscow_suburb_small_17_79313_40871,moscow_suburb_small,images/patches_512/moscow_suburb_small_17_79313_40871.png,masks/patches_512/moscow_suburb_small_17_79313_40871.png,1.0,"2,3,4",train
moscow_suburb_small_17_79313_40865,moscow_suburb_small,images/patches_512/moscow_suburb_small_17_79313_40865.png,masks/patches_512/moscow_suburb_small_17_79313_40865.png,1.0,"2,3,4",train
moscow_suburb_small_17_79302_40842,moscow_suburb_small,images/patches_512/moscow_suburb_small_17_79302_40842.png,masks/patches_512/moscow_suburb_small_17_79302_40842.png,1.0,"1,2,3,4",train
moscow_suburb_small_17_79313_40864,moscow_suburb_small,images/patches_512/moscow_suburb_small_17_79313_40864.png,masks/patches_512/moscow_suburb_small_17_79313_40864.png,1.0,"2,3,4",train
moscow_suburb_small_17_79302_40843,moscow_suburb_small,images/patches_512/moscow_suburb_small_17_79302_40843.png,masks/patches_512/moscow_suburb_small_17_79302_40843.png,1.0,"2,3,4",train
moscow_suburb_small_17_79313_40870,moscow_suburb_small,images/patches_512/moscow_suburb_small_17_79313_40870.png,masks/patches_512/moscow_suburb_small_17_79313_40870.png,1.0,"2,3,4",train
svo_airport_small_17_79170_40832,svo_airport_small,images/patches_512/svo_airport_small_17_79170_40832.png,masks/patches_512/svo_airport_small_17_79170_40832.png,1.0,"2,3,4",train
moscow_suburb_small_17_79313_40858,moscow_suburb_small,images/patches_512/moscow_suburb_small_17_79313_40858.png,masks/patches_512/moscow_suburb_small_17_79313_40858.png,1.0,"2,3,4",train
moscow_city_small_17_79230_40983,moscow_city_small,images/patches_512/moscow_city_small_17_79230_40983.png,masks/patches_512/moscow_city_small_17_79230_40983.png,0.63081,"1,2,3,4",train
rostov_open_small_17_80196_45955,rostov_open_small,images/patches_512/rostov_open_small_17_80196_45955.png,masks/patches_512/rostov_open_small_17_80196_45955.png,1.0,"1,2",train
moscow_city_small_17_79230_40968,moscow_city_small,images/patches_512/moscow_city_small_17_79230_40968.png,masks/patches_512/moscow_city_small_17_79230_40968.png,0.759487,"2,3,4",train
moscow_city_small_17_79221_40967,moscow_city_small,images/patches_512/moscow_city_small_17_79221_40967.png,masks/patches_512/moscow_city_small_17_79221_40967.png,0.662811,"1,2,3,4",train
moscow_city_small_17_79221_40973,moscow_city_small,images/patches_512/moscow_city_small_17_79221_40973.png,masks/patches_512/moscow_city_small_17_79221_40973.png,0.640991,"2,3,4",train
moscow_suburb_small_17_79310_40850,moscow_suburb_small,images/patches_512/moscow_suburb_small_17_79310_40850.png,masks/patches_512/moscow_suburb_small_17_79310_40850.png,1.0,"2,3,4",train
svo_airport_small_17_79162_40835,svo_airport_small,images/patches_512/svo_airport_small_17_79162_40835.png,masks/patches_512/svo_airport_small_17_79162_40835.png,1.0,"1,2,3,4",train
moscow_suburb_small_17_79301_40863,moscow_suburb_small,images/patches_512/moscow_suburb_small_17_79301_40863.png,masks/patches_512/moscow_suburb_small_17_79301_40863.png,1.0,"2,3,4",train
rostov_open_small_17_80198_45976,rostov_open_small,images/patches_512/rostov_open_small_17_80198_45976.png,masks/patches_512/rostov_open_small_17_80198_45976.png,1.0,"1,2,3,4",train
moscow_city_small_17_79222_40984,moscow_city_small,images/patches_512/moscow_city_small_17_79222_40984.png,masks/patches_512/moscow_city_small_17_79222_40984.png,0.598469,"2,3,4",train
rostov_open_small_17_80195_45975,rostov_open_small,images/patches_512/rostov_open_small_17_80195_45975.png,masks/patches_512/rostov_open_small_17_80195_45975.png,1.0,"1,2,3,4",train
svo_airport_small_17_79151_40827,svo_airport_small,images/patches_512/svo_airport_small_17_79151_40827.png,masks/patches_512/svo_airport_small_17_79151_40827.png,1.0,"2,3,4",train
moscow_city_small_17_79233_40974,moscow_city_small,images/patches_512/moscow_city_small_17_79233_40974.png,masks/patches_512/moscow_city_small_17_79233_40974.png,0.667377,"1,2,3,4",train
rostov_open_small_17_80212_45970,rostov_open_small,images/patches_512/rostov_open_small_17_80212_45970.png,masks/patches_512/rostov_open_small_17_80212_45970.png,1.0,"1,2",train
moscow_suburb_small_17_79309_40847,moscow_suburb_small,images/patches_512/moscow_suburb_small_17_79309_40847.png,masks/patches_512/moscow_suburb_small_17_79309_40847.png,1.0,"2,3,4",train
moscow_suburb_small_17_79318_40860,moscow_suburb_small,images/patches_512/moscow_suburb_small_17_79318_40860.png,masks/patches_512/moscow_suburb_small_17_79318_40860.png,1.0,"2,3,4",train
moscow_city_small_17_79219_40971,moscow_city_small,images/patches_512/moscow_city_small_17_79219_40971.png,masks/patches_512/moscow_city_small_17_79219_40971.png,0.603977,"2,3,4",train
moscow_city_small_17_79219_40965,moscow_city_small,images/patches_512/moscow_city_small_17_79219_40965.png,masks/patches_512/moscow_city_small_17_79219_40965.png,0.543903,"2,3,4",train
moscow_suburb_small_17_79318_40874,moscow_suburb_small,images/patches_512/moscow_suburb_small_17_79318_40874.png,masks/patches_512/moscow_suburb_small_17_79318_40874.png,1.0,"2,3,4",train
moscow_city_small_17_79227_40974,moscow_city_small,images/patches_512/moscow_city_small_17_79227_40974.png,masks/patches_512/moscow_city_small_17_79227_40974.png,0.707859,"2,3,4",train
moscow_suburb_small_17_79309_40853,moscow_suburb_small,images/patches_512/moscow_suburb_small_17_79309_40853.png,masks/patches_512/moscow_suburb_small_17_79309_40853.png,1.0,"2,3,4",train
moscow_suburb_small_17_79297_40860,moscow_suburb_small,images/patches_512/moscow_suburb_small_17_79297_40860.png,masks/patches_512/moscow_suburb_small_17_79297_40860.png,1.0,"2,3,4",train
svo_airport_small_17_79171_40845,svo_airport_small,images/patches_512/svo_airport_small_17_79171_40845.png,masks/patches_512/svo_airport_small_17_79171_40845.png,1.0,"1,2,3,4",train
moscow_suburb_small_17_79318_40848,moscow_suburb_small,images/patches_512/moscow_suburb_small_17_79318_40848.png,masks/patches_512/moscow_suburb_small_17_79318_40848.png,1.0,"2,3,4",train
moscow_suburb_small_17_79297_40874,moscow_suburb_small,images/patches_512/moscow_suburb_small_17_79297_40874.png,masks/patches_512/moscow_suburb_small_17_79297_40874.png,1.0,"2,3,4",train
moscow_city_small_17_79236_40984,moscow_city_small,images/patches_512/moscow_city_small_17_79236_40984.png,masks/patches_512/moscow_city_small_17_79236_40984.png,0.604404,"2,3,4",train
karelia_forest_small_17_76729_36717,karelia_forest_small,images/patches_512/karelia_forest_small_17_76729_36717.png,masks/patches_512/karelia_forest_small_17_76729_36717.png,1.0,"1,2,4",test
moscow_city_small_17_79236_40990,moscow_city_small,images/patches_512/moscow_city_small_17_79236_40990.png,masks/patches_512/moscow_city_small_17_79236_40990.png,0.617336,"2,3,4",train
moscow_suburb_small_17_79315_40863,moscow_suburb_small,images/patches_512/moscow_suburb_small_17_79315_40863.png,masks/patches_512/moscow_suburb_small_17_79315_40863.png,1.0,"2,3,4",train
krasnodar_fields_small_17_79670_46801,krasnodar_fields_small,images/patches_512/krasnodar_fields_small_17_79670_46801.png,masks/patches_512/krasnodar_fields_small_17_79670_46801.png,1.0,"1,2,3,4",val
moscow_suburb_small_17_79315_40877,moscow_suburb_small,images/patches_512/moscow_suburb_small_17_79315_40877.png,masks/patches_512/moscow_suburb_small_17_79315_40877.png,1.0,"1,2,3,4",train
svo_airport_small_17_79157_40820,svo_airport_small,images/patches_512/svo_airport_small_17_79157_40820.png,masks/patches_512/svo_airport_small_17_79157_40820.png,1.0,"2,3,4",train
moscow_city_small_17_79235_40973,moscow_city_small,images/patches_512/moscow_city_small_17_79235_40973.png,masks/patches_512/moscow_city_small_17_79235_40973.png,0.803726,"1,2,3,4",train
moscow_city_small_17_79235_40967,moscow_city_small,images/patches_512/moscow_city_small_17_79235_40967.png,masks/patches_512/moscow_city_small_17_79235_40967.png,0.697754,"3,4",train
moscow_city_small_17_79229_40994,moscow_city_small,images/patches_512/moscow_city_small_17_79229_40994.png,masks/patches_512/moscow_city_small_17_79229_40994.png,0.571587,"2,3,4",train
moscow_city_small_17_79224_40968,moscow_city_small,images/patches_512/moscow_city_small_17_79224_40968.png,masks/patches_512/moscow_city_small_17_79224_40968.png,0.62072,"1,2,3,4",train
moscow_city_small_17_79229_40980,moscow_city_small,images/patches_512/moscow_city_small_17_79229_40980.png,masks/patches_512/moscow_city_small_17_79229_40980.png,0.740078,"1,2,3,4",train
moscow_suburb_small_17_79294_40840,moscow_suburb_small,images/patches_512/moscow_suburb_small_17_79294_40840.png,masks/patches_512/moscow_suburb_small_17_79294_40840.png,1.0,"1,2,3,4",train
moscow_suburb_small_17_79299_40857,moscow_suburb_small,images/patches_512/moscow_suburb_small_17_79299_40857.png,masks/patches_512/moscow_suburb_small_17_79299_40857.png,1.0,"2,3,4",train
moscow_city_small_17_79224_40983,moscow_city_small,images/patches_512/moscow_city_small_17_79224_40983.png,masks/patches_512/moscow_city_small_17_79224_40983.png,0.623924,"2,3,4",train
moscow_suburb_small_17_79299_40843,moscow_suburb_small,images/patches_512/moscow_suburb_small_17_79299_40843.png,masks/patches_512/moscow_suburb_small_17_79299_40843.png,1.0,"1,2,3,4",train
moscow_suburb_small_17_79307_40858,moscow_suburb_small,images/patches_512/moscow_suburb_small_17_79307_40858.png,masks/patches_512/moscow_suburb_small_17_79307_40858.png,1.0,"1,2,3,4",train
moscow_suburb_small_17_79307_40870,moscow_suburb_small,images/patches_512/moscow_suburb_small_17_79307_40870.png,masks/patches_512/moscow_suburb_small_17_79307_40870.png,1.0,"2,3,4",train
moscow_city_small_17_79238_40970,moscow_city_small,images/patches_512/moscow_city_small_17_79238_40970.png,masks/patches_512/moscow_city_small_17_79238_40970.png,0.706779,"2,3,4",train
moscow_suburb_small_17_79316_40857,moscow_suburb_small,images/patches_512/moscow_suburb_small_17_79316_40857.png,masks/patches_512/moscow_suburb_small_17_79316_40857.png,1.0,"2,3,4",train
moscow_suburb_small_17_79307_40864,moscow_suburb_small,images/patches_512/moscow_suburb_small_17_79307_40864.png,masks/patches_512/moscow_suburb_small_17_79307_40864.png,1.0,"1,2,3,4",train
moscow_city_small_17_79238_40964,moscow_city_small,images/patches_512/moscow_city_small_17_79238_40964.png,masks/patches_512/moscow_city_small_17_79238_40964.png,0.63319,"2,3,4",train
moscow_city_small_17_79224_40987,moscow_city_small,images/patches_512/moscow_city_small_17_79224_40987.png,masks/patches_512/moscow_city_small_17_79224_40987.png,0.845646,"1,2,3,4",train
moscow_city_small_17_79224_40993,moscow_city_small,images/patches_512/moscow_city_small_17_79224_40993.png,masks/patches_512/moscow_city_small_17_79224_40993.png,0.962147,"1,2,3,4",train
moscow_suburb_small_17_79307_40860,moscow_suburb_small,images/patches_512/moscow_suburb_small_17_79307_40860.png,masks/patches_512/moscow_suburb_small_17_79307_40860.png,1.0,"1,2,3,4",train
moscow_suburb_small_17_79316_40853,moscow_suburb_small,images/patches_512/moscow_suburb_small_17_79316_40853.png,masks/patches_512/moscow_suburb_small_17_79316_40853.png,1.0,"2,3,4",train
moscow_city_small_17_79238_40974,moscow_city_small,images/patches_512/moscow_city_small_17_79238_40974.png,masks/patches_512/moscow_city_small_17_79238_40974.png,0.625156,"2,3,4",train
svo_airport_small_17_79164_40836,svo_airport_small,images/patches_512/svo_airport_small_17_79164_40836.png,masks/patches_512/svo_airport_small_17_79164_40836.png,1.0,"1,2,3,4",train
moscow_suburb_small_17_79307_40874,moscow_suburb_small,images/patches_512/moscow_suburb_small_17_79307_40874.png,masks/patches_512/moscow_suburb_small_17_79307_40874.png,1.0,"2,3,4",train
moscow_city_small_17_79235_40988,moscow_city_small,images/patches_512/moscow_city_small_17_79235_40988.png,masks/patches_512/moscow_city_small_17_79235_40988.png,0.626347,"2,3,4",train
moscow_city_small_17_79235_40977,moscow_city_small,images/patches_512/moscow_city_small_17_79235_40977.png,masks/patches_512/moscow_city_small_17_79235_40977.png,0.948822,"1,2,3,4",train
svo_airport_small_17_79169_40835,svo_airport_small,images/patches_512/svo_airport_small_17_79169_40835.png,masks/patches_512/svo_airport_small_17_79169_40835.png,1.0,"2,3,4",train
svo_airport_small_17_79157_40824,svo_airport_small,images/patches_512/svo_airport_small_17_79157_40824.png,masks/patches_512/svo_airport_small_17_79157_40824.png,1.0,"2,3,4",train
rostov_open_small_17_80193_45976,rostov_open_small,images/patches_512/rostov_open_small_17_80193_45976.png,masks/patches_512/rostov_open_small_17_80193_45976.png,1.0,"2,3,4",train
moscow_city_small_17_79224_40978,moscow_city_small,images/patches_512/moscow_city_small_17_79224_40978.png,masks/patches_512/moscow_city_small_17_79224_40978.png,0.742188,"1,2,3,4",train
moscow_city_small_17_79229_40984,moscow_city_small,images/patches_512/moscow_city_small_17_79229_40984.png,masks/patches_512/moscow_city_small_17_79229_40984.png,0.682037,"1,2,3,4",train
moscow_city_small_17_79229_40990,moscow_city_small,images/patches_512/moscow_city_small_17_79229_40990.png,masks/patches_512/moscow_city_small_17_79229_40990.png,0.571487,"2,3,4",train
moscow_suburb_small_17_79294_40850,moscow_suburb_small,images/patches_512/moscow_suburb_small_17_79294_40850.png,masks/patches_512/moscow_suburb_small_17_79294_40850.png,1.0,"2,3,4",train
moscow_city_small_17_79236_40994,moscow_city_small,images/patches_512/moscow_city_small_17_79236_40994.png,masks/patches_512/moscow_city_small_17_79236_40994.png,0.612766,"2,3,4",train
moscow_city_small_17_79236_40980,moscow_city_small,images/patches_512/moscow_city_small_17_79236_40980.png,masks/patches_512/moscow_city_small_17_79236_40980.png,0.667057,"1,2,3,4",train
moscow_suburb_small_17_79304_40854,moscow_suburb_small,images/patches_512/moscow_suburb_small_17_79304_40854.png,masks/patches_512/moscow_suburb_small_17_79304_40854.png,1.0,"1,2,3,4",train
moscow_suburb_small_17_79315_40873,moscow_suburb_small,images/patches_512/moscow_suburb_small_17_79315_40873.png,masks/patches_512/moscow_suburb_small_17_79315_40873.png,1.0,"2,3,4",train
moscow_suburb_small_17_79315_40867,moscow_suburb_small,images/patches_512/moscow_suburb_small_17_79315_40867.png,masks/patches_512/moscow_suburb_small_17_79315_40867.png,1.0,"2,3,4",train
moscow_city_small_17_79227_40970,moscow_city_small,images/patches_512/moscow_city_small_17_79227_40970.png,masks/patches_512/moscow_city_small_17_79227_40970.png,0.680046,"2,3,4",train
moscow_suburb_small_17_79318_40870,moscow_suburb_small,images/patches_512/moscow_suburb_small_17_79318_40870.png,masks/patches_512/moscow_suburb_small_17_79318_40870.png,1.0,"2,3,4",train
moscow_city_small_17_79219_40975,moscow_city_small,images/patches_512/moscow_city_small_17_79219_40975.png,masks/patches_512/moscow_city_small_17_79219_40975.png,0.691204,"1,2,3,4",train
moscow_city_small_17_79227_40964,moscow_city_small,images/patches_512/moscow_city_small_17_79227_40964.png,masks/patches_512/moscow_city_small_17_79227_40964.png,0.705631,"2,3,4",train
moscow_suburb_small_17_79318_40864,moscow_suburb_small,images/patches_512/moscow_suburb_small_17_79318_40864.png,masks/patches_512/moscow_suburb_small_17_79318_40864.png,1.0,"2,3,4",train
moscow_suburb_small_17_79297_40858,moscow_suburb_small,images/patches_512/moscow_suburb_small_17_79297_40858.png,masks/patches_512/moscow_suburb_small_17_79297_40858.png,1.0,"2,3,4",train
svo_airport_small_17_79154_40838,svo_airport_small,images/patches_512/svo_airport_small_17_79154_40838.png,masks/patches_512/svo_airport_small_17_79154_40838.png,1.0,"2,3,4",train
moscow_suburb_small_17_79297_40870,moscow_suburb_small,images/patches_512/moscow_suburb_small_17_79297_40870.png,masks/patches_512/moscow_suburb_small_17_79297_40870.png,1.0,"2,3,4",train
moscow_suburb_small_17_79318_40858,moscow_suburb_small,images/patches_512/moscow_suburb_small_17_79318_40858.png,masks/patches_512/moscow_suburb_small_17_79318_40858.png,1.0,"2,3,4",train
svo_airport_small_17_79171_40841,svo_airport_small,images/patches_512/svo_airport_small_17_79171_40841.png,masks/patches_512/svo_airport_small_17_79171_40841.png,1.0,"1,2,3,4",train
moscow_suburb_small_17_79297_40864,moscow_suburb_small,images/patches_512/moscow_suburb_small_17_79297_40864.png,masks/patches_512/moscow_suburb_small_17_79297_40864.png,1.0,"2,3,4",train
svo_airport_small_17_79151_40837,svo_airport_small,images/patches_512/svo_airport_small_17_79151_40837.png,masks/patches_512/svo_airport_small_17_79151_40837.png,1.0,"2,3,4",train
moscow_city_small_17_79233_40964,moscow_city_small,images/patches_512/moscow_city_small_17_79233_40964.png,masks/patches_512/moscow_city_small_17_79233_40964.png,0.774467,"1,2,3,4",train
moscow_city_small_17_79233_40970,moscow_city_small,images/patches_512/moscow_city_small_17_79233_40970.png,masks/patches_512/moscow_city_small_17_79233_40970.png,0.715481,"1,2,3,4",train
svo_airport_small_17_79151_40823,svo_airport_small,images/patches_512/svo_airport_small_17_79151_40823.png,masks/patches_512/svo_airport_small_17_79151_40823.png,1.0,"2,3,4",train
moscow_suburb_small_17_79310_40840,moscow_suburb_small,images/patches_512/moscow_suburb_small_17_79310_40840.png,masks/patches_512/moscow_suburb_small_17_79310_40840.png,1.0,"1,2,3,4",train
svo_airport_small_17_79162_40825,svo_airport_small,images/patches_512/svo_airport_small_17_79162_40825.png,masks/patches_512/svo_airport_small_17_79162_40825.png,1.0,"2,3,4",train
moscow_suburb_small_17_79301_40867,moscow_suburb_small,images/patches_512/moscow_suburb_small_17_79301_40867.png,masks/patches_512/moscow_suburb_small_17_79301_40867.png,1.0,"2,3,4",train
moscow_suburb_small_17_79310_40854,moscow_suburb_small,images/patches_512/moscow_suburb_small_17_79310_40854.png,masks/patches_512/moscow_suburb_small_17_79310_40854.png,1.0,"1,2,3,4",train
moscow_city_small_17_79222_40980,moscow_city_small,images/patches_512/moscow_city_small_17_79222_40980.png,masks/patches_512/moscow_city_small_17_79222_40980.png,0.57082,"2,3,4",train
svo_airport_small_17_79162_40819,svo_airport_small,images/patches_512/svo_airport_small_17_79162_40819.png,masks/patches_512/svo_airport_small_17_79162_40819.png,1.0,"1,2,3,4",train
svo_airport_small_17_79168_40842,svo_airport_small,images/patches_512/svo_airport_small_17_79168_40842.png,masks/patches_512/svo_airport_small_17_79168_40842.png,1.0,"1,2,3,4",train
moscow_city_small_17_79222_40994,moscow_city_small,images/patches_512/moscow_city_small_17_79222_40994.png,masks/patches_512/moscow_city_small_17_79222_40994.png,0.99247,"1,2,3,4",train
moscow_city_small_17_79230_40978,moscow_city_small,images/patches_512/moscow_city_small_17_79230_40978.png,masks/patches_512/moscow_city_small_17_79230_40978.png,0.954208,"1,2,3,4",train
moscow_city_small_17_79221_40977,moscow_city_small,images/patches_512/moscow_city_small_17_79221_40977.png,masks/patches_512/moscow_city_small_17_79221_40977.png,0.691204,"1,2,3,4",train
moscow_city_small_17_79221_40988,moscow_city_small,images/patches_512/moscow_city_small_17_79221_40988.png,masks/patches_512/moscow_city_small_17_79221_40988.png,0.586769,"2,3,4",train
svo_airport_small_17_79170_40836,svo_airport_small,images/patches_512/svo_airport_small_17_79170_40836.png,masks/patches_512/svo_airport_small_17_79170_40836.png,1.0,"1,2,3,4",train
moscow_suburb_small_17_79313_40874,moscow_suburb_small,images/patches_512/moscow_suburb_small_17_79313_40874.png,masks/patches_512/moscow_suburb_small_17_79313_40874.png,1.0,"1,2,3,4",train
moscow_suburb_small_17_79302_40853,moscow_suburb_small,images/patches_512/moscow_suburb_small_17_79302_40853.png,masks/patches_512/moscow_suburb_small_17_79302_40853.png,1.0,"1,2,3,4",train
moscow_suburb_small_17_79302_40847,moscow_suburb_small,images/patches_512/moscow_suburb_small_17_79302_40847.png,masks/patches_512/moscow_suburb_small_17_79302_40847.png,1.0,"2,3,4",train
moscow_suburb_small_17_79313_40860,moscow_suburb_small,images/patches_512/moscow_suburb_small_17_79313_40860.png,masks/patches_512/moscow_suburb_small_17_79313_40860.png,1.0,"2,3,4",train
moscow_suburb_small_17_79313_40848,moscow_suburb_small,images/patches_512/moscow_suburb_small_17_79313_40848.png,masks/patches_512/moscow_suburb_small_17_79313_40848.png,1.0,"1,2,3,4",train
moscow_city_small_17_79230_40993,moscow_city_small,images/patches_512/moscow_city_small_17_79230_40993.png,masks/patches_512/moscow_city_small_17_79230_40993.png,0.510509,"2,3,4",train
moscow_city_small_17_79230_40987,moscow_city_small,images/patches_512/moscow_city_small_17_79230_40987.png,masks/patches_512/moscow_city_small_17_79230_40987.png,0.542896,"2,3,4",train
moscow_city_small_17_79230_40986,moscow_city_small,images/patches_512/moscow_city_small_17_79230_40986.png,masks/patches_512/moscow_city_small_17_79230_40986.png,0.596428,"2,3,4",train
moscow_suburb_small_17_79313_40849,moscow_suburb_small,images/patches_512/moscow_suburb_small_17_79313_40849.png,masks/patches_512/moscow_suburb_small_17_79313_40849.png,1.0,"2,3,4",train
moscow_city_small_17_79230_40992,moscow_city_small,images/patches_512/moscow_city_small_17_79230_40992.png,masks/patches_512/moscow_city_small_17_79230_40992.png,0.505711,"2,3,4",train
moscow_suburb_small_17_79313_40875,moscow_suburb_small,images/patches_512/moscow_suburb_small_17_79313_40875.png,masks/patches_512/moscow_suburb_small_17_79313_40875.png,1.0,"1,2,3,4",train
svo_airport_small_17_79170_40837,svo_airport_small,images/patches_512/svo_airport_small_17_79170_40837.png,masks/patches_512/svo_airport_small_17_79170_40837.png,1.0,"1,2,3,4",train
moscow_city_small_17_79221_40989,moscow_city_small,images/patches_512/moscow_city_small_17_79221_40989.png,masks/patches_512/moscow_city_small_17_79221_40989.png,0.531616,"2,3,4",train
moscow_city_small_17_79221_40976,moscow_city_small,images/patches_512/moscow_city_small_17_79221_40976.png,masks/patches_512/moscow_city_small_17_79221_40976.png,0.668488,"2,3,4",train
moscow_city_small_17_79230_40979,moscow_city_small,images/patches_512/moscow_city_small_17_79230_40979.png,masks/patches_512/moscow_city_small_17_79230_40979.png,0.951187,"1,2,3,4",train
svo_airport_small_17_79156_40846,svo_airport_small,images/patches_512/svo_airport_small_17_79156_40846.png,masks/patches_512/svo_airport_small_17_79156_40846.png,1.0,"2,3,4",train
moscow_city_small_17_79222_40981,moscow_city_small,images/patches_512/moscow_city_small_17_79222_40981.png,masks/patches_512/moscow_city_small_17_79222_40981.png,0.609726,"2,3,4",train
svo_airport_small_17_79162_40818,svo_airport_small,images/patches_512/svo_airport_small_17_79162_40818.png,masks/patches_512/svo_airport_small_17_79162_40818.png,1.0,"2,3,4",train
moscow_suburb_small_17_79301_40872,moscow_suburb_small,images/patches_512/moscow_suburb_small_17_79301_40872.png,masks/patches_512/moscow_suburb_small_17_79301_40872.png,1.0,"2,3,4",train
moscow_suburb_small_17_79310_40841,moscow_suburb_small,images/patches_512/moscow_suburb_small_17_79310_40841.png,masks/patches_512/moscow_suburb_small_17_79310_40841.png,1.0,"1,2,3,4",train
moscow_suburb_small_17_79301_40866,moscow_suburb_small,images/patches_512/moscow_suburb_small_17_79301_40866.png,masks/patches_512/moscow_suburb_small_17_79301_40866.png,1.0,"2,3,4",train
svo_airport_small_17_79162_40824,svo_airport_small,images/patches_512/svo_airport_small_17_79162_40824.png,masks/patches_512/svo_airport_small_17_79162_40824.png,1.0,"1,2,3,4",train
moscow_city_small_17_79233_40971,moscow_city_small,images/patches_512/moscow_city_small_17_79233_40971.png,masks/patches_512/moscow_city_small_17_79233_40971.png,0.629513,"1,2,3,4",train
moscow_city_small_17_79233_40965,moscow_city_small,images/patches_512/moscow_city_small_17_79233_40965.png,masks/patches_512/moscow_city_small_17_79233_40965.png,0.72982,"1,2,3,4",train
svo_airport_small_17_79171_40840,svo_airport_small,images/patches_512/svo_airport_small_17_79171_40840.png,masks/patches_512/svo_airport_small_17_79171_40840.png,1.0,"1,2,3,4",train
moscow_suburb_small_17_79318_40859,moscow_suburb_small,images/patches_512/moscow_suburb_small_17_79318_40859.png,masks/patches_512/moscow_suburb_small_17_79318_40859.png,1.0,"2,3,4",train
moscow_suburb_small_17_79297_40865,moscow_suburb_small,images/patches_512/moscow_suburb_small_17_79297_40865.png,masks/patches_512/moscow_suburb_small_17_79297_40865.png,1.0,"2,3,4",train
moscow_suburb_small_17_79297_40871,moscow_suburb_small,images/patches_512/moscow_suburb_small_17_79297_40871.png,masks/patches_512/moscow_suburb_small_17_79297_40871.png,1.0,"2,3,4",train
svo_airport_small_17_79154_40839,svo_airport_small,images/patches_512/svo_airport_small_17_79154_40839.png,masks/patches_512/svo_airport_small_17_79154_40839.png,1.0,"2,3,4",train
moscow_suburb_small_17_79318_40865,moscow_suburb_small,images/patches_512/moscow_suburb_small_17_79318_40865.png,masks/patches_512/moscow_suburb_small_17_79318_40865.png,1.0,"2,3,4",train
moscow_city_small_17_79227_40965,moscow_city_small,images/patches_512/moscow_city_small_17_79227_40965.png,masks/patches_512/moscow_city_small_17_79227_40965.png,0.73526,"1,2,3,4",train
moscow_city_small_17_79219_40974,moscow_city_small,images/patches_512/moscow_city_small_17_79219_40974.png,masks/patches_512/moscow_city_small_17_79219_40974.png,0.637878,"2,3,4",train
moscow_suburb_small_17_79297_40859,moscow_suburb_small,images/patches_512/moscow_suburb_small_17_79297_40859.png,masks/patches_512/moscow_suburb_small_17_79297_40859.png,1.0,"2,3,4",train
moscow_suburb_small_17_79318_40871,moscow_suburb_small,images/patches_512/moscow_suburb_small_17_79318_40871.png,masks/patches_512/moscow_suburb_small_17_79318_40871.png,1.0,"2,3,4",train
moscow_city_small_17_79227_40971,moscow_city_small,images/patches_512/moscow_city_small_17_79227_40971.png,masks/patches_512/moscow_city_small_17_79227_40971.png,0.706261,"2,3,4",train
moscow_suburb_small_17_79315_40866,moscow_suburb_small,images/patches_512/moscow_suburb_small_17_79315_40866.png,masks/patches_512/moscow_suburb_small_17_79315_40866.png,1.0,"2,3,4",train
moscow_suburb_small_17_79304_40841,moscow_suburb_small,images/patches_512/moscow_suburb_small_17_79304_40841.png,masks/patches_512/moscow_suburb_small_17_79304_40841.png,1.0,"1,2,3,4",train
moscow_suburb_small_17_79304_40855,moscow_suburb_small,images/patches_512/moscow_suburb_small_17_79304_40855.png,masks/patches_512/moscow_suburb_small_17_79304_40855.png,1.0,"1,2,3,4",train
moscow_suburb_small_17_79315_40872,moscow_suburb_small,images/patches_512/moscow_suburb_small_17_79315_40872.png,masks/patches_512/moscow_suburb_small_17_79315_40872.png,1.0,"2,3,4",train
moscow_city_small_17_79236_40981,moscow_city_small,images/patches_512/moscow_city_small_17_79236_40981.png,masks/patches_512/moscow_city_small_17_79236_40981.png,0.604637,"1,2,3,4",train
moscow_suburb_small_17_79304_40869,moscow_suburb_small,images/patches_512/moscow_suburb_small_17_79304_40869.png,masks/patches_512/moscow_suburb_small_17_79304_40869.png,1.0,"2,3,4",train
moscow_city_small_17_79236_40995,moscow_city_small,images/patches_512/moscow_city_small_17_79236_40995.png,masks/patches_512/moscow_city_small_17_79236_40995.png,0.622959,"1,2,3,4",train
moscow_city_small_17_79229_40991,moscow_city_small,images/patches_512/moscow_city_small_17_79229_40991.png,masks/patches_512/moscow_city_small_17_79229_40991.png,0.581444,"2,3,4",train
svo_airport_small_17_79157_40819,svo_airport_small,images/patches_512/svo_airport_small_17_79157_40819.png,masks/patches_512/svo_airport_small_17_79157_40819.png,1.0,"2,3,4",train
moscow_suburb_small_17_79294_40851,moscow_suburb_small,images/patches_512/moscow_suburb_small_17_79294_40851.png,masks/patches_512/moscow_suburb_small_17_79294_40851.png,1.0,"2,3,4",train
rostov_open_small_17_80193_45977,rostov_open_small,images/patches_512/rostov_open_small_17_80193_45977.png,masks/patches_512/rostov_open_small_17_80193_45977.png,1.0,"2,3,4",train
moscow_city_small_17_79229_40985,moscow_city_small,images/patches_512/moscow_city_small_17_79229_40985.png,masks/patches_512/moscow_city_small_17_79229_40985.png,0.712257,"2,3,4",train
moscow_city_small_17_79224_40979,moscow_city_small,images/patches_512/moscow_city_small_17_79224_40979.png,masks/patches_512/moscow_city_small_17_79224_40979.png,0.699081,"1,2,3,4",train
svo_airport_small_17_79157_40825,svo_airport_small,images/patches_512/svo_airport_small_17_79157_40825.png,masks/patches_512/svo_airport_small_17_79157_40825.png,1.0,"2,3,4",train
moscow_city_small_17_79235_40976,moscow_city_small,images/patches_512/moscow_city_small_17_79235_40976.png,masks/patches_512/moscow_city_small_17_79235_40976.png,0.94537,"1,2,3,4",train
svo_airport_small_17_79169_40834,svo_airport_small,images/patches_512/svo_airport_small_17_79169_40834.png,masks/patches_512/svo_airport_small_17_79169_40834.png,1.0,"2,3,4",train
moscow_suburb_small_17_79316_40852,moscow_suburb_small,images/patches_512/moscow_suburb_small_17_79316_40852.png,masks/patches_512/moscow_suburb_small_17_79316_40852.png,1.0,"2,3,4",train
moscow_city_small_17_79235_40989,moscow_city_small,images/patches_512/moscow_city_small_17_79235_40989.png,masks/patches_512/moscow_city_small_17_79235_40989.png,0.651688,"2,3,4",train
moscow_city_small_17_79238_40975,moscow_city_small,images/patches_512/moscow_city_small_17_79238_40975.png,masks/patches_512/moscow_city_small_17_79238_40975.png,0.584435,"2,3,4",train
svo_airport_small_17_79164_40837,svo_airport_small,images/patches_512/svo_airport_small_17_79164_40837.png,masks/patches_512/svo_airport_small_17_79164_40837.png,1.0,"2,3,4",train
moscow_suburb_small_17_79307_40861,moscow_suburb_small,images/patches_512/moscow_suburb_small_17_79307_40861.png,masks/patches_512/moscow_suburb_small_17_79307_40861.png,1.0,"1,2,3,4",train
moscow_city_small_17_79224_40992,moscow_city_small,images/patches_512/moscow_city_small_17_79224_40992.png,masks/patches_512/moscow_city_small_17_79224_40992.png,0.990654,"1,2,3,4",train
moscow_suburb_small_17_79299_40846,moscow_suburb_small,images/patches_512/moscow_suburb_small_17_79299_40846.png,masks/patches_512/moscow_suburb_small_17_79299_40846.png,1.0,"1,2,3,4",train
moscow_city_small_17_79224_40986,moscow_city_small,images/patches_512/moscow_city_small_17_79224_40986.png,masks/patches_512/moscow_city_small_17_79224_40986.png,0.708317,"1,2,3,4",train
moscow_city_small_17_79224_40990,moscow_city_small,images/patches_512/moscow_city_small_17_79224_40990.png,masks/patches_512/moscow_city_small_17_79224_40990.png,1.0,"1,2,3,4",train
moscow_suburb_small_17_79316_40878,moscow_suburb_small,images/patches_512/moscow_suburb_small_17_79316_40878.png,masks/patches_512/moscow_suburb_small_17_79316_40878.png,1.0,"1,2,3,4",train
moscow_city_small_17_79229_40978,moscow_city_small,images/patches_512/moscow_city_small_17_79229_40978.png,masks/patches_512/moscow_city_small_17_79229_40978.png,0.806011,"1,2,3,4",train
moscow_city_small_17_79224_40984,moscow_city_small,images/patches_512/moscow_city_small_17_79224_40984.png,masks/patches_512/moscow_city_small_17_79224_40984.png,0.62801,"1,2,3,4",train
moscow_suburb_small_17_79299_40844,moscow_suburb_small,images/patches_512/moscow_suburb_small_17_79299_40844.png,masks/patches_512/moscow_suburb_small_17_79299_40844.png,1.0,"1,2,3,4",train
svo_airport_small_17_79164_40835,svo_airport_small,images/patches_512/svo_airport_small_17_79164_40835.png,masks/patches_512/svo_airport_small_17_79164_40835.png,1.0,"1,2,3,4",train
moscow_city_small_17_79238_40977,moscow_city_small,images/patches_512/moscow_city_small_17_79238_40977.png,masks/patches_512/moscow_city_small_17_79238_40977.png,0.688519,"1,3,4",train
moscow_suburb_small_17_79316_40850,moscow_suburb_small,images/patches_512/moscow_suburb_small_17_79316_40850.png,masks/patches_512/moscow_suburb_small_17_79316_40850.png,1.0,"2,3,4",train
moscow_suburb_small_17_79307_40863,moscow_suburb_small,images/patches_512/moscow_suburb_small_17_79307_40863.png,masks/patches_512/moscow_suburb_small_17_79307_40863.png,1.0,"1,2,3,4",train
svo_airport_small_17_79169_40836,svo_airport_small,images/patches_512/svo_airport_small_17_79169_40836.png,masks/patches_512/svo_airport_small_17_79169_40836.png,1.0,"1,2,3,4",train
moscow_city_small_17_79235_40974,moscow_city_small,images/patches_512/moscow_city_small_17_79235_40974.png,masks/patches_512/moscow_city_small_17_79235_40974.png,0.767101,"1,2,3,4",train
moscow_city_small_17_79238_40988,moscow_city_small,images/patches_512/moscow_city_small_17_79238_40988.png,masks/patches_512/moscow_city_small_17_79238_40988.png,0.57983,"2,3,4",train
svo_airport_small_17_79157_40827,svo_airport_small,images/patches_512/svo_airport_small_17_79157_40827.png,masks/patches_512/svo_airport_small_17_79157_40827.png,1.0,"2,3,4",train
moscow_city_small_17_79229_40993,moscow_city_small,images/patches_512/moscow_city_small_17_79229_40993.png,masks/patches_512/moscow_city_small_17_79229_40993.png,0.557854,"2,3,4",train
moscow_city_small_17_79229_40987,moscow_city_small,images/patches_512/moscow_city_small_17_79229_40987.png,masks/patches_512/moscow_city_small_17_79229_40987.png,0.555065,"2,3,4",train
rostov_open_small_17_80193_45975,rostov_open_small,images/patches_512/rostov_open_small_17_80193_45975.png,masks/patches_512/rostov_open_small_17_80193_45975.png,1.0,"2,3,4",train
moscow_city_small_17_79236_40983,moscow_city_small,images/patches_512/moscow_city_small_17_79236_40983.png,masks/patches_512/moscow_city_small_17_79236_40983.png,0.613453,"2,3,4",train
moscow_suburb_small_17_79315_40858,moscow_suburb_small,images/patches_512/moscow_suburb_small_17_79315_40858.png,masks/patches_512/moscow_suburb_small_17_79315_40858.png,1.0,"2,3,4",train
moscow_city_small_17_79219_40989,moscow_city_small,images/patches_512/moscow_city_small_17_79219_40989.png,masks/patches_512/moscow_city_small_17_79219_40989.png,0.540215,"2,3,4",train
moscow_suburb_small_17_79315_40864,moscow_suburb_small,images/patches_512/moscow_suburb_small_17_79315_40864.png,masks/patches_512/moscow_suburb_small_17_79315_40864.png,1.0,"2,3,4",train
moscow_suburb_small_17_79315_40870,moscow_suburb_small,images/patches_512/moscow_suburb_small_17_79315_40870.png,masks/patches_512/moscow_suburb_small_17_79315_40870.png,1.0,"2,3,4",train
moscow_suburb_small_17_79309_40840,moscow_suburb_small,images/patches_512/moscow_suburb_small_17_79309_40840.png,masks/patches_512/moscow_suburb_small_17_79309_40840.png,1.0,"1,2,3,4",train
moscow_city_small_17_79219_40976,moscow_city_small,images/patches_512/moscow_city_small_17_79219_40976.png,masks/patches_512/moscow_city_small_17_79219_40976.png,0.675045,"1,2,3,4",train
moscow_suburb_small_17_79318_40867,moscow_suburb_small,images/patches_512/moscow_suburb_small_17_79318_40867.png,masks/patches_512/moscow_suburb_small_17_79318_40867.png,1.0,"2,3,4",train
moscow_city_small_17_79227_40967,moscow_city_small,images/patches_512/moscow_city_small_17_79227_40967.png,masks/patches_512/moscow_city_small_17_79227_40967.png,0.780174,"1,2,3,4",train
rostov_open_small_17_80206_45963,rostov_open_small,images/patches_512/rostov_open_small_17_80206_45963.png,masks/patches_512/rostov_open_small_17_80206_45963.png,1.0,"1,2",train
moscow_suburb_small_17_79318_40873,moscow_suburb_small,images/patches_512/moscow_suburb_small_17_79318_40873.png,masks/patches_512/moscow_suburb_small_17_79318_40873.png,1.0,"2,3,4",train
moscow_city_small_17_79227_40973,moscow_city_small,images/patches_512/moscow_city_small_17_79227_40973.png,masks/patches_512/moscow_city_small_17_79227_40973.png,0.759296,"2,3,4",train
moscow_suburb_small_17_79309_40854,moscow_suburb_small,images/patches_512/moscow_suburb_small_17_79309_40854.png,masks/patches_512/moscow_suburb_small_17_79309_40854.png,1.0,"2,3,4",train
moscow_suburb_small_17_79297_40867,moscow_suburb_small,images/patches_512/moscow_suburb_small_17_79297_40867.png,masks/patches_512/moscow_suburb_small_17_79297_40867.png,1.0,"2,3,4",train
svo_airport_small_17_79171_40842,svo_airport_small,images/patches_512/svo_airport_small_17_79171_40842.png,masks/patches_512/svo_airport_small_17_79171_40842.png,1.0,"1,2,3,4",train
moscow_city_small_17_79236_40968,moscow_city_small,images/patches_512/moscow_city_small_17_79236_40968.png,masks/patches_512/moscow_city_small_17_79236_40968.png,0.73455,"2,3,4",train
moscow_suburb_small_17_79297_40873,moscow_suburb_small,images/patches_512/moscow_suburb_small_17_79297_40873.png,masks/patches_512/moscow_suburb_small_17_79297_40873.png,1.0,"2,3,4",train
moscow_city_small_17_79222_40968,moscow_city_small,images/patches_512/moscow_city_small_17_79222_40968.png,masks/patches_512/moscow_city_small_17_79222_40968.png,0.678089,"1,2,3,4",train
moscow_city_small_17_79233_40973,moscow_city_small,images/patches_512/moscow_city_small_17_79233_40973.png,masks/patches_512/moscow_city_small_17_79233_40973.png,0.730675,"1,2,3,4",train
moscow_city_small_17_79233_40967,moscow_city_small,images/patches_512/moscow_city_small_17_79233_40967.png,masks/patches_512/moscow_city_small_17_79233_40967.png,0.770962,"1,2,3,4",train
moscow_suburb_small_17_79301_40870,moscow_suburb_small,images/patches_512/moscow_suburb_small_17_79301_40870.png,masks/patches_512/moscow_suburb_small_17_79301_40870.png,1.0,"2,3,4",train
moscow_suburb_small_17_79301_40864,moscow_suburb_small,images/patches_512/moscow_suburb_small_17_79301_40864.png,masks/patches_512/moscow_suburb_small_17_79301_40864.png,1.0,"2,3,4",train
svo_airport_small_17_79156_40844,svo_airport_small,images/patches_512/svo_airport_small_17_79156_40844.png,masks/patches_512/svo_airport_small_17_79156_40844.png,1.0,"1,2,3,4",train
moscow_suburb_small_17_79301_40858,moscow_suburb_small,images/patches_512/moscow_suburb_small_17_79301_40858.png,masks/patches_512/moscow_suburb_small_17_79301_40858.png,1.0,"2,3,4",train
svo_airport_small_17_79168_40841,svo_airport_small,images/patches_512/svo_airport_small_17_79168_40841.png,masks/patches_512/svo_airport_small_17_79168_40841.png,1.0,"1,2,3,4",train
moscow_city_small_17_79222_40983,moscow_city_small,images/patches_512/moscow_city_small_17_79222_40983.png,masks/patches_512/moscow_city_small_17_79222_40983.png,0.625782,"2,3,4",train
svo_airport_small_17_79152_40828,svo_airport_small,images/patches_512/svo_airport_small_17_79152_40828.png,masks/patches_512/svo_airport_small_17_79152_40828.png,1.0,"2,3,4",train
moscow_city_small_17_79221_40974,moscow_city_small,images/patches_512/moscow_city_small_17_79221_40974.png,masks/patches_512/moscow_city_small_17_79221_40974.png,0.637848,"2,3,4",train
moscow_suburb_small_17_79313_40863,moscow_suburb_small,images/patches_512/moscow_suburb_small_17_79313_40863.png,masks/patches_512/moscow_suburb_small_17_79313_40863.png,1.0,"2,3,4",train
moscow_suburb_small_17_79302_40844,moscow_suburb_small,images/patches_512/moscow_suburb_small_17_79302_40844.png,masks/patches_512/moscow_suburb_small_17_79302_40844.png,1.0,"2,3,4",train
moscow_suburb_small_17_79302_40850,moscow_suburb_small,images/patches_512/moscow_suburb_small_17_79302_40850.png,masks/patches_512/moscow_suburb_small_17_79302_40850.png,1.0,"1,2,3,4",train
svo_airport_small_17_79170_40835,svo_airport_small,images/patches_512/svo_airport_small_17_79170_40835.png,masks/patches_512/svo_airport_small_17_79170_40835.png,1.0,"1,2,3,4",train
moscow_city_small_17_79230_40984,moscow_city_small,images/patches_512/moscow_city_small_17_79230_40984.png,masks/patches_512/moscow_city_small_17_79230_40984.png,0.683361,"2,3,4",train
moscow_city_small_17_79230_40990,moscow_city_small,images/patches_512/moscow_city_small_17_79230_40990.png,masks/patches_512/moscow_city_small_17_79230_40990.png,0.563442,"2,3,4",train
moscow_city_small_17_79230_40991,moscow_city_small,images/patches_512/moscow_city_small_17_79230_40991.png,masks/patches_512/moscow_city_small_17_79230_40991.png,0.487431,"2,3,4",train
moscow_city_small_17_79230_40985,moscow_city_small,images/patches_512/moscow_city_small_17_79230_40985.png,masks/patches_512/moscow_city_small_17_79230_40985.png,0.652401,"2,3,4",train
svo_airport_small_17_79170_40834,svo_airport_small,images/patches_512/svo_airport_small_17_79170_40834.png,masks/patches_512/svo_airport_small_17_79170_40834.png,1.0,"2,3,4",train
moscow_suburb_small_17_79313_40876,moscow_suburb_small,images/patches_512/moscow_suburb_small_17_79313_40876.png,masks/patches_512/moscow_suburb_small_17_79313_40876.png,1.0,"1,2,3,4",train
moscow_city_small_17_79221_40975,moscow_city_small,images/patches_512/moscow_city_small_17_79221_40975.png,masks/patches_512/moscow_city_small_17_79221_40975.png,0.633068,"2,3,4",train
svo_airport_small_17_79152_40829,svo_airport_small,images/patches_512/svo_airport_small_17_79152_40829.png,masks/patches_512/svo_airport_small_17_79152_40829.png,1.0,"2,3,4",train
svo_airport_small_17_79168_40840,svo_airport_small,images/patches_512/svo_airport_small_17_79168_40840.png,masks/patches_512/svo_airport_small_17_79168_40840.png,1.0,"1,2,3,4",train
moscow_suburb_small_17_79301_40859,moscow_suburb_small,images/patches_512/moscow_suburb_small_17_79301_40859.png,masks/patches_512/moscow_suburb_small_17_79301_40859.png,1.0,"2,3,4",train
moscow_city_small_17_79222_40982,moscow_city_small,images/patches_512/moscow_city_small_17_79222_40982.png,masks/patches_512/moscow_city_small_17_79222_40982.png,0.629791,"2,3,4",train
svo_airport_small_17_79156_40845,svo_airport_small,images/patches_512/svo_airport_small_17_79156_40845.png,masks/patches_512/svo_airport_small_17_79156_40845.png,1.0,"1,2,3,4",train
moscow_suburb_small_17_79301_40865,moscow_suburb_small,images/patches_512/moscow_suburb_small_17_79301_40865.png,masks/patches_512/moscow_suburb_small_17_79301_40865.png,1.0,"2,3,4",train
moscow_suburb_small_17_79301_40871,moscow_suburb_small,images/patches_512/moscow_suburb_small_17_79301_40871.png,masks/patches_512/moscow_suburb_small_17_79301_40871.png,1.0,"2,3,4",train
moscow_city_small_17_79233_40966,moscow_city_small,images/patches_512/moscow_city_small_17_79233_40966.png,masks/patches_512/moscow_city_small_17_79233_40966.png,0.717602,"1,2,3,4",train
moscow_city_small_17_79233_40972,moscow_city_small,images/patches_512/moscow_city_small_17_79233_40972.png,masks/patches_512/moscow_city_small_17_79233_40972.png,0.659531,"1,2,3,4",train
rostov_open_small_17_80195_45973,rostov_open_small,images/patches_512/rostov_open_small_17_80195_45973.png,masks/patches_512/rostov_open_small_17_80195_45973.png,1.0,"1,2,3,4",train
svo_airport_small_17_79165_40843,svo_airport_small,images/patches_512/svo_airport_small_17_79165_40843.png,masks/patches_512/svo_airport_small_17_79165_40843.png,1.0,"1,2,3,4",train
moscow_city_small_17_79222_40969,moscow_city_small,images/patches_512/moscow_city_small_17_79222_40969.png,masks/patches_512/moscow_city_small_17_79222_40969.png,0.511189,"1,2,3,4",train
moscow_suburb_small_17_79297_40872,moscow_suburb_small,images/patches_512/moscow_suburb_small_17_79297_40872.png,masks/patches_512/moscow_suburb_small_17_79297_40872.png,1.0,"2,3,4",train
moscow_city_small_17_79236_40969,moscow_city_small,images/patches_512/moscow_city_small_17_79236_40969.png,masks/patches_512/moscow_city_small_17_79236_40969.png,0.731537,"2,3,4",train
moscow_suburb_small_17_79297_40866,moscow_suburb_small,images/patches_512/moscow_suburb_small_17_79297_40866.png,masks/patches_512/moscow_suburb_small_17_79297_40866.png,1.0,"2,3,4",train
svo_airport_small_17_79171_40843,svo_airport_small,images/patches_512/svo_airport_small_17_79171_40843.png,masks/patches_512/svo_airport_small_17_79171_40843.png,1.0,"1,2,3,4",train
moscow_city_small_17_79227_40972,moscow_city_small,images/patches_512/moscow_city_small_17_79227_40972.png,masks/patches_512/moscow_city_small_17_79227_40972.png,0.757526,"2,3,4",train
moscow_suburb_small_17_79318_40872,moscow_suburb_small,images/patches_512/moscow_suburb_small_17_79318_40872.png,masks/patches_512/moscow_suburb_small_17_79318_40872.png,1.0,"2,3,4",train
moscow_suburb_small_17_79309_40841,moscow_suburb_small,images/patches_512/moscow_suburb_small_17_79309_40841.png,masks/patches_512/moscow_suburb_small_17_79309_40841.png,1.0,"1,2,3,4",train
moscow_city_small_17_79227_40966,moscow_city_small,images/patches_512/moscow_city_small_17_79227_40966.png,masks/patches_512/moscow_city_small_17_79227_40966.png,0.757549,"1,2,3,4",train
moscow_suburb_small_17_79318_40866,moscow_suburb_small,images/patches_512/moscow_suburb_small_17_79318_40866.png,masks/patches_512/moscow_suburb_small_17_79318_40866.png,1.0,"2,3,4",train
moscow_city_small_17_79219_40977,moscow_city_small,images/patches_512/moscow_city_small_17_79219_40977.png,masks/patches_512/moscow_city_small_17_79219_40977.png,0.642448,"1,2,3,4",train
moscow_suburb_small_17_79315_40871,moscow_suburb_small,images/patches_512/moscow_suburb_small_17_79315_40871.png,masks/patches_512/moscow_suburb_small_17_79315_40871.png,1.0,"2,3,4",train
moscow_suburb_small_17_79304_40842,moscow_suburb_small,images/patches_512/moscow_suburb_small_17_79304_40842.png,masks/patches_512/moscow_suburb_small_17_79304_40842.png,1.0,"1,2,3,4",train
moscow_suburb_small_17_79315_40865,moscow_suburb_small,images/patches_512/moscow_suburb_small_17_79315_40865.png,masks/patches_512/moscow_suburb_small_17_79315_40865.png,1.0,"2,3,4",train
moscow_city_small_17_79219_40988,moscow_city_small,images/patches_512/moscow_city_small_17_79219_40988.png,masks/patches_512/moscow_city_small_17_79219_40988.png,0.450268,"2,3,4",train
moscow_city_small_17_79236_40982,moscow_city_small,images/patches_512/moscow_city_small_17_79236_40982.png,masks/patches_512/moscow_city_small_17_79236_40982.png,0.60709,"1,2,3,4",train
moscow_suburb_small_17_79315_40859,moscow_suburb_small,images/patches_512/moscow_suburb_small_17_79315_40859.png,masks/patches_512/moscow_suburb_small_17_79315_40859.png,1.0,"2,3,4",train
moscow_city_small_17_79229_40986,moscow_city_small,images/patches_512/moscow_city_small_17_79229_40986.png,masks/patches_512/moscow_city_small_17_79229_40986.png,0.643707,"2,3,4",train
rostov_open_small_17_80193_45974,rostov_open_small,images/patches_512/rostov_open_small_17_80193_45974.png,masks/patches_512/rostov_open_small_17_80193_45974.png,1.0,"2,3,4",train
svo_airport_small_17_79163_40844,svo_airport_small,images/patches_512/svo_airport_small_17_79163_40844.png,masks/patches_512/svo_airport_small_17_79163_40844.png,1.0,"1,2,3,4",train
moscow_suburb_small_17_79294_40852,moscow_suburb_small,images/patches_512/moscow_suburb_small_17_79294_40852.png,masks/patches_512/moscow_suburb_small_17_79294_40852.png,1.0,"2,3,4",train
moscow_city_small_17_79229_40992,moscow_city_small,images/patches_512/moscow_city_small_17_79229_40992.png,masks/patches_512/moscow_city_small_17_79229_40992.png,0.564377,"2,3,4",train
svo_airport_small_17_79157_40826,svo_airport_small,images/patches_512/svo_airport_small_17_79157_40826.png,masks/patches_512/svo_airport_small_17_79157_40826.png,1.0,"2,3,4",train
moscow_city_small_17_79238_40989,moscow_city_small,images/patches_512/moscow_city_small_17_79238_40989.png,masks/patches_512/moscow_city_small_17_79238_40989.png,0.635883,"2,3,4",train
svo_airport_small_17_79169_40837,svo_airport_small,images/patches_512/svo_airport_small_17_79169_40837.png,masks/patches_512/svo_airport_small_17_79169_40837.png,1.0,"1,2,3,4",train
moscow_city_small_17_79235_40975,moscow_city_small,images/patches_512/moscow_city_small_17_79235_40975.png,masks/patches_512/moscow_city_small_17_79235_40975.png,0.864502,"1,2,3,4",train
moscow_suburb_small_17_79307_40862,moscow_suburb_small,images/patches_512/moscow_suburb_small_17_79307_40862.png,masks/patches_512/moscow_suburb_small_17_79307_40862.png,1.0,"1,2,3,4",train
svo_airport_small_17_79164_40834,svo_airport_small,images/patches_512/svo_airport_small_17_79164_40834.png,masks/patches_512/svo_airport_small_17_79164_40834.png,1.0,"1,2,3,4",train
moscow_city_small_17_79238_40976,moscow_city_small,images/patches_512/moscow_city_small_17_79238_40976.png,masks/patches_512/moscow_city_small_17_79238_40976.png,0.560665,"1,2,3,4",train
moscow_suburb_small_17_79316_40851,moscow_suburb_small,images/patches_512/moscow_suburb_small_17_79316_40851.png,masks/patches_512/moscow_suburb_small_17_79316_40851.png,1.0,"2,3,4",train
moscow_city_small_17_79224_40985,moscow_city_small,images/patches_512/moscow_city_small_17_79224_40985.png,masks/patches_512/moscow_city_small_17_79224_40985.png,0.607613,"1,2,3,4",train
rostov_open_small_17_80208_45969,rostov_open_small,images/patches_512/rostov_open_small_17_80208_45969.png,masks/patches_512/rostov_open_small_17_80208_45969.png,1.0,"1,2",train
moscow_city_small_17_79229_40979,moscow_city_small,images/patches_512/moscow_city_small_17_79229_40979.png,masks/patches_512/moscow_city_small_17_79229_40979.png,0.875343,"1,2,3,4",train
moscow_suburb_small_17_79299_40845,moscow_suburb_small,images/patches_512/moscow_suburb_small_17_79299_40845.png,masks/patches_512/moscow_suburb_small_17_79299_40845.png,1.0,"2,3,4",train
moscow_city_small_17_79224_40991,moscow_city_small,images/patches_512/moscow_city_small_17_79224_40991.png,masks/patches_512/moscow_city_small_17_79224_40991.png,1.0,"1,2,3,4",train
svo_airport_small_17_79150_40819,svo_airport_small,images/patches_512/svo_airport_small_17_79150_40819.png,masks/patches_512/svo_airport_small_17_79150_40819.png,1.0,"2,3,4",train
moscow_city_small_17_79223_40979,moscow_city_small,images/patches_512/moscow_city_small_17_79223_40979.png,masks/patches_512/moscow_city_small_17_79223_40979.png,0.60936,"2,3,4",train
moscow_city_small_17_79232_40976,moscow_city_small,images/patches_512/moscow_city_small_17_79232_40976.png,masks/patches_512/moscow_city_small_17_79232_40976.png,0.780041,"1,2,3,4",train
moscow_suburb_small_17_79300_40875,moscow_suburb_small,images/patches_512/moscow_suburb_small_17_79300_40875.png,masks/patches_512/moscow_suburb_small_17_79300_40875.png,1.0,"2,3",train
svo_airport_small_17_79163_40837,svo_airport_small,images/patches_512/svo_airport_small_17_79163_40837.png,masks/patches_512/svo_airport_small_17_79163_40837.png,1.0,"2,3,4",train
moscow_city_small_17_79232_40989,moscow_city_small,images/patches_512/moscow_city_small_17_79232_40989.png,masks/patches_512/moscow_city_small_17_79232_40989.png,0.70015,"2,3,4",train
moscow_suburb_small_17_79311_40852,moscow_suburb_small,images/patches_512/moscow_suburb_small_17_79311_40852.png,masks/patches_512/moscow_suburb_small_17_79311_40852.png,1.0,"1,2,3,4",train
moscow_suburb_small_17_79311_40846,moscow_suburb_small,images/patches_512/moscow_suburb_small_17_79311_40846.png,masks/patches_512/moscow_suburb_small_17_79311_40846.png,1.0,"1,2,3,4",train
moscow_suburb_small_17_79300_40861,moscow_suburb_small,images/patches_512/moscow_suburb_small_17_79300_40861.png,masks/patches_512/moscow_suburb_small_17_79300_40861.png,1.0,"2,3,4",train
svo_airport_small_17_79163_40823,svo_airport_small,images/patches_512/svo_airport_small_17_79163_40823.png,masks/patches_512/svo_airport_small_17_79163_40823.png,1.0,"1,2,3,4",train
svo_airport_small_17_79157_40841,svo_airport_small,images/patches_512/svo_airport_small_17_79157_40841.png,masks/patches_512/svo_airport_small_17_79157_40841.png,1.0,"2,3,4",train
moscow_city_small_17_79223_40992,moscow_city_small,images/patches_512/moscow_city_small_17_79223_40992.png,masks/patches_512/moscow_city_small_17_79223_40992.png,1.0,"1,2,3,4",train
svo_airport_small_17_79172_40838,svo_airport_small,images/patches_512/svo_airport_small_17_79172_40838.png,masks/patches_512/svo_airport_small_17_79172_40838.png,1.0,"1,2,3,4",train
moscow_city_small_17_79223_40986,moscow_city_small,images/patches_512/moscow_city_small_17_79223_40986.png,masks/patches_512/moscow_city_small_17_79223_40986.png,0.593616,"1,2,3,4",train
svo_airport_small_17_79153_40839,svo_airport_small,images/patches_512/svo_airport_small_17_79153_40839.png,masks/patches_512/svo_airport_small_17_79153_40839.png,1.0,"2,3,4",train
moscow_city_small_17_79220_40965,moscow_city_small,images/patches_512/moscow_city_small_17_79220_40965.png,masks/patches_512/moscow_city_small_17_79220_40965.png,0.593307,"2,3,4",train
moscow_city_small_17_79220_40971,moscow_city_small,images/patches_512/moscow_city_small_17_79220_40971.png,masks/patches_512/moscow_city_small_17_79220_40971.png,0.650719,"2,3,4",train
moscow_suburb_small_17_79303_40841,moscow_suburb_small,images/patches_512/moscow_suburb_small_17_79303_40841.png,masks/patches_512/moscow_suburb_small_17_79303_40841.png,1.0,"1,2,3,4",train
moscow_suburb_small_17_79312_40866,moscow_suburb_small,images/patches_512/moscow_suburb_small_17_79312_40866.png,masks/patches_512/moscow_suburb_small_17_79312_40866.png,1.0,"2,3,4",train
moscow_suburb_small_17_79312_40872,moscow_suburb_small,images/patches_512/moscow_suburb_small_17_79312_40872.png,masks/patches_512/moscow_suburb_small_17_79312_40872.png,1.0,"1,2,3,4",train
svo_airport_small_17_79160_40817,svo_airport_small,images/patches_512/svo_airport_small_17_79160_40817.png,masks/patches_512/svo_airport_small_17_79160_40817.png,1.0,"2,3,4",train
moscow_suburb_small_17_79303_40855,moscow_suburb_small,images/patches_512/moscow_suburb_small_17_79303_40855.png,masks/patches_512/moscow_suburb_small_17_79303_40855.png,1.0,"1,2,3,4",train
moscow_city_small_17_79231_40981,moscow_city_small,images/patches_512/moscow_city_small_17_79231_40981.png,masks/patches_512/moscow_city_small_17_79231_40981.png,0.55851,"1,2,3,4",train
moscow_city_small_17_79231_40995,moscow_city_small,images/patches_512/moscow_city_small_17_79231_40995.png,masks/patches_512/moscow_city_small_17_79231_40995.png,0.551228,"2,3,4",train
moscow_suburb_small_17_79303_40869,moscow_suburb_small,images/patches_512/moscow_suburb_small_17_79303_40869.png,masks/patches_512/moscow_suburb_small_17_79303_40869.png,1.0,"2,3,4",train
moscow_suburb_small_17_79317_40869,moscow_suburb_small,images/patches_512/moscow_suburb_small_17_79317_40869.png,masks/patches_512/moscow_suburb_small_17_79317_40869.png,1.0,"2,3,4",train
moscow_city_small_17_79228_40969,moscow_city_small,images/patches_512/moscow_city_small_17_79228_40969.png,masks/patches_512/moscow_city_small_17_79228_40969.png,0.683117,"1,2,3,4",train
moscow_city_small_17_79225_40995,moscow_city_small,images/patches_512/moscow_city_small_17_79225_40995.png,masks/patches_512/moscow_city_small_17_79225_40995.png,0.622532,"2,3,4",train
moscow_suburb_small_17_79298_40841,moscow_suburb_small,images/patches_512/moscow_suburb_small_17_79298_40841.png,masks/patches_512/moscow_suburb_small_17_79298_40841.png,1.0,"2,3,4",train
moscow_city_small_17_79225_40981,moscow_city_small,images/patches_512/moscow_city_small_17_79225_40981.png,masks/patches_512/moscow_city_small_17_79225_40981.png,0.681969,"1,2,3,4",train
moscow_suburb_small_17_79317_40855,moscow_suburb_small,images/patches_512/moscow_suburb_small_17_79317_40855.png,masks/patches_512/moscow_suburb_small_17_79317_40855.png,1.0,"2,3,4",train
moscow_suburb_small_17_79298_40869,moscow_suburb_small,images/patches_512/moscow_suburb_small_17_79298_40869.png,masks/patches_512/moscow_suburb_small_17_79298_40869.png,1.0,"2,3,4",train
moscow_suburb_small_17_79306_40872,moscow_suburb_small,images/patches_512/moscow_suburb_small_17_79306_40872.png,masks/patches_512/moscow_suburb_small_17_79306_40872.png,1.0,"2,3,4",train
moscow_city_small_17_79239_40972,moscow_city_small,images/patches_512/moscow_city_small_17_79239_40972.png,masks/patches_512/moscow_city_small_17_79239_40972.png,0.500187,"1,2,3,4",train
moscow_suburb_small_17_79306_40866,moscow_suburb_small,images/patches_512/moscow_suburb_small_17_79306_40866.png,masks/patches_512/moscow_suburb_small_17_79306_40866.png,1.0,"2,3,4",train
moscow_city_small_17_79239_40966,moscow_city_small,images/patches_512/moscow_city_small_17_79239_40966.png,masks/patches_512/moscow_city_small_17_79239_40966.png,0.465279,"2,3,4",train
moscow_suburb_small_17_79317_40841,moscow_suburb_small,images/patches_512/moscow_suburb_small_17_79317_40841.png,masks/patches_512/moscow_suburb_small_17_79317_40841.png,1.0,"2,3,4",train
svo_airport_small_17_79156_40822,svo_airport_small,images/patches_512/svo_airport_small_17_79156_40822.png,masks/patches_512/svo_airport_small_17_79156_40822.png,1.0,"1,2,3,4",train
moscow_city_small_17_79234_40971,moscow_city_small,images/patches_512/moscow_city_small_17_79234_40971.png,masks/patches_512/moscow_city_small_17_79234_40971.png,0.651859,"2,3,4",train
svo_airport_small_17_79168_40833,svo_airport_small,images/patches_512/svo_airport_small_17_79168_40833.png,masks/patches_512/svo_airport_small_17_79168_40833.png,1.0,"2,3,4",train
moscow_city_small_17_79234_40965,moscow_city_small,images/patches_512/moscow_city_small_17_79234_40965.png,masks/patches_512/moscow_city_small_17_79234_40965.png,0.740185,"2,3,4",train
svo_airport_small_17_79156_40836,svo_airport_small,images/patches_512/svo_airport_small_17_79156_40836.png,masks/patches_512/svo_airport_small_17_79156_40836.png,1.0,"2,3,4",train
moscow_suburb_small_17_79295_40856,moscow_suburb_small,images/patches_512/moscow_suburb_small_17_79295_40856.png,masks/patches_512/moscow_suburb_small_17_79295_40856.png,1.0,"2,3,4",train
moscow_suburb_small_17_79295_40842,moscow_suburb_small,images/patches_512/moscow_suburb_small_17_79295_40842.png,masks/patches_512/moscow_suburb_small_17_79295_40842.png,1.0,"1,2,3,4",train
moscow_city_small_17_79228_40982,moscow_city_small,images/patches_512/moscow_city_small_17_79228_40982.png,masks/patches_512/moscow_city_small_17_79228_40982.png,0.737823,"1,2,3,4",train
moscow_city_small_17_79237_40986,moscow_city_small,images/patches_512/moscow_city_small_17_79237_40986.png,masks/patches_512/moscow_city_small_17_79237_40986.png,0.563564,"2,3,4",train
moscow_city_small_17_79237_40992,moscow_city_small,images/patches_512/moscow_city_small_17_79237_40992.png,masks/patches_512/moscow_city_small_17_79237_40992.png,0.493214,"3,4",train
krasnodar_fields_small_17_79656_46781,krasnodar_fields_small,images/patches_512/krasnodar_fields_small_17_79656_46781.png,masks/patches_512/krasnodar_fields_small_17_79656_46781.png,1.0,"1,2,3",val
moscow_suburb_small_17_79314_40849,moscow_suburb_small,images/patches_512/moscow_suburb_small_17_79314_40849.png,masks/patches_512/moscow_suburb_small_17_79314_40849.png,1.0,"2,3,4",train
moscow_suburb_small_17_79314_40861,moscow_suburb_small,images/patches_512/moscow_suburb_small_17_79314_40861.png,masks/patches_512/moscow_suburb_small_17_79314_40861.png,1.0,"2,3,4",train
moscow_suburb_small_17_79305_40852,moscow_suburb_small,images/patches_512/moscow_suburb_small_17_79305_40852.png,masks/patches_512/moscow_suburb_small_17_79305_40852.png,1.0,"1,2,3,4",train
svo_airport_small_17_79149_40826,svo_airport_small,images/patches_512/svo_airport_small_17_79149_40826.png,masks/patches_512/svo_airport_small_17_79149_40826.png,1.0,"1,2,3,4",train
moscow_city_small_17_79226_40989,moscow_city_small,images/patches_512/moscow_city_small_17_79226_40989.png,masks/patches_512/moscow_city_small_17_79226_40989.png,0.955849,"1,2,3,4",train
moscow_suburb_small_17_79314_40875,moscow_suburb_small,images/patches_512/moscow_suburb_small_17_79314_40875.png,masks/patches_512/moscow_suburb_small_17_79314_40875.png,1.0,"2,3,4",train
moscow_suburb_small_17_79319_40862,moscow_suburb_small,images/patches_512/moscow_suburb_small_17_79319_40862.png,masks/patches_512/moscow_suburb_small_17_79319_40862.png,1.0,"2,3,4",train
moscow_city_small_17_79218_40973,moscow_city_small,images/patches_512/moscow_city_small_17_79218_40973.png,masks/patches_512/moscow_city_small_17_79218_40973.png,0.41061,"2,3,4",train
moscow_suburb_small_17_79308_40845,moscow_suburb_small,images/patches_512/moscow_suburb_small_17_79308_40845.png,masks/patches_512/moscow_suburb_small_17_79308_40845.png,1.0,"1,2,3,4",train
moscow_suburb_small_17_79308_40851,moscow_suburb_small,images/patches_512/moscow_suburb_small_17_79308_40851.png,masks/patches_512/moscow_suburb_small_17_79308_40851.png,1.0,"1,2,3,4",train
moscow_city_small_17_79218_40967,moscow_city_small,images/patches_512/moscow_city_small_17_79218_40967.png,masks/patches_512/moscow_city_small_17_79218_40967.png,0.499882,"1,2,3,4",train
moscow_suburb_small_17_79319_40876,moscow_suburb_small,images/patches_512/moscow_suburb_small_17_79319_40876.png,masks/patches_512/moscow_suburb_small_17_79319_40876.png,1.0,"2,3,4",train
moscow_city_small_17_79226_40976,moscow_city_small,images/patches_512/moscow_city_small_17_79226_40976.png,masks/patches_512/moscow_city_small_17_79226_40976.png,0.649326,"2,3,4",train
moscow_city_small_17_79237_40979,moscow_city_small,images/patches_512/moscow_city_small_17_79237_40979.png,masks/patches_512/moscow_city_small_17_79237_40979.png,0.795891,"1,2,3,4",train
moscow_suburb_small_17_79296_40862,moscow_suburb_small,images/patches_512/moscow_suburb_small_17_79296_40862.png,masks/patches_512/moscow_suburb_small_17_79296_40862.png,1.0,"2,3,4",train
moscow_suburb_small_17_79296_40876,moscow_suburb_small,images/patches_512/moscow_suburb_small_17_79296_40876.png,masks/patches_512/moscow_suburb_small_17_79296_40876.png,1.0,"2,3,4",train
moscow_suburb_small_17_79296_40877,moscow_suburb_small,images/patches_512/moscow_suburb_small_17_79296_40877.png,masks/patches_512/moscow_suburb_small_17_79296_40877.png,1.0,"2,3,4",train
svo_airport_small_17_79170_40846,svo_airport_small,images/patches_512/svo_airport_small_17_79170_40846.png,masks/patches_512/svo_airport_small_17_79170_40846.png,1.0,"2,3,4",train
moscow_suburb_small_17_79296_40863,moscow_suburb_small,images/patches_512/moscow_suburb_small_17_79296_40863.png,masks/patches_512/moscow_suburb_small_17_79296_40863.png,1.0,"2,3,4",train
moscow_city_small_17_79237_40978,moscow_city_small,images/patches_512/moscow_city_small_17_79237_40978.png,masks/patches_512/moscow_city_small_17_79237_40978.png,0.989857,"1,3,4",train
moscow_suburb_small_17_79308_40850,moscow_suburb_small,images/patches_512/moscow_suburb_small_17_79308_40850.png,masks/patches_512/moscow_suburb_small_17_79308_40850.png,1.0,"1,2,3,4",train
moscow_city_small_17_79226_40977,moscow_city_small,images/patches_512/moscow_city_small_17_79226_40977.png,masks/patches_512/moscow_city_small_17_79226_40977.png,0.611301,"2,3,4",train
rostov_open_small_17_80207_45967,rostov_open_small,images/patches_512/rostov_open_small_17_80207_45967.png,masks/patches_512/rostov_open_small_17_80207_45967.png,1.0,"1,2",train
moscow_city_small_17_79218_40966,moscow_city_small,images/patches_512/moscow_city_small_17_79218_40966.png,masks/patches_512/moscow_city_small_17_79218_40966.png,0.485313,"1,2,3,4",train
moscow_city_small_17_79218_40972,moscow_city_small,images/patches_512/moscow_city_small_17_79218_40972.png,masks/patches_512/moscow_city_small_17_79218_40972.png,0.421452,"2,3,4",train
moscow_suburb_small_17_79319_40863,moscow_suburb_small,images/patches_512/moscow_suburb_small_17_79319_40863.png,masks/patches_512/moscow_suburb_small_17_79319_40863.png,1.0,"2,3,4",train
moscow_suburb_small_17_79308_40844,moscow_suburb_small,images/patches_512/moscow_suburb_small_17_79308_40844.png,masks/patches_512/moscow_suburb_small_17_79308_40844.png,1.0,"1,2,3,4",train
moscow_suburb_small_17_79305_40853,moscow_suburb_small,images/patches_512/moscow_suburb_small_17_79305_40853.png,masks/patches_512/moscow_suburb_small_17_79305_40853.png,1.0,"1,2,3,4",train
moscow_suburb_small_17_79314_40874,moscow_suburb_small,images/patches_512/moscow_suburb_small_17_79314_40874.png,masks/patches_512/moscow_suburb_small_17_79314_40874.png,1.0,"2,3,4",train
moscow_city_small_17_79226_40988,moscow_city_small,images/patches_512/moscow_city_small_17_79226_40988.png,masks/patches_512/moscow_city_small_17_79226_40988.png,0.729767,"1,2,3,4",train
svo_airport_small_17_79149_40827,svo_airport_small,images/patches_512/svo_airport_small_17_79149_40827.png,masks/patches_512/svo_airport_small_17_79149_40827.png,1.0,"1,2,3,4",train
moscow_suburb_small_17_79314_40860,moscow_suburb_small,images/patches_512/moscow_suburb_small_17_79314_40860.png,masks/patches_512/moscow_suburb_small_17_79314_40860.png,1.0,"2,3,4",train
moscow_city_small_17_79237_40993,moscow_city_small,images/patches_512/moscow_city_small_17_79237_40993.png,masks/patches_512/moscow_city_small_17_79237_40993.png,0.571407,"2,3,4",train
krasnodar_fields_small_17_79656_46794,krasnodar_fields_small,images/patches_512/krasnodar_fields_small_17_79656_46794.png,masks/patches_512/krasnodar_fields_small_17_79656_46794.png,1.0,"1,2,3,4",val
svo_airport_small_17_79158_40828,svo_airport_small,images/patches_512/svo_airport_small_17_79158_40828.png,masks/patches_512/svo_airport_small_17_79158_40828.png,1.0,"2,3,4",train
svo_airport_small_17_79166_40839,svo_airport_small,images/patches_512/svo_airport_small_17_79166_40839.png,masks/patches_512/svo_airport_small_17_79166_40839.png,1.0,"1,2,3,4",train
moscow_city_small_17_79237_40987,moscow_city_small,images/patches_512/moscow_city_small_17_79237_40987.png,masks/patches_512/moscow_city_small_17_79237_40987.png,0.516705,"2,3,4",train
moscow_suburb_small_17_79295_40843,moscow_suburb_small,images/patches_512/moscow_suburb_small_17_79295_40843.png,masks/patches_512/moscow_suburb_small_17_79295_40843.png,1.0,"1,2,3,4",train
moscow_city_small_17_79228_40983,moscow_city_small,images/patches_512/moscow_city_small_17_79228_40983.png,masks/patches_512/moscow_city_small_17_79228_40983.png,0.724792,"1,2,3,4",train
moscow_suburb_small_17_79295_40857,moscow_suburb_small,images/patches_512/moscow_suburb_small_17_79295_40857.png,masks/patches_512/moscow_suburb_small_17_79295_40857.png,1.0,"2,3,4",train
svo_airport_small_17_79156_40837,svo_airport_small,images/patches_512/svo_airport_small_17_79156_40837.png,masks/patches_512/svo_airport_small_17_79156_40837.png,1.0,"2,3,4",train
svo_airport_small_17_79168_40826,svo_airport_small,images/patches_512/svo_airport_small_17_79168_40826.png,masks/patches_512/svo_airport_small_17_79168_40826.png,1.0,"2,3,4",train
moscow_city_small_17_79234_40964,moscow_city_small,images/patches_512/moscow_city_small_17_79234_40964.png,masks/patches_512/moscow_city_small_17_79234_40964.png,0.745781,"2,3,4",train
moscow_city_small_17_79234_40970,moscow_city_small,images/patches_512/moscow_city_small_17_79234_40970.png,masks/patches_512/moscow_city_small_17_79234_40970.png,0.665939,"2,3,4",train
svo_airport_small_17_79156_40823,svo_airport_small,images/patches_512/svo_airport_small_17_79156_40823.png,masks/patches_512/svo_airport_small_17_79156_40823.png,1.0,"1,2,3,4",train
svo_airport_small_17_79165_40825,svo_airport_small,images/patches_512/svo_airport_small_17_79165_40825.png,masks/patches_512/svo_airport_small_17_79165_40825.png,1.0,"2,3,4",train
moscow_city_small_17_79239_40967,moscow_city_small,images/patches_512/moscow_city_small_17_79239_40967.png,masks/patches_512/moscow_city_small_17_79239_40967.png,0.57645,"2,3,4",train
moscow_suburb_small_17_79317_40854,moscow_suburb_small,images/patches_512/moscow_suburb_small_17_79317_40854.png,masks/patches_512/moscow_suburb_small_17_79317_40854.png,1.0,"2,3,4",train
moscow_city_small_17_79239_40973,moscow_city_small,images/patches_512/moscow_city_small_17_79239_40973.png,masks/patches_512/moscow_city_small_17_79239_40973.png,0.506683,"1,2,3,4",train
moscow_suburb_small_17_79306_40873,moscow_suburb_small,images/patches_512/moscow_suburb_small_17_79306_40873.png,masks/patches_512/moscow_suburb_small_17_79306_40873.png,1.0,"2,3,4",train
moscow_suburb_small_17_79298_40868,moscow_suburb_small,images/patches_512/moscow_suburb_small_17_79298_40868.png,masks/patches_512/moscow_suburb_small_17_79298_40868.png,1.0,"2,3,4",train
moscow_city_small_17_79225_40980,moscow_city_small,images/patches_512/moscow_city_small_17_79225_40980.png,masks/patches_512/moscow_city_small_17_79225_40980.png,0.659538,"1,2,3,4",train
moscow_city_small_17_79225_40994,moscow_city_small,images/patches_512/moscow_city_small_17_79225_40994.png,masks/patches_512/moscow_city_small_17_79225_40994.png,0.811119,"2,3,4",train
moscow_city_small_17_79228_40968,moscow_city_small,images/patches_512/moscow_city_small_17_79228_40968.png,masks/patches_512/moscow_city_small_17_79228_40968.png,0.697975,"1,2,3,4",train
moscow_suburb_small_17_79317_40868,moscow_suburb_small,images/patches_512/moscow_suburb_small_17_79317_40868.png,masks/patches_512/moscow_suburb_small_17_79317_40868.png,1.0,"2,3,4",train
moscow_suburb_small_17_79303_40868,moscow_suburb_small,images/patches_512/moscow_suburb_small_17_79303_40868.png,masks/patches_512/moscow_suburb_small_17_79303_40868.png,1.0,"2,3,4",train
moscow_city_small_17_79231_40994,moscow_city_small,images/patches_512/moscow_city_small_17_79231_40994.png,masks/patches_512/moscow_city_small_17_79231_40994.png,0.494801,"3,4",train
moscow_city_small_17_79231_40980,moscow_city_small,images/patches_512/moscow_city_small_17_79231_40980.png,masks/patches_512/moscow_city_small_17_79231_40980.png,0.616726,"1,2,3,4",train
svo_airport_small_17_79171_40831,svo_airport_small,images/patches_512/svo_airport_small_17_79171_40831.png,masks/patches_512/svo_airport_small_17_79171_40831.png,1.0,"1,2,3,4",train
moscow_suburb_small_17_79312_40873,moscow_suburb_small,images/patches_512/moscow_suburb_small_17_79312_40873.png,masks/patches_512/moscow_suburb_small_17_79312_40873.png,1.0,"1,2,3,4",train
moscow_suburb_small_17_79303_40854,moscow_suburb_small,images/patches_512/moscow_suburb_small_17_79303_40854.png,masks/patches_512/moscow_suburb_small_17_79303_40854.png,1.0,"1,2,3,4",train
svo_airport_small_17_79160_40816,svo_airport_small,images/patches_512/svo_airport_small_17_79160_40816.png,masks/patches_512/svo_airport_small_17_79160_40816.png,1.0,"2,3,4",train
moscow_suburb_small_17_79312_40867,moscow_suburb_small,images/patches_512/moscow_suburb_small_17_79312_40867.png,masks/patches_512/moscow_suburb_small_17_79312_40867.png,1.0,"2,3,4",train
moscow_city_small_17_79220_40970,moscow_city_small,images/patches_512/moscow_city_small_17_79220_40970.png,masks/patches_512/moscow_city_small_17_79220_40970.png,0.612282,"1,2,3,4",train
moscow_city_small_17_79220_40964,moscow_city_small,images/patches_512/moscow_city_small_17_79220_40964.png,masks/patches_512/moscow_city_small_17_79220_40964.png,0.521828,"2,3,4",train
svo_airport_small_17_79153_40838,svo_airport_small,images/patches_512/svo_airport_small_17_79153_40838.png,masks/patches_512/svo_airport_small_17_79153_40838.png,1.0,"2,3,4",train
moscow_city_small_17_79223_40987,moscow_city_small,images/patches_512/moscow_city_small_17_79223_40987.png,masks/patches_512/moscow_city_small_17_79223_40987.png,0.690224,"1,2,3,4",train
svo_airport_small_17_79172_40839,svo_airport_small,images/patches_512/svo_airport_small_17_79172_40839.png,masks/patches_512/svo_airport_small_17_79172_40839.png,1.0,"1,2,3,4",train
svo_airport_small_17_79169_40845,svo_airport_small,images/patches_512/svo_airport_small_17_79169_40845.png,masks/patches_512/svo_airport_small_17_79169_40845.png,1.0,"2,3,4",train
svo_airport_small_17_79157_40840,svo_airport_small,images/patches_512/svo_airport_small_17_79157_40840.png,masks/patches_512/svo_airport_small_17_79157_40840.png,1.0,"2,3,4",train
moscow_suburb_small_17_79300_40848,moscow_suburb_small,images/patches_512/moscow_suburb_small_17_79300_40848.png,masks/patches_512/moscow_suburb_small_17_79300_40848.png,1.0,"1,2,3,4",train
moscow_city_small_17_79223_40993,moscow_city_small,images/patches_512/moscow_city_small_17_79223_40993.png,masks/patches_512/moscow_city_small_17_79223_40993.png,1.0,"1,2,3,4",train
moscow_suburb_small_17_79311_40847,moscow_suburb_small,images/patches_512/moscow_suburb_small_17_79311_40847.png,masks/patches_512/moscow_suburb_small_17_79311_40847.png,1.0,"1,2,3,4",train
svo_airport_small_17_79163_40822,svo_airport_small,images/patches_512/svo_airport_small_17_79163_40822.png,masks/patches_512/svo_airport_small_17_79163_40822.png,1.0,"1,2,3,4",train
moscow_suburb_small_17_79300_40860,moscow_suburb_small,images/patches_512/moscow_suburb_small_17_79300_40860.png,masks/patches_512/moscow_suburb_small_17_79300_40860.png,1.0,"2,3,4",train
moscow_city_small_17_79232_40988,moscow_city_small,images/patches_512/moscow_city_small_17_79232_40988.png,masks/patches_512/moscow_city_small_17_79232_40988.png,0.660534,"2,3,4",train
svo_airport_small_17_79163_40836,svo_airport_small,images/patches_512/svo_airport_small_17_79163_40836.png,masks/patches_512/svo_airport_small_17_79163_40836.png,1.0,"1,2,3,4",train
moscow_suburb_small_17_79300_40874,moscow_suburb_small,images/patches_512/moscow_suburb_small_17_79300_40874.png,masks/patches_512/moscow_suburb_small_17_79300_40874.png,1.0,"2,3,4",train
moscow_suburb_small_17_79311_40853,moscow_suburb_small,images/patches_512/moscow_suburb_small_17_79311_40853.png,masks/patches_512/moscow_suburb_small_17_79311_40853.png,1.0,"1,2,3,4",train
svo_airport_small_17_79150_40830,svo_airport_small,images/patches_512/svo_airport_small_17_79150_40830.png,masks/patches_512/svo_airport_small_17_79150_40830.png,1.0,"2,3,4",train
moscow_city_small_17_79232_40977,moscow_city_small,images/patches_512/moscow_city_small_17_79232_40977.png,masks/patches_512/moscow_city_small_17_79232_40977.png,0.949596,"1,2,3,4",train
moscow_city_small_17_79223_40978,moscow_city_small,images/patches_512/moscow_city_small_17_79223_40978.png,masks/patches_512/moscow_city_small_17_79223_40978.png,0.606571,"1,2,3,4",train
rostov_open_small_17_80194_45976,rostov_open_small,images/patches_512/rostov_open_small_17_80194_45976.png,masks/patches_512/rostov_open_small_17_80194_45976.png,1.0,"2,3,4",train
rostov_open_small_17_80194_45974,rostov_open_small,images/patches_512/rostov_open_small_17_80194_45974.png,masks/patches_512/rostov_open_small_17_80194_45974.png,1.0,"1,2,3,4",train
svo_airport_small_17_79150_40826,svo_airport_small,images/patches_512/svo_airport_small_17_79150_40826.png,masks/patches_512/svo_airport_small_17_79150_40826.png,1.0,"1,2,3,4",train
moscow_city_small_17_79232_40975,moscow_city_small,images/patches_512/moscow_city_small_17_79232_40975.png,masks/patches_512/moscow_city_small_17_79232_40975.png,0.628723,"1,2,3,4",train
moscow_suburb_small_17_79300_40862,moscow_suburb_small,images/patches_512/moscow_suburb_small_17_79300_40862.png,masks/patches_512/moscow_suburb_small_17_79300_40862.png,1.0,"2,3,4",train
krasnodar_fields_small_17_79665_46800,krasnodar_fields_small,images/patches_512/krasnodar_fields_small_17_79665_46800.png,masks/patches_512/krasnodar_fields_small_17_79665_46800.png,1.0,"1,2,4",val
moscow_suburb_small_17_79311_40845,moscow_suburb_small,images/patches_512/moscow_suburb_small_17_79311_40845.png,masks/patches_512/moscow_suburb_small_17_79311_40845.png,1.0,"1,2,3,4",train
moscow_suburb_small_17_79311_40851,moscow_suburb_small,images/patches_512/moscow_suburb_small_17_79311_40851.png,masks/patches_512/moscow_suburb_small_17_79311_40851.png,1.0,"2,3,4",train
svo_airport_small_17_79163_40834,svo_airport_small,images/patches_512/svo_airport_small_17_79163_40834.png,masks/patches_512/svo_airport_small_17_79163_40834.png,1.0,"1,2,3,4",train
moscow_city_small_17_79223_40985,moscow_city_small,images/patches_512/moscow_city_small_17_79223_40985.png,masks/patches_512/moscow_city_small_17_79223_40985.png,0.581924,"1,2,3,4",train
svo_airport_small_17_79157_40842,svo_airport_small,images/patches_512/svo_airport_small_17_79157_40842.png,masks/patches_512/svo_airport_small_17_79157_40842.png,1.0,"2,3,4",train
moscow_city_small_17_79231_40969,moscow_city_small,images/patches_512/moscow_city_small_17_79231_40969.png,masks/patches_512/moscow_city_small_17_79231_40969.png,0.761055,"2,3,4",train
krasnodar_fields_small_17_79663_46797,krasnodar_fields_small,images/patches_512/krasnodar_fields_small_17_79663_46797.png,masks/patches_512/krasnodar_fields_small_17_79663_46797.png,1.0,"1,2,3,4",val
rostov_open_small_17_80197_45954,rostov_open_small,images/patches_512/rostov_open_small_17_80197_45954.png,masks/patches_512/rostov_open_small_17_80197_45954.png,1.0,"1,2,4",train
moscow_city_small_17_79220_40972,moscow_city_small,images/patches_512/moscow_city_small_17_79220_40972.png,masks/patches_512/moscow_city_small_17_79220_40972.png,0.608482,"2,3,4",train
moscow_city_small_17_79220_40966,moscow_city_small,images/patches_512/moscow_city_small_17_79220_40966.png,masks/patches_512/moscow_city_small_17_79220_40966.png,0.561337,"1,2,3,4",train
svo_airport_small_17_79171_40833,svo_airport_small,images/patches_512/svo_airport_small_17_79171_40833.png,masks/patches_512/svo_airport_small_17_79171_40833.png,1.0,"2,3,4",train
moscow_suburb_small_17_79312_40871,moscow_suburb_small,images/patches_512/moscow_suburb_small_17_79312_40871.png,masks/patches_512/moscow_suburb_small_17_79312_40871.png,1.0,"1,2,3,4",train
moscow_suburb_small_17_79312_40865,moscow_suburb_small,images/patches_512/moscow_suburb_small_17_79312_40865.png,masks/patches_512/moscow_suburb_small_17_79312_40865.png,1.0,"2,3,4",train
moscow_suburb_small_17_79303_40842,moscow_suburb_small,images/patches_512/moscow_suburb_small_17_79303_40842.png,masks/patches_512/moscow_suburb_small_17_79303_40842.png,1.0,"1,2,3,4",train
moscow_suburb_small_17_79312_40859,moscow_suburb_small,images/patches_512/moscow_suburb_small_17_79312_40859.png,masks/patches_512/moscow_suburb_small_17_79312_40859.png,1.0,"2,3,4",train
moscow_city_small_17_79231_40982,moscow_city_small,images/patches_512/moscow_city_small_17_79231_40982.png,masks/patches_512/moscow_city_small_17_79231_40982.png,0.665554,"1,2,3,4",train
moscow_city_small_17_79225_40982,moscow_city_small,images/patches_512/moscow_city_small_17_79225_40982.png,masks/patches_512/moscow_city_small_17_79225_40982.png,0.618656,"2,3,4",train
moscow_suburb_small_17_79298_40842,moscow_suburb_small,images/patches_512/moscow_suburb_small_17_79298_40842.png,masks/patches_512/moscow_suburb_small_17_79298_40842.png,1.0,"1,2,3,4",train
moscow_suburb_small_17_79306_40859,moscow_suburb_small,images/patches_512/moscow_suburb_small_17_79306_40859.png,masks/patches_512/moscow_suburb_small_17_79306_40859.png,1.0,"1,2,3,4",train
moscow_suburb_small_17_79298_40856,moscow_suburb_small,images/patches_512/moscow_suburb_small_17_79298_40856.png,masks/patches_512/moscow_suburb_small_17_79298_40856.png,1.0,"2,3,4",train
moscow_suburb_small_17_79317_40842,moscow_suburb_small,images/patches_512/moscow_suburb_small_17_79317_40842.png,masks/patches_512/moscow_suburb_small_17_79317_40842.png,1.0,"2,3,4",train
moscow_city_small_17_79239_40965,moscow_city_small,images/patches_512/moscow_city_small_17_79239_40965.png,masks/patches_512/moscow_city_small_17_79239_40965.png,0.532104,"1,2,3,4",train
moscow_suburb_small_17_79306_40865,moscow_suburb_small,images/patches_512/moscow_suburb_small_17_79306_40865.png,masks/patches_512/moscow_suburb_small_17_79306_40865.png,1.0,"2,3,4",train
moscow_city_small_17_79239_40971,moscow_city_small,images/patches_512/moscow_city_small_17_79239_40971.png,masks/patches_512/moscow_city_small_17_79239_40971.png,0.550182,"2,3,4",train
moscow_suburb_small_17_79306_40871,moscow_suburb_small,images/patches_512/moscow_suburb_small_17_79306_40871.png,masks/patches_512/moscow_suburb_small_17_79306_40871.png,1.0,"2,3,4",train
moscow_suburb_small_17_79317_40856,moscow_suburb_small,images/patches_512/moscow_suburb_small_17_79317_40856.png,masks/patches_512/moscow_suburb_small_17_79317_40856.png,1.0,"2,3,4",train
moscow_city_small_17_79234_40966,moscow_city_small,images/patches_512/moscow_city_small_17_79234_40966.png,masks/patches_512/moscow_city_small_17_79234_40966.png,0.719143,"2,3,4",train
svo_airport_small_17_79168_40824,svo_airport_small,images/patches_512/svo_airport_small_17_79168_40824.png,masks/patches_512/svo_airport_small_17_79168_40824.png,1.0,"1,2,3,4",train
moscow_suburb_small_17_79295_40869,moscow_suburb_small,images/patches_512/moscow_suburb_small_17_79295_40869.png,masks/patches_512/moscow_suburb_small_17_79295_40869.png,1.0,"2,3,4",train
svo_airport_small_17_79156_40821,svo_airport_small,images/patches_512/svo_airport_small_17_79156_40821.png,masks/patches_512/svo_airport_small_17_79156_40821.png,1.0,"2,3,4",train
moscow_city_small_17_79234_40972,moscow_city_small,images/patches_512/moscow_city_small_17_79234_40972.png,masks/patches_512/moscow_city_small_17_79234_40972.png,0.685928,"1,2,3,4",train
moscow_city_small_17_79228_40981,moscow_city_small,images/patches_512/moscow_city_small_17_79228_40981.png,masks/patches_512/moscow_city_small_17_79228_40981.png,0.720825,"1,2,3,4",train
moscow_suburb_small_17_79295_40841,moscow_suburb_small,images/patches_512/moscow_suburb_small_17_79295_40841.png,masks/patches_512/moscow_suburb_small_17_79295_40841.png,1.0,"1,2,3,4",train
rostov_open_small_17_80192_45973,rostov_open_small,images/patches_512/rostov_open_small_17_80192_45973.png,masks/patches_512/rostov_open_small_17_80192_45973.png,1.0,"2,3,4",train
moscow_city_small_17_79225_40969,moscow_city_small,images/patches_512/moscow_city_small_17_79225_40969.png,masks/patches_512/moscow_city_small_17_79225_40969.png,0.735672,"2,3,4",train
moscow_city_small_17_79228_40995,moscow_city_small,images/patches_512/moscow_city_small_17_79228_40995.png,masks/patches_512/moscow_city_small_17_79228_40995.png,0.515984,"2,3,4",train
svo_airport_small_17_79149_40819,svo_airport_small,images/patches_512/svo_airport_small_17_79149_40819.png,masks/patches_512/svo_airport_small_17_79149_40819.png,1.0,"2,3,4",train
moscow_city_small_17_79237_40991,moscow_city_small,images/patches_512/moscow_city_small_17_79237_40991.png,masks/patches_512/moscow_city_small_17_79237_40991.png,0.466549,"3,4",train
karelia_forest_small_17_76728_36716,karelia_forest_small,images/patches_512/karelia_forest_small_17_76728_36716.png,masks/patches_512/karelia_forest_small_17_76728_36716.png,1.0,"1,2,4",test
moscow_city_small_17_79237_40985,moscow_city_small,images/patches_512/moscow_city_small_17_79237_40985.png,masks/patches_512/moscow_city_small_17_79237_40985.png,0.587887,"2,3,4",train
svo_airport_small_17_79149_40825,svo_airport_small,images/patches_512/svo_airport_small_17_79149_40825.png,masks/patches_512/svo_airport_small_17_79149_40825.png,1.0,"2,3,4",train
moscow_suburb_small_17_79314_40876,moscow_suburb_small,images/patches_512/moscow_suburb_small_17_79314_40876.png,masks/patches_512/moscow_suburb_small_17_79314_40876.png,1.0,"1,2,3,4",train
moscow_suburb_small_17_79314_40862,moscow_suburb_small,images/patches_512/moscow_suburb_small_17_79314_40862.png,masks/patches_512/moscow_suburb_small_17_79314_40862.png,1.0,"2,3,4",train
moscow_city_small_17_79218_40964,moscow_city_small,images/patches_512/moscow_city_small_17_79218_40964.png,masks/patches_512/moscow_city_small_17_79218_40964.png,0.468285,"2,3,4",train
moscow_city_small_17_79226_40975,moscow_city_small,images/patches_512/moscow_city_small_17_79226_40975.png,masks/patches_512/moscow_city_small_17_79226_40975.png,0.638798,"2,3,4",train
moscow_suburb_small_17_79319_40875,moscow_suburb_small,images/patches_512/moscow_suburb_small_17_79319_40875.png,masks/patches_512/moscow_suburb_small_17_79319_40875.png,1.0,"2,3,4",train
moscow_suburb_small_17_79308_40852,moscow_suburb_small,images/patches_512/moscow_suburb_small_17_79308_40852.png,masks/patches_512/moscow_suburb_small_17_79308_40852.png,1.0,"1,2,3,4",train
moscow_suburb_small_17_79296_40849,moscow_suburb_small,images/patches_512/moscow_suburb_small_17_79296_40849.png,masks/patches_512/moscow_suburb_small_17_79296_40849.png,1.0,"1,2,3,4",train
moscow_suburb_small_17_79319_40861,moscow_suburb_small,images/patches_512/moscow_suburb_small_17_79319_40861.png,masks/patches_512/moscow_suburb_small_17_79319_40861.png,1.0,"2,3,4",train
moscow_city_small_17_79218_40970,moscow_city_small,images/patches_512/moscow_city_small_17_79218_40970.png,masks/patches_512/moscow_city_small_17_79218_40970.png,0.495327,"2,3,4",train
moscow_suburb_small_17_79319_40849,moscow_suburb_small,images/patches_512/moscow_suburb_small_17_79319_40849.png,masks/patches_512/moscow_suburb_small_17_79319_40849.png,1.0,"2,3,4",train
moscow_suburb_small_17_79296_40875,moscow_suburb_small,images/patches_512/moscow_suburb_small_17_79296_40875.png,masks/patches_512/moscow_suburb_small_17_79296_40875.png,1.0,"2,3,4",train
moscow_suburb_small_17_79296_40861,moscow_suburb_small,images/patches_512/moscow_suburb_small_17_79296_40861.png,masks/patches_512/moscow_suburb_small_17_79296_40861.png,1.0,"2,3,4",train
svo_airport_small_17_79170_40844,svo_airport_small,images/patches_512/svo_airport_small_17_79170_40844.png,masks/patches_512/svo_airport_small_17_79170_40844.png,1.0,"1,2,3,4",train
moscow_suburb_small_17_79296_40860,moscow_suburb_small,images/patches_512/moscow_suburb_small_17_79296_40860.png,masks/patches_512/moscow_suburb_small_17_79296_40860.png,1.0,"2,3,4",train
svo_airport_small_17_79170_40845,svo_airport_small,images/patches_512/svo_airport_small_17_79170_40845.png,masks/patches_512/svo_airport_small_17_79170_40845.png,1.0,"1,2,3,4",train
moscow_suburb_small_17_79296_40874,moscow_suburb_small,images/patches_512/moscow_suburb_small_17_79296_40874.png,masks/patches_512/moscow_suburb_small_17_79296_40874.png,1.0,"2,3,4",train
svo_airport_small_17_79155_40814,svo_airport_small,images/patches_512/svo_airport_small_17_79155_40814.png,masks/patches_512/svo_airport_small_17_79155_40814.png,1.0,"1,2,3,4",train
moscow_city_small_17_79218_40971,moscow_city_small,images/patches_512/moscow_city_small_17_79218_40971.png,masks/patches_512/moscow_city_small_17_79218_40971.png,0.517262,"2,3,4",train
moscow_suburb_small_17_79319_40860,moscow_suburb_small,images/patches_512/moscow_suburb_small_17_79319_40860.png,masks/patches_512/moscow_suburb_small_17_79319_40860.png,1.0,"2,3,4",train
moscow_suburb_small_17_79319_40874,moscow_suburb_small,images/patches_512/moscow_suburb_small_17_79319_40874.png,masks/patches_512/moscow_suburb_small_17_79319_40874.png,1.0,"2,3,4",train
moscow_city_small_17_79226_40974,moscow_city_small,images/patches_512/moscow_city_small_17_79226_40974.png,masks/patches_512/moscow_city_small_17_79226_40974.png,0.658707,"2,3,4",train
moscow_city_small_17_79218_40965,moscow_city_small,images/patches_512/moscow_city_small_17_79218_40965.png,masks/patches_512/moscow_city_small_17_79218_40965.png,0.44418,"2,3,4",train
moscow_suburb_small_17_79296_40848,moscow_suburb_small,images/patches_512/moscow_suburb_small_17_79296_40848.png,masks/patches_512/moscow_suburb_small_17_79296_40848.png,1.0,"2,3,4",train
moscow_suburb_small_17_79308_40853,moscow_suburb_small,images/patches_512/moscow_suburb_small_17_79308_40853.png,masks/patches_512/moscow_suburb_small_17_79308_40853.png,1.0,"1,2,3,4",train
moscow_suburb_small_17_79305_40844,moscow_suburb_small,images/patches_512/moscow_suburb_small_17_79305_40844.png,masks/patches_512/moscow_suburb_small_17_79305_40844.png,1.0,"2,3,4",train
svo_airport_small_17_79149_40830,svo_airport_small,images/patches_512/svo_airport_small_17_79149_40830.png,masks/patches_512/svo_airport_small_17_79149_40830.png,1.0,"2,3,4",train
moscow_suburb_small_17_79314_40863,moscow_suburb_small,images/patches_512/moscow_suburb_small_17_79314_40863.png,masks/patches_512/moscow_suburb_small_17_79314_40863.png,1.0,"2,3,4",train
moscow_suburb_small_17_79314_40877,moscow_suburb_small,images/patches_512/moscow_suburb_small_17_79314_40877.png,masks/patches_512/moscow_suburb_small_17_79314_40877.png,1.0,"1,2,3,4",train
svo_airport_small_17_79149_40824,svo_airport_small,images/patches_512/svo_airport_small_17_79149_40824.png,masks/patches_512/svo_airport_small_17_79149_40824.png,1.0,"2,3,4",train
moscow_city_small_17_79237_40984,moscow_city_small,images/patches_512/moscow_city_small_17_79237_40984.png,masks/patches_512/moscow_city_small_17_79237_40984.png,0.585365,"2,3,4",train
moscow_city_small_17_79237_40990,moscow_city_small,images/patches_512/moscow_city_small_17_79237_40990.png,masks/patches_512/moscow_city_small_17_79237_40990.png,0.555759,"2,3,4",train
moscow_city_small_17_79228_40994,moscow_city_small,images/patches_512/moscow_city_small_17_79228_40994.png,masks/patches_512/moscow_city_small_17_79228_40994.png,0.536312,"2,3,4",train
moscow_city_small_17_79225_40968,moscow_city_small,images/patches_512/moscow_city_small_17_79225_40968.png,masks/patches_512/moscow_city_small_17_79225_40968.png,0.650574,"1,2,3,4",train
moscow_city_small_17_79228_40980,moscow_city_small,images/patches_512/moscow_city_small_17_79228_40980.png,masks/patches_512/moscow_city_small_17_79228_40980.png,0.785095,"1,2,3,4",train
moscow_suburb_small_17_79295_40840,moscow_suburb_small,images/patches_512/moscow_suburb_small_17_79295_40840.png,masks/patches_512/moscow_suburb_small_17_79295_40840.png,1.0,"2,3,4",train
moscow_city_small_17_79234_40973,moscow_city_small,images/patches_512/moscow_city_small_17_79234_40973.png,masks/patches_512/moscow_city_small_17_79234_40973.png,0.785835,"1,2,3,4",train
svo_airport_small_17_79156_40820,svo_airport_small,images/patches_512/svo_airport_small_17_79156_40820.png,masks/patches_512/svo_airport_small_17_79156_40820.png,1.0,"2,3,4",train
moscow_suburb_small_17_79295_40868,moscow_suburb_small,images/patches_512/moscow_suburb_small_17_79295_40868.png,masks/patches_512/moscow_suburb_small_17_79295_40868.png,1.0,"2,3,4",train
moscow_city_small_17_79234_40967,moscow_city_small,images/patches_512/moscow_city_small_17_79234_40967.png,masks/patches_512/moscow_city_small_17_79234_40967.png,0.726849,"2,3,4",train
svo_airport_small_17_79168_40825,svo_airport_small,images/patches_512/svo_airport_small_17_79168_40825.png,masks/patches_512/svo_airport_small_17_79168_40825.png,1.0,"2,3,4",train
moscow_suburb_small_17_79306_40870,moscow_suburb_small,images/patches_512/moscow_suburb_small_17_79306_40870.png,masks/patches_512/moscow_suburb_small_17_79306_40870.png,1.0,"2,3,4",train
moscow_city_small_17_79239_40970,moscow_city_small,images/patches_512/moscow_city_small_17_79239_40970.png,masks/patches_512/moscow_city_small_17_79239_40970.png,0.558678,"3,4",train
moscow_suburb_small_17_79317_40857,moscow_suburb_small,images/patches_512/moscow_suburb_small_17_79317_40857.png,masks/patches_512/moscow_suburb_small_17_79317_40857.png,1.0,"2,3,4",train
moscow_suburb_small_17_79306_40864,moscow_suburb_small,images/patches_512/moscow_suburb_small_17_79306_40864.png,masks/patches_512/moscow_suburb_small_17_79306_40864.png,1.0,"2,3,4",train
moscow_city_small_17_79239_40964,moscow_city_small,images/patches_512/moscow_city_small_17_79239_40964.png,masks/patches_512/moscow_city_small_17_79239_40964.png,0.499763,"1,2,3,4",train
moscow_suburb_small_17_79298_40857,moscow_suburb_small,images/patches_512/moscow_suburb_small_17_79298_40857.png,masks/patches_512/moscow_suburb_small_17_79298_40857.png,1.0,"2,3,4",train
moscow_city_small_17_79225_40983,moscow_city_small,images/patches_512/moscow_city_small_17_79225_40983.png,masks/patches_512/moscow_city_small_17_79225_40983.png,0.581707,"2,3,4",train
moscow_suburb_small_17_79306_40858,moscow_suburb_small,images/patches_512/moscow_suburb_small_17_79306_40858.png,masks/patches_512/moscow_suburb_small_17_79306_40858.png,1.0,"1,2,3,4",train
moscow_suburb_small_17_79298_40843,moscow_suburb_small,images/patches_512/moscow_suburb_small_17_79298_40843.png,masks/patches_512/moscow_suburb_small_17_79298_40843.png,1.0,"1,2,3,4",train
moscow_suburb_small_17_79312_40858,moscow_suburb_small,images/patches_512/moscow_suburb_small_17_79312_40858.png,masks/patches_512/moscow_suburb_small_17_79312_40858.png,1.0,"2,3,4",train
moscow_city_small_17_79231_40983,moscow_city_small,images/patches_512/moscow_city_small_17_79231_40983.png,masks/patches_512/moscow_city_small_17_79231_40983.png,0.674507,"2,3,4",train
moscow_suburb_small_17_79312_40864,moscow_suburb_small,images/patches_512/moscow_suburb_small_17_79312_40864.png,masks/patches_512/moscow_suburb_small_17_79312_40864.png,1.0,"2,3,4",train
svo_airport_small_17_79160_40815,svo_airport_small,images/patches_512/svo_airport_small_17_79160_40815.png,masks/patches_512/svo_airport_small_17_79160_40815.png,1.0,"2,3,4",train
moscow_suburb_small_17_79312_40870,moscow_suburb_small,images/patches_512/moscow_suburb_small_17_79312_40870.png,masks/patches_512/moscow_suburb_small_17_79312_40870.png,1.0,"2,3,4",train
svo_airport_small_17_79171_40832,svo_airport_small,images/patches_512/svo_airport_small_17_79171_40832.png,masks/patches_512/svo_airport_small_17_79171_40832.png,1.0,"1,2,3,4",train
moscow_city_small_17_79220_40967,moscow_city_small,images/patches_512/moscow_city_small_17_79220_40967.png,masks/patches_512/moscow_city_small_17_79220_40967.png,0.573658,"1,2,3,4",train
moscow_city_small_17_79220_40973,moscow_city_small,images/patches_512/moscow_city_small_17_79220_40973.png,masks/patches_512/moscow_city_small_17_79220_40973.png,0.608303,"2,3,4",train
rostov_open_small_17_80197_45955,rostov_open_small,images/patches_512/rostov_open_small_17_80197_45955.png,masks/patches_512/rostov_open_small_17_80197_45955.png,1.0,"1,2",train
moscow_city_small_17_79231_40968,moscow_city_small,images/patches_512/moscow_city_small_17_79231_40968.png,masks/patches_512/moscow_city_small_17_79231_40968.png,0.761265,"1,2,3,4",train
svo_airport_small_17_79157_40843,svo_airport_small,images/patches_512/svo_airport_small_17_79157_40843.png,masks/patches_512/svo_airport_small_17_79157_40843.png,1.0,"1,2,3,4",train
svo_airport_small_17_79169_40846,svo_airport_small,images/patches_512/svo_airport_small_17_79169_40846.png,masks/patches_512/svo_airport_small_17_79169_40846.png,1.0,"2,3,4",train
moscow_city_small_17_79223_40984,moscow_city_small,images/patches_512/moscow_city_small_17_79223_40984.png,masks/patches_512/moscow_city_small_17_79223_40984.png,0.64101,"1,2,3,4",train
moscow_suburb_small_17_79311_40850,moscow_suburb_small,images/patches_512/moscow_suburb_small_17_79311_40850.png,masks/patches_512/moscow_suburb_small_17_79311_40850.png,1.0,"2,3,4",train
svo_airport_small_17_79163_40835,svo_airport_small,images/patches_512/svo_airport_small_17_79163_40835.png,masks/patches_512/svo_airport_small_17_79163_40835.png,1.0,"1,2,3,4",train
moscow_suburb_small_17_79300_40863,moscow_suburb_small,images/patches_512/moscow_suburb_small_17_79300_40863.png,masks/patches_512/moscow_suburb_small_17_79300_40863.png,1.0,"2,3,4",train
moscow_city_small_17_79232_40974,moscow_city_small,images/patches_512/moscow_city_small_17_79232_40974.png,masks/patches_512/moscow_city_small_17_79232_40974.png,0.581535,"1,2,3,4",train
svo_airport_small_17_79150_40827,svo_airport_small,images/patches_512/svo_airport_small_17_79150_40827.png,masks/patches_512/svo_airport_small_17_79150_40827.png,1.0,"1,2,3,4",train
rostov_open_small_17_80194_45975,rostov_open_small,images/patches_512/rostov_open_small_17_80194_45975.png,masks/patches_512/rostov_open_small_17_80194_45975.png,1.0,"2,3,4",train
moscow_city_small_17_79232_40964,moscow_city_small,images/patches_512/moscow_city_small_17_79232_40964.png,masks/patches_512/moscow_city_small_17_79232_40964.png,0.71574,"1,2,3,4",train
svo_airport_small_17_79150_40823,svo_airport_small,images/patches_512/svo_airport_small_17_79150_40823.png,masks/patches_512/svo_airport_small_17_79150_40823.png,1.0,"2,3,4",train
moscow_city_small_17_79232_40970,moscow_city_small,images/patches_512/moscow_city_small_17_79232_40970.png,masks/patches_512/moscow_city_small_17_79232_40970.png,0.710522,"1,2,3,4",train
moscow_city_small_17_79223_40980,moscow_city_small,images/patches_512/moscow_city_small_17_79223_40980.png,masks/patches_512/moscow_city_small_17_79223_40980.png,0.601559,"3,4",train
svo_airport_small_17_79169_40842,svo_airport_small,images/patches_512/svo_airport_small_17_79169_40842.png,masks/patches_512/svo_airport_small_17_79169_40842.png,1.0,"1,2,3,4",train
moscow_suburb_small_17_79311_40868,moscow_suburb_small,images/patches_512/moscow_suburb_small_17_79311_40868.png,masks/patches_512/moscow_suburb_small_17_79311_40868.png,1.0,"1,2,3,4",train
moscow_city_small_17_79223_40994,moscow_city_small,images/patches_512/moscow_city_small_17_79223_40994.png,masks/patches_512/moscow_city_small_17_79223_40994.png,0.935501,"1,2,3,4",train
svo_airport_small_17_79163_40825,svo_airport_small,images/patches_512/svo_airport_small_17_79163_40825.png,masks/patches_512/svo_airport_small_17_79163_40825.png,1.0,"2,3,4",train
moscow_suburb_small_17_79300_40867,moscow_suburb_small,images/patches_512/moscow_suburb_small_17_79300_40867.png,masks/patches_512/moscow_suburb_small_17_79300_40867.png,1.0,"2,3,4",train
moscow_suburb_small_17_79300_40873,moscow_suburb_small,images/patches_512/moscow_suburb_small_17_79300_40873.png,masks/patches_512/moscow_suburb_small_17_79300_40873.png,1.0,"2,3,4",train
moscow_suburb_small_17_79311_40854,moscow_suburb_small,images/patches_512/moscow_suburb_small_17_79311_40854.png,masks/patches_512/moscow_suburb_small_17_79311_40854.png,1.0,"1,2,3,4",train
moscow_city_small_17_79220_40977,moscow_city_small,images/patches_512/moscow_city_small_17_79220_40977.png,masks/patches_512/moscow_city_small_17_79220_40977.png,0.643456,"1,2,3,4",train
moscow_city_small_17_79231_40978,moscow_city_small,images/patches_512/moscow_city_small_17_79231_40978.png,masks/patches_512/moscow_city_small_17_79231_40978.png,0.986465,"1,2,3,4",train
moscow_suburb_small_17_79312_40848,moscow_suburb_small,images/patches_512/moscow_suburb_small_17_79312_40848.png,masks/patches_512/moscow_suburb_small_17_79312_40848.png,1.0,"1,2,3,4",train
moscow_city_small_17_79231_40993,moscow_city_small,images/patches_512/moscow_city_small_17_79231_40993.png,masks/patches_512/moscow_city_small_17_79231_40993.png,0.512203,"3,4",train
moscow_city_small_17_79231_40987,moscow_city_small,images/patches_512/moscow_city_small_17_79231_40987.png,masks/patches_512/moscow_city_small_17_79231_40987.png,0.57687,"2,3,4",train
moscow_city_small_17_79220_40988,moscow_city_small,images/patches_512/moscow_city_small_17_79220_40988.png,masks/patches_512/moscow_city_small_17_79220_40988.png,0.573528,"2,3,4",train
moscow_suburb_small_17_79312_40874,moscow_suburb_small,images/patches_512/moscow_suburb_small_17_79312_40874.png,masks/patches_512/moscow_suburb_small_17_79312_40874.png,1.0,"1,2,3,4",train
moscow_suburb_small_17_79303_40853,moscow_suburb_small,images/patches_512/moscow_suburb_small_17_79303_40853.png,masks/patches_512/moscow_suburb_small_17_79303_40853.png,1.0,"1,2,3,4",train
moscow_suburb_small_17_79303_40847,moscow_suburb_small,images/patches_512/moscow_suburb_small_17_79303_40847.png,masks/patches_512/moscow_suburb_small_17_79303_40847.png,1.0,"2,3,4",train
moscow_suburb_small_17_79312_40860,moscow_suburb_small,images/patches_512/moscow_suburb_small_17_79312_40860.png,masks/patches_512/moscow_suburb_small_17_79312_40860.png,1.0,"2,3,4",train
moscow_suburb_small_17_79306_40860,moscow_suburb_small,images/patches_512/moscow_suburb_small_17_79306_40860.png,masks/patches_512/moscow_suburb_small_17_79306_40860.png,1.0,"1,2,3,4",train
moscow_suburb_small_17_79317_40847,moscow_suburb_small,images/patches_512/moscow_suburb_small_17_79317_40847.png,masks/patches_512/moscow_suburb_small_17_79317_40847.png,1.0,"2,3,4",train
moscow_suburb_small_17_79317_40853,moscow_suburb_small,images/patches_512/moscow_suburb_small_17_79317_40853.png,masks/patches_512/moscow_suburb_small_17_79317_40853.png,1.0,"2,3,4",train
moscow_city_small_17_79239_40974,moscow_city_small,images/patches_512/moscow_city_small_17_79239_40974.png,masks/patches_512/moscow_city_small_17_79239_40974.png,0.449291,"1,2,3,4",train
svo_airport_small_17_79165_40836,svo_airport_small,images/patches_512/svo_airport_small_17_79165_40836.png,masks/patches_512/svo_airport_small_17_79165_40836.png,1.0,"1,2,3,4",train
moscow_suburb_small_17_79306_40874,moscow_suburb_small,images/patches_512/moscow_suburb_small_17_79306_40874.png,masks/patches_512/moscow_suburb_small_17_79306_40874.png,1.0,"2,3,4",train
moscow_city_small_17_79234_40988,moscow_city_small,images/patches_512/moscow_city_small_17_79234_40988.png,masks/patches_512/moscow_city_small_17_79234_40988.png,0.670113,"2,3,4",train
moscow_city_small_17_79225_40987,moscow_city_small,images/patches_512/moscow_city_small_17_79225_40987.png,masks/patches_512/moscow_city_small_17_79225_40987.png,0.808857,"1,2,3,4",train
moscow_city_small_17_79225_40993,moscow_city_small,images/patches_512/moscow_city_small_17_79225_40993.png,masks/patches_512/moscow_city_small_17_79225_40993.png,0.814507,"1,2,3,4",train
moscow_suburb_small_17_79295_40844,moscow_suburb_small,images/patches_512/moscow_suburb_small_17_79295_40844.png,masks/patches_512/moscow_suburb_small_17_79295_40844.png,1.0,"1,2,3,4",train
rostov_open_small_17_80192_45976,rostov_open_small,images/patches_512/rostov_open_small_17_80192_45976.png,masks/patches_512/rostov_open_small_17_80192_45976.png,1.0,"2,3,4",train
moscow_city_small_17_79225_40978,moscow_city_small,images/patches_512/moscow_city_small_17_79225_40978.png,masks/patches_512/moscow_city_small_17_79225_40978.png,0.747944,"1,2,3,4",train
moscow_city_small_17_79228_40984,moscow_city_small,images/patches_512/moscow_city_small_17_79228_40984.png,masks/patches_512/moscow_city_small_17_79228_40984.png,0.788876,"1,2,3,4",train
moscow_city_small_17_79228_40990,moscow_city_small,images/patches_512/moscow_city_small_17_79228_40990.png,masks/patches_512/moscow_city_small_17_79228_40990.png,0.6549,"2,3,4",train
moscow_suburb_small_17_79295_40850,moscow_suburb_small,images/patches_512/moscow_suburb_small_17_79295_40850.png,masks/patches_512/moscow_suburb_small_17_79295_40850.png,1.0,"2,3,4",train
moscow_suburb_small_17_79295_40878,moscow_suburb_small,images/patches_512/moscow_suburb_small_17_79295_40878.png,masks/patches_512/moscow_suburb_small_17_79295_40878.png,1.0,"2,3,4",train
svo_airport_small_17_79156_40824,svo_airport_small,images/patches_512/svo_airport_small_17_79156_40824.png,masks/patches_512/svo_airport_small_17_79156_40824.png,1.0,"2,3,4",train
moscow_city_small_17_79234_40977,moscow_city_small,images/patches_512/moscow_city_small_17_79234_40977.png,masks/patches_512/moscow_city_small_17_79234_40977.png,0.902733,"1,2,3,4",train
svo_airport_small_17_79168_40835,svo_airport_small,images/patches_512/svo_airport_small_17_79168_40835.png,masks/patches_512/svo_airport_small_17_79168_40835.png,1.0,"2,3,4",train
moscow_suburb_small_17_79305_40854,moscow_suburb_small,images/patches_512/moscow_suburb_small_17_79305_40854.png,masks/patches_512/moscow_suburb_small_17_79305_40854.png,1.0,"1,2,3,4",train
moscow_suburb_small_17_79314_40873,moscow_suburb_small,images/patches_512/moscow_suburb_small_17_79314_40873.png,masks/patches_512/moscow_suburb_small_17_79314_40873.png,1.0,"2,3,4",train
moscow_suburb_small_17_79314_40867,moscow_suburb_small,images/patches_512/moscow_suburb_small_17_79314_40867.png,masks/patches_512/moscow_suburb_small_17_79314_40867.png,1.0,"2,3,4",train
moscow_city_small_17_79237_40994,moscow_city_small,images/patches_512/moscow_city_small_17_79237_40994.png,masks/patches_512/moscow_city_small_17_79237_40994.png,0.642292,"2,3,4",train
krasnodar_fields_small_17_79656_46793,krasnodar_fields_small,images/patches_512/krasnodar_fields_small_17_79656_46793.png,masks/patches_512/krasnodar_fields_small_17_79656_46793.png,1.0,"1,2,3,4",val
moscow_city_small_17_79237_40980,moscow_city_small,images/patches_512/moscow_city_small_17_79237_40980.png,masks/patches_512/moscow_city_small_17_79237_40980.png,0.528656,"1,2,3,4",train
svo_airport_small_17_79155_40838,svo_airport_small,images/patches_512/svo_airport_small_17_79155_40838.png,masks/patches_512/svo_airport_small_17_79155_40838.png,1.0,"2,3,4",train
moscow_suburb_small_17_79296_40870,moscow_suburb_small,images/patches_512/moscow_suburb_small_17_79296_40870.png,masks/patches_512/moscow_suburb_small_17_79296_40870.png,1.0,"2,3,4",train
svo_airport_small_17_79170_40841,svo_airport_small,images/patches_512/svo_airport_small_17_79170_40841.png,masks/patches_512/svo_airport_small_17_79170_40841.png,1.0,"1,2,3,4",train
moscow_suburb_small_17_79319_40858,moscow_suburb_small,images/patches_512/moscow_suburb_small_17_79319_40858.png,masks/patches_512/moscow_suburb_small_17_79319_40858.png,1.0,"2,3,4",train
moscow_suburb_small_17_79296_40864,moscow_suburb_small,images/patches_512/moscow_suburb_small_17_79296_40864.png,masks/patches_512/moscow_suburb_small_17_79296_40864.png,1.0,"2,3,4",train
moscow_city_small_17_79226_40970,moscow_city_small,images/patches_512/moscow_city_small_17_79226_40970.png,masks/patches_512/moscow_city_small_17_79226_40970.png,0.715561,"2,3,4",train
moscow_suburb_small_17_79319_40870,moscow_suburb_small,images/patches_512/moscow_suburb_small_17_79319_40870.png,masks/patches_512/moscow_suburb_small_17_79319_40870.png,1.0,"2,3,4",train
moscow_city_small_17_79226_40964,moscow_city_small,images/patches_512/moscow_city_small_17_79226_40964.png,masks/patches_512/moscow_city_small_17_79226_40964.png,0.658833,"2,3,4",train
moscow_suburb_small_17_79319_40864,moscow_suburb_small,images/patches_512/moscow_suburb_small_17_79319_40864.png,masks/patches_512/moscow_suburb_small_17_79319_40864.png,1.0,"2,3,4",train
moscow_city_small_17_79218_40975,moscow_city_small,images/patches_512/moscow_city_small_17_79218_40975.png,masks/patches_512/moscow_city_small_17_79218_40975.png,0.566936,"1,2,3,4",train
moscow_suburb_small_17_79296_40858,moscow_suburb_small,images/patches_512/moscow_suburb_small_17_79296_40858.png,masks/patches_512/moscow_suburb_small_17_79296_40858.png,1.0,"2,3,4",train
moscow_suburb_small_17_79308_40843,moscow_suburb_small,images/patches_512/moscow_suburb_small_17_79308_40843.png,masks/patches_512/moscow_suburb_small_17_79308_40843.png,1.0,"1,2,3,4",train
karelia_forest_small_17_76725_36738,karelia_forest_small,images/patches_512/karelia_forest_small_17_76725_36738.png,masks/patches_512/karelia_forest_small_17_76725_36738.png,1.0,"1,2",test
moscow_city_small_17_79218_40974,moscow_city_small,images/patches_512/moscow_city_small_17_79218_40974.png,masks/patches_512/moscow_city_small_17_79218_40974.png,0.534966,"2,3,4",train
moscow_suburb_small_17_79319_40865,moscow_suburb_small,images/patches_512/moscow_suburb_small_17_79319_40865.png,masks/patches_512/moscow_suburb_small_17_79319_40865.png,1.0,"2,3,4",train
moscow_city_small_17_79226_40965,moscow_city_small,images/patches_512/moscow_city_small_17_79226_40965.png,masks/patches_512/moscow_city_small_17_79226_40965.png,0.741486,"2,3,4",train
moscow_suburb_small_17_79308_40842,moscow_suburb_small,images/patches_512/moscow_suburb_small_17_79308_40842.png,masks/patches_512/moscow_suburb_small_17_79308_40842.png,1.0,"1,2,3,4",train
moscow_suburb_small_17_79296_40859,moscow_suburb_small,images/patches_512/moscow_suburb_small_17_79296_40859.png,masks/patches_512/moscow_suburb_small_17_79296_40859.png,1.0,"2,3,4",train
moscow_suburb_small_17_79319_40871,moscow_suburb_small,images/patches_512/moscow_suburb_small_17_79319_40871.png,masks/patches_512/moscow_suburb_small_17_79319_40871.png,1.0,"2,3,4",train
moscow_city_small_17_79226_40971,moscow_city_small,images/patches_512/moscow_city_small_17_79226_40971.png,masks/patches_512/moscow_city_small_17_79226_40971.png,0.71347,"2,3,4",train
moscow_suburb_small_17_79319_40859,moscow_suburb_small,images/patches_512/moscow_suburb_small_17_79319_40859.png,masks/patches_512/moscow_suburb_small_17_79319_40859.png,1.0,"2,3,4",train
svo_airport_small_17_79170_40840,svo_airport_small,images/patches_512/svo_airport_small_17_79170_40840.png,masks/patches_512/svo_airport_small_17_79170_40840.png,1.0,"1,2,3,4",train
moscow_suburb_small_17_79296_40865,moscow_suburb_small,images/patches_512/moscow_suburb_small_17_79296_40865.png,masks/patches_512/moscow_suburb_small_17_79296_40865.png,1.0,"2,3,4",train
moscow_suburb_small_17_79296_40871,moscow_suburb_small,images/patches_512/moscow_suburb_small_17_79296_40871.png,masks/patches_512/moscow_suburb_small_17_79296_40871.png,1.0,"2,3,4",train
svo_airport_small_17_79155_40839,svo_airport_small,images/patches_512/svo_airport_small_17_79155_40839.png,masks/patches_512/svo_airport_small_17_79155_40839.png,1.0,"2,3,4",train
moscow_city_small_17_79237_40981,moscow_city_small,images/patches_512/moscow_city_small_17_79237_40981.png,masks/patches_512/moscow_city_small_17_79237_40981.png,0.505226,"1,2,3,4",train
moscow_suburb_small_17_79305_40869,moscow_suburb_small,images/patches_512/moscow_suburb_small_17_79305_40869.png,masks/patches_512/moscow_suburb_small_17_79305_40869.png,1.0,"2,3,4",train
moscow_city_small_17_79237_40995,moscow_city_small,images/patches_512/moscow_city_small_17_79237_40995.png,masks/patches_512/moscow_city_small_17_79237_40995.png,0.592419,"1,2,3,4",train
moscow_suburb_small_17_79314_40866,moscow_suburb_small,images/patches_512/moscow_suburb_small_17_79314_40866.png,masks/patches_512/moscow_suburb_small_17_79314_40866.png,1.0,"2,3,4",train
moscow_suburb_small_17_79305_40841,moscow_suburb_small,images/patches_512/moscow_suburb_small_17_79305_40841.png,masks/patches_512/moscow_suburb_small_17_79305_40841.png,1.0,"1,2,3,4",train
moscow_suburb_small_17_79305_40855,moscow_suburb_small,images/patches_512/moscow_suburb_small_17_79305_40855.png,masks/patches_512/moscow_suburb_small_17_79305_40855.png,1.0,"1,2,3,4",train
moscow_suburb_small_17_79314_40872,moscow_suburb_small,images/patches_512/moscow_suburb_small_17_79314_40872.png,masks/patches_512/moscow_suburb_small_17_79314_40872.png,1.0,"2,3,4",train
moscow_city_small_17_79234_40976,moscow_city_small,images/patches_512/moscow_city_small_17_79234_40976.png,masks/patches_512/moscow_city_small_17_79234_40976.png,0.722969,"1,2,3,4",train
svo_airport_small_17_79168_40834,svo_airport_small,images/patches_512/svo_airport_small_17_79168_40834.png,masks/patches_512/svo_airport_small_17_79168_40834.png,1.0,"2,3,4",train
svo_airport_small_17_79156_40825,svo_airport_small,images/patches_512/svo_airport_small_17_79156_40825.png,masks/patches_512/svo_airport_small_17_79156_40825.png,1.0,"2,3,4",train
moscow_city_small_17_79228_40991,moscow_city_small,images/patches_512/moscow_city_small_17_79228_40991.png,masks/patches_512/moscow_city_small_17_79228_40991.png,0.562126,"2,3,4",train
svo_airport_small_17_79156_40819,svo_airport_small,images/patches_512/svo_airport_small_17_79156_40819.png,masks/patches_512/svo_airport_small_17_79156_40819.png,1.0,"2,3,4",train
rostov_open_small_17_80192_45977,rostov_open_small,images/patches_512/rostov_open_small_17_80192_45977.png,masks/patches_512/rostov_open_small_17_80192_45977.png,1.0,"2,3,4",train
moscow_suburb_small_17_79295_40845,moscow_suburb_small,images/patches_512/moscow_suburb_small_17_79295_40845.png,masks/patches_512/moscow_suburb_small_17_79295_40845.png,1.0,"1,2,3,4",train
moscow_city_small_17_79228_40985,moscow_city_small,images/patches_512/moscow_city_small_17_79228_40985.png,masks/patches_512/moscow_city_small_17_79228_40985.png,0.862049,"1,2,3,4",train
moscow_city_small_17_79225_40979,moscow_city_small,images/patches_512/moscow_city_small_17_79225_40979.png,masks/patches_512/moscow_city_small_17_79225_40979.png,0.703491,"1,2,3,4",train
moscow_city_small_17_79225_40992,moscow_city_small,images/patches_512/moscow_city_small_17_79225_40992.png,masks/patches_512/moscow_city_small_17_79225_40992.png,0.835899,"1,2,3,4",train
moscow_suburb_small_17_79298_40846,moscow_suburb_small,images/patches_512/moscow_suburb_small_17_79298_40846.png,masks/patches_512/moscow_suburb_small_17_79298_40846.png,1.0,"1,2,3,4",train
moscow_city_small_17_79225_40986,moscow_city_small,images/patches_512/moscow_city_small_17_79225_40986.png,masks/patches_512/moscow_city_small_17_79225_40986.png,0.860722,"1,2,3,4",train
moscow_suburb_small_17_79317_40852,moscow_suburb_small,images/patches_512/moscow_suburb_small_17_79317_40852.png,masks/patches_512/moscow_suburb_small_17_79317_40852.png,1.0,"2,3,4",train
moscow_city_small_17_79234_40989,moscow_city_small,images/patches_512/moscow_city_small_17_79234_40989.png,masks/patches_512/moscow_city_small_17_79234_40989.png,0.669823,"2,3,4",train
moscow_city_small_17_79239_40975,moscow_city_small,images/patches_512/moscow_city_small_17_79239_40975.png,masks/patches_512/moscow_city_small_17_79239_40975.png,0.376511,"1,2,3,4",train
svo_airport_small_17_79165_40837,svo_airport_small,images/patches_512/svo_airport_small_17_79165_40837.png,masks/patches_512/svo_airport_small_17_79165_40837.png,1.0,"1,2,3,4",train
moscow_suburb_small_17_79306_40861,moscow_suburb_small,images/patches_512/moscow_suburb_small_17_79306_40861.png,masks/patches_512/moscow_suburb_small_17_79306_40861.png,1.0,"1,2,3,4",train
moscow_suburb_small_17_79317_40846,moscow_suburb_small,images/patches_512/moscow_suburb_small_17_79317_40846.png,masks/patches_512/moscow_suburb_small_17_79317_40846.png,1.0,"1,2,3,4",train
svo_airport_small_17_79171_40837,svo_airport_small,images/patches_512/svo_airport_small_17_79171_40837.png,masks/patches_512/svo_airport_small_17_79171_40837.png,1.0,"1,2,3,4",train
moscow_city_small_17_79220_40989,moscow_city_small,images/patches_512/moscow_city_small_17_79220_40989.png,masks/patches_512/moscow_city_small_17_79220_40989.png,0.582016,"2,3,4",train
moscow_suburb_small_17_79303_40852,moscow_suburb_small,images/patches_512/moscow_suburb_small_17_79303_40852.png,masks/patches_512/moscow_suburb_small_17_79303_40852.png,1.0,"1,2,3,4",train
moscow_city_small_17_79231_40986,moscow_city_small,images/patches_512/moscow_city_small_17_79231_40986.png,masks/patches_512/moscow_city_small_17_79231_40986.png,0.585945,"2,3,4",train
moscow_suburb_small_17_79312_40849,moscow_suburb_small,images/patches_512/moscow_suburb_small_17_79312_40849.png,masks/patches_512/moscow_suburb_small_17_79312_40849.png,1.0,"2,3,4",train
moscow_city_small_17_79231_40992,moscow_city_small,images/patches_512/moscow_city_small_17_79231_40992.png,masks/patches_512/moscow_city_small_17_79231_40992.png,0.4478,"3,4",train
moscow_city_small_17_79231_40979,moscow_city_small,images/patches_512/moscow_city_small_17_79231_40979.png,masks/patches_512/moscow_city_small_17_79231_40979.png,0.890003,"1,2,3,4",train
moscow_city_small_17_79220_40976,moscow_city_small,images/patches_512/moscow_city_small_17_79220_40976.png,masks/patches_512/moscow_city_small_17_79220_40976.png,0.654305,"1,2,3,4",train
moscow_suburb_small_17_79300_40872,moscow_suburb_small,images/patches_512/moscow_suburb_small_17_79300_40872.png,masks/patches_512/moscow_suburb_small_17_79300_40872.png,1.0,"2,3,4",train
moscow_suburb_small_17_79311_40855,moscow_suburb_small,images/patches_512/moscow_suburb_small_17_79311_40855.png,masks/patches_512/moscow_suburb_small_17_79311_40855.png,1.0,"2,3,4",train
moscow_suburb_small_17_79300_40866,moscow_suburb_small,images/patches_512/moscow_suburb_small_17_79300_40866.png,masks/patches_512/moscow_suburb_small_17_79300_40866.png,1.0,"2,3,4",train
svo_airport_small_17_79163_40824,svo_airport_small,images/patches_512/svo_airport_small_17_79163_40824.png,masks/patches_512/svo_airport_small_17_79163_40824.png,1.0,"2,3,4",train
moscow_city_small_17_79223_40995,moscow_city_small,images/patches_512/moscow_city_small_17_79223_40995.png,masks/patches_512/moscow_city_small_17_79223_40995.png,0.886227,"1,2,3,4",train
moscow_city_small_17_79223_40981,moscow_city_small,images/patches_512/moscow_city_small_17_79223_40981.png,masks/patches_512/moscow_city_small_17_79223_40981.png,0.666916,"2,3,4",train
krasnodar_fields_small_17_79671_46794,krasnodar_fields_small,images/patches_512/krasnodar_fields_small_17_79671_46794.png,masks/patches_512/krasnodar_fields_small_17_79671_46794.png,1.0,"1,2,3,4",val
moscow_city_small_17_79232_40971,moscow_city_small,images/patches_512/moscow_city_small_17_79232_40971.png,masks/patches_512/moscow_city_small_17_79232_40971.png,0.640057,"1,2,3,4",train
moscow_city_small_17_79232_40965,moscow_city_small,images/patches_512/moscow_city_small_17_79232_40965.png,masks/patches_512/moscow_city_small_17_79232_40965.png,0.742554,"1,2,3,4",train
moscow_city_small_17_79232_40973,moscow_city_small,images/patches_512/moscow_city_small_17_79232_40973.png,masks/patches_512/moscow_city_small_17_79232_40973.png,0.652111,"1,2,3,4",train
moscow_city_small_17_79232_40967,moscow_city_small,images/patches_512/moscow_city_small_17_79232_40967.png,masks/patches_512/moscow_city_small_17_79232_40967.png,0.791714,"1,2,3,4",train
moscow_city_small_17_79223_40968,moscow_city_small,images/patches_512/moscow_city_small_17_79223_40968.png,masks/patches_512/moscow_city_small_17_79223_40968.png,0.673729,"1,2,3,4",train
svo_airport_small_17_79157_40844,svo_airport_small,images/patches_512/svo_airport_small_17_79157_40844.png,masks/patches_512/svo_airport_small_17_79157_40844.png,1.0,"1,2,3,4",train
svo_airport_small_17_79169_40841,svo_airport_small,images/patches_512/svo_airport_small_17_79169_40841.png,masks/patches_512/svo_airport_small_17_79169_40841.png,1.0,"1,2,3,4",train
moscow_suburb_small_17_79300_40858,moscow_suburb_small,images/patches_512/moscow_suburb_small_17_79300_40858.png,masks/patches_512/moscow_suburb_small_17_79300_40858.png,1.0,"2,3,4",train
moscow_city_small_17_79223_40983,moscow_city_small,images/patches_512/moscow_city_small_17_79223_40983.png,masks/patches_512/moscow_city_small_17_79223_40983.png,0.675777,"2,3,4",train
moscow_suburb_small_17_79311_40857,moscow_suburb_small,images/patches_512/moscow_suburb_small_17_79311_40857.png,masks/patches_512/moscow_suburb_small_17_79311_40857.png,1.0,"2,3,4",train
moscow_suburb_small_17_79300_40870,moscow_suburb_small,images/patches_512/moscow_suburb_small_17_79300_40870.png,masks/patches_512/moscow_suburb_small_17_79300_40870.png,1.0,"2,3,4",train
moscow_suburb_small_17_79300_40864,moscow_suburb_small,images/patches_512/moscow_suburb_small_17_79300_40864.png,masks/patches_512/moscow_suburb_small_17_79300_40864.png,1.0,"2,3,4",train
moscow_city_small_17_79220_40974,moscow_city_small,images/patches_512/moscow_city_small_17_79220_40974.png,masks/patches_512/moscow_city_small_17_79220_40974.png,0.627281,"2,3,4",train
svo_airport_small_17_79153_40828,svo_airport_small,images/patches_512/svo_airport_small_17_79153_40828.png,masks/patches_512/svo_airport_small_17_79153_40828.png,1.0,"2,3,4",train
moscow_city_small_17_79231_40984,moscow_city_small,images/patches_512/moscow_city_small_17_79231_40984.png,masks/patches_512/moscow_city_small_17_79231_40984.png,0.678219,"2,3,4",train
moscow_city_small_17_79231_40990,moscow_city_small,images/patches_512/moscow_city_small_17_79231_40990.png,masks/patches_512/moscow_city_small_17_79231_40990.png,0.588943,"2,3,4",train
moscow_suburb_small_17_79312_40863,moscow_suburb_small,images/patches_512/moscow_suburb_small_17_79312_40863.png,masks/patches_512/moscow_suburb_small_17_79312_40863.png,1.0,"2,3,4",train
svo_airport_small_17_79165_40835,svo_airport_small,images/patches_512/svo_airport_small_17_79165_40835.png,masks/patches_512/svo_airport_small_17_79165_40835.png,1.0,"1,2,3,4",train
moscow_city_small_17_79239_40977,moscow_city_small,images/patches_512/moscow_city_small_17_79239_40977.png,masks/patches_512/moscow_city_small_17_79239_40977.png,0.537968,"1,3,4",train
moscow_suburb_small_17_79317_40850,moscow_suburb_small,images/patches_512/moscow_suburb_small_17_79317_40850.png,masks/patches_512/moscow_suburb_small_17_79317_40850.png,1.0,"2,3,4",train
moscow_suburb_small_17_79306_40863,moscow_suburb_small,images/patches_512/moscow_suburb_small_17_79306_40863.png,masks/patches_512/moscow_suburb_small_17_79306_40863.png,1.0,"2,3,4",train
moscow_city_small_17_79225_40990,moscow_city_small,images/patches_512/moscow_city_small_17_79225_40990.png,masks/patches_512/moscow_city_small_17_79225_40990.png,1.0,"1,2,3,4",train
moscow_suburb_small_17_79317_40878,moscow_suburb_small,images/patches_512/moscow_suburb_small_17_79317_40878.png,masks/patches_512/moscow_suburb_small_17_79317_40878.png,1.0,"1,2,3,4",train
moscow_city_small_17_79228_40978,moscow_city_small,images/patches_512/moscow_city_small_17_79228_40978.png,masks/patches_512/moscow_city_small_17_79228_40978.png,0.693417,"1,2,3,4",train
moscow_city_small_17_79225_40984,moscow_city_small,images/patches_512/moscow_city_small_17_79225_40984.png,masks/patches_512/moscow_city_small_17_79225_40984.png,0.675671,"1,2,3,4",train
moscow_suburb_small_17_79298_40844,moscow_suburb_small,images/patches_512/moscow_suburb_small_17_79298_40844.png,masks/patches_512/moscow_suburb_small_17_79298_40844.png,1.0,"2,3,4",train
moscow_city_small_17_79228_40993,moscow_city_small,images/patches_512/moscow_city_small_17_79228_40993.png,masks/patches_512/moscow_city_small_17_79228_40993.png,0.523914,"2,3,4",train
moscow_city_small_17_79228_40987,moscow_city_small,images/patches_512/moscow_city_small_17_79228_40987.png,masks/patches_512/moscow_city_small_17_79228_40987.png,0.663158,"2,3,4",train
moscow_suburb_small_17_79295_40847,moscow_suburb_small,images/patches_512/moscow_suburb_small_17_79295_40847.png,masks/patches_512/moscow_suburb_small_17_79295_40847.png,1.0,"2,3,4",train
rostov_open_small_17_80192_45975,rostov_open_small,images/patches_512/rostov_open_small_17_80192_45975.png,masks/patches_512/rostov_open_small_17_80192_45975.png,1.0,"2,3,4",train
svo_airport_small_17_79156_40827,svo_airport_small,images/patches_512/svo_airport_small_17_79156_40827.png,masks/patches_512/svo_airport_small_17_79156_40827.png,1.0,"2,3,4",train
svo_airport_small_17_79168_40836,svo_airport_small,images/patches_512/svo_airport_small_17_79168_40836.png,masks/patches_512/svo_airport_small_17_79168_40836.png,1.0,"2,3,4",train
moscow_city_small_17_79234_40974,moscow_city_small,images/patches_512/moscow_city_small_17_79234_40974.png,masks/patches_512/moscow_city_small_17_79234_40974.png,0.766796,"1,2,3,4",train
moscow_city_small_17_79239_40988,moscow_city_small,images/patches_512/moscow_city_small_17_79239_40988.png,masks/patches_512/moscow_city_small_17_79239_40988.png,0.552189,"1,2,3,4",train
moscow_suburb_small_17_79305_40843,moscow_suburb_small,images/patches_512/moscow_suburb_small_17_79305_40843.png,masks/patches_512/moscow_suburb_small_17_79305_40843.png,1.0,"2,3,4",train
moscow_suburb_small_17_79314_40864,moscow_suburb_small,images/patches_512/moscow_suburb_small_17_79314_40864.png,masks/patches_512/moscow_suburb_small_17_79314_40864.png,1.0,"2,3,4",train
moscow_city_small_17_79218_40989,moscow_city_small,images/patches_512/moscow_city_small_17_79218_40989.png,masks/patches_512/moscow_city_small_17_79218_40989.png,0.447964,"2,3,4",train
svo_airport_small_17_79149_40823,svo_airport_small,images/patches_512/svo_airport_small_17_79149_40823.png,masks/patches_512/svo_airport_small_17_79149_40823.png,1.0,"2,3,4",train
moscow_suburb_small_17_79314_40870,moscow_suburb_small,images/patches_512/moscow_suburb_small_17_79314_40870.png,masks/patches_512/moscow_suburb_small_17_79314_40870.png,1.0,"2,3,4",train
moscow_city_small_17_79237_40983,moscow_city_small,images/patches_512/moscow_city_small_17_79237_40983.png,masks/patches_512/moscow_city_small_17_79237_40983.png,0.579716,"2,3,4",train
moscow_suburb_small_17_79314_40858,moscow_suburb_small,images/patches_512/moscow_suburb_small_17_79314_40858.png,masks/patches_512/moscow_suburb_small_17_79314_40858.png,1.0,"2,3,4",train
svo_airport_small_17_79158_40838,svo_airport_small,images/patches_512/svo_airport_small_17_79158_40838.png,masks/patches_512/svo_airport_small_17_79158_40838.png,1.0,"2,3,4",train
moscow_suburb_small_17_79296_40867,moscow_suburb_small,images/patches_512/moscow_suburb_small_17_79296_40867.png,masks/patches_512/moscow_suburb_small_17_79296_40867.png,1.0,"2,3,4",train
svo_airport_small_17_79170_40842,svo_airport_small,images/patches_512/svo_airport_small_17_79170_40842.png,masks/patches_512/svo_airport_small_17_79170_40842.png,1.0,"1,2,3,4",train
moscow_suburb_small_17_79296_40873,moscow_suburb_small,images/patches_512/moscow_suburb_small_17_79296_40873.png,masks/patches_512/moscow_suburb_small_17_79296_40873.png,1.0,"2,3,4",train
moscow_suburb_small_17_79308_40868,moscow_suburb_small,images/patches_512/moscow_suburb_small_17_79308_40868.png,masks/patches_512/moscow_suburb_small_17_79308_40868.png,1.0,"2,3,4",train
moscow_city_small_17_79237_40968,moscow_city_small,images/patches_512/moscow_city_small_17_79237_40968.png,masks/patches_512/moscow_city_small_17_79237_40968.png,0.768669,"2,3,4",train
moscow_suburb_small_17_79308_40840,moscow_suburb_small,images/patches_512/moscow_suburb_small_17_79308_40840.png,masks/patches_512/moscow_suburb_small_17_79308_40840.png,1.0,"1,2,3,4",train
moscow_suburb_small_17_79319_40867,moscow_suburb_small,images/patches_512/moscow_suburb_small_17_79319_40867.png,masks/patches_512/moscow_suburb_small_17_79319_40867.png,1.0,"2,3,4",train
moscow_city_small_17_79226_40967,moscow_city_small,images/patches_512/moscow_city_small_17_79226_40967.png,masks/patches_512/moscow_city_small_17_79226_40967.png,0.710297,"1,2,3,4",train
moscow_city_small_17_79218_40976,moscow_city_small,images/patches_512/moscow_city_small_17_79218_40976.png,masks/patches_512/moscow_city_small_17_79218_40976.png,0.484333,"1,2,3,4",train
moscow_suburb_small_17_79319_40873,moscow_suburb_small,images/patches_512/moscow_suburb_small_17_79319_40873.png,masks/patches_512/moscow_suburb_small_17_79319_40873.png,1.0,"2,3,4",train
moscow_city_small_17_79226_40973,moscow_city_small,images/patches_512/moscow_city_small_17_79226_40973.png,masks/patches_512/moscow_city_small_17_79226_40973.png,0.743889,"2,3,4",train
moscow_suburb_small_17_79308_40854,moscow_suburb_small,images/patches_512/moscow_suburb_small_17_79308_40854.png,masks/patches_512/moscow_suburb_small_17_79308_40854.png,1.0,"1,2,3,4",train
moscow_city_small_17_79226_40972,moscow_city_small,images/patches_512/moscow_city_small_17_79226_40972.png,masks/patches_512/moscow_city_small_17_79226_40972.png,0.738506,"2,3,4",train
moscow_suburb_small_17_79319_40872,moscow_suburb_small,images/patches_512/moscow_suburb_small_17_79319_40872.png,masks/patches_512/moscow_suburb_small_17_79319_40872.png,1.0,"2,3,4",train
moscow_suburb_small_17_79308_40855,moscow_suburb_small,images/patches_512/moscow_suburb_small_17_79308_40855.png,masks/patches_512/moscow_suburb_small_17_79308_40855.png,1.0,"1,2,3,4",train
moscow_suburb_small_17_79308_40841,moscow_suburb_small,images/patches_512/moscow_suburb_small_17_79308_40841.png,masks/patches_512/moscow_suburb_small_17_79308_40841.png,1.0,"1,2,3,4",train
moscow_city_small_17_79218_40977,moscow_city_small,images/patches_512/moscow_city_small_17_79218_40977.png,masks/patches_512/moscow_city_small_17_79218_40977.png,0.536472,"1,2,3,4",train
moscow_city_small_17_79226_40966,moscow_city_small,images/patches_512/moscow_city_small_17_79226_40966.png,masks/patches_512/moscow_city_small_17_79226_40966.png,0.705124,"1,2,3,4",train
moscow_suburb_small_17_79319_40866,moscow_suburb_small,images/patches_512/moscow_suburb_small_17_79319_40866.png,masks/patches_512/moscow_suburb_small_17_79319_40866.png,1.0,"2,3,4",train
moscow_city_small_17_79237_40969,moscow_city_small,images/patches_512/moscow_city_small_17_79237_40969.png,masks/patches_512/moscow_city_small_17_79237_40969.png,0.741364,"2,3,4",train
moscow_suburb_small_17_79308_40869,moscow_suburb_small,images/patches_512/moscow_suburb_small_17_79308_40869.png,masks/patches_512/moscow_suburb_small_17_79308_40869.png,1.0,"2,3,4",train
moscow_suburb_small_17_79296_40872,moscow_suburb_small,images/patches_512/moscow_suburb_small_17_79296_40872.png,masks/patches_512/moscow_suburb_small_17_79296_40872.png,1.0,"2,3,4",train
moscow_suburb_small_17_79296_40866,moscow_suburb_small,images/patches_512/moscow_suburb_small_17_79296_40866.png,masks/patches_512/moscow_suburb_small_17_79296_40866.png,1.0,"2,3,4",train
svo_airport_small_17_79170_40843,svo_airport_small,images/patches_512/svo_airport_small_17_79170_40843.png,masks/patches_512/svo_airport_small_17_79170_40843.png,1.0,"1,2,3,4",train
moscow_city_small_17_79237_40982,moscow_city_small,images/patches_512/moscow_city_small_17_79237_40982.png,masks/patches_512/moscow_city_small_17_79237_40982.png,0.552868,"2,3,4",train
moscow_suburb_small_17_79314_40859,moscow_suburb_small,images/patches_512/moscow_suburb_small_17_79314_40859.png,masks/patches_512/moscow_suburb_small_17_79314_40859.png,1.0,"2,3,4",train
moscow_suburb_small_17_79314_40871,moscow_suburb_small,images/patches_512/moscow_suburb_small_17_79314_40871.png,masks/patches_512/moscow_suburb_small_17_79314_40871.png,1.0,"2,3,4",train
svo_airport_small_17_79149_40822,svo_airport_small,images/patches_512/svo_airport_small_17_79149_40822.png,masks/patches_512/svo_airport_small_17_79149_40822.png,1.0,"2,3,4",train
moscow_suburb_small_17_79305_40842,moscow_suburb_small,images/patches_512/moscow_suburb_small_17_79305_40842.png,masks/patches_512/moscow_suburb_small_17_79305_40842.png,1.0,"1,2,3,4",train
moscow_city_small_17_79218_40988,moscow_city_small,images/patches_512/moscow_city_small_17_79218_40988.png,masks/patches_512/moscow_city_small_17_79218_40988.png,0.397797,"2,3,4",train
moscow_suburb_small_17_79314_40865,moscow_suburb_small,images/patches_512/moscow_suburb_small_17_79314_40865.png,masks/patches_512/moscow_suburb_small_17_79314_40865.png,1.0,"2,3,4",train
moscow_city_small_17_79239_40989,moscow_city_small,images/patches_512/moscow_city_small_17_79239_40989.png,masks/patches_512/moscow_city_small_17_79239_40989.png,0.600479,"1,2,3,4",train
svo_airport_small_17_79168_40837,svo_airport_small,images/patches_512/svo_airport_small_17_79168_40837.png,masks/patches_512/svo_airport_small_17_79168_40837.png,1.0,"1,2,3,4",train
moscow_city_small_17_79234_40975,moscow_city_small,images/patches_512/moscow_city_small_17_79234_40975.png,masks/patches_512/moscow_city_small_17_79234_40975.png,0.655003,"1,2,3,4",train
svo_airport_small_17_79156_40826,svo_airport_small,images/patches_512/svo_airport_small_17_79156_40826.png,masks/patches_512/svo_airport_small_17_79156_40826.png,1.0,"2,3,4",train
moscow_city_small_17_79228_40986,moscow_city_small,images/patches_512/moscow_city_small_17_79228_40986.png,masks/patches_512/moscow_city_small_17_79228_40986.png,0.836746,"2,3,4",train
rostov_open_small_17_80192_45974,rostov_open_small,images/patches_512/rostov_open_small_17_80192_45974.png,masks/patches_512/rostov_open_small_17_80192_45974.png,1.0,"2,3,4",train
moscow_suburb_small_17_79295_40846,moscow_suburb_small,images/patches_512/moscow_suburb_small_17_79295_40846.png,masks/patches_512/moscow_suburb_small_17_79295_40846.png,1.0,"1,2,3,4",train
svo_airport_small_17_79162_40844,svo_airport_small,images/patches_512/svo_airport_small_17_79162_40844.png,masks/patches_512/svo_airport_small_17_79162_40844.png,1.0,"1,2,3,4",train
moscow_city_small_17_79228_40992,moscow_city_small,images/patches_512/moscow_city_small_17_79228_40992.png,masks/patches_512/moscow_city_small_17_79228_40992.png,0.506222,"2,3,4",train
moscow_city_small_17_79225_40985,moscow_city_small,images/patches_512/moscow_city_small_17_79225_40985.png,masks/patches_512/moscow_city_small_17_79225_40985.png,0.79068,"1,2,3,4",train
moscow_city_small_17_79228_40979,moscow_city_small,images/patches_512/moscow_city_small_17_79228_40979.png,masks/patches_512/moscow_city_small_17_79228_40979.png,0.798935,"1,2,3,4",train
moscow_suburb_small_17_79298_40845,moscow_suburb_small,images/patches_512/moscow_suburb_small_17_79298_40845.png,masks/patches_512/moscow_suburb_small_17_79298_40845.png,1.0,"1,2,3,4",train
moscow_city_small_17_79225_40991,moscow_city_small,images/patches_512/moscow_city_small_17_79225_40991.png,masks/patches_512/moscow_city_small_17_79225_40991.png,0.950314,"1,2,3,4",train
moscow_suburb_small_17_79306_40862,moscow_suburb_small,images/patches_512/moscow_suburb_small_17_79306_40862.png,masks/patches_512/moscow_suburb_small_17_79306_40862.png,1.0,"2,3,4",train
svo_airport_small_17_79165_40834,svo_airport_small,images/patches_512/svo_airport_small_17_79165_40834.png,masks/patches_512/svo_airport_small_17_79165_40834.png,1.0,"2,3,4",train
moscow_city_small_17_79239_40976,moscow_city_small,images/patches_512/moscow_city_small_17_79239_40976.png,masks/patches_512/moscow_city_small_17_79239_40976.png,0.414658,"1,2,3,4",train
moscow_suburb_small_17_79317_40851,moscow_suburb_small,images/patches_512/moscow_suburb_small_17_79317_40851.png,masks/patches_512/moscow_suburb_small_17_79317_40851.png,1.0,"2,3,4",train
moscow_suburb_small_17_79303_40851,moscow_suburb_small,images/patches_512/moscow_suburb_small_17_79303_40851.png,masks/patches_512/moscow_suburb_small_17_79303_40851.png,1.0,"1,2,3,4",train
svo_airport_small_17_79171_40834,svo_airport_small,images/patches_512/svo_airport_small_17_79171_40834.png,masks/patches_512/svo_airport_small_17_79171_40834.png,1.0,"2,3,4",train
moscow_city_small_17_79231_40991,moscow_city_small,images/patches_512/moscow_city_small_17_79231_40991.png,masks/patches_512/moscow_city_small_17_79231_40991.png,0.400642,"3,4",train
moscow_city_small_17_79231_40985,moscow_city_small,images/patches_512/moscow_city_small_17_79231_40985.png,masks/patches_512/moscow_city_small_17_79231_40985.png,0.639259,"2,3,4",train
svo_airport_small_17_79153_40829,svo_airport_small,images/patches_512/svo_airport_small_17_79153_40829.png,masks/patches_512/svo_airport_small_17_79153_40829.png,1.0,"2,4",train
moscow_city_small_17_79220_40975,moscow_city_small,images/patches_512/moscow_city_small_17_79220_40975.png,masks/patches_512/moscow_city_small_17_79220_40975.png,0.66407,"2,3,4",train
svo_airport_small_17_79153_40815,svo_airport_small,images/patches_512/svo_airport_small_17_79153_40815.png,masks/patches_512/svo_airport_small_17_79153_40815.png,1.0,"2,3,4",train
moscow_suburb_small_17_79300_40865,moscow_suburb_small,images/patches_512/moscow_suburb_small_17_79300_40865.png,masks/patches_512/moscow_suburb_small_17_79300_40865.png,1.0,"2,3,4",train
moscow_suburb_small_17_79311_40842,moscow_suburb_small,images/patches_512/moscow_suburb_small_17_79311_40842.png,masks/patches_512/moscow_suburb_small_17_79311_40842.png,1.0,"1,2,3,4",train
moscow_suburb_small_17_79311_40856,moscow_suburb_small,images/patches_512/moscow_suburb_small_17_79311_40856.png,masks/patches_512/moscow_suburb_small_17_79311_40856.png,1.0,"2,3,4",train
moscow_suburb_small_17_79300_40871,moscow_suburb_small,images/patches_512/moscow_suburb_small_17_79300_40871.png,masks/patches_512/moscow_suburb_small_17_79300_40871.png,1.0,"2,3,4",train
moscow_suburb_small_17_79300_40859,moscow_suburb_small,images/patches_512/moscow_suburb_small_17_79300_40859.png,masks/patches_512/moscow_suburb_small_17_79300_40859.png,1.0,"2,3,4",train
svo_airport_small_17_79169_40840,svo_airport_small,images/patches_512/svo_airport_small_17_79169_40840.png,masks/patches_512/svo_airport_small_17_79169_40840.png,1.0,"1,2,3,4",train
moscow_city_small_17_79223_40982,moscow_city_small,images/patches_512/moscow_city_small_17_79223_40982.png,masks/patches_512/moscow_city_small_17_79223_40982.png,0.69516,"2,3,4",train
svo_airport_small_17_79157_40845,svo_airport_small,images/patches_512/svo_airport_small_17_79157_40845.png,masks/patches_512/svo_airport_small_17_79157_40845.png,1.0,"1,2,3,4",train
rostov_open_small_17_80194_45973,rostov_open_small,images/patches_512/rostov_open_small_17_80194_45973.png,masks/patches_512/rostov_open_small_17_80194_45973.png,1.0,"1,2,3,4",train
moscow_city_small_17_79223_40969,moscow_city_small,images/patches_512/moscow_city_small_17_79223_40969.png,masks/patches_512/moscow_city_small_17_79223_40969.png,0.547302,"1,2,3,4",train
moscow_city_small_17_79232_40966,moscow_city_small,images/patches_512/moscow_city_small_17_79232_40966.png,masks/patches_512/moscow_city_small_17_79232_40966.png,0.767395,"1,2,3,4",train
moscow_city_small_17_79232_40972,moscow_city_small,images/patches_512/moscow_city_small_17_79232_40972.png,masks/patches_512/moscow_city_small_17_79232_40972.png,0.684193,"1,2,3,4",train
moscow_city_small_17_79223_40970,moscow_city_small,images/patches_512/moscow_city_small_17_79223_40970.png,masks/patches_512/moscow_city_small_17_79223_40970.png,0.508026,"1,2,3,4",train
moscow_city_small_17_79223_40964,moscow_city_small,images/patches_512/moscow_city_small_17_79223_40964.png,masks/patches_512/moscow_city_small_17_79223_40964.png,0.711525,"2,3,4",train
moscow_suburb_small_17_79300_40854,moscow_suburb_small,images/patches_512/moscow_suburb_small_17_79300_40854.png,masks/patches_512/moscow_suburb_small_17_79300_40854.png,1.0,"2,3,4",train
svo_airport_small_17_79172_40831,svo_airport_small,images/patches_512/svo_airport_small_17_79172_40831.png,masks/patches_512/svo_airport_small_17_79172_40831.png,1.0,"1,2,3,4",train
moscow_suburb_small_17_79311_40867,moscow_suburb_small,images/patches_512/moscow_suburb_small_17_79311_40867.png,masks/patches_512/moscow_suburb_small_17_79311_40867.png,1.0,"2,3,4",train
moscow_suburb_small_17_79300_40868,moscow_suburb_small,images/patches_512/moscow_suburb_small_17_79300_40868.png,masks/patches_512/moscow_suburb_small_17_79300_40868.png,1.0,"2,3,4",train
moscow_city_small_17_79232_40994,moscow_city_small,images/patches_512/moscow_city_small_17_79232_40994.png,masks/patches_512/moscow_city_small_17_79232_40994.png,0.461632,"2,3,4",train
moscow_city_small_17_79232_40980,moscow_city_small,images/patches_512/moscow_city_small_17_79232_40980.png,masks/patches_512/moscow_city_small_17_79232_40980.png,0.653149,"1,2,3,4",train
rostov_open_small_17_80197_45976,rostov_open_small,images/patches_512/rostov_open_small_17_80197_45976.png,masks/patches_512/rostov_open_small_17_80197_45976.png,1.0,"1,2,3,4",train
moscow_city_small_17_79220_40978,moscow_city_small,images/patches_512/moscow_city_small_17_79220_40978.png,masks/patches_512/moscow_city_small_17_79220_40978.png,0.640053,"1,2,3,4",train
svo_airport_small_17_79159_40843,svo_airport_small,images/patches_512/svo_airport_small_17_79159_40843.png,masks/patches_512/svo_airport_small_17_79159_40843.png,1.0,"1,2,3,4",train
svo_airport_small_17_79153_40824,svo_airport_small,images/patches_512/svo_airport_small_17_79153_40824.png,masks/patches_512/svo_airport_small_17_79153_40824.png,1.0,"2,3,4",train
moscow_city_small_17_79231_40977,moscow_city_small,images/patches_512/moscow_city_small_17_79231_40977.png,masks/patches_512/moscow_city_small_17_79231_40977.png,0.898163,"1,2,3,4",train
svo_airport_small_17_79160_40822,svo_airport_small,images/patches_512/svo_airport_small_17_79160_40822.png,masks/patches_512/svo_airport_small_17_79160_40822.png,1.0,"2,3,4",train
moscow_suburb_small_17_79303_40860,moscow_suburb_small,images/patches_512/moscow_suburb_small_17_79303_40860.png,masks/patches_512/moscow_suburb_small_17_79303_40860.png,1.0,"2,3,4",train
moscow_suburb_small_17_79312_40847,moscow_suburb_small,images/patches_512/moscow_suburb_small_17_79312_40847.png,masks/patches_512/moscow_suburb_small_17_79312_40847.png,1.0,"1,2,3,4",train
moscow_suburb_small_17_79312_40853,moscow_suburb_small,images/patches_512/moscow_suburb_small_17_79312_40853.png,masks/patches_512/moscow_suburb_small_17_79312_40853.png,1.0,"1,2,3,4",train
moscow_city_small_17_79231_40988,moscow_city_small,images/patches_512/moscow_city_small_17_79231_40988.png,masks/patches_512/moscow_city_small_17_79231_40988.png,0.620659,"2,3,4",train
moscow_city_small_17_79220_40987,moscow_city_small,images/patches_512/moscow_city_small_17_79220_40987.png,masks/patches_512/moscow_city_small_17_79220_40987.png,0.601791,"2,3,4",train
svo_airport_small_17_79171_40839,svo_airport_small,images/patches_512/svo_airport_small_17_79171_40839.png,masks/patches_512/svo_airport_small_17_79171_40839.png,1.0,"1,2,3,4",train
moscow_city_small_17_79220_40993,moscow_city_small,images/patches_512/moscow_city_small_17_79220_40993.png,masks/patches_512/moscow_city_small_17_79220_40993.png,0.534264,"1,2,3,4",train
svo_airport_small_17_79154_40840,svo_airport_small,images/patches_512/svo_airport_small_17_79154_40840.png,masks/patches_512/svo_airport_small_17_79154_40840.png,1.0,"2,3,4",train
moscow_suburb_small_17_79303_40848,moscow_suburb_small,images/patches_512/moscow_suburb_small_17_79303_40848.png,masks/patches_512/moscow_suburb_small_17_79303_40848.png,1.0,"2,3,4",train
moscow_suburb_small_17_79317_40848,moscow_suburb_small,images/patches_512/moscow_suburb_small_17_79317_40848.png,masks/patches_512/moscow_suburb_small_17_79317_40848.png,1.0,"2,3,4",train
krasnodar_fields_small_17_79655_46780,krasnodar_fields_small,images/patches_512/krasnodar_fields_small_17_79655_46780.png,masks/patches_512/krasnodar_fields_small_17_79655_46780.png,1.0,"1,2",val
moscow_suburb_small_17_79298_40874,moscow_suburb_small,images/patches_512/moscow_suburb_small_17_79298_40874.png,masks/patches_512/moscow_suburb_small_17_79298_40874.png,1.0,"2,3,4",train
moscow_city_small_17_79234_40993,moscow_city_small,images/patches_512/moscow_city_small_17_79234_40993.png,masks/patches_512/moscow_city_small_17_79234_40993.png,0.540516,"2,3,4",train
moscow_city_small_17_79234_40987,moscow_city_small,images/patches_512/moscow_city_small_17_79234_40987.png,masks/patches_512/moscow_city_small_17_79234_40987.png,0.636292,"2,3,4",train
moscow_suburb_small_17_79298_40860,moscow_suburb_small,images/patches_512/moscow_suburb_small_17_79298_40860.png,masks/patches_512/moscow_suburb_small_17_79298_40860.png,1.0,"2,3,4",train
moscow_city_small_17_79228_40974,moscow_city_small,images/patches_512/moscow_city_small_17_79228_40974.png,masks/patches_512/moscow_city_small_17_79228_40974.png,0.730209,"2,3,4",train
moscow_suburb_small_17_79317_40874,moscow_suburb_small,images/patches_512/moscow_suburb_small_17_79317_40874.png,masks/patches_512/moscow_suburb_small_17_79317_40874.png,1.0,"2,3,4",train
moscow_city_small_17_79225_40988,moscow_city_small,images/patches_512/moscow_city_small_17_79225_40988.png,masks/patches_512/moscow_city_small_17_79225_40988.png,0.870296,"1,2,3,4",train
moscow_suburb_small_17_79306_40853,moscow_suburb_small,images/patches_512/moscow_suburb_small_17_79306_40853.png,masks/patches_512/moscow_suburb_small_17_79306_40853.png,1.0,"1,2,3,4",train
moscow_suburb_small_17_79317_40860,moscow_suburb_small,images/patches_512/moscow_suburb_small_17_79317_40860.png,masks/patches_512/moscow_suburb_small_17_79317_40860.png,1.0,"2,3,4",train
moscow_city_small_17_79225_40977,moscow_city_small,images/patches_512/moscow_city_small_17_79225_40977.png,masks/patches_512/moscow_city_small_17_79225_40977.png,0.723831,"1,2,3,4",train
moscow_suburb_small_17_79295_40877,moscow_suburb_small,images/patches_512/moscow_suburb_small_17_79295_40877.png,masks/patches_512/moscow_suburb_small_17_79295_40877.png,1.0,"2,3,4",train
moscow_city_small_17_79239_40990,moscow_city_small,images/patches_512/moscow_city_small_17_79239_40990.png,masks/patches_512/moscow_city_small_17_79239_40990.png,0.41066,"1,2,3,4",train
moscow_city_small_17_79234_40978,moscow_city_small,images/patches_512/moscow_city_small_17_79234_40978.png,masks/patches_512/moscow_city_small_17_79234_40978.png,1.0,"1,3,4",train
moscow_city_small_17_79239_40984,moscow_city_small,images/patches_512/moscow_city_small_17_79239_40984.png,masks/patches_512/moscow_city_small_17_79239_40984.png,0.349461,"1,2,3,4",train
moscow_suburb_small_17_79295_40863,moscow_suburb_small,images/patches_512/moscow_suburb_small_17_79295_40863.png,masks/patches_512/moscow_suburb_small_17_79295_40863.png,1.0,"2,3,4",train
moscow_city_small_17_79226_40980,moscow_city_small,images/patches_512/moscow_city_small_17_79226_40980.png,masks/patches_512/moscow_city_small_17_79226_40980.png,0.723167,"1,2,3,4",train
moscow_city_small_17_79218_40991,moscow_city_small,images/patches_512/moscow_city_small_17_79218_40991.png,masks/patches_512/moscow_city_small_17_79218_40991.png,0.612053,"2,3,4",train
moscow_city_small_17_79218_40985,moscow_city_small,images/patches_512/moscow_city_small_17_79218_40985.png,masks/patches_512/moscow_city_small_17_79218_40985.png,0.619442,"2,3,4",train
moscow_city_small_17_79226_40994,moscow_city_small,images/patches_512/moscow_city_small_17_79226_40994.png,masks/patches_512/moscow_city_small_17_79226_40994.png,0.555756,"2,3,4",train
moscow_suburb_small_17_79314_40868,moscow_suburb_small,images/patches_512/moscow_suburb_small_17_79314_40868.png,masks/patches_512/moscow_suburb_small_17_79314_40868.png,1.0,"2,3,4",train
svo_airport_small_17_79166_40825,svo_airport_small,images/patches_512/svo_airport_small_17_79166_40825.png,masks/patches_512/svo_airport_small_17_79166_40825.png,1.0,"2,3,4",train
svo_airport_small_17_79158_40820,svo_airport_small,images/patches_512/svo_airport_small_17_79158_40820.png,masks/patches_512/svo_airport_small_17_79158_40820.png,1.0,"2,3,4",train
moscow_suburb_small_17_79305_40873,moscow_suburb_small,images/patches_512/moscow_suburb_small_17_79305_40873.png,masks/patches_512/moscow_suburb_small_17_79305_40873.png,1.0,"2,3,4",train
moscow_suburb_small_17_79314_40854,moscow_suburb_small,images/patches_512/moscow_suburb_small_17_79314_40854.png,masks/patches_512/moscow_suburb_small_17_79314_40854.png,1.0,"2,3,4",train
moscow_city_small_17_79237_40964,moscow_city_small,images/patches_512/moscow_city_small_17_79237_40964.png,masks/patches_512/moscow_city_small_17_79237_40964.png,0.717083,"2,3,4",train
moscow_suburb_small_17_79308_40864,moscow_suburb_small,images/patches_512/moscow_suburb_small_17_79308_40864.png,masks/patches_512/moscow_suburb_small_17_79308_40864.png,1.0,"1,2,3,4",train
rostov_open_small_17_80191_45959,rostov_open_small,images/patches_512/rostov_open_small_17_80191_45959.png,masks/patches_512/rostov_open_small_17_80191_45959.png,1.0,"1,2,4",train
svo_airport_small_17_79155_40823,svo_airport_small,images/patches_512/svo_airport_small_17_79155_40823.png,masks/patches_512/svo_airport_small_17_79155_40823.png,1.0,"1,2,3,4",train
moscow_city_small_17_79237_40970,moscow_city_small,images/patches_512/moscow_city_small_17_79237_40970.png,masks/patches_512/moscow_city_small_17_79237_40970.png,0.694546,"2,3,4",train
moscow_suburb_small_17_79308_40870,moscow_suburb_small,images/patches_512/moscow_suburb_small_17_79308_40870.png,masks/patches_512/moscow_suburb_small_17_79308_40870.png,1.0,"2,3,4",train
moscow_suburb_small_17_79319_40857,moscow_suburb_small,images/patches_512/moscow_suburb_small_17_79319_40857.png,masks/patches_512/moscow_suburb_small_17_79319_40857.png,1.0,"2,3,4",train
moscow_suburb_small_17_79296_40843,moscow_suburb_small,images/patches_512/moscow_suburb_small_17_79296_40843.png,masks/patches_512/moscow_suburb_small_17_79296_40843.png,1.0,"1,2,3,4",train
moscow_suburb_small_17_79296_40857,moscow_suburb_small,images/patches_512/moscow_suburb_small_17_79296_40857.png,masks/patches_512/moscow_suburb_small_17_79296_40857.png,1.0,"2,3,4",train
moscow_suburb_small_17_79296_40856,moscow_suburb_small,images/patches_512/moscow_suburb_small_17_79296_40856.png,masks/patches_512/moscow_suburb_small_17_79296_40856.png,1.0,"2,3,4",train
moscow_suburb_small_17_79308_40859,moscow_suburb_small,images/patches_512/moscow_suburb_small_17_79308_40859.png,masks/patches_512/moscow_suburb_small_17_79308_40859.png,1.0,"2,3,4",train
moscow_suburb_small_17_79296_40842,moscow_suburb_small,images/patches_512/moscow_suburb_small_17_79296_40842.png,masks/patches_512/moscow_suburb_small_17_79296_40842.png,1.0,"1,2,3,4",train
moscow_suburb_small_17_79308_40871,moscow_suburb_small,images/patches_512/moscow_suburb_small_17_79308_40871.png,masks/patches_512/moscow_suburb_small_17_79308_40871.png,1.0,"2,3,4",train
moscow_city_small_17_79237_40971,moscow_city_small,images/patches_512/moscow_city_small_17_79237_40971.png,masks/patches_512/moscow_city_small_17_79237_40971.png,0.744232,"2,3,4",train
svo_airport_small_17_79155_40822,svo_airport_small,images/patches_512/svo_airport_small_17_79155_40822.png,masks/patches_512/svo_airport_small_17_79155_40822.png,1.0,"1,2,3,4",train
rostov_open_small_17_80191_45958,rostov_open_small,images/patches_512/rostov_open_small_17_80191_45958.png,masks/patches_512/rostov_open_small_17_80191_45958.png,1.0,"1,2,4",train
moscow_suburb_small_17_79319_40856,moscow_suburb_small,images/patches_512/moscow_suburb_small_17_79319_40856.png,masks/patches_512/moscow_suburb_small_17_79319_40856.png,1.0,"2,3,4",train
moscow_suburb_small_17_79319_40842,moscow_suburb_small,images/patches_512/moscow_suburb_small_17_79319_40842.png,masks/patches_512/moscow_suburb_small_17_79319_40842.png,1.0,"1,2,3,4",train
moscow_suburb_small_17_79308_40865,moscow_suburb_small,images/patches_512/moscow_suburb_small_17_79308_40865.png,masks/patches_512/moscow_suburb_small_17_79308_40865.png,1.0,"1,2,3,4",train
moscow_city_small_17_79237_40965,moscow_city_small,images/patches_512/moscow_city_small_17_79237_40965.png,masks/patches_512/moscow_city_small_17_79237_40965.png,0.761604,"2,3,4",train
moscow_suburb_small_17_79305_40872,moscow_suburb_small,images/patches_512/moscow_suburb_small_17_79305_40872.png,masks/patches_512/moscow_suburb_small_17_79305_40872.png,1.0,"2,3,4",train
svo_airport_small_17_79158_40821,svo_airport_small,images/patches_512/svo_airport_small_17_79158_40821.png,masks/patches_512/svo_airport_small_17_79158_40821.png,1.0,"2,3,4",train
moscow_suburb_small_17_79314_40855,moscow_suburb_small,images/patches_512/moscow_suburb_small_17_79314_40855.png,masks/patches_512/moscow_suburb_small_17_79314_40855.png,1.0,"2,3,4",train
moscow_suburb_small_17_79314_40841,moscow_suburb_small,images/patches_512/moscow_suburb_small_17_79314_40841.png,masks/patches_512/moscow_suburb_small_17_79314_40841.png,1.0,"1,2,3,4",train
moscow_suburb_small_17_79305_40866,moscow_suburb_small,images/patches_512/moscow_suburb_small_17_79305_40866.png,masks/patches_512/moscow_suburb_small_17_79305_40866.png,1.0,"2,3,4",train
moscow_suburb_small_17_79314_40869,moscow_suburb_small,images/patches_512/moscow_suburb_small_17_79314_40869.png,masks/patches_512/moscow_suburb_small_17_79314_40869.png,1.0,"2,3,4",train
moscow_city_small_17_79226_40995,moscow_city_small,images/patches_512/moscow_city_small_17_79226_40995.png,masks/patches_512/moscow_city_small_17_79226_40995.png,0.483475,"2,3,4",train
moscow_city_small_17_79218_40984,moscow_city_small,images/patches_512/moscow_city_small_17_79218_40984.png,masks/patches_512/moscow_city_small_17_79218_40984.png,0.55888,"2,3,4",train
moscow_city_small_17_79218_40990,moscow_city_small,images/patches_512/moscow_city_small_17_79218_40990.png,masks/patches_512/moscow_city_small_17_79218_40990.png,0.627777,"2,3,4",train
moscow_city_small_17_79226_40981,moscow_city_small,images/patches_512/moscow_city_small_17_79226_40981.png,masks/patches_512/moscow_city_small_17_79226_40981.png,0.665611,"1,2,3,4",train
moscow_suburb_small_17_79295_40862,moscow_suburb_small,images/patches_512/moscow_suburb_small_17_79295_40862.png,masks/patches_512/moscow_suburb_small_17_79295_40862.png,1.0,"2,3,4",train
moscow_city_small_17_79239_40985,moscow_city_small,images/patches_512/moscow_city_small_17_79239_40985.png,masks/patches_512/moscow_city_small_17_79239_40985.png,0.379833,"1,2,3,4",train
moscow_city_small_17_79234_40979,moscow_city_small,images/patches_512/moscow_city_small_17_79234_40979.png,masks/patches_512/moscow_city_small_17_79234_40979.png,0.892311,"1,3,4",train
moscow_city_small_17_79239_40991,moscow_city_small,images/patches_512/moscow_city_small_17_79239_40991.png,masks/patches_512/moscow_city_small_17_79239_40991.png,0.329395,"2,3,4",train
moscow_suburb_small_17_79295_40876,moscow_suburb_small,images/patches_512/moscow_suburb_small_17_79295_40876.png,masks/patches_512/moscow_suburb_small_17_79295_40876.png,1.0,"2,3,4",train
moscow_city_small_17_79225_40976,moscow_city_small,images/patches_512/moscow_city_small_17_79225_40976.png,masks/patches_512/moscow_city_small_17_79225_40976.png,0.705441,"1,2,3,4",train
moscow_suburb_small_17_79317_40861,moscow_suburb_small,images/patches_512/moscow_suburb_small_17_79317_40861.png,masks/patches_512/moscow_suburb_small_17_79317_40861.png,1.0,"2,3,4",train
moscow_city_small_17_79225_40989,moscow_city_small,images/patches_512/moscow_city_small_17_79225_40989.png,masks/patches_512/moscow_city_small_17_79225_40989.png,0.994526,"1,2,3,4",train
moscow_suburb_small_17_79317_40875,moscow_suburb_small,images/patches_512/moscow_suburb_small_17_79317_40875.png,masks/patches_512/moscow_suburb_small_17_79317_40875.png,1.0,"2,3,4",train
moscow_city_small_17_79228_40975,moscow_city_small,images/patches_512/moscow_city_small_17_79228_40975.png,masks/patches_512/moscow_city_small_17_79228_40975.png,0.664726,"2,3,4",train
moscow_suburb_small_17_79306_40852,moscow_suburb_small,images/patches_512/moscow_suburb_small_17_79306_40852.png,masks/patches_512/moscow_suburb_small_17_79306_40852.png,1.0,"1,2,3,4",train
moscow_suburb_small_17_79298_40861,moscow_suburb_small,images/patches_512/moscow_suburb_small_17_79298_40861.png,masks/patches_512/moscow_suburb_small_17_79298_40861.png,1.0,"2,3,4",train
moscow_city_small_17_79234_40986,moscow_city_small,images/patches_512/moscow_city_small_17_79234_40986.png,masks/patches_512/moscow_city_small_17_79234_40986.png,0.642506,"3,4",train
svo_airport_small_17_79165_40838,svo_airport_small,images/patches_512/svo_airport_small_17_79165_40838.png,masks/patches_512/svo_airport_small_17_79165_40838.png,1.0,"1,2,3,4",train
moscow_suburb_small_17_79317_40849,moscow_suburb_small,images/patches_512/moscow_suburb_small_17_79317_40849.png,masks/patches_512/moscow_suburb_small_17_79317_40849.png,1.0,"2,3,4",train
moscow_city_small_17_79234_40992,moscow_city_small,images/patches_512/moscow_city_small_17_79234_40992.png,masks/patches_512/moscow_city_small_17_79234_40992.png,0.534683,"2,3,4",train
moscow_suburb_small_17_79298_40875,moscow_suburb_small,images/patches_512/moscow_suburb_small_17_79298_40875.png,masks/patches_512/moscow_suburb_small_17_79298_40875.png,1.0,"2,3,4",train
moscow_city_small_17_79220_40992,moscow_city_small,images/patches_512/moscow_city_small_17_79220_40992.png,masks/patches_512/moscow_city_small_17_79220_40992.png,0.592621,"1,2,3,4",train
svo_airport_small_17_79171_40838,svo_airport_small,images/patches_512/svo_airport_small_17_79171_40838.png,masks/patches_512/svo_airport_small_17_79171_40838.png,1.0,"1,2,3,4",train
moscow_city_small_17_79220_40986,moscow_city_small,images/patches_512/moscow_city_small_17_79220_40986.png,masks/patches_512/moscow_city_small_17_79220_40986.png,0.669327,"2,3,4",train
moscow_suburb_small_17_79312_40852,moscow_suburb_small,images/patches_512/moscow_suburb_small_17_79312_40852.png,masks/patches_512/moscow_suburb_small_17_79312_40852.png,1.0,"1,2,3,4",train
moscow_suburb_small_17_79303_40875,moscow_suburb_small,images/patches_512/moscow_suburb_small_17_79303_40875.png,masks/patches_512/moscow_suburb_small_17_79303_40875.png,1.0,"2,3,4",train
moscow_city_small_17_79231_40989,moscow_city_small,images/patches_512/moscow_city_small_17_79231_40989.png,masks/patches_512/moscow_city_small_17_79231_40989.png,0.7061,"2,3,4",train
moscow_suburb_small_17_79303_40861,moscow_suburb_small,images/patches_512/moscow_suburb_small_17_79303_40861.png,masks/patches_512/moscow_suburb_small_17_79303_40861.png,1.0,"2,3,4",train
svo_airport_small_17_79160_40823,svo_airport_small,images/patches_512/svo_airport_small_17_79160_40823.png,masks/patches_512/svo_airport_small_17_79160_40823.png,1.0,"2,3,4",train
moscow_city_small_17_79231_40976,moscow_city_small,images/patches_512/moscow_city_small_17_79231_40976.png,masks/patches_512/moscow_city_small_17_79231_40976.png,0.698639,"1,2,3,4",train
svo_airport_small_17_79153_40825,svo_airport_small,images/patches_512/svo_airport_small_17_79153_40825.png,masks/patches_512/svo_airport_small_17_79153_40825.png,1.0,"2,3,4",train
krasnodar_fields_small_17_79672_46793,krasnodar_fields_small,images/patches_512/krasnodar_fields_small_17_79672_46793.png,masks/patches_512/krasnodar_fields_small_17_79672_46793.png,1.0,"2,3,4",val
svo_airport_small_17_79159_40842,svo_airport_small,images/patches_512/svo_airport_small_17_79159_40842.png,masks/patches_512/svo_airport_small_17_79159_40842.png,1.0,"2,3,4",train
moscow_city_small_17_79220_40979,moscow_city_small,images/patches_512/moscow_city_small_17_79220_40979.png,masks/patches_512/moscow_city_small_17_79220_40979.png,0.628513,"1,2,3,4",train
moscow_city_small_17_79232_40981,moscow_city_small,images/patches_512/moscow_city_small_17_79232_40981.png,masks/patches_512/moscow_city_small_17_79232_40981.png,0.651432,"1,2,3,4",train
moscow_city_small_17_79232_40995,moscow_city_small,images/patches_512/moscow_city_small_17_79232_40995.png,masks/patches_512/moscow_city_small_17_79232_40995.png,0.533028,"3,4",train
moscow_suburb_small_17_79300_40869,moscow_suburb_small,images/patches_512/moscow_suburb_small_17_79300_40869.png,masks/patches_512/moscow_suburb_small_17_79300_40869.png,1.0,"2,3,4",train
moscow_suburb_small_17_79311_40866,moscow_suburb_small,images/patches_512/moscow_suburb_small_17_79311_40866.png,masks/patches_512/moscow_suburb_small_17_79311_40866.png,1.0,"2,3,4",train
moscow_suburb_small_17_79300_40841,moscow_suburb_small,images/patches_512/moscow_suburb_small_17_79300_40841.png,masks/patches_512/moscow_suburb_small_17_79300_40841.png,1.0,"1,2,3,4",train
moscow_suburb_small_17_79300_40855,moscow_suburb_small,images/patches_512/moscow_suburb_small_17_79300_40855.png,masks/patches_512/moscow_suburb_small_17_79300_40855.png,1.0,"2,3,4",train
moscow_suburb_small_17_79311_40872,moscow_suburb_small,images/patches_512/moscow_suburb_small_17_79311_40872.png,masks/patches_512/moscow_suburb_small_17_79311_40872.png,1.0,"1,2,3,4",train
moscow_city_small_17_79223_40965,moscow_city_small,images/patches_512/moscow_city_small_17_79223_40965.png,masks/patches_512/moscow_city_small_17_79223_40965.png,0.764969,"1,2,3,4",train
moscow_city_small_17_79223_40971,moscow_city_small,images/patches_512/moscow_city_small_17_79223_40971.png,masks/patches_512/moscow_city_small_17_79223_40971.png,0.544117,"1,2,3,4",train
moscow_city_small_17_79232_40968,moscow_city_small,images/patches_512/moscow_city_small_17_79232_40968.png,masks/patches_512/moscow_city_small_17_79232_40968.png,0.755352,"1,2,3,4",train
moscow_city_small_17_79223_40967,moscow_city_small,images/patches_512/moscow_city_small_17_79223_40967.png,masks/patches_512/moscow_city_small_17_79223_40967.png,0.719891,"1,2,3,4",train
moscow_city_small_17_79223_40973,moscow_city_small,images/patches_512/moscow_city_small_17_79223_40973.png,masks/patches_512/moscow_city_small_17_79223_40973.png,0.660297,"1,2,3,4",train
moscow_suburb_small_17_79300_40843,moscow_suburb_small,images/patches_512/moscow_suburb_small_17_79300_40843.png,masks/patches_512/moscow_suburb_small_17_79300_40843.png,1.0,"1,2,3,4",train
moscow_suburb_small_17_79311_40864,moscow_suburb_small,images/patches_512/moscow_suburb_small_17_79311_40864.png,masks/patches_512/moscow_suburb_small_17_79311_40864.png,1.0,"2,3,4",train
svo_airport_small_17_79172_40832,svo_airport_small,images/patches_512/svo_airport_small_17_79172_40832.png,masks/patches_512/svo_airport_small_17_79172_40832.png,1.0,"1,2,3,4",train
moscow_suburb_small_17_79300_40857,moscow_suburb_small,images/patches_512/moscow_suburb_small_17_79300_40857.png,masks/patches_512/moscow_suburb_small_17_79300_40857.png,1.0,"2,3,4",train
moscow_city_small_17_79232_40983,moscow_city_small,images/patches_512/moscow_city_small_17_79232_40983.png,masks/patches_512/moscow_city_small_17_79232_40983.png,0.634319,"2,3,4",train
moscow_suburb_small_17_79311_40858,moscow_suburb_small,images/patches_512/moscow_suburb_small_17_79311_40858.png,masks/patches_512/moscow_suburb_small_17_79311_40858.png,1.0,"2,3,4",train
krasnodar_fields_small_17_79653_46784,krasnodar_fields_small,images/patches_512/krasnodar_fields_small_17_79653_46784.png,masks/patches_512/krasnodar_fields_small_17_79653_46784.png,1.0,"1,2",val
svo_airport_small_17_79153_40827,svo_airport_small,images/patches_512/svo_airport_small_17_79153_40827.png,masks/patches_512/svo_airport_small_17_79153_40827.png,1.0,"2,3,4",train
moscow_city_small_17_79231_40974,moscow_city_small,images/patches_512/moscow_city_small_17_79231_40974.png,masks/patches_512/moscow_city_small_17_79231_40974.png,0.646355,"1,2,3,4",train
moscow_suburb_small_17_79312_40850,moscow_suburb_small,images/patches_512/moscow_suburb_small_17_79312_40850.png,masks/patches_512/moscow_suburb_small_17_79312_40850.png,1.0,"2,3,4",train
moscow_suburb_small_17_79312_40844,moscow_suburb_small,images/patches_512/moscow_suburb_small_17_79312_40844.png,masks/patches_512/moscow_suburb_small_17_79312_40844.png,1.0,"1,2,3,4",train
moscow_suburb_small_17_79303_40863,moscow_suburb_small,images/patches_512/moscow_suburb_small_17_79303_40863.png,masks/patches_512/moscow_suburb_small_17_79303_40863.png,1.0,"2,3,4",train
svo_airport_small_17_79160_40821,svo_airport_small,images/patches_512/svo_airport_small_17_79160_40821.png,masks/patches_512/svo_airport_small_17_79160_40821.png,1.0,"2,3,4",train
moscow_city_small_17_79220_40990,moscow_city_small,images/patches_512/moscow_city_small_17_79220_40990.png,masks/patches_512/moscow_city_small_17_79220_40990.png,0.592148,"2,3,4",train
moscow_city_small_17_79220_40984,moscow_city_small,images/patches_512/moscow_city_small_17_79220_40984.png,masks/patches_512/moscow_city_small_17_79220_40984.png,0.551838,"2,3,4",train
moscow_city_small_17_79239_40978,moscow_city_small,images/patches_512/moscow_city_small_17_79239_40978.png,masks/patches_512/moscow_city_small_17_79239_40978.png,0.716534,"1,3,4",train
moscow_city_small_17_79234_40984,moscow_city_small,images/patches_512/moscow_city_small_17_79234_40984.png,masks/patches_512/moscow_city_small_17_79234_40984.png,0.603142,"2,3,4",train
moscow_suburb_small_17_79298_40863,moscow_suburb_small,images/patches_512/moscow_suburb_small_17_79298_40863.png,masks/patches_512/moscow_suburb_small_17_79298_40863.png,1.0,"2,3,4",train
moscow_city_small_17_79234_40990,moscow_city_small,images/patches_512/moscow_city_small_17_79234_40990.png,masks/patches_512/moscow_city_small_17_79234_40990.png,0.593754,"2,3,4",train
moscow_suburb_small_17_79317_40863,moscow_suburb_small,images/patches_512/moscow_suburb_small_17_79317_40863.png,masks/patches_512/moscow_suburb_small_17_79317_40863.png,1.0,"2,3,4",train
moscow_suburb_small_17_79306_40844,moscow_suburb_small,images/patches_512/moscow_suburb_small_17_79306_40844.png,masks/patches_512/moscow_suburb_small_17_79306_40844.png,1.0,"2,3,4",train
moscow_suburb_small_17_79317_40877,moscow_suburb_small,images/patches_512/moscow_suburb_small_17_79317_40877.png,masks/patches_512/moscow_suburb_small_17_79317_40877.png,1.0,"2,3,4",train
moscow_city_small_17_79228_40977,moscow_city_small,images/patches_512/moscow_city_small_17_79228_40977.png,masks/patches_512/moscow_city_small_17_79228_40977.png,0.65741,"2,3,4",train
moscow_suburb_small_17_79295_40848,moscow_suburb_small,images/patches_512/moscow_suburb_small_17_79295_40848.png,masks/patches_512/moscow_suburb_small_17_79295_40848.png,1.0,"2,3,4",train
moscow_city_small_17_79225_40974,moscow_city_small,images/patches_512/moscow_city_small_17_79225_40974.png,masks/patches_512/moscow_city_small_17_79225_40974.png,0.678501,"1,2,3,4",train
moscow_city_small_17_79228_40988,moscow_city_small,images/patches_512/moscow_city_small_17_79228_40988.png,masks/patches_512/moscow_city_small_17_79228_40988.png,0.5826,"2,3,4",train
svo_airport_small_17_79173_40845,svo_airport_small,images/patches_512/svo_airport_small_17_79173_40845.png,masks/patches_512/svo_airport_small_17_79173_40845.png,1.0,"2,3,4",train
svo_airport_small_17_79168_40839,svo_airport_small,images/patches_512/svo_airport_small_17_79168_40839.png,masks/patches_512/svo_airport_small_17_79168_40839.png,1.0,"1,2,3,4",train
moscow_city_small_17_79239_40987,moscow_city_small,images/patches_512/moscow_city_small_17_79239_40987.png,masks/patches_512/moscow_city_small_17_79239_40987.png,0.408688,"1,2,3,4",train
moscow_suburb_small_17_79295_40860,moscow_suburb_small,images/patches_512/moscow_suburb_small_17_79295_40860.png,masks/patches_512/moscow_suburb_small_17_79295_40860.png,1.0,"2,3,4",train
svo_airport_small_17_79156_40828,svo_airport_small,images/patches_512/svo_airport_small_17_79156_40828.png,masks/patches_512/svo_airport_small_17_79156_40828.png,1.0,"2,3,4",train
moscow_suburb_small_17_79295_40874,moscow_suburb_small,images/patches_512/moscow_suburb_small_17_79295_40874.png,masks/patches_512/moscow_suburb_small_17_79295_40874.png,1.0,"2,3,4",train
moscow_city_small_17_79239_40993,moscow_city_small,images/patches_512/moscow_city_small_17_79239_40993.png,masks/patches_512/moscow_city_small_17_79239_40993.png,0.414173,"2,3,4",train
moscow_city_small_17_79218_40986,moscow_city_small,images/patches_512/moscow_city_small_17_79218_40986.png,masks/patches_512/moscow_city_small_17_79218_40986.png,0.493984,"2,3,4",train
svo_airport_small_17_79152_40844,svo_airport_small,images/patches_512/svo_airport_small_17_79152_40844.png,masks/patches_512/svo_airport_small_17_79152_40844.png,1.0,"1,2,3,4",train
moscow_city_small_17_79226_40983,moscow_city_small,images/patches_512/moscow_city_small_17_79226_40983.png,masks/patches_512/moscow_city_small_17_79226_40983.png,0.667545,"1,2,3,4",train
moscow_city_small_17_79218_40992,moscow_city_small,images/patches_512/moscow_city_small_17_79218_40992.png,masks/patches_512/moscow_city_small_17_79218_40992.png,0.468475,"2,3,4",train
moscow_suburb_small_17_79314_40857,moscow_suburb_small,images/patches_512/moscow_suburb_small_17_79314_40857.png,masks/patches_512/moscow_suburb_small_17_79314_40857.png,1.0,"2,3,4",train
svo_airport_small_17_79158_40823,svo_airport_small,images/patches_512/svo_airport_small_17_79158_40823.png,masks/patches_512/svo_airport_small_17_79158_40823.png,1.0,"1,2,3,4",train
moscow_suburb_small_17_79305_40870,moscow_suburb_small,images/patches_512/moscow_suburb_small_17_79305_40870.png,masks/patches_512/moscow_suburb_small_17_79305_40870.png,1.0,"2,3,4",train
moscow_suburb_small_17_79305_40864,moscow_suburb_small,images/patches_512/moscow_suburb_small_17_79305_40864.png,masks/patches_512/moscow_suburb_small_17_79305_40864.png,1.0,"2,3,4",train
svo_airport_small_17_79158_40837,svo_airport_small,images/patches_512/svo_airport_small_17_79158_40837.png,masks/patches_512/svo_airport_small_17_79158_40837.png,1.0,"2,3,4",train
moscow_suburb_small_17_79314_40843,moscow_suburb_small,images/patches_512/moscow_suburb_small_17_79314_40843.png,masks/patches_512/moscow_suburb_small_17_79314_40843.png,1.0,"2,3,4",train
moscow_suburb_small_17_79319_40854,moscow_suburb_small,images/patches_512/moscow_suburb_small_17_79319_40854.png,masks/patches_512/moscow_suburb_small_17_79319_40854.png,1.0,"2,3,4",train
svo_airport_small_17_79155_40820,svo_airport_small,images/patches_512/svo_airport_small_17_79155_40820.png,masks/patches_512/svo_airport_small_17_79155_40820.png,1.0,"2,3,4",train
moscow_suburb_small_17_79296_40868,moscow_suburb_small,images/patches_512/moscow_suburb_small_17_79296_40868.png,masks/patches_512/moscow_suburb_small_17_79296_40868.png,1.0,"2,3,4",train
moscow_suburb_small_17_79308_40873,moscow_suburb_small,images/patches_512/moscow_suburb_small_17_79308_40873.png,masks/patches_512/moscow_suburb_small_17_79308_40873.png,1.0,"2,3,4",train
moscow_city_small_17_79237_40973,moscow_city_small,images/patches_512/moscow_city_small_17_79237_40973.png,masks/patches_512/moscow_city_small_17_79237_40973.png,0.748711,"2,3,4",train
moscow_suburb_small_17_79308_40867,moscow_suburb_small,images/patches_512/moscow_suburb_small_17_79308_40867.png,masks/patches_512/moscow_suburb_small_17_79308_40867.png,1.0,"1,2,3,4",train
moscow_city_small_17_79237_40967,moscow_city_small,images/patches_512/moscow_city_small_17_79237_40967.png,masks/patches_512/moscow_city_small_17_79237_40967.png,0.758106,"2,3,4",train
krasnodar_fields_small_17_79665_46799,krasnodar_fields_small,images/patches_512/krasnodar_fields_small_17_79665_46799.png,masks/patches_512/krasnodar_fields_small_17_79665_46799.png,1.0,"1,2",val
moscow_city_small_17_79218_40979,moscow_city_small,images/patches_512/moscow_city_small_17_79218_40979.png,masks/patches_512/moscow_city_small_17_79218_40979.png,0.458935,"2,3,4",train
moscow_suburb_small_17_79319_40868,moscow_suburb_small,images/patches_512/moscow_suburb_small_17_79319_40868.png,masks/patches_512/moscow_suburb_small_17_79319_40868.png,1.0,"2,3,4",train
moscow_city_small_17_79226_40968,moscow_city_small,images/patches_512/moscow_city_small_17_79226_40968.png,masks/patches_512/moscow_city_small_17_79226_40968.png,0.753986,"2,3,4",train
moscow_suburb_small_17_79296_40841,moscow_suburb_small,images/patches_512/moscow_suburb_small_17_79296_40841.png,masks/patches_512/moscow_suburb_small_17_79296_40841.png,1.0,"2,3,4",train
svo_airport_small_17_79161_40843,svo_airport_small,images/patches_512/svo_airport_small_17_79161_40843.png,masks/patches_512/svo_airport_small_17_79161_40843.png,1.0,"2,3,4",train
moscow_city_small_17_79226_40969,moscow_city_small,images/patches_512/moscow_city_small_17_79226_40969.png,masks/patches_512/moscow_city_small_17_79226_40969.png,0.736462,"2,3,4",train
moscow_suburb_small_17_79319_40869,moscow_suburb_small,images/patches_512/moscow_suburb_small_17_79319_40869.png,masks/patches_512/moscow_suburb_small_17_79319_40869.png,1.0,"2,3,4",train
moscow_city_small_17_79218_40978,moscow_city_small,images/patches_512/moscow_city_small_17_79218_40978.png,masks/patches_512/moscow_city_small_17_79218_40978.png,0.52634,"2,3,4",train
moscow_city_small_17_79237_40966,moscow_city_small,images/patches_512/moscow_city_small_17_79237_40966.png,masks/patches_512/moscow_city_small_17_79237_40966.png,0.775234,"2,3,4",train
moscow_suburb_small_17_79308_40866,moscow_suburb_small,images/patches_512/moscow_suburb_small_17_79308_40866.png,masks/patches_512/moscow_suburb_small_17_79308_40866.png,1.0,"1,2,3,4",train
moscow_suburb_small_17_79319_40841,moscow_suburb_small,images/patches_512/moscow_suburb_small_17_79319_40841.png,masks/patches_512/moscow_suburb_small_17_79319_40841.png,1.0,"2,3,4",train
moscow_suburb_small_17_79319_40855,moscow_suburb_small,images/patches_512/moscow_suburb_small_17_79319_40855.png,masks/patches_512/moscow_suburb_small_17_79319_40855.png,1.0,"2,3,4",train
moscow_city_small_17_79237_40972,moscow_city_small,images/patches_512/moscow_city_small_17_79237_40972.png,masks/patches_512/moscow_city_small_17_79237_40972.png,0.790146,"2,3,4",train
moscow_suburb_small_17_79308_40872,moscow_suburb_small,images/patches_512/moscow_suburb_small_17_79308_40872.png,masks/patches_512/moscow_suburb_small_17_79308_40872.png,1.0,"2,3,4",train
moscow_suburb_small_17_79296_40869,moscow_suburb_small,images/patches_512/moscow_suburb_small_17_79296_40869.png,masks/patches_512/moscow_suburb_small_17_79296_40869.png,1.0,"2,3,4",train
svo_airport_small_17_79155_40821,svo_airport_small,images/patches_512/svo_airport_small_17_79155_40821.png,masks/patches_512/svo_airport_small_17_79155_40821.png,1.0,"2,3,4",train
svo_airport_small_17_79158_40836,svo_airport_small,images/patches_512/svo_airport_small_17_79158_40836.png,masks/patches_512/svo_airport_small_17_79158_40836.png,1.0,"2,3,4",train
moscow_suburb_small_17_79305_40865,moscow_suburb_small,images/patches_512/moscow_suburb_small_17_79305_40865.png,masks/patches_512/moscow_suburb_small_17_79305_40865.png,1.0,"2,3,4",train
moscow_suburb_small_17_79314_40842,moscow_suburb_small,images/patches_512/moscow_suburb_small_17_79314_40842.png,masks/patches_512/moscow_suburb_small_17_79314_40842.png,1.0,"2,3,4",train
moscow_suburb_small_17_79314_40856,moscow_suburb_small,images/patches_512/moscow_suburb_small_17_79314_40856.png,masks/patches_512/moscow_suburb_small_17_79314_40856.png,1.0,"2,3,4",train
moscow_suburb_small_17_79305_40871,moscow_suburb_small,images/patches_512/moscow_suburb_small_17_79305_40871.png,masks/patches_512/moscow_suburb_small_17_79305_40871.png,1.0,"2,3,4",train
svo_airport_small_17_79158_40822,svo_airport_small,images/patches_512/svo_airport_small_17_79158_40822.png,masks/patches_512/svo_airport_small_17_79158_40822.png,1.0,"1,2,3,4",train
moscow_suburb_small_17_79305_40859,moscow_suburb_small,images/patches_512/moscow_suburb_small_17_79305_40859.png,masks/patches_512/moscow_suburb_small_17_79305_40859.png,1.0,"1,2,3,4",train
moscow_city_small_17_79218_40993,moscow_city_small,images/patches_512/moscow_city_small_17_79218_40993.png,masks/patches_512/moscow_city_small_17_79218_40993.png,0.476646,"2,3,4",train
moscow_city_small_17_79226_40982,moscow_city_small,images/patches_512/moscow_city_small_17_79226_40982.png,masks/patches_512/moscow_city_small_17_79226_40982.png,0.612957,"2,3,4",train
moscow_city_small_17_79218_40987,moscow_city_small,images/patches_512/moscow_city_small_17_79218_40987.png,masks/patches_512/moscow_city_small_17_79218_40987.png,0.397549,"2,3,4",train
moscow_city_small_17_79239_40992,moscow_city_small,images/patches_512/moscow_city_small_17_79239_40992.png,masks/patches_512/moscow_city_small_17_79239_40992.png,0.352989,"2,3,4",train
moscow_suburb_small_17_79295_40875,moscow_suburb_small,images/patches_512/moscow_suburb_small_17_79295_40875.png,masks/patches_512/moscow_suburb_small_17_79295_40875.png,1.0,"2,3,4",train
krasnodar_fields_small_17_79658_46795,krasnodar_fields_small,images/patches_512/krasnodar_fields_small_17_79658_46795.png,masks/patches_512/krasnodar_fields_small_17_79658_46795.png,1.0,"1,2,3,4",val
svo_airport_small_17_79173_40844,svo_airport_small,images/patches_512/svo_airport_small_17_79173_40844.png,masks/patches_512/svo_airport_small_17_79173_40844.png,1.0,"2,3,4",train
moscow_suburb_small_17_79295_40861,moscow_suburb_small,images/patches_512/moscow_suburb_small_17_79295_40861.png,masks/patches_512/moscow_suburb_small_17_79295_40861.png,1.0,"2,3,4",train
moscow_city_small_17_79239_40986,moscow_city_small,images/patches_512/moscow_city_small_17_79239_40986.png,masks/patches_512/moscow_city_small_17_79239_40986.png,0.428223,"1,2,3,4",train
svo_airport_small_17_79168_40838,svo_airport_small,images/patches_512/svo_airport_small_17_79168_40838.png,masks/patches_512/svo_airport_small_17_79168_40838.png,1.0,"1,2,3,4",train
moscow_suburb_small_17_79295_40849,moscow_suburb_small,images/patches_512/moscow_suburb_small_17_79295_40849.png,masks/patches_512/moscow_suburb_small_17_79295_40849.png,1.0,"2,3,4",train
moscow_city_small_17_79228_40989,moscow_city_small,images/patches_512/moscow_city_small_17_79228_40989.png,masks/patches_512/moscow_city_small_17_79228_40989.png,0.683838,"2,3,4",train
moscow_city_small_17_79225_40975,moscow_city_small,images/patches_512/moscow_city_small_17_79225_40975.png,masks/patches_512/moscow_city_small_17_79225_40975.png,0.660324,"1,2,3,4",train
moscow_city_small_17_79228_40976,moscow_city_small,images/patches_512/moscow_city_small_17_79228_40976.png,masks/patches_512/moscow_city_small_17_79228_40976.png,0.648937,"2,3,4",train
moscow_suburb_small_17_79317_40876,moscow_suburb_small,images/patches_512/moscow_suburb_small_17_79317_40876.png,masks/patches_512/moscow_suburb_small_17_79317_40876.png,1.0,"2,3,4",train
moscow_suburb_small_17_79317_40862,moscow_suburb_small,images/patches_512/moscow_suburb_small_17_79317_40862.png,masks/patches_512/moscow_suburb_small_17_79317_40862.png,1.0,"2,3,4",train
moscow_suburb_small_17_79306_40845,moscow_suburb_small,images/patches_512/moscow_suburb_small_17_79306_40845.png,masks/patches_512/moscow_suburb_small_17_79306_40845.png,1.0,"2,3,4",train
moscow_city_small_17_79234_40991,moscow_city_small,images/patches_512/moscow_city_small_17_79234_40991.png,masks/patches_512/moscow_city_small_17_79234_40991.png,0.534737,"2,3,4",train
moscow_suburb_small_17_79298_40876,moscow_suburb_small,images/patches_512/moscow_suburb_small_17_79298_40876.png,masks/patches_512/moscow_suburb_small_17_79298_40876.png,1.0,"2,3,4",train
moscow_suburb_small_17_79298_40862,moscow_suburb_small,images/patches_512/moscow_suburb_small_17_79298_40862.png,masks/patches_512/moscow_suburb_small_17_79298_40862.png,1.0,"2,3,4",train
moscow_city_small_17_79234_40985,moscow_city_small,images/patches_512/moscow_city_small_17_79234_40985.png,masks/patches_512/moscow_city_small_17_79234_40985.png,0.636955,"3,4",train
moscow_city_small_17_79239_40979,moscow_city_small,images/patches_512/moscow_city_small_17_79239_40979.png,masks/patches_512/moscow_city_small_17_79239_40979.png,0.732346,"1,3,4",train
moscow_city_small_17_79220_40985,moscow_city_small,images/patches_512/moscow_city_small_17_79220_40985.png,masks/patches_512/moscow_city_small_17_79220_40985.png,0.624443,"2,3,4",train
moscow_city_small_17_79220_40991,moscow_city_small,images/patches_512/moscow_city_small_17_79220_40991.png,masks/patches_512/moscow_city_small_17_79220_40991.png,0.643402,"2,3,4",train
svo_airport_small_17_79160_40820,svo_airport_small,images/patches_512/svo_airport_small_17_79160_40820.png,masks/patches_512/svo_airport_small_17_79160_40820.png,1.0,"2,3,4",train
moscow_suburb_small_17_79303_40862,moscow_suburb_small,images/patches_512/moscow_suburb_small_17_79303_40862.png,masks/patches_512/moscow_suburb_small_17_79303_40862.png,1.0,"2,3,4",train
moscow_suburb_small_17_79312_40851,moscow_suburb_small,images/patches_512/moscow_suburb_small_17_79312_40851.png,masks/patches_512/moscow_suburb_small_17_79312_40851.png,1.0,"2,3,4",train
moscow_city_small_17_79231_40975,moscow_city_small,images/patches_512/moscow_city_small_17_79231_40975.png,masks/patches_512/moscow_city_small_17_79231_40975.png,0.569256,"1,2,3,4",train
svo_airport_small_17_79153_40826,svo_airport_small,images/patches_512/svo_airport_small_17_79153_40826.png,masks/patches_512/svo_airport_small_17_79153_40826.png,1.0,"2,3,4",train
svo_airport_small_17_79167_40844,svo_airport_small,images/patches_512/svo_airport_small_17_79167_40844.png,masks/patches_512/svo_airport_small_17_79167_40844.png,1.0,"2,3,4",train
moscow_city_small_17_79232_40982,moscow_city_small,images/patches_512/moscow_city_small_17_79232_40982.png,masks/patches_512/moscow_city_small_17_79232_40982.png,0.687851,"2,3,4",train
moscow_suburb_small_17_79311_40859,moscow_suburb_small,images/patches_512/moscow_suburb_small_17_79311_40859.png,masks/patches_512/moscow_suburb_small_17_79311_40859.png,1.0,"2,3,4",train
svo_airport_small_17_79172_40833,svo_airport_small,images/patches_512/svo_airport_small_17_79172_40833.png,masks/patches_512/svo_airport_small_17_79172_40833.png,1.0,"1,2,3,4",train
moscow_suburb_small_17_79311_40871,moscow_suburb_small,images/patches_512/moscow_suburb_small_17_79311_40871.png,masks/patches_512/moscow_suburb_small_17_79311_40871.png,1.0,"1,2,3,4",train
moscow_suburb_small_17_79300_40856,moscow_suburb_small,images/patches_512/moscow_suburb_small_17_79300_40856.png,masks/patches_512/moscow_suburb_small_17_79300_40856.png,1.0,"2,3,4",train
moscow_suburb_small_17_79300_40842,moscow_suburb_small,images/patches_512/moscow_suburb_small_17_79300_40842.png,masks/patches_512/moscow_suburb_small_17_79300_40842.png,1.0,"1,2,3,4",train
moscow_suburb_small_17_79311_40865,moscow_suburb_small,images/patches_512/moscow_suburb_small_17_79311_40865.png,masks/patches_512/moscow_suburb_small_17_79311_40865.png,1.0,"2,3,4",train
moscow_city_small_17_79223_40972,moscow_city_small,images/patches_512/moscow_city_small_17_79223_40972.png,masks/patches_512/moscow_city_small_17_79223_40972.png,0.63689,"1,2,3,4",train
moscow_city_small_17_79223_40966,moscow_city_small,images/patches_512/moscow_city_small_17_79223_40966.png,masks/patches_512/moscow_city_small_17_79223_40966.png,0.720558,"1,2,3,4",train
moscow_city_small_17_79232_40969,moscow_city_small,images/patches_512/moscow_city_small_17_79232_40969.png,masks/patches_512/moscow_city_small_17_79232_40969.png,0.751678,"1,2,3,4",train
moscow_city_small_17_79223_40976,moscow_city_small,images/patches_512/moscow_city_small_17_79223_40976.png,masks/patches_512/moscow_city_small_17_79223_40976.png,0.59359,"2,3,4",train
moscow_city_small_17_79232_40979,moscow_city_small,images/patches_512/moscow_city_small_17_79232_40979.png,masks/patches_512/moscow_city_small_17_79232_40979.png,0.85976,"1,2,3,4",train
rostov_open_small_17_80213_45969,rostov_open_small,images/patches_512/rostov_open_small_17_80213_45969.png,masks/patches_512/rostov_open_small_17_80213_45969.png,1.0,"1,2",train
moscow_city_small_17_79232_40986,moscow_city_small,images/patches_512/moscow_city_small_17_79232_40986.png,masks/patches_512/moscow_city_small_17_79232_40986.png,0.588833,"2,3,4",train
moscow_city_small_17_79232_40992,moscow_city_small,images/patches_512/moscow_city_small_17_79232_40992.png,masks/patches_512/moscow_city_small_17_79232_40992.png,0.454716,"2,3,4",train
moscow_suburb_small_17_79311_40849,moscow_suburb_small,images/patches_512/moscow_suburb_small_17_79311_40849.png,masks/patches_512/moscow_suburb_small_17_79311_40849.png,1.0,"2,3,4",train
moscow_suburb_small_17_79311_40861,moscow_suburb_small,images/patches_512/moscow_suburb_small_17_79311_40861.png,masks/patches_512/moscow_suburb_small_17_79311_40861.png,1.0,"2,3,4",train
moscow_suburb_small_17_79300_40846,moscow_suburb_small,images/patches_512/moscow_suburb_small_17_79300_40846.png,masks/patches_512/moscow_suburb_small_17_79300_40846.png,1.0,"2,3,4",train
svo_airport_small_17_79172_40837,svo_airport_small,images/patches_512/svo_airport_small_17_79172_40837.png,masks/patches_512/svo_airport_small_17_79172_40837.png,1.0,"2,3,4",train
moscow_city_small_17_79223_40989,moscow_city_small,images/patches_512/moscow_city_small_17_79223_40989.png,masks/patches_512/moscow_city_small_17_79223_40989.png,0.902988,"1,2,3,4",train
moscow_city_small_17_79231_40971,moscow_city_small,images/patches_512/moscow_city_small_17_79231_40971.png,masks/patches_512/moscow_city_small_17_79231_40971.png,0.652115,"1,2,3,4",train
moscow_city_small_17_79231_40965,moscow_city_small,images/patches_512/moscow_city_small_17_79231_40965.png,masks/patches_512/moscow_city_small_17_79231_40965.png,0.718754,"2,3,4",train
svo_airport_small_17_79159_40845,svo_airport_small,images/patches_512/svo_airport_small_17_79159_40845.png,masks/patches_512/svo_airport_small_17_79159_40845.png,1.0,"1,2,3,4",train
svo_airport_small_17_79167_40840,svo_airport_small,images/patches_512/svo_airport_small_17_79167_40840.png,masks/patches_512/svo_airport_small_17_79167_40840.png,1.0,"1,2,3,4",train
moscow_city_small_17_79220_40995,moscow_city_small,images/patches_512/moscow_city_small_17_79220_40995.png,masks/patches_512/moscow_city_small_17_79220_40995.png,0.858471,"1,2,3,4",train
moscow_suburb_small_17_79312_40869,moscow_suburb_small,images/patches_512/moscow_suburb_small_17_79312_40869.png,masks/patches_512/moscow_suburb_small_17_79312_40869.png,1.0,"2,3,4",train
svo_airport_small_17_79154_40846,svo_airport_small,images/patches_512/svo_airport_small_17_79154_40846.png,masks/patches_512/svo_airport_small_17_79154_40846.png,1.0,"1,2,3,4",train
svo_airport_small_17_79160_40818,svo_airport_small,images/patches_512/svo_airport_small_17_79160_40818.png,masks/patches_512/svo_airport_small_17_79160_40818.png,1.0,"2,3,4",train
moscow_city_small_17_79220_40981,moscow_city_small,images/patches_512/moscow_city_small_17_79220_40981.png,masks/patches_512/moscow_city_small_17_79220_40981.png,0.575798,"2,3,4",train
moscow_suburb_small_17_79312_40855,moscow_suburb_small,images/patches_512/moscow_suburb_small_17_79312_40855.png,masks/patches_512/moscow_suburb_small_17_79312_40855.png,1.0,"2,3,4",train
moscow_suburb_small_17_79303_40866,moscow_suburb_small,images/patches_512/moscow_suburb_small_17_79303_40866.png,masks/patches_512/moscow_suburb_small_17_79303_40866.png,1.0,"2,3,4",train
svo_airport_small_17_79160_40824,svo_airport_small,images/patches_512/svo_airport_small_17_79160_40824.png,masks/patches_512/svo_airport_small_17_79160_40824.png,1.0,"2,3,4",train
moscow_suburb_small_17_79306_40841,moscow_suburb_small,images/patches_512/moscow_suburb_small_17_79306_40841.png,masks/patches_512/moscow_suburb_small_17_79306_40841.png,1.0,"1,2,3,4",train
moscow_suburb_small_17_79317_40866,moscow_suburb_small,images/patches_512/moscow_suburb_small_17_79317_40866.png,masks/patches_512/moscow_suburb_small_17_79317_40866.png,1.0,"2,3,4",train
moscow_city_small_17_79228_40966,moscow_city_small,images/patches_512/moscow_city_small_17_79228_40966.png,masks/patches_512/moscow_city_small_17_79228_40966.png,0.785194,"1,2,3,4",train
moscow_suburb_small_17_79317_40872,moscow_suburb_small,images/patches_512/moscow_suburb_small_17_79317_40872.png,masks/patches_512/moscow_suburb_small_17_79317_40872.png,1.0,"1,2,3,4",train
moscow_city_small_17_79228_40972,moscow_city_small,images/patches_512/moscow_city_small_17_79228_40972.png,masks/patches_512/moscow_city_small_17_79228_40972.png,0.74157,"2,3,4",train
moscow_suburb_small_17_79306_40855,moscow_suburb_small,images/patches_512/moscow_suburb_small_17_79306_40855.png,masks/patches_512/moscow_suburb_small_17_79306_40855.png,1.0,"1,2,3,4",train
moscow_city_small_17_79234_40981,moscow_city_small,images/patches_512/moscow_city_small_17_79234_40981.png,masks/patches_512/moscow_city_small_17_79234_40981.png,0.675941,"2,3,4",train
moscow_suburb_small_17_79298_40866,moscow_suburb_small,images/patches_512/moscow_suburb_small_17_79298_40866.png,masks/patches_512/moscow_suburb_small_17_79298_40866.png,1.0,"2,3,4",train
krasnodar_fields_small_17_79655_46792,krasnodar_fields_small,images/patches_512/krasnodar_fields_small_17_79655_46792.png,masks/patches_512/krasnodar_fields_small_17_79655_46792.png,1.0,"1,2,3,4",val
moscow_suburb_small_17_79298_40872,moscow_suburb_small,images/patches_512/moscow_suburb_small_17_79298_40872.png,masks/patches_512/moscow_suburb_small_17_79298_40872.png,1.0,"2,3,4",train
moscow_suburb_small_17_79306_40869,moscow_suburb_small,images/patches_512/moscow_suburb_small_17_79306_40869.png,masks/patches_512/moscow_suburb_small_17_79306_40869.png,1.0,"2,3,4",train
moscow_city_small_17_79239_40969,moscow_city_small,images/patches_512/moscow_city_small_17_79239_40969.png,masks/patches_512/moscow_city_small_17_79239_40969.png,0.546787,"2,3,4",train
moscow_city_small_17_79234_40995,moscow_city_small,images/patches_512/moscow_city_small_17_79234_40995.png,masks/patches_512/moscow_city_small_17_79234_40995.png,0.411816,"2,3,4",train
moscow_city_small_17_79239_40982,moscow_city_small,images/patches_512/moscow_city_small_17_79239_40982.png,masks/patches_512/moscow_city_small_17_79239_40982.png,0.459969,"1,2,3,4",train
moscow_suburb_small_17_79295_40865,moscow_suburb_small,images/patches_512/moscow_suburb_small_17_79295_40865.png,masks/patches_512/moscow_suburb_small_17_79295_40865.png,1.0,"2,3,4",train
svo_airport_small_17_79173_40840,svo_airport_small,images/patches_512/svo_airport_small_17_79173_40840.png,masks/patches_512/svo_airport_small_17_79173_40840.png,1.0,"1,2,3,4",train
krasnodar_fields_small_17_79658_46791,krasnodar_fields_small,images/patches_512/krasnodar_fields_small_17_79658_46791.png,masks/patches_512/krasnodar_fields_small_17_79658_46791.png,1.0,"1,2",val
krasnodar_fields_small_17_79655_46779,krasnodar_fields_small,images/patches_512/krasnodar_fields_small_17_79655_46779.png,masks/patches_512/krasnodar_fields_small_17_79655_46779.png,1.0,"1,2",val
moscow_suburb_small_17_79295_40871,moscow_suburb_small,images/patches_512/moscow_suburb_small_17_79295_40871.png,masks/patches_512/moscow_suburb_small_17_79295_40871.png,1.0,"2,3,4",train
svo_airport_small_17_79156_40839,svo_airport_small,images/patches_512/svo_airport_small_17_79156_40839.png,masks/patches_512/svo_airport_small_17_79156_40839.png,1.0,"2,3,4",train
moscow_suburb_small_17_79295_40859,moscow_suburb_small,images/patches_512/moscow_suburb_small_17_79295_40859.png,masks/patches_512/moscow_suburb_small_17_79295_40859.png,1.0,"2,3,4",train
moscow_city_small_17_79225_40965,moscow_city_small,images/patches_512/moscow_city_small_17_79225_40965.png,masks/patches_512/moscow_city_small_17_79225_40965.png,0.706516,"2,3,4",train
moscow_city_small_17_79225_40971,moscow_city_small,images/patches_512/moscow_city_small_17_79225_40971.png,masks/patches_512/moscow_city_small_17_79225_40971.png,0.792595,"2,3,4",train
svo_airport_small_17_79158_40826,svo_airport_small,images/patches_512/svo_airport_small_17_79158_40826.png,masks/patches_512/svo_airport_small_17_79158_40826.png,1.0,"2,3,4",train
moscow_city_small_17_79237_40989,moscow_city_small,images/patches_512/moscow_city_small_17_79237_40989.png,masks/patches_512/moscow_city_small_17_79237_40989.png,0.584587,"2,3,4",train
moscow_suburb_small_17_79314_40852,moscow_suburb_small,images/patches_512/moscow_suburb_small_17_79314_40852.png,masks/patches_512/moscow_suburb_small_17_79314_40852.png,1.0,"2,3,4",train
moscow_suburb_small_17_79305_40861,moscow_suburb_small,images/patches_512/moscow_suburb_small_17_79305_40861.png,masks/patches_512/moscow_suburb_small_17_79305_40861.png,1.0,"2,3,4",train
svo_airport_small_17_79152_40841,svo_airport_small,images/patches_512/svo_airport_small_17_79152_40841.png,masks/patches_512/svo_airport_small_17_79152_40841.png,1.0,"2,3,4",train
moscow_city_small_17_79218_40983,moscow_city_small,images/patches_512/moscow_city_small_17_79218_40983.png,masks/patches_512/moscow_city_small_17_79218_40983.png,0.465187,"2,3,4",train
moscow_city_small_17_79226_40992,moscow_city_small,images/patches_512/moscow_city_small_17_79226_40992.png,masks/patches_512/moscow_city_small_17_79226_40992.png,0.572193,"2,3,4",train
moscow_city_small_17_79226_40986,moscow_city_small,images/patches_512/moscow_city_small_17_79226_40986.png,masks/patches_512/moscow_city_small_17_79226_40986.png,0.900223,"1,2,3,4",train
svo_airport_small_17_79149_40829,svo_airport_small,images/patches_512/svo_airport_small_17_79149_40829.png,masks/patches_512/svo_airport_small_17_79149_40829.png,1.0,"2,3,4",train
svo_airport_small_17_79155_40819,svo_airport_small,images/patches_512/svo_airport_small_17_79155_40819.png,masks/patches_512/svo_airport_small_17_79155_40819.png,1.0,"1,2,3,4",train
krasnodar_fields_small_17_79674_46793,krasnodar_fields_small,images/patches_512/krasnodar_fields_small_17_79674_46793.png,masks/patches_512/krasnodar_fields_small_17_79674_46793.png,1.0,"2,3,4",val
moscow_city_small_17_79226_40979,moscow_city_small,images/patches_512/moscow_city_small_17_79226_40979.png,masks/patches_512/moscow_city_small_17_79226_40979.png,0.686455,"1,2,3,4",train
moscow_city_small_17_79218_40968,moscow_city_small,images/patches_512/moscow_city_small_17_79218_40968.png,masks/patches_512/moscow_city_small_17_79218_40968.png,0.471596,"1,2,3,4",train
moscow_suburb_small_17_79296_40845,moscow_suburb_small,images/patches_512/moscow_suburb_small_17_79296_40845.png,masks/patches_512/moscow_suburb_small_17_79296_40845.png,1.0,"1,2,3,4",train
svo_airport_small_17_79155_40825,svo_airport_small,images/patches_512/svo_airport_small_17_79155_40825.png,masks/patches_512/svo_airport_small_17_79155_40825.png,1.0,"2,3,4",train
moscow_city_small_17_79237_40976,moscow_city_small,images/patches_512/moscow_city_small_17_79237_40976.png,masks/patches_512/moscow_city_small_17_79237_40976.png,0.642761,"1,2,3,4",train
moscow_suburb_small_17_79319_40851,moscow_suburb_small,images/patches_512/moscow_suburb_small_17_79319_40851.png,masks/patches_512/moscow_suburb_small_17_79319_40851.png,1.0,"2,3,4",train
moscow_suburb_small_17_79308_40863,moscow_suburb_small,images/patches_512/moscow_suburb_small_17_79308_40863.png,masks/patches_512/moscow_suburb_small_17_79308_40863.png,1.0,"1,2,3,4",train
moscow_city_small_17_79237_40977,moscow_city_small,images/patches_512/moscow_city_small_17_79237_40977.png,masks/patches_512/moscow_city_small_17_79237_40977.png,0.774094,"1,2,3,4",train
svo_airport_small_17_79155_40824,svo_airport_small,images/patches_512/svo_airport_small_17_79155_40824.png,masks/patches_512/svo_airport_small_17_79155_40824.png,1.0,"2,3,4",train
moscow_suburb_small_17_79319_40850,moscow_suburb_small,images/patches_512/moscow_suburb_small_17_79319_40850.png,masks/patches_512/moscow_suburb_small_17_79319_40850.png,1.0,"2,3,4",train
moscow_city_small_17_79218_40969,moscow_city_small,images/patches_512/moscow_city_small_17_79218_40969.png,masks/patches_512/moscow_city_small_17_79218_40969.png,0.418793,"1,2,3,4",train
moscow_city_small_17_79226_40978,moscow_city_small,images/patches_512/moscow_city_small_17_79226_40978.png,masks/patches_512/moscow_city_small_17_79226_40978.png,0.622242,"2,3,4",train
moscow_suburb_small_17_79296_40844,moscow_suburb_small,images/patches_512/moscow_suburb_small_17_79296_40844.png,masks/patches_512/moscow_suburb_small_17_79296_40844.png,1.0,"1,2,3,4",train
rostov_open_small_17_80191_45976,rostov_open_small,images/patches_512/rostov_open_small_17_80191_45976.png,masks/patches_512/rostov_open_small_17_80191_45976.png,1.0,"2,3,4",train
svo_airport_small_17_79149_40828,svo_airport_small,images/patches_512/svo_airport_small_17_79149_40828.png,masks/patches_512/svo_airport_small_17_79149_40828.png,1.0,"2,3,4",train
moscow_city_small_17_79226_40987,moscow_city_small,images/patches_512/moscow_city_small_17_79226_40987.png,masks/patches_512/moscow_city_small_17_79226_40987.png,0.711391,"1,2,3,4",train
moscow_city_small_17_79226_40993,moscow_city_small,images/patches_512/moscow_city_small_17_79226_40993.png,masks/patches_512/moscow_city_small_17_79226_40993.png,0.533386,"2,3,4",train
moscow_city_small_17_79218_40982,moscow_city_small,images/patches_512/moscow_city_small_17_79218_40982.png,masks/patches_512/moscow_city_small_17_79218_40982.png,0.454044,"3,4",train
moscow_suburb_small_17_79305_40860,moscow_suburb_small,images/patches_512/moscow_suburb_small_17_79305_40860.png,masks/patches_512/moscow_suburb_small_17_79305_40860.png,1.0,"2,3,4",train
svo_airport_small_17_79166_40836,svo_airport_small,images/patches_512/svo_airport_small_17_79166_40836.png,masks/patches_512/svo_airport_small_17_79166_40836.png,1.0,"1,2,3,4",train
moscow_suburb_small_17_79305_40874,moscow_suburb_small,images/patches_512/moscow_suburb_small_17_79305_40874.png,masks/patches_512/moscow_suburb_small_17_79305_40874.png,1.0,"2,3,4",train
moscow_city_small_17_79237_40988,moscow_city_small,images/patches_512/moscow_city_small_17_79237_40988.png,masks/patches_512/moscow_city_small_17_79237_40988.png,0.518791,"2,3,4",train
svo_airport_small_17_79158_40827,svo_airport_small,images/patches_512/svo_airport_small_17_79158_40827.png,masks/patches_512/svo_airport_small_17_79158_40827.png,1.0,"2,3,4",train
moscow_suburb_small_17_79314_40853,moscow_suburb_small,images/patches_512/moscow_suburb_small_17_79314_40853.png,masks/patches_512/moscow_suburb_small_17_79314_40853.png,1.0,"2,3,4",train
moscow_city_small_17_79225_40970,moscow_city_small,images/patches_512/moscow_city_small_17_79225_40970.png,masks/patches_512/moscow_city_small_17_79225_40970.png,0.776031,"2,3,4",train
karelia_forest_small_17_76726_36738,karelia_forest_small,images/patches_512/karelia_forest_small_17_76726_36738.png,masks/patches_512/karelia_forest_small_17_76726_36738.png,1.0,"1,2",test
moscow_suburb_small_17_79295_40858,moscow_suburb_small,images/patches_512/moscow_suburb_small_17_79295_40858.png,masks/patches_512/moscow_suburb_small_17_79295_40858.png,1.0,"2,3,4",train
moscow_city_small_17_79225_40964,moscow_city_small,images/patches_512/moscow_city_small_17_79225_40964.png,masks/patches_512/moscow_city_small_17_79225_40964.png,0.651886,"2,3,4",train
svo_airport_small_17_79156_40838,svo_airport_small,images/patches_512/svo_airport_small_17_79156_40838.png,masks/patches_512/svo_airport_small_17_79156_40838.png,1.0,"2,3,4",train
moscow_suburb_small_17_79295_40870,moscow_suburb_small,images/patches_512/moscow_suburb_small_17_79295_40870.png,masks/patches_512/moscow_suburb_small_17_79295_40870.png,1.0,"2,3,4",train
moscow_suburb_small_17_79295_40864,moscow_suburb_small,images/patches_512/moscow_suburb_small_17_79295_40864.png,masks/patches_512/moscow_suburb_small_17_79295_40864.png,1.0,"2,3,4",train
moscow_city_small_17_79239_40983,moscow_city_small,images/patches_512/moscow_city_small_17_79239_40983.png,masks/patches_512/moscow_city_small_17_79239_40983.png,0.389233,"1,2,3,4",train
svo_airport_small_17_79173_40841,svo_airport_small,images/patches_512/svo_airport_small_17_79173_40841.png,masks/patches_512/svo_airport_small_17_79173_40841.png,1.0,"1,2,3,4",train
moscow_city_small_17_79234_40994,moscow_city_small,images/patches_512/moscow_city_small_17_79234_40994.png,masks/patches_512/moscow_city_small_17_79234_40994.png,0.493546,"2,3,4",train
moscow_city_small_17_79239_40968,moscow_city_small,images/patches_512/moscow_city_small_17_79239_40968.png,masks/patches_512/moscow_city_small_17_79239_40968.png,0.635319,"2,3,4",train
moscow_suburb_small_17_79298_40873,moscow_suburb_small,images/patches_512/moscow_suburb_small_17_79298_40873.png,masks/patches_512/moscow_suburb_small_17_79298_40873.png,1.0,"2,3,4",train
moscow_suburb_small_17_79298_40867,moscow_suburb_small,images/patches_512/moscow_suburb_small_17_79298_40867.png,masks/patches_512/moscow_suburb_small_17_79298_40867.png,1.0,"2,3,4",train
moscow_city_small_17_79234_40980,moscow_city_small,images/patches_512/moscow_city_small_17_79234_40980.png,masks/patches_512/moscow_city_small_17_79234_40980.png,0.739845,"1,3,4",train
krasnodar_fields_small_17_79655_46793,krasnodar_fields_small,images/patches_512/krasnodar_fields_small_17_79655_46793.png,masks/patches_512/krasnodar_fields_small_17_79655_46793.png,1.0,"1,2,3,4",val
moscow_city_small_17_79228_40973,moscow_city_small,images/patches_512/moscow_city_small_17_79228_40973.png,masks/patches_512/moscow_city_small_17_79228_40973.png,0.760502,"2,3,4",train
moscow_suburb_small_17_79317_40873,moscow_suburb_small,images/patches_512/moscow_suburb_small_17_79317_40873.png,masks/patches_512/moscow_suburb_small_17_79317_40873.png,1.0,"2,3,4",train
moscow_suburb_small_17_79306_40854,moscow_suburb_small,images/patches_512/moscow_suburb_small_17_79306_40854.png,masks/patches_512/moscow_suburb_small_17_79306_40854.png,1.0,"1,2,3,4",train
moscow_city_small_17_79228_40967,moscow_city_small,images/patches_512/moscow_city_small_17_79228_40967.png,masks/patches_512/moscow_city_small_17_79228_40967.png,0.735733,"1,2,3,4",train
moscow_suburb_small_17_79317_40867,moscow_suburb_small,images/patches_512/moscow_suburb_small_17_79317_40867.png,masks/patches_512/moscow_suburb_small_17_79317_40867.png,1.0,"2,3,4",train
svo_airport_small_17_79160_40825,svo_airport_small,images/patches_512/svo_airport_small_17_79160_40825.png,masks/patches_512/svo_airport_small_17_79160_40825.png,1.0,"2,3,4",train
moscow_suburb_small_17_79303_40867,moscow_suburb_small,images/patches_512/moscow_suburb_small_17_79303_40867.png,masks/patches_512/moscow_suburb_small_17_79303_40867.png,1.0,"2,3,4",train
moscow_suburb_small_17_79312_40854,moscow_suburb_small,images/patches_512/moscow_suburb_small_17_79312_40854.png,masks/patches_512/moscow_suburb_small_17_79312_40854.png,1.0,"2,3,4",train
svo_airport_small_17_79160_40819,svo_airport_small,images/patches_512/svo_airport_small_17_79160_40819.png,masks/patches_512/svo_airport_small_17_79160_40819.png,1.0,"2,3,4",train
moscow_city_small_17_79220_40980,moscow_city_small,images/patches_512/moscow_city_small_17_79220_40980.png,masks/patches_512/moscow_city_small_17_79220_40980.png,0.621258,"2,3,4",train
moscow_suburb_small_17_79312_40868,moscow_suburb_small,images/patches_512/moscow_suburb_small_17_79312_40868.png,masks/patches_512/moscow_suburb_small_17_79312_40868.png,1.0,"2,3,4",train
moscow_city_small_17_79220_40994,moscow_city_small,images/patches_512/moscow_city_small_17_79220_40994.png,masks/patches_512/moscow_city_small_17_79220_40994.png,0.67308,"1,2,3,4",train
svo_airport_small_17_79167_40841,svo_airport_small,images/patches_512/svo_airport_small_17_79167_40841.png,masks/patches_512/svo_airport_small_17_79167_40841.png,1.0,"1,2,3,4",train
svo_airport_small_17_79159_40844,svo_airport_small,images/patches_512/svo_airport_small_17_79159_40844.png,masks/patches_512/svo_airport_small_17_79159_40844.png,1.0,"1,2,3,4",train
svo_airport_small_17_79153_40837,svo_airport_small,images/patches_512/svo_airport_small_17_79153_40837.png,masks/patches_512/svo_airport_small_17_79153_40837.png,1.0,"2,3,4",train
moscow_city_small_17_79231_40964,moscow_city_small,images/patches_512/moscow_city_small_17_79231_40964.png,masks/patches_512/moscow_city_small_17_79231_40964.png,0.690907,"2,3,4",train
moscow_city_small_17_79231_40970,moscow_city_small,images/patches_512/moscow_city_small_17_79231_40970.png,masks/patches_512/moscow_city_small_17_79231_40970.png,0.724739,"1,2,3,4",train
svo_airport_small_17_79153_40823,svo_airport_small,images/patches_512/svo_airport_small_17_79153_40823.png,masks/patches_512/svo_airport_small_17_79153_40823.png,1.0,"1,2,3,4",train
moscow_city_small_17_79223_40988,moscow_city_small,images/patches_512/moscow_city_small_17_79223_40988.png,masks/patches_512/moscow_city_small_17_79223_40988.png,0.81382,"1,2,3,4",train
moscow_suburb_small_17_79311_40860,moscow_suburb_small,images/patches_512/moscow_suburb_small_17_79311_40860.png,masks/patches_512/moscow_suburb_small_17_79311_40860.png,1.0,"2,3,4",train
moscow_suburb_small_17_79300_40847,moscow_suburb_small,images/patches_512/moscow_suburb_small_17_79300_40847.png,masks/patches_512/moscow_suburb_small_17_79300_40847.png,1.0,"1,2,3,4",train
moscow_city_small_17_79232_40993,moscow_city_small,images/patches_512/moscow_city_small_17_79232_40993.png,masks/patches_512/moscow_city_small_17_79232_40993.png,0.477215,"2,3,4",train
moscow_suburb_small_17_79311_40848,moscow_suburb_small,images/patches_512/moscow_suburb_small_17_79311_40848.png,masks/patches_512/moscow_suburb_small_17_79311_40848.png,1.0,"2,3,4",train
moscow_city_small_17_79232_40987,moscow_city_small,images/patches_512/moscow_city_small_17_79232_40987.png,masks/patches_512/moscow_city_small_17_79232_40987.png,0.648598,"2,3,4",train
moscow_city_small_17_79232_40978,moscow_city_small,images/patches_512/moscow_city_small_17_79232_40978.png,masks/patches_512/moscow_city_small_17_79232_40978.png,0.99873,"1,3,4",train
moscow_city_small_17_79223_40977,moscow_city_small,images/patches_512/moscow_city_small_17_79223_40977.png,masks/patches_512/moscow_city_small_17_79223_40977.png,0.575638,"1,2,3,4",train
moscow_city_small_17_79223_40975,moscow_city_small,images/patches_512/moscow_city_small_17_79223_40975.png,masks/patches_512/moscow_city_small_17_79223_40975.png,0.623318,"2,3,4",train
krasnodar_fields_small_17_79660_46790,krasnodar_fields_small,images/patches_512/krasnodar_fields_small_17_79660_46790.png,masks/patches_512/krasnodar_fields_small_17_79660_46790.png,1.0,"1,2,4",val
svo_airport_small_17_79150_40829,svo_airport_small,images/patches_512/svo_airport_small_17_79150_40829.png,masks/patches_512/svo_airport_small_17_79150_40829.png,1.0,"2,3,4",train
moscow_city_small_17_79232_40991,moscow_city_small,images/patches_512/moscow_city_small_17_79232_40991.png,masks/patches_512/moscow_city_small_17_79232_40991.png,0.451008,"2,3,4",train
moscow_city_small_17_79232_40985,moscow_city_small,images/patches_512/moscow_city_small_17_79232_40985.png,masks/patches_512/moscow_city_small_17_79232_40985.png,0.577,"2,3,4",train
svo_airport_small_17_79172_40834,svo_airport_small,images/patches_512/svo_airport_small_17_79172_40834.png,masks/patches_512/svo_airport_small_17_79172_40834.png,1.0,"1,2,3,4",train
moscow_suburb_small_17_79300_40845,moscow_suburb_small,images/patches_512/moscow_suburb_small_17_79300_40845.png,masks/patches_512/moscow_suburb_small_17_79300_40845.png,1.0,"2,3,4",train
moscow_suburb_small_17_79311_40862,moscow_suburb_small,images/patches_512/moscow_suburb_small_17_79311_40862.png,masks/patches_512/moscow_suburb_small_17_79311_40862.png,1.0,"2,3,4",train
moscow_city_small_17_79231_40966,moscow_city_small,images/patches_512/moscow_city_small_17_79231_40966.png,masks/patches_512/moscow_city_small_17_79231_40966.png,0.744499,"1,2,3,4",train
moscow_city_small_17_79231_40972,moscow_city_small,images/patches_512/moscow_city_small_17_79231_40972.png,masks/patches_512/moscow_city_small_17_79231_40972.png,0.624783,"1,2,3,4",train
svo_airport_small_17_79167_40843,svo_airport_small,images/patches_512/svo_airport_small_17_79167_40843.png,masks/patches_512/svo_airport_small_17_79167_40843.png,1.0,"1,2,3,4",train
moscow_city_small_17_79220_40969,moscow_city_small,images/patches_512/moscow_city_small_17_79220_40969.png,masks/patches_512/moscow_city_small_17_79220_40969.png,0.54866,"1,2,3,4",train
moscow_city_small_17_79220_40982,moscow_city_small,images/patches_512/moscow_city_small_17_79220_40982.png,masks/patches_512/moscow_city_small_17_79220_40982.png,0.560863,"2,3,4",train
moscow_suburb_small_17_79303_40859,moscow_suburb_small,images/patches_512/moscow_suburb_small_17_79303_40859.png,masks/patches_512/moscow_suburb_small_17_79303_40859.png,1.0,"2,3,4",train
svo_airport_small_17_79154_40845,svo_airport_small,images/patches_512/svo_airport_small_17_79154_40845.png,masks/patches_512/svo_airport_small_17_79154_40845.png,1.0,"1,2,3,4",train
moscow_suburb_small_17_79312_40842,moscow_suburb_small,images/patches_512/moscow_suburb_small_17_79312_40842.png,masks/patches_512/moscow_suburb_small_17_79312_40842.png,1.0,"1,2,3,4",train
moscow_suburb_small_17_79303_40865,moscow_suburb_small,images/patches_512/moscow_suburb_small_17_79303_40865.png,masks/patches_512/moscow_suburb_small_17_79303_40865.png,1.0,"2,3,4",train
moscow_suburb_small_17_79303_40871,moscow_suburb_small,images/patches_512/moscow_suburb_small_17_79303_40871.png,masks/patches_512/moscow_suburb_small_17_79303_40871.png,1.0,"2,3,4",train
moscow_suburb_small_17_79312_40856,moscow_suburb_small,images/patches_512/moscow_suburb_small_17_79312_40856.png,masks/patches_512/moscow_suburb_small_17_79312_40856.png,1.0,"2,3,4",train
moscow_suburb_small_17_79306_40856,moscow_suburb_small,images/patches_512/moscow_suburb_small_17_79306_40856.png,masks/patches_512/moscow_suburb_small_17_79306_40856.png,1.0,"1,2,3,4",train
moscow_city_small_17_79228_40971,moscow_city_small,images/patches_512/moscow_city_small_17_79228_40971.png,masks/patches_512/moscow_city_small_17_79228_40971.png,0.719742,"2,3,4",train
moscow_suburb_small_17_79317_40871,moscow_suburb_small,images/patches_512/moscow_suburb_small_17_79317_40871.png,masks/patches_512/moscow_suburb_small_17_79317_40871.png,1.0,"1,2,3,4",train
moscow_city_small_17_79228_40965,moscow_city_small,images/patches_512/moscow_city_small_17_79228_40965.png,masks/patches_512/moscow_city_small_17_79228_40965.png,0.778507,"1,2,3,4",train
moscow_suburb_small_17_79317_40865,moscow_suburb_small,images/patches_512/moscow_suburb_small_17_79317_40865.png,masks/patches_512/moscow_suburb_small_17_79317_40865.png,1.0,"2,3,4",train
moscow_suburb_small_17_79298_40859,moscow_suburb_small,images/patches_512/moscow_suburb_small_17_79298_40859.png,masks/patches_512/moscow_suburb_small_17_79298_40859.png,1.0,"2,3,4",train
moscow_suburb_small_17_79306_40842,moscow_suburb_small,images/patches_512/moscow_suburb_small_17_79306_40842.png,masks/patches_512/moscow_suburb_small_17_79306_40842.png,1.0,"1,2,3,4",train
moscow_suburb_small_17_79298_40871,moscow_suburb_small,images/patches_512/moscow_suburb_small_17_79298_40871.png,masks/patches_512/moscow_suburb_small_17_79298_40871.png,1.0,"2,3,4",train
moscow_suburb_small_17_79317_40859,moscow_suburb_small,images/patches_512/moscow_suburb_small_17_79317_40859.png,masks/patches_512/moscow_suburb_small_17_79317_40859.png,1.0,"2,3,4",train
krasnodar_fields_small_17_79655_46791,krasnodar_fields_small,images/patches_512/krasnodar_fields_small_17_79655_46791.png,masks/patches_512/krasnodar_fields_small_17_79655_46791.png,1.0,"1,2,3,4",val
moscow_city_small_17_79234_40982,moscow_city_small,images/patches_512/moscow_city_small_17_79234_40982.png,masks/patches_512/moscow_city_small_17_79234_40982.png,0.639042,"2,3,4",train
moscow_suburb_small_17_79298_40865,moscow_suburb_small,images/patches_512/moscow_suburb_small_17_79298_40865.png,masks/patches_512/moscow_suburb_small_17_79298_40865.png,1.0,"2,3,4",train
moscow_suburb_small_17_79295_40872,moscow_suburb_small,images/patches_512/moscow_suburb_small_17_79295_40872.png,masks/patches_512/moscow_suburb_small_17_79295_40872.png,1.0,"2,3,4",train
moscow_city_small_17_79234_40969,moscow_city_small,images/patches_512/moscow_city_small_17_79234_40969.png,masks/patches_512/moscow_city_small_17_79234_40969.png,0.708485,"2,3,4",train
moscow_city_small_17_79239_40995,moscow_city_small,images/patches_512/moscow_city_small_17_79239_40995.png,masks/patches_512/moscow_city_small_17_79239_40995.png,0.333252,"2,3,4",train
svo_airport_small_17_79173_40843,svo_airport_small,images/patches_512/svo_airport_small_17_79173_40843.png,masks/patches_512/svo_airport_small_17_79173_40843.png,1.0,"1,2,3,4",train
moscow_city_small_17_79239_40981,moscow_city_small,images/patches_512/moscow_city_small_17_79239_40981.png,masks/patches_512/moscow_city_small_17_79239_40981.png,0.489746,"1,2,3,4",train
moscow_suburb_small_17_79295_40866,moscow_suburb_small,images/patches_512/moscow_suburb_small_17_79295_40866.png,masks/patches_512/moscow_suburb_small_17_79295_40866.png,1.0,"2,3,4",train
moscow_city_small_17_79225_40972,moscow_city_small,images/patches_512/moscow_city_small_17_79225_40972.png,masks/patches_512/moscow_city_small_17_79225_40972.png,0.786091,"1,2,3,4",train
moscow_city_small_17_79225_40966,moscow_city_small,images/patches_512/moscow_city_small_17_79225_40966.png,masks/patches_512/moscow_city_small_17_79225_40966.png,0.630325,"2,3,4",train
moscow_suburb_small_17_79305_40862,moscow_suburb_small,images/patches_512/moscow_suburb_small_17_79305_40862.png,masks/patches_512/moscow_suburb_small_17_79305_40862.png,1.0,"2,3,4",train
moscow_suburb_small_17_79314_40851,moscow_suburb_small,images/patches_512/moscow_suburb_small_17_79314_40851.png,masks/patches_512/moscow_suburb_small_17_79314_40851.png,1.0,"2,3,4",train
svo_airport_small_17_79158_40825,svo_airport_small,images/patches_512/svo_airport_small_17_79158_40825.png,masks/patches_512/svo_airport_small_17_79158_40825.png,1.0,"2,3,4",train
svo_airport_small_17_79166_40834,svo_airport_small,images/patches_512/svo_airport_small_17_79166_40834.png,masks/patches_512/svo_airport_small_17_79166_40834.png,1.0,"2,3,4",train
moscow_city_small_17_79226_40985,moscow_city_small,images/patches_512/moscow_city_small_17_79226_40985.png,masks/patches_512/moscow_city_small_17_79226_40985.png,0.906853,"1,2,3,4",train
moscow_city_small_17_79218_40994,moscow_city_small,images/patches_512/moscow_city_small_17_79218_40994.png,masks/patches_512/moscow_city_small_17_79218_40994.png,0.491276,"2,3,4",train
moscow_city_small_17_79218_40980,moscow_city_small,images/patches_512/moscow_city_small_17_79218_40980.png,masks/patches_512/moscow_city_small_17_79218_40980.png,0.443817,"2,3,4",train
moscow_city_small_17_79226_40991,moscow_city_small,images/patches_512/moscow_city_small_17_79226_40991.png,masks/patches_512/moscow_city_small_17_79226_40991.png,0.790295,"2,3,4",train
svo_airport_small_17_79152_40842,svo_airport_small,images/patches_512/svo_airport_small_17_79152_40842.png,masks/patches_512/svo_airport_small_17_79152_40842.png,1.0,"2,3,4",train
svo_airport_small_17_79158_40819,svo_airport_small,images/patches_512/svo_airport_small_17_79158_40819.png,masks/patches_512/svo_airport_small_17_79158_40819.png,1.0,"2,3,4",train
rostov_open_small_17_80191_45974,rostov_open_small,images/patches_512/rostov_open_small_17_80191_45974.png,masks/patches_512/rostov_open_small_17_80191_45974.png,1.0,"1,2,3,4",train
moscow_suburb_small_17_79296_40846,moscow_suburb_small,images/patches_512/moscow_suburb_small_17_79296_40846.png,masks/patches_512/moscow_suburb_small_17_79296_40846.png,1.0,"1,2,3,4",train
svo_airport_small_17_79161_40844,svo_airport_small,images/patches_512/svo_airport_small_17_79161_40844.png,masks/patches_512/svo_airport_small_17_79161_40844.png,1.0,"2,3,4",train
moscow_suburb_small_17_79308_40849,moscow_suburb_small,images/patches_512/moscow_suburb_small_17_79308_40849.png,masks/patches_512/moscow_suburb_small_17_79308_40849.png,1.0,"1,2,3,4",train
moscow_suburb_small_17_79319_40852,moscow_suburb_small,images/patches_512/moscow_suburb_small_17_79319_40852.png,masks/patches_512/moscow_suburb_small_17_79319_40852.png,1.0,"2,3,4",train
svo_airport_small_17_79155_40826,svo_airport_small,images/patches_512/svo_airport_small_17_79155_40826.png,masks/patches_512/svo_airport_small_17_79155_40826.png,1.0,"2,3,4",train
moscow_city_small_17_79237_40975,moscow_city_small,images/patches_512/moscow_city_small_17_79237_40975.png,masks/patches_512/moscow_city_small_17_79237_40975.png,0.711227,"2,3,4",train
moscow_suburb_small_17_79319_40853,moscow_suburb_small,images/patches_512/moscow_suburb_small_17_79319_40853.png,masks/patches_512/moscow_suburb_small_17_79319_40853.png,1.0,"2,3,4",train
moscow_suburb_small_17_79308_40874,moscow_suburb_small,images/patches_512/moscow_suburb_small_17_79308_40874.png,masks/patches_512/moscow_suburb_small_17_79308_40874.png,1.0,"2,3,4",train
moscow_city_small_17_79237_40974,moscow_city_small,images/patches_512/moscow_city_small_17_79237_40974.png,masks/patches_512/moscow_city_small_17_79237_40974.png,0.706314,"2,3,4",train
svo_airport_small_17_79155_40827,svo_airport_small,images/patches_512/svo_airport_small_17_79155_40827.png,masks/patches_512/svo_airport_small_17_79155_40827.png,1.0,"2,3,4",train
moscow_suburb_small_17_79308_40860,moscow_suburb_small,images/patches_512/moscow_suburb_small_17_79308_40860.png,masks/patches_512/moscow_suburb_small_17_79308_40860.png,1.0,"1,2,3,4",train
moscow_suburb_small_17_79308_40848,moscow_suburb_small,images/patches_512/moscow_suburb_small_17_79308_40848.png,masks/patches_512/moscow_suburb_small_17_79308_40848.png,1.0,"1,2,3,4",train
moscow_suburb_small_17_79296_40847,moscow_suburb_small,images/patches_512/moscow_suburb_small_17_79296_40847.png,masks/patches_512/moscow_suburb_small_17_79296_40847.png,1.0,"2,3,4",train
rostov_open_small_17_80191_45975,rostov_open_small,images/patches_512/rostov_open_small_17_80191_45975.png,masks/patches_512/rostov_open_small_17_80191_45975.png,1.0,"2,3,4",train
moscow_city_small_17_79226_40990,moscow_city_small,images/patches_512/moscow_city_small_17_79226_40990.png,masks/patches_512/moscow_city_small_17_79226_40990.png,0.947952,"1,2,3,4",train
moscow_city_small_17_79218_40981,moscow_city_small,images/patches_512/moscow_city_small_17_79218_40981.png,masks/patches_512/moscow_city_small_17_79218_40981.png,0.451878,"3,4",train
svo_airport_small_17_79152_40843,svo_airport_small,images/patches_512/svo_airport_small_17_79152_40843.png,masks/patches_512/svo_airport_small_17_79152_40843.png,1.0,"1,2,3,4",train
moscow_city_small_17_79218_40995,moscow_city_small,images/patches_512/moscow_city_small_17_79218_40995.png,masks/patches_512/moscow_city_small_17_79218_40995.png,0.429611,"1,2,3,4",train
moscow_city_small_17_79226_40984,moscow_city_small,images/patches_512/moscow_city_small_17_79226_40984.png,masks/patches_512/moscow_city_small_17_79226_40984.png,0.805412,"1,2,3,4",train
moscow_suburb_small_17_79314_40850,moscow_suburb_small,images/patches_512/moscow_suburb_small_17_79314_40850.png,masks/patches_512/moscow_suburb_small_17_79314_40850.png,1.0,"2,3,4",train
svo_airport_small_17_79166_40835,svo_airport_small,images/patches_512/svo_airport_small_17_79166_40835.png,masks/patches_512/svo_airport_small_17_79166_40835.png,1.0,"2,3,4",train
svo_airport_small_17_79158_40824,svo_airport_small,images/patches_512/svo_airport_small_17_79158_40824.png,masks/patches_512/svo_airport_small_17_79158_40824.png,1.0,"2,3,4",train
moscow_suburb_small_17_79305_40863,moscow_suburb_small,images/patches_512/moscow_suburb_small_17_79305_40863.png,masks/patches_512/moscow_suburb_small_17_79305_40863.png,1.0,"2,3,4",train
moscow_suburb_small_17_79314_40844,moscow_suburb_small,images/patches_512/moscow_suburb_small_17_79314_40844.png,masks/patches_512/moscow_suburb_small_17_79314_40844.png,1.0,"2,3,4",train
moscow_city_small_17_79225_40967,moscow_city_small,images/patches_512/moscow_city_small_17_79225_40967.png,masks/patches_512/moscow_city_small_17_79225_40967.png,0.590244,"1,2,3,4",train
moscow_city_small_17_79225_40973,moscow_city_small,images/patches_512/moscow_city_small_17_79225_40973.png,masks/patches_512/moscow_city_small_17_79225_40973.png,0.760292,"1,2,3,4",train
svo_airport_small_17_79173_40842,svo_airport_small,images/patches_512/svo_airport_small_17_79173_40842.png,masks/patches_512/svo_airport_small_17_79173_40842.png,1.0,"1,2,3,4",train
moscow_suburb_small_17_79295_40867,moscow_suburb_small,images/patches_512/moscow_suburb_small_17_79295_40867.png,masks/patches_512/moscow_suburb_small_17_79295_40867.png,1.0,"2,3,4",train
moscow_city_small_17_79239_40980,moscow_city_small,images/patches_512/moscow_city_small_17_79239_40980.png,masks/patches_512/moscow_city_small_17_79239_40980.png,0.563652,"1,3,4",train
moscow_city_small_17_79239_40994,moscow_city_small,images/patches_512/moscow_city_small_17_79239_40994.png,masks/patches_512/moscow_city_small_17_79239_40994.png,0.407303,"2,3,4",train
moscow_city_small_17_79234_40968,moscow_city_small,images/patches_512/moscow_city_small_17_79234_40968.png,masks/patches_512/moscow_city_small_17_79234_40968.png,0.724941,"2,3,4",train
moscow_suburb_small_17_79295_40873,moscow_suburb_small,images/patches_512/moscow_suburb_small_17_79295_40873.png,masks/patches_512/moscow_suburb_small_17_79295_40873.png,1.0,"2,3,4",train
moscow_suburb_small_17_79317_40858,moscow_suburb_small,images/patches_512/moscow_suburb_small_17_79317_40858.png,masks/patches_512/moscow_suburb_small_17_79317_40858.png,1.0,"2,3,4",train
moscow_suburb_small_17_79298_40864,moscow_suburb_small,images/patches_512/moscow_suburb_small_17_79298_40864.png,masks/patches_512/moscow_suburb_small_17_79298_40864.png,1.0,"2,3,4",train
moscow_city_small_17_79234_40983,moscow_city_small,images/patches_512/moscow_city_small_17_79234_40983.png,masks/patches_512/moscow_city_small_17_79234_40983.png,0.600975,"2,3,4",train
moscow_suburb_small_17_79298_40870,moscow_suburb_small,images/patches_512/moscow_suburb_small_17_79298_40870.png,masks/patches_512/moscow_suburb_small_17_79298_40870.png,1.0,"2,3,4",train
moscow_suburb_small_17_79317_40864,moscow_suburb_small,images/patches_512/moscow_suburb_small_17_79317_40864.png,masks/patches_512/moscow_suburb_small_17_79317_40864.png,1.0,"2,3,4",train
moscow_city_small_17_79228_40964,moscow_city_small,images/patches_512/moscow_city_small_17_79228_40964.png,masks/patches_512/moscow_city_small_17_79228_40964.png,0.791443,"2,3,4",train
moscow_suburb_small_17_79306_40843,moscow_suburb_small,images/patches_512/moscow_suburb_small_17_79306_40843.png,masks/patches_512/moscow_suburb_small_17_79306_40843.png,1.0,"2,3,4",train
moscow_suburb_small_17_79298_40858,moscow_suburb_small,images/patches_512/moscow_suburb_small_17_79298_40858.png,masks/patches_512/moscow_suburb_small_17_79298_40858.png,1.0,"2,3,4",train
moscow_suburb_small_17_79306_40857,moscow_suburb_small,images/patches_512/moscow_suburb_small_17_79306_40857.png,masks/patches_512/moscow_suburb_small_17_79306_40857.png,1.0,"1,2,3,4",train
moscow_suburb_small_17_79317_40870,moscow_suburb_small,images/patches_512/moscow_suburb_small_17_79317_40870.png,masks/patches_512/moscow_suburb_small_17_79317_40870.png,1.0,"1,2,3,4",train
moscow_city_small_17_79228_40970,moscow_city_small,images/patches_512/moscow_city_small_17_79228_40970.png,masks/patches_512/moscow_city_small_17_79228_40970.png,0.68108,"2,3,4",train
moscow_suburb_small_17_79303_40870,moscow_suburb_small,images/patches_512/moscow_suburb_small_17_79303_40870.png,masks/patches_512/moscow_suburb_small_17_79303_40870.png,1.0,"2,3,4",train
moscow_suburb_small_17_79312_40857,moscow_suburb_small,images/patches_512/moscow_suburb_small_17_79312_40857.png,masks/patches_512/moscow_suburb_small_17_79312_40857.png,1.0,"2,3,4",train
moscow_suburb_small_17_79312_40843,moscow_suburb_small,images/patches_512/moscow_suburb_small_17_79312_40843.png,masks/patches_512/moscow_suburb_small_17_79312_40843.png,1.0,"1,2,3,4",train
moscow_suburb_small_17_79303_40864,moscow_suburb_small,images/patches_512/moscow_suburb_small_17_79303_40864.png,masks/patches_512/moscow_suburb_small_17_79303_40864.png,1.0,"2,3,4",train
svo_airport_small_17_79160_40826,svo_airport_small,images/patches_512/svo_airport_small_17_79160_40826.png,masks/patches_512/svo_airport_small_17_79160_40826.png,1.0,"2,3,4",train
svo_airport_small_17_79154_40844,svo_airport_small,images/patches_512/svo_airport_small_17_79154_40844.png,masks/patches_512/svo_airport_small_17_79154_40844.png,1.0,"1,2,3,4",train
moscow_city_small_17_79220_40983,moscow_city_small,images/patches_512/moscow_city_small_17_79220_40983.png,masks/patches_512/moscow_city_small_17_79220_40983.png,0.559795,"2,3,4",train
moscow_city_small_17_79220_40968,moscow_city_small,images/patches_512/moscow_city_small_17_79220_40968.png,masks/patches_512/moscow_city_small_17_79220_40968.png,0.591278,"1,2,3,4",train
svo_airport_small_17_79167_40842,svo_airport_small,images/patches_512/svo_airport_small_17_79167_40842.png,masks/patches_512/svo_airport_small_17_79167_40842.png,1.0,"1,2,3,4",train
moscow_city_small_17_79231_40973,moscow_city_small,images/patches_512/moscow_city_small_17_79231_40973.png,masks/patches_512/moscow_city_small_17_79231_40973.png,0.681362,"1,2,3,4",train
moscow_city_small_17_79231_40967,moscow_city_small,images/patches_512/moscow_city_small_17_79231_40967.png,masks/patches_512/moscow_city_small_17_79231_40967.png,0.783962,"1,2,3,4",train
moscow_suburb_small_17_79300_40844,moscow_suburb_small,images/patches_512/moscow_suburb_small_17_79300_40844.png,masks/patches_512/moscow_suburb_small_17_79300_40844.png,1.0,"1,2,3,4",train
moscow_suburb_small_17_79311_40863,moscow_suburb_small,images/patches_512/moscow_suburb_small_17_79311_40863.png,masks/patches_512/moscow_suburb_small_17_79311_40863.png,1.0,"2,3,4",train
moscow_city_small_17_79232_40984,moscow_city_small,images/patches_512/moscow_city_small_17_79232_40984.png,masks/patches_512/moscow_city_small_17_79232_40984.png,0.611252,"2,3,4",train
moscow_city_small_17_79232_40990,moscow_city_small,images/patches_512/moscow_city_small_17_79232_40990.png,masks/patches_512/moscow_city_small_17_79232_40990.png,0.621861,"2,3,4",train
svo_airport_small_17_79150_40828,svo_airport_small,images/patches_512/svo_airport_small_17_79150_40828.png,masks/patches_512/svo_airport_small_17_79150_40828.png,1.0,"2,3,4",train
moscow_city_small_17_79223_40974,moscow_city_small,images/patches_512/moscow_city_small_17_79223_40974.png,masks/patches_512/moscow_city_small_17_79223_40974.png,0.624783,"2,3,4",train
moscow_city_small_17_79229_40974,moscow_city_small,images/patches_512/moscow_city_small_17_79229_40974.png,masks/patches_512/moscow_city_small_17_79229_40974.png,0.744831,"1,2,3,4",train
moscow_suburb_small_17_79316_40874,moscow_suburb_small,images/patches_512/moscow_suburb_small_17_79316_40874.png,masks/patches_512/moscow_suburb_small_17_79316_40874.png,1.0,"2,3,4",train
moscow_city_small_17_79224_40988,moscow_city_small,images/patches_512/moscow_city_small_17_79224_40988.png,masks/patches_512/moscow_city_small_17_79224_40988.png,0.937958,"1,2,3,4",train
moscow_suburb_small_17_79307_40853,moscow_suburb_small,images/patches_512/moscow_suburb_small_17_79307_40853.png,masks/patches_512/moscow_suburb_small_17_79307_40853.png,1.0,"1,2,3,4",train
moscow_suburb_small_17_79316_40860,moscow_suburb_small,images/patches_512/moscow_suburb_small_17_79316_40860.png,masks/patches_512/moscow_suburb_small_17_79316_40860.png,1.0,"2,3,4",train
moscow_suburb_small_17_79316_40848,moscow_suburb_small,images/patches_512/moscow_suburb_small_17_79316_40848.png,masks/patches_512/moscow_suburb_small_17_79316_40848.png,1.0,"1,2,3,4",train
moscow_city_small_17_79235_40993,moscow_city_small,images/patches_512/moscow_city_small_17_79235_40993.png,masks/patches_512/moscow_city_small_17_79235_40993.png,0.534214,"2,3,4",train
moscow_suburb_small_17_79299_40874,moscow_suburb_small,images/patches_512/moscow_suburb_small_17_79299_40874.png,masks/patches_512/moscow_suburb_small_17_79299_40874.png,1.0,"2,3,4",train
moscow_suburb_small_17_79299_40860,moscow_suburb_small,images/patches_512/moscow_suburb_small_17_79299_40860.png,masks/patches_512/moscow_suburb_small_17_79299_40860.png,1.0,"2,3,4",train
moscow_city_small_17_79235_40987,moscow_city_small,images/patches_512/moscow_city_small_17_79235_40987.png,masks/patches_512/moscow_city_small_17_79235_40987.png,0.5839,"2,3,4",train
moscow_city_small_17_79238_40990,moscow_city_small,images/patches_512/moscow_city_small_17_79238_40990.png,masks/patches_512/moscow_city_small_17_79238_40990.png,0.551037,"2,3,4",train
moscow_city_small_17_79235_40978,moscow_city_small,images/patches_512/moscow_city_small_17_79235_40978.png,masks/patches_512/moscow_city_small_17_79235_40978.png,1.0,"1,3,4",train
moscow_city_small_17_79238_40984,moscow_city_small,images/patches_512/moscow_city_small_17_79238_40984.png,masks/patches_512/moscow_city_small_17_79238_40984.png,0.552078,"1,2,3,4",train
svo_airport_small_17_79172_40846,svo_airport_small,images/patches_512/svo_airport_small_17_79172_40846.png,masks/patches_512/svo_airport_small_17_79172_40846.png,1.0,"2,3,4",train
moscow_city_small_17_79224_40977,moscow_city_small,images/patches_512/moscow_city_small_17_79224_40977.png,masks/patches_512/moscow_city_small_17_79224_40977.png,0.69836,"1,2,3,4",train
svo_airport_small_17_79167_40825,svo_airport_small,images/patches_512/svo_airport_small_17_79167_40825.png,masks/patches_512/svo_airport_small_17_79167_40825.png,1.0,"2,3,4",train
svo_airport_small_17_79159_40820,svo_airport_small,images/patches_512/svo_airport_small_17_79159_40820.png,masks/patches_512/svo_airport_small_17_79159_40820.png,1.0,"2,3,4",train
moscow_suburb_small_17_79315_40854,moscow_suburb_small,images/patches_512/moscow_suburb_small_17_79315_40854.png,masks/patches_512/moscow_suburb_small_17_79315_40854.png,1.0,"2,3,4",train
moscow_city_small_17_79219_40991,moscow_city_small,images/patches_512/moscow_city_small_17_79219_40991.png,masks/patches_512/moscow_city_small_17_79219_40991.png,0.55555,"2,3,4",train
moscow_city_small_17_79227_40980,moscow_city_small,images/patches_512/moscow_city_small_17_79227_40980.png,masks/patches_512/moscow_city_small_17_79227_40980.png,0.799881,"1,2,3,4",train
moscow_city_small_17_79227_40994,moscow_city_small,images/patches_512/moscow_city_small_17_79227_40994.png,masks/patches_512/moscow_city_small_17_79227_40994.png,0.398037,"2,3,4",train
moscow_suburb_small_17_79315_40868,moscow_suburb_small,images/patches_512/moscow_suburb_small_17_79315_40868.png,masks/patches_512/moscow_suburb_small_17_79315_40868.png,1.0,"2,3,4",train
moscow_city_small_17_79219_40985,moscow_city_small,images/patches_512/moscow_city_small_17_79219_40985.png,masks/patches_512/moscow_city_small_17_79219_40985.png,0.626942,"2,3,4",train
moscow_suburb_small_17_79297_40843,moscow_suburb_small,images/patches_512/moscow_suburb_small_17_79297_40843.png,masks/patches_512/moscow_suburb_small_17_79297_40843.png,1.0,"1,2,3,4",train
moscow_suburb_small_17_79297_40857,moscow_suburb_small,images/patches_512/moscow_suburb_small_17_79297_40857.png,masks/patches_512/moscow_suburb_small_17_79297_40857.png,1.0,"2,3,4",train
moscow_city_small_17_79236_40964,moscow_city_small,images/patches_512/moscow_city_small_17_79236_40964.png,masks/patches_512/moscow_city_small_17_79236_40964.png,0.724827,"2,3,4",train
moscow_suburb_small_17_79309_40864,moscow_suburb_small,images/patches_512/moscow_suburb_small_17_79309_40864.png,masks/patches_512/moscow_suburb_small_17_79309_40864.png,1.0,"1,2,3,4",train
moscow_city_small_17_79236_40970,moscow_city_small,images/patches_512/moscow_city_small_17_79236_40970.png,masks/patches_512/moscow_city_small_17_79236_40970.png,0.730812,"2,3,4",train
svo_airport_small_17_79154_40823,svo_airport_small,images/patches_512/svo_airport_small_17_79154_40823.png,masks/patches_512/svo_airport_small_17_79154_40823.png,1.0,"1,2,3,4",train
moscow_suburb_small_17_79318_40857,moscow_suburb_small,images/patches_512/moscow_suburb_small_17_79318_40857.png,masks/patches_512/moscow_suburb_small_17_79318_40857.png,1.0,"2,3,4",train
moscow_city_small_17_79222_40970,moscow_city_small,images/patches_512/moscow_city_small_17_79222_40970.png,masks/patches_512/moscow_city_small_17_79222_40970.png,0.510044,"1,2,3,4",train
moscow_city_small_17_79222_40964,moscow_city_small,images/patches_512/moscow_city_small_17_79222_40964.png,masks/patches_512/moscow_city_small_17_79222_40964.png,0.624916,"2,3,4",train
svo_airport_small_17_79151_40838,svo_airport_small,images/patches_512/svo_airport_small_17_79151_40838.png,masks/patches_512/svo_airport_small_17_79151_40838.png,1.0,"2,3,4",train
moscow_suburb_small_17_79301_40868,moscow_suburb_small,images/patches_512/moscow_suburb_small_17_79301_40868.png,masks/patches_512/moscow_suburb_small_17_79301_40868.png,1.0,"2,3,4",train
moscow_city_small_17_79233_40994,moscow_city_small,images/patches_512/moscow_city_small_17_79233_40994.png,masks/patches_512/moscow_city_small_17_79233_40994.png,0.446709,"2,3,4",train
moscow_city_small_17_79233_40980,moscow_city_small,images/patches_512/moscow_city_small_17_79233_40980.png,masks/patches_512/moscow_city_small_17_79233_40980.png,0.745911,"1,2,3,4",train
moscow_suburb_small_17_79301_40854,moscow_suburb_small,images/patches_512/moscow_suburb_small_17_79301_40854.png,masks/patches_512/moscow_suburb_small_17_79301_40854.png,1.0,"2,3,4",train
svo_airport_small_17_79173_40831,svo_airport_small,images/patches_512/svo_airport_small_17_79173_40831.png,masks/patches_512/svo_airport_small_17_79173_40831.png,1.0,"1,2,3,4",train
moscow_suburb_small_17_79301_40840,moscow_suburb_small,images/patches_512/moscow_suburb_small_17_79301_40840.png,masks/patches_512/moscow_suburb_small_17_79301_40840.png,1.0,"1,2,3,4",train
moscow_city_small_17_79230_40977,moscow_city_small,images/patches_512/moscow_city_small_17_79230_40977.png,masks/patches_512/moscow_city_small_17_79230_40977.png,0.829659,"1,2,3,4",train
svo_airport_small_17_79152_40824,svo_airport_small,images/patches_512/svo_airport_small_17_79152_40824.png,masks/patches_512/svo_airport_small_17_79152_40824.png,1.0,"2,3,4",train
rostov_open_small_17_80196_45976,rostov_open_small,images/patches_512/rostov_open_small_17_80196_45976.png,masks/patches_512/rostov_open_small_17_80196_45976.png,1.0,"1,2,3,4",train
moscow_city_small_17_79221_40978,moscow_city_small,images/patches_512/moscow_city_small_17_79221_40978.png,masks/patches_512/moscow_city_small_17_79221_40978.png,0.626938,"1,2,3,4",train
svo_airport_small_17_79158_40843,svo_airport_small,images/patches_512/svo_airport_small_17_79158_40843.png,masks/patches_512/svo_airport_small_17_79158_40843.png,1.0,"1,2,3,4",train
moscow_city_small_17_79221_40987,moscow_city_small,images/patches_512/moscow_city_small_17_79221_40987.png,masks/patches_512/moscow_city_small_17_79221_40987.png,0.647232,"2,3,4",train
svo_airport_small_17_79170_40839,svo_airport_small,images/patches_512/svo_airport_small_17_79170_40839.png,masks/patches_512/svo_airport_small_17_79170_40839.png,1.0,"1,2,3,4",train
moscow_city_small_17_79221_40993,moscow_city_small,images/patches_512/moscow_city_small_17_79221_40993.png,masks/patches_512/moscow_city_small_17_79221_40993.png,0.798748,"1,2,3,4",train
karelia_forest_small_17_76711_36722,karelia_forest_small,images/patches_512/karelia_forest_small_17_76711_36722.png,masks/patches_512/karelia_forest_small_17_76711_36722.png,1.0,"1,2",test
svo_airport_small_17_79155_40840,svo_airport_small,images/patches_512/svo_airport_small_17_79155_40840.png,masks/patches_512/svo_airport_small_17_79155_40840.png,1.0,"2,3,4",train
moscow_suburb_small_17_79302_40848,moscow_suburb_small,images/patches_512/moscow_suburb_small_17_79302_40848.png,masks/patches_512/moscow_suburb_small_17_79302_40848.png,1.0,"2,3,4",train
svo_airport_small_17_79161_40822,svo_airport_small,images/patches_512/svo_airport_small_17_79161_40822.png,masks/patches_512/svo_airport_small_17_79161_40822.png,1.0,"1,2,3,4",train
moscow_suburb_small_17_79302_40860,moscow_suburb_small,images/patches_512/moscow_suburb_small_17_79302_40860.png,masks/patches_512/moscow_suburb_small_17_79302_40860.png,1.0,"2,3,4",train
moscow_suburb_small_17_79313_40853,moscow_suburb_small,images/patches_512/moscow_suburb_small_17_79313_40853.png,masks/patches_512/moscow_suburb_small_17_79313_40853.png,1.0,"2,3,4",train
moscow_city_small_17_79230_40988,moscow_city_small,images/patches_512/moscow_city_small_17_79230_40988.png,masks/patches_512/moscow_city_small_17_79230_40988.png,0.566189,"2,3,4",train
svo_airport_small_17_79161_40836,svo_airport_small,images/patches_512/svo_airport_small_17_79161_40836.png,masks/patches_512/svo_airport_small_17_79161_40836.png,1.0,"2,3,4",train
moscow_suburb_small_17_79313_40852,moscow_suburb_small,images/patches_512/moscow_suburb_small_17_79313_40852.png,masks/patches_512/moscow_suburb_small_17_79313_40852.png,1.0,"2,3,4",train
moscow_suburb_small_17_79302_40875,moscow_suburb_small,images/patches_512/moscow_suburb_small_17_79302_40875.png,masks/patches_512/moscow_suburb_small_17_79302_40875.png,1.0,"2,3,4",train
svo_airport_small_17_79161_40837,svo_airport_small,images/patches_512/svo_airport_small_17_79161_40837.png,masks/patches_512/svo_airport_small_17_79161_40837.png,1.0,"2,3,4",train
moscow_city_small_17_79230_40989,moscow_city_small,images/patches_512/moscow_city_small_17_79230_40989.png,masks/patches_512/moscow_city_small_17_79230_40989.png,0.622871,"2,3,4",train
moscow_suburb_small_17_79302_40861,moscow_suburb_small,images/patches_512/moscow_suburb_small_17_79302_40861.png,masks/patches_512/moscow_suburb_small_17_79302_40861.png,1.0,"2,3,4",train
svo_airport_small_17_79161_40823,svo_airport_small,images/patches_512/svo_airport_small_17_79161_40823.png,masks/patches_512/svo_airport_small_17_79161_40823.png,1.0,"1,2,3,4",train
moscow_city_small_17_79221_40992,moscow_city_small,images/patches_512/moscow_city_small_17_79221_40992.png,masks/patches_512/moscow_city_small_17_79221_40992.png,0.756756,"1,2,3,4",train
moscow_suburb_small_17_79302_40849,moscow_suburb_small,images/patches_512/moscow_suburb_small_17_79302_40849.png,masks/patches_512/moscow_suburb_small_17_79302_40849.png,1.0,"2,3,4",train
svo_airport_small_17_79170_40838,svo_airport_small,images/patches_512/svo_airport_small_17_79170_40838.png,masks/patches_512/svo_airport_small_17_79170_40838.png,1.0,"1,2,3,4",train
moscow_city_small_17_79221_40986,moscow_city_small,images/patches_512/moscow_city_small_17_79221_40986.png,masks/patches_512/moscow_city_small_17_79221_40986.png,0.649666,"2,3,4",train
svo_airport_small_17_79158_40842,svo_airport_small,images/patches_512/svo_airport_small_17_79158_40842.png,masks/patches_512/svo_airport_small_17_79158_40842.png,1.0,"2,3,4",train
krasnodar_fields_small_17_79673_46793,krasnodar_fields_small,images/patches_512/krasnodar_fields_small_17_79673_46793.png,masks/patches_512/krasnodar_fields_small_17_79673_46793.png,1.0,"2,3,4",val
rostov_open_small_17_80196_45977,rostov_open_small,images/patches_512/rostov_open_small_17_80196_45977.png,masks/patches_512/rostov_open_small_17_80196_45977.png,1.0,"1,2,3,4",train
moscow_city_small_17_79221_40979,moscow_city_small,images/patches_512/moscow_city_small_17_79221_40979.png,masks/patches_512/moscow_city_small_17_79221_40979.png,0.568165,"1,3,4",train
svo_airport_small_17_79152_40825,svo_airport_small,images/patches_512/svo_airport_small_17_79152_40825.png,masks/patches_512/svo_airport_small_17_79152_40825.png,1.0,"2,3,4",train
moscow_city_small_17_79230_40976,moscow_city_small,images/patches_512/moscow_city_small_17_79230_40976.png,masks/patches_512/moscow_city_small_17_79230_40976.png,0.797565,"1,2,3,4",train
moscow_suburb_small_17_79301_40841,moscow_suburb_small,images/patches_512/moscow_suburb_small_17_79301_40841.png,masks/patches_512/moscow_suburb_small_17_79301_40841.png,1.0,"1,2,3,4",train
svo_airport_small_17_79162_40817,svo_airport_small,images/patches_512/svo_airport_small_17_79162_40817.png,masks/patches_512/svo_airport_small_17_79162_40817.png,1.0,"2,3,4",train
moscow_suburb_small_17_79301_40855,moscow_suburb_small,images/patches_512/moscow_suburb_small_17_79301_40855.png,masks/patches_512/moscow_suburb_small_17_79301_40855.png,1.0,"2,3,4",train
moscow_city_small_17_79233_40981,moscow_city_small,images/patches_512/moscow_city_small_17_79233_40981.png,masks/patches_512/moscow_city_small_17_79233_40981.png,0.693726,"2,3,4",train
moscow_city_small_17_79233_40995,moscow_city_small,images/patches_512/moscow_city_small_17_79233_40995.png,masks/patches_512/moscow_city_small_17_79233_40995.png,0.423649,"2,3,4",train
moscow_suburb_small_17_79301_40869,moscow_suburb_small,images/patches_512/moscow_suburb_small_17_79301_40869.png,masks/patches_512/moscow_suburb_small_17_79301_40869.png,1.0,"2,3,4",train
moscow_city_small_17_79222_40965,moscow_city_small,images/patches_512/moscow_city_small_17_79222_40965.png,masks/patches_512/moscow_city_small_17_79222_40965.png,0.66761,"1,2,3,4",train
moscow_city_small_17_79222_40971,moscow_city_small,images/patches_512/moscow_city_small_17_79222_40971.png,masks/patches_512/moscow_city_small_17_79222_40971.png,0.569286,"2,3,4",train
svo_airport_small_17_79154_40822,svo_airport_small,images/patches_512/svo_airport_small_17_79154_40822.png,masks/patches_512/svo_airport_small_17_79154_40822.png,1.0,"1,2,3,4",train
moscow_city_small_17_79236_40971,moscow_city_small,images/patches_512/moscow_city_small_17_79236_40971.png,masks/patches_512/moscow_city_small_17_79236_40971.png,0.733662,"2,3,4",train
moscow_suburb_small_17_79318_40856,moscow_suburb_small,images/patches_512/moscow_suburb_small_17_79318_40856.png,masks/patches_512/moscow_suburb_small_17_79318_40856.png,1.0,"2,3,4",train
moscow_suburb_small_17_79318_40842,moscow_suburb_small,images/patches_512/moscow_suburb_small_17_79318_40842.png,masks/patches_512/moscow_suburb_small_17_79318_40842.png,1.0,"2,3,4",train
moscow_suburb_small_17_79309_40865,moscow_suburb_small,images/patches_512/moscow_suburb_small_17_79309_40865.png,masks/patches_512/moscow_suburb_small_17_79309_40865.png,1.0,"1,2,3,4",train
moscow_city_small_17_79236_40965,moscow_city_small,images/patches_512/moscow_city_small_17_79236_40965.png,masks/patches_512/moscow_city_small_17_79236_40965.png,0.755592,"2,3,4",train
moscow_suburb_small_17_79297_40856,moscow_suburb_small,images/patches_512/moscow_suburb_small_17_79297_40856.png,masks/patches_512/moscow_suburb_small_17_79297_40856.png,1.0,"2,3,4",train
moscow_suburb_small_17_79297_40842,moscow_suburb_small,images/patches_512/moscow_suburb_small_17_79297_40842.png,masks/patches_512/moscow_suburb_small_17_79297_40842.png,1.0,"1,2,3,4",train
moscow_suburb_small_17_79309_40859,moscow_suburb_small,images/patches_512/moscow_suburb_small_17_79309_40859.png,masks/patches_512/moscow_suburb_small_17_79309_40859.png,1.0,"2,3,4",train
moscow_city_small_17_79219_40984,moscow_city_small,images/patches_512/moscow_city_small_17_79219_40984.png,masks/patches_512/moscow_city_small_17_79219_40984.png,0.584839,"2,3,4",train
moscow_suburb_small_17_79315_40869,moscow_suburb_small,images/patches_512/moscow_suburb_small_17_79315_40869.png,masks/patches_512/moscow_suburb_small_17_79315_40869.png,1.0,"2,3,4",train
moscow_city_small_17_79227_40995,moscow_city_small,images/patches_512/moscow_city_small_17_79227_40995.png,masks/patches_512/moscow_city_small_17_79227_40995.png,0.436115,"2,3,4",train
moscow_city_small_17_79227_40981,moscow_city_small,images/patches_512/moscow_city_small_17_79227_40981.png,masks/patches_512/moscow_city_small_17_79227_40981.png,0.740307,"1,2,3,4",train
moscow_city_small_17_79219_40990,moscow_city_small,images/patches_512/moscow_city_small_17_79219_40990.png,masks/patches_512/moscow_city_small_17_79219_40990.png,0.623962,"2,3,4",train
svo_airport_small_17_79159_40821,svo_airport_small,images/patches_512/svo_airport_small_17_79159_40821.png,masks/patches_512/svo_airport_small_17_79159_40821.png,1.0,"2,3,4",train
moscow_suburb_small_17_79304_40872,moscow_suburb_small,images/patches_512/moscow_suburb_small_17_79304_40872.png,masks/patches_512/moscow_suburb_small_17_79304_40872.png,1.0,"2,3,4",train
moscow_suburb_small_17_79315_40855,moscow_suburb_small,images/patches_512/moscow_suburb_small_17_79315_40855.png,masks/patches_512/moscow_suburb_small_17_79315_40855.png,1.0,"2,3,4",train
moscow_suburb_small_17_79315_40841,moscow_suburb_small,images/patches_512/moscow_suburb_small_17_79315_40841.png,masks/patches_512/moscow_suburb_small_17_79315_40841.png,1.0,"1,2,3,4",train
moscow_suburb_small_17_79304_40866,moscow_suburb_small,images/patches_512/moscow_suburb_small_17_79304_40866.png,masks/patches_512/moscow_suburb_small_17_79304_40866.png,1.0,"2,3,4",train
moscow_city_small_17_79224_40976,moscow_city_small,images/patches_512/moscow_city_small_17_79224_40976.png,masks/patches_512/moscow_city_small_17_79224_40976.png,0.690624,"1,2,3,4",train
moscow_city_small_17_79238_40985,moscow_city_small,images/patches_512/moscow_city_small_17_79238_40985.png,masks/patches_512/moscow_city_small_17_79238_40985.png,0.583057,"2,3,4",train
moscow_city_small_17_79235_40979,moscow_city_small,images/patches_512/moscow_city_small_17_79235_40979.png,masks/patches_512/moscow_city_small_17_79235_40979.png,0.879513,"1,2,3,4",train
moscow_city_small_17_79238_40991,moscow_city_small,images/patches_512/moscow_city_small_17_79238_40991.png,masks/patches_512/moscow_city_small_17_79238_40991.png,0.453247,"2,3,4",train
moscow_city_small_17_79235_40986,moscow_city_small,images/patches_512/moscow_city_small_17_79235_40986.png,masks/patches_512/moscow_city_small_17_79235_40986.png,0.569771,"3,4",train
moscow_suburb_small_17_79299_40861,moscow_suburb_small,images/patches_512/moscow_suburb_small_17_79299_40861.png,masks/patches_512/moscow_suburb_small_17_79299_40861.png,1.0,"2,3,4",train
moscow_suburb_small_17_79316_40849,moscow_suburb_small,images/patches_512/moscow_suburb_small_17_79316_40849.png,masks/patches_512/moscow_suburb_small_17_79316_40849.png,1.0,"2,3,4",train
karelia_forest_small_17_76714_36704,karelia_forest_small,images/patches_512/karelia_forest_small_17_76714_36704.png,masks/patches_512/karelia_forest_small_17_76714_36704.png,1.0,"1,2,4",test
moscow_suburb_small_17_79299_40875,moscow_suburb_small,images/patches_512/moscow_suburb_small_17_79299_40875.png,masks/patches_512/moscow_suburb_small_17_79299_40875.png,1.0,"2,3",train
moscow_city_small_17_79235_40992,moscow_city_small,images/patches_512/moscow_city_small_17_79235_40992.png,masks/patches_512/moscow_city_small_17_79235_40992.png,0.563004,"2,3,4",train
moscow_suburb_small_17_79316_40861,moscow_suburb_small,images/patches_512/moscow_suburb_small_17_79316_40861.png,masks/patches_512/moscow_suburb_small_17_79316_40861.png,1.0,"2,3,4",train
moscow_city_small_17_79224_40989,moscow_city_small,images/patches_512/moscow_city_small_17_79224_40989.png,masks/patches_512/moscow_city_small_17_79224_40989.png,0.999786,"1,2,3,4",train
moscow_suburb_small_17_79316_40875,moscow_suburb_small,images/patches_512/moscow_suburb_small_17_79316_40875.png,masks/patches_512/moscow_suburb_small_17_79316_40875.png,1.0,"2,3,4",train
moscow_city_small_17_79229_40975,moscow_city_small,images/patches_512/moscow_city_small_17_79229_40975.png,masks/patches_512/moscow_city_small_17_79229_40975.png,0.763889,"1,2,3,4",train
moscow_suburb_small_17_79307_40852,moscow_suburb_small,images/patches_512/moscow_suburb_small_17_79307_40852.png,masks/patches_512/moscow_suburb_small_17_79307_40852.png,1.0,"1,2,3,4",train
moscow_suburb_small_17_79316_40863,moscow_suburb_small,images/patches_512/moscow_suburb_small_17_79316_40863.png,masks/patches_512/moscow_suburb_small_17_79316_40863.png,1.0,"2,3,4",train
moscow_suburb_small_17_79307_40844,moscow_suburb_small,images/patches_512/moscow_suburb_small_17_79307_40844.png,masks/patches_512/moscow_suburb_small_17_79307_40844.png,1.0,"2,3,4",train
moscow_suburb_small_17_79307_40850,moscow_suburb_small,images/patches_512/moscow_suburb_small_17_79307_40850.png,masks/patches_512/moscow_suburb_small_17_79307_40850.png,1.0,"1,2,3,4",train
moscow_suburb_small_17_79316_40877,moscow_suburb_small,images/patches_512/moscow_suburb_small_17_79316_40877.png,masks/patches_512/moscow_suburb_small_17_79316_40877.png,1.0,"1,2,3,4",train
moscow_city_small_17_79229_40977,moscow_city_small,images/patches_512/moscow_city_small_17_79229_40977.png,masks/patches_512/moscow_city_small_17_79229_40977.png,0.686771,"1,2,3,4",train
moscow_suburb_small_17_79299_40863,moscow_suburb_small,images/patches_512/moscow_suburb_small_17_79299_40863.png,masks/patches_512/moscow_suburb_small_17_79299_40863.png,1.0,"2,3,4",train
moscow_city_small_17_79238_40978,moscow_city_small,images/patches_512/moscow_city_small_17_79238_40978.png,masks/patches_512/moscow_city_small_17_79238_40978.png,0.93713,"1,3,4",train
moscow_city_small_17_79235_40984,moscow_city_small,images/patches_512/moscow_city_small_17_79235_40984.png,masks/patches_512/moscow_city_small_17_79235_40984.png,0.602062,"2,3,4",train
moscow_city_small_17_79235_40990,moscow_city_small,images/patches_512/moscow_city_small_17_79235_40990.png,masks/patches_512/moscow_city_small_17_79235_40990.png,0.648216,"2,3,4",train
svo_airport_small_17_79172_40845,svo_airport_small,images/patches_512/svo_airport_small_17_79172_40845.png,masks/patches_512/svo_airport_small_17_79172_40845.png,1.0,"2,3,4",train
moscow_suburb_small_17_79294_40860,moscow_suburb_small,images/patches_512/moscow_suburb_small_17_79294_40860.png,masks/patches_512/moscow_suburb_small_17_79294_40860.png,1.0,"2,3,4",train
svo_airport_small_17_79157_40828,svo_airport_small,images/patches_512/svo_airport_small_17_79157_40828.png,masks/patches_512/svo_airport_small_17_79157_40828.png,1.0,"2,3,4",train
svo_airport_small_17_79169_40839,svo_airport_small,images/patches_512/svo_airport_small_17_79169_40839.png,masks/patches_512/svo_airport_small_17_79169_40839.png,1.0,"1,2,3,4",train
moscow_city_small_17_79238_40987,moscow_city_small,images/patches_512/moscow_city_small_17_79238_40987.png,masks/patches_512/moscow_city_small_17_79238_40987.png,0.532967,"2,3,4",train
moscow_city_small_17_79238_40993,moscow_city_small,images/patches_512/moscow_city_small_17_79238_40993.png,masks/patches_512/moscow_city_small_17_79238_40993.png,0.594055,"2,3,4",train
moscow_suburb_small_17_79294_40848,moscow_suburb_small,images/patches_512/moscow_suburb_small_17_79294_40848.png,masks/patches_512/moscow_suburb_small_17_79294_40848.png,1.0,"2,3,4",train
moscow_city_small_17_79224_40974,moscow_city_small,images/patches_512/moscow_city_small_17_79224_40974.png,masks/patches_512/moscow_city_small_17_79224_40974.png,0.645195,"1,2,3,4",train
moscow_city_small_17_79229_40988,moscow_city_small,images/patches_512/moscow_city_small_17_79229_40988.png,masks/patches_512/moscow_city_small_17_79229_40988.png,0.513847,"2,3,4",train
moscow_suburb_small_17_79315_40857,moscow_suburb_small,images/patches_512/moscow_suburb_small_17_79315_40857.png,masks/patches_512/moscow_suburb_small_17_79315_40857.png,1.0,"2,3,4",train
moscow_suburb_small_17_79304_40870,moscow_suburb_small,images/patches_512/moscow_suburb_small_17_79304_40870.png,masks/patches_512/moscow_suburb_small_17_79304_40870.png,1.0,"2,3,4",train
svo_airport_small_17_79159_40823,svo_airport_small,images/patches_512/svo_airport_small_17_79159_40823.png,masks/patches_512/svo_airport_small_17_79159_40823.png,1.0,"2,3,4",train
moscow_suburb_small_17_79304_40864,moscow_suburb_small,images/patches_512/moscow_suburb_small_17_79304_40864.png,masks/patches_512/moscow_suburb_small_17_79304_40864.png,1.0,"2,3,4",train
moscow_suburb_small_17_79315_40843,moscow_suburb_small,images/patches_512/moscow_suburb_small_17_79315_40843.png,masks/patches_512/moscow_suburb_small_17_79315_40843.png,1.0,"1,2,3,4",train
moscow_city_small_17_79219_40986,moscow_city_small,images/patches_512/moscow_city_small_17_79219_40986.png,masks/patches_512/moscow_city_small_17_79219_40986.png,0.581211,"2,3,4",train
svo_airport_small_17_79153_40844,svo_airport_small,images/patches_512/svo_airport_small_17_79153_40844.png,masks/patches_512/svo_airport_small_17_79153_40844.png,1.0,"1,2,3,4",train
moscow_city_small_17_79219_40992,moscow_city_small,images/patches_512/moscow_city_small_17_79219_40992.png,masks/patches_512/moscow_city_small_17_79219_40992.png,0.460732,"2,3,4",train
moscow_city_small_17_79227_40983,moscow_city_small,images/patches_512/moscow_city_small_17_79227_40983.png,masks/patches_512/moscow_city_small_17_79227_40983.png,0.822136,"1,2,3,4",train
moscow_suburb_small_17_79318_40868,moscow_suburb_small,images/patches_512/moscow_suburb_small_17_79318_40868.png,masks/patches_512/moscow_suburb_small_17_79318_40868.png,1.0,"2,3,4",train
moscow_city_small_17_79227_40968,moscow_city_small,images/patches_512/moscow_city_small_17_79227_40968.png,masks/patches_512/moscow_city_small_17_79227_40968.png,0.769356,"2,3,4",train
moscow_city_small_17_79219_40979,moscow_city_small,images/patches_512/moscow_city_small_17_79219_40979.png,masks/patches_512/moscow_city_small_17_79219_40979.png,0.584961,"1,2,3,4",train
moscow_suburb_small_17_79318_40854,moscow_suburb_small,images/patches_512/moscow_suburb_small_17_79318_40854.png,masks/patches_512/moscow_suburb_small_17_79318_40854.png,1.0,"2,3,4",train
moscow_city_small_17_79236_40973,moscow_city_small,images/patches_512/moscow_city_small_17_79236_40973.png,masks/patches_512/moscow_city_small_17_79236_40973.png,0.784847,"2,3,4",train
svo_airport_small_17_79154_40820,svo_airport_small,images/patches_512/svo_airport_small_17_79154_40820.png,masks/patches_512/svo_airport_small_17_79154_40820.png,1.0,"1,2,3,4",train
moscow_suburb_small_17_79297_40868,moscow_suburb_small,images/patches_512/moscow_suburb_small_17_79297_40868.png,masks/patches_512/moscow_suburb_small_17_79297_40868.png,1.0,"2,3,4",train
moscow_city_small_17_79236_40967,moscow_city_small,images/patches_512/moscow_city_small_17_79236_40967.png,masks/patches_512/moscow_city_small_17_79236_40967.png,0.714909,"3,4",train
moscow_city_small_17_79222_40967,moscow_city_small,images/patches_512/moscow_city_small_17_79222_40967.png,masks/patches_512/moscow_city_small_17_79222_40967.png,0.742908,"1,2,3,4",train
moscow_city_small_17_79222_40973,moscow_city_small,images/patches_512/moscow_city_small_17_79222_40973.png,masks/patches_512/moscow_city_small_17_79222_40973.png,0.680527,"2,3,4",train
moscow_city_small_17_79233_40968,moscow_city_small,images/patches_512/moscow_city_small_17_79233_40968.png,masks/patches_512/moscow_city_small_17_79233_40968.png,0.76445,"1,2,3,4",train
moscow_city_small_17_79233_40983,moscow_city_small,images/patches_512/moscow_city_small_17_79233_40983.png,masks/patches_512/moscow_city_small_17_79233_40983.png,0.602676,"2,3,4",train
moscow_suburb_small_17_79310_40858,moscow_suburb_small,images/patches_512/moscow_suburb_small_17_79310_40858.png,masks/patches_512/moscow_suburb_small_17_79310_40858.png,1.0,"2,3,4",train
krasnodar_fields_small_17_79652_46784,krasnodar_fields_small,images/patches_512/krasnodar_fields_small_17_79652_46784.png,masks/patches_512/krasnodar_fields_small_17_79652_46784.png,1.0,"1,2",val
moscow_suburb_small_17_79301_40843,moscow_suburb_small,images/patches_512/moscow_suburb_small_17_79301_40843.png,masks/patches_512/moscow_suburb_small_17_79301_40843.png,1.0,"1,2,3,4",train
moscow_suburb_small_17_79310_40864,moscow_suburb_small,images/patches_512/moscow_suburb_small_17_79310_40864.png,masks/patches_512/moscow_suburb_small_17_79310_40864.png,1.0,"2,3,4",train
svo_airport_small_17_79173_40832,svo_airport_small,images/patches_512/svo_airport_small_17_79173_40832.png,masks/patches_512/svo_airport_small_17_79173_40832.png,1.0,"1,2,3,4",train
moscow_suburb_small_17_79301_40857,moscow_suburb_small,images/patches_512/moscow_suburb_small_17_79301_40857.png,masks/patches_512/moscow_suburb_small_17_79301_40857.png,1.0,"2,3,4",train
karelia_forest_small_17_76716_36745,karelia_forest_small,images/patches_512/karelia_forest_small_17_76716_36745.png,masks/patches_512/karelia_forest_small_17_76716_36745.png,1.0,"1,2",test
moscow_city_small_17_79230_40974,moscow_city_small,images/patches_512/moscow_city_small_17_79230_40974.png,masks/patches_512/moscow_city_small_17_79230_40974.png,0.768345,"1,2,3,4",train
svo_airport_small_17_79152_40827,svo_airport_small,images/patches_512/svo_airport_small_17_79152_40827.png,masks/patches_512/svo_airport_small_17_79152_40827.png,1.0,"2,3,4",train
karelia_forest_small_17_76711_36721,karelia_forest_small,images/patches_512/karelia_forest_small_17_76711_36721.png,masks/patches_512/karelia_forest_small_17_76711_36721.png,1.0,"1,2",test
moscow_city_small_17_79221_40990,moscow_city_small,images/patches_512/moscow_city_small_17_79221_40990.png,masks/patches_512/moscow_city_small_17_79221_40990.png,0.556072,"1,2,3,4",train
moscow_city_small_17_79221_40984,moscow_city_small,images/patches_512/moscow_city_small_17_79221_40984.png,masks/patches_512/moscow_city_small_17_79221_40984.png,0.557354,"3,4",train
karelia_forest_small_17_76711_36735,karelia_forest_small,images/patches_512/karelia_forest_small_17_76711_36735.png,masks/patches_512/karelia_forest_small_17_76711_36735.png,1.0,"1,2,4",test
svo_airport_small_17_79161_40835,svo_airport_small,images/patches_512/svo_airport_small_17_79161_40835.png,masks/patches_512/svo_airport_small_17_79161_40835.png,1.0,"2,3,4",train
moscow_suburb_small_17_79313_40850,moscow_suburb_small,images/patches_512/moscow_suburb_small_17_79313_40850.png,masks/patches_512/moscow_suburb_small_17_79313_40850.png,1.0,"2,3,4",train
moscow_suburb_small_17_79313_40844,moscow_suburb_small,images/patches_512/moscow_suburb_small_17_79313_40844.png,masks/patches_512/moscow_suburb_small_17_79313_40844.png,1.0,"2,3,4",train
moscow_suburb_small_17_79302_40863,moscow_suburb_small,images/patches_512/moscow_suburb_small_17_79302_40863.png,masks/patches_512/moscow_suburb_small_17_79302_40863.png,1.0,"2,3,4",train
svo_airport_small_17_79161_40821,svo_airport_small,images/patches_512/svo_airport_small_17_79161_40821.png,masks/patches_512/svo_airport_small_17_79161_40821.png,1.0,"2,3,4",train
svo_airport_small_17_79161_40820,svo_airport_small,images/patches_512/svo_airport_small_17_79161_40820.png,masks/patches_512/svo_airport_small_17_79161_40820.png,1.0,"1,2,3,4",train
moscow_suburb_small_17_79302_40862,moscow_suburb_small,images/patches_512/moscow_suburb_small_17_79302_40862.png,masks/patches_512/moscow_suburb_small_17_79302_40862.png,1.0,"2,3,4",train
moscow_suburb_small_17_79313_40851,moscow_suburb_small,images/patches_512/moscow_suburb_small_17_79313_40851.png,masks/patches_512/moscow_suburb_small_17_79313_40851.png,1.0,"2,3,4",train
moscow_city_small_17_79221_40985,moscow_city_small,images/patches_512/moscow_city_small_17_79221_40985.png,masks/patches_512/moscow_city_small_17_79221_40985.png,0.588947,"2,3,4",train
moscow_city_small_17_79221_40991,moscow_city_small,images/patches_512/moscow_city_small_17_79221_40991.png,masks/patches_512/moscow_city_small_17_79221_40991.png,0.698959,"1,2,3,4",train
svo_airport_small_17_79152_40826,svo_airport_small,images/patches_512/svo_airport_small_17_79152_40826.png,masks/patches_512/svo_airport_small_17_79152_40826.png,1.0,"2,3,4",train
moscow_city_small_17_79230_40975,moscow_city_small,images/patches_512/moscow_city_small_17_79230_40975.png,masks/patches_512/moscow_city_small_17_79230_40975.png,0.770618,"1,2,3,4",train
moscow_suburb_small_17_79301_40856,moscow_suburb_small,images/patches_512/moscow_suburb_small_17_79301_40856.png,masks/patches_512/moscow_suburb_small_17_79301_40856.png,1.0,"2,3,4",train
moscow_suburb_small_17_79301_40842,moscow_suburb_small,images/patches_512/moscow_suburb_small_17_79301_40842.png,masks/patches_512/moscow_suburb_small_17_79301_40842.png,1.0,"1,2,3,4",train
moscow_suburb_small_17_79310_40865,moscow_suburb_small,images/patches_512/moscow_suburb_small_17_79310_40865.png,masks/patches_512/moscow_suburb_small_17_79310_40865.png,1.0,"1,2,3,4",train
krasnodar_fields_small_17_79652_46785,krasnodar_fields_small,images/patches_512/krasnodar_fields_small_17_79652_46785.png,masks/patches_512/krasnodar_fields_small_17_79652_46785.png,1.0,"1,2",val
moscow_city_small_17_79233_40982,moscow_city_small,images/patches_512/moscow_city_small_17_79233_40982.png,masks/patches_512/moscow_city_small_17_79233_40982.png,0.661209,"2,3,4",train
moscow_suburb_small_17_79310_40859,moscow_suburb_small,images/patches_512/moscow_suburb_small_17_79310_40859.png,masks/patches_512/moscow_suburb_small_17_79310_40859.png,1.0,"2,3,4",train
moscow_city_small_17_79233_40969,moscow_city_small,images/patches_512/moscow_city_small_17_79233_40969.png,masks/patches_512/moscow_city_small_17_79233_40969.png,0.757366,"1,2,3,4",train
moscow_city_small_17_79222_40972,moscow_city_small,images/patches_512/moscow_city_small_17_79222_40972.png,masks/patches_512/moscow_city_small_17_79222_40972.png,0.625866,"2,3,4",train
moscow_city_small_17_79222_40966,moscow_city_small,images/patches_512/moscow_city_small_17_79222_40966.png,masks/patches_512/moscow_city_small_17_79222_40966.png,0.689117,"1,2,3,4",train
moscow_city_small_17_79236_40966,moscow_city_small,images/patches_512/moscow_city_small_17_79236_40966.png,masks/patches_512/moscow_city_small_17_79236_40966.png,0.736668,"2,3,4",train
moscow_suburb_small_17_79318_40841,moscow_suburb_small,images/patches_512/moscow_suburb_small_17_79318_40841.png,masks/patches_512/moscow_suburb_small_17_79318_40841.png,1.0,"2,3,4",train
moscow_suburb_small_17_79318_40855,moscow_suburb_small,images/patches_512/moscow_suburb_small_17_79318_40855.png,masks/patches_512/moscow_suburb_small_17_79318_40855.png,1.0,"2,3,4",train
moscow_suburb_small_17_79297_40869,moscow_suburb_small,images/patches_512/moscow_suburb_small_17_79297_40869.png,masks/patches_512/moscow_suburb_small_17_79297_40869.png,1.0,"2,3,4",train
svo_airport_small_17_79154_40821,svo_airport_small,images/patches_512/svo_airport_small_17_79154_40821.png,masks/patches_512/svo_airport_small_17_79154_40821.png,1.0,"1,2,3,4",train
moscow_city_small_17_79236_40972,moscow_city_small,images/patches_512/moscow_city_small_17_79236_40972.png,masks/patches_512/moscow_city_small_17_79236_40972.png,0.765648,"2,3,4",train
moscow_suburb_small_17_79297_40841,moscow_suburb_small,images/patches_512/moscow_suburb_small_17_79297_40841.png,masks/patches_512/moscow_suburb_small_17_79297_40841.png,1.0,"2,3,4",train
svo_airport_small_17_79160_40843,svo_airport_small,images/patches_512/svo_airport_small_17_79160_40843.png,masks/patches_512/svo_airport_small_17_79160_40843.png,1.0,"2,3,4",train
moscow_city_small_17_79219_40978,moscow_city_small,images/patches_512/moscow_city_small_17_79219_40978.png,masks/patches_512/moscow_city_small_17_79219_40978.png,0.610443,"1,2,3,4",train
moscow_city_small_17_79227_40969,moscow_city_small,images/patches_512/moscow_city_small_17_79227_40969.png,masks/patches_512/moscow_city_small_17_79227_40969.png,0.713776,"2,3,4",train
moscow_suburb_small_17_79318_40869,moscow_suburb_small,images/patches_512/moscow_suburb_small_17_79318_40869.png,masks/patches_512/moscow_suburb_small_17_79318_40869.png,1.0,"2,3,4",train
moscow_suburb_small_17_79304_40859,moscow_suburb_small,images/patches_512/moscow_suburb_small_17_79304_40859.png,masks/patches_512/moscow_suburb_small_17_79304_40859.png,1.0,"1,2,3,4",train
moscow_city_small_17_79227_40982,moscow_city_small,images/patches_512/moscow_city_small_17_79227_40982.png,masks/patches_512/moscow_city_small_17_79227_40982.png,0.751884,"1,2,3,4",train
moscow_city_small_17_79219_40993,moscow_city_small,images/patches_512/moscow_city_small_17_79219_40993.png,masks/patches_512/moscow_city_small_17_79219_40993.png,0.45459,"2,3,4",train
moscow_city_small_17_79219_40987,moscow_city_small,images/patches_512/moscow_city_small_17_79219_40987.png,masks/patches_512/moscow_city_small_17_79219_40987.png,0.463612,"2,3,4",train
moscow_suburb_small_17_79304_40865,moscow_suburb_small,images/patches_512/moscow_suburb_small_17_79304_40865.png,masks/patches_512/moscow_suburb_small_17_79304_40865.png,1.0,"2,3,4",train
moscow_suburb_small_17_79315_40842,moscow_suburb_small,images/patches_512/moscow_suburb_small_17_79315_40842.png,masks/patches_512/moscow_suburb_small_17_79315_40842.png,1.0,"2,3,4",train
moscow_suburb_small_17_79315_40856,moscow_suburb_small,images/patches_512/moscow_suburb_small_17_79315_40856.png,masks/patches_512/moscow_suburb_small_17_79315_40856.png,1.0,"2,3,4",train
svo_airport_small_17_79159_40822,svo_airport_small,images/patches_512/svo_airport_small_17_79159_40822.png,masks/patches_512/svo_airport_small_17_79159_40822.png,1.0,"2,3,4",train
svo_airport_small_17_79167_40833,svo_airport_small,images/patches_512/svo_airport_small_17_79167_40833.png,masks/patches_512/svo_airport_small_17_79167_40833.png,1.0,"2,3,4",train
moscow_suburb_small_17_79304_40871,moscow_suburb_small,images/patches_512/moscow_suburb_small_17_79304_40871.png,masks/patches_512/moscow_suburb_small_17_79304_40871.png,1.0,"2,3,4",train
moscow_suburb_small_17_79294_40849,moscow_suburb_small,images/patches_512/moscow_suburb_small_17_79294_40849.png,masks/patches_512/moscow_suburb_small_17_79294_40849.png,1.0,"2,3,4",train
moscow_city_small_17_79229_40989,moscow_city_small,images/patches_512/moscow_city_small_17_79229_40989.png,masks/patches_512/moscow_city_small_17_79229_40989.png,0.559586,"2,3,4",train
moscow_city_small_17_79224_40975,moscow_city_small,images/patches_512/moscow_city_small_17_79224_40975.png,masks/patches_512/moscow_city_small_17_79224_40975.png,0.687321,"1,2,3,4",train
moscow_suburb_small_17_79294_40875,moscow_suburb_small,images/patches_512/moscow_suburb_small_17_79294_40875.png,masks/patches_512/moscow_suburb_small_17_79294_40875.png,1.0,"2,3,4",train
moscow_city_small_17_79238_40992,moscow_city_small,images/patches_512/moscow_city_small_17_79238_40992.png,masks/patches_512/moscow_city_small_17_79238_40992.png,0.47369,"2,3,4",train
svo_airport_small_17_79172_40844,svo_airport_small,images/patches_512/svo_airport_small_17_79172_40844.png,masks/patches_512/svo_airport_small_17_79172_40844.png,1.0,"1,2,3,4",train
moscow_city_small_17_79238_40986,moscow_city_small,images/patches_512/moscow_city_small_17_79238_40986.png,masks/patches_512/moscow_city_small_17_79238_40986.png,0.591034,"2,3,4",train
svo_airport_small_17_79169_40838,svo_airport_small,images/patches_512/svo_airport_small_17_79169_40838.png,masks/patches_512/svo_airport_small_17_79169_40838.png,1.0,"1,2,3,4",train
moscow_suburb_small_17_79294_40861,moscow_suburb_small,images/patches_512/moscow_suburb_small_17_79294_40861.png,masks/patches_512/moscow_suburb_small_17_79294_40861.png,1.0,"2,3,4",train
moscow_city_small_17_79235_40991,moscow_city_small,images/patches_512/moscow_city_small_17_79235_40991.png,masks/patches_512/moscow_city_small_17_79235_40991.png,0.5933,"2,3,4",train
moscow_city_small_17_79235_40985,moscow_city_small,images/patches_512/moscow_city_small_17_79235_40985.png,masks/patches_512/moscow_city_small_17_79235_40985.png,0.610878,"2,3,4",train
moscow_city_small_17_79238_40979,moscow_city_small,images/patches_512/moscow_city_small_17_79238_40979.png,masks/patches_512/moscow_city_small_17_79238_40979.png,0.774136,"1,2,3,4",train
moscow_suburb_small_17_79299_40862,moscow_suburb_small,images/patches_512/moscow_suburb_small_17_79299_40862.png,masks/patches_512/moscow_suburb_small_17_79299_40862.png,1.0,"2,3,4",train
moscow_suburb_small_17_79307_40851,moscow_suburb_small,images/patches_512/moscow_suburb_small_17_79307_40851.png,masks/patches_512/moscow_suburb_small_17_79307_40851.png,1.0,"1,2,3,4",train
moscow_city_small_17_79229_40976,moscow_city_small,images/patches_512/moscow_city_small_17_79229_40976.png,masks/patches_512/moscow_city_small_17_79229_40976.png,0.707546,"1,2,3,4",train
moscow_suburb_small_17_79316_40876,moscow_suburb_small,images/patches_512/moscow_suburb_small_17_79316_40876.png,masks/patches_512/moscow_suburb_small_17_79316_40876.png,1.0,"2,3,4",train
moscow_suburb_small_17_79316_40862,moscow_suburb_small,images/patches_512/moscow_suburb_small_17_79316_40862.png,masks/patches_512/moscow_suburb_small_17_79316_40862.png,1.0,"2,3,4",train
moscow_suburb_small_17_79307_40845,moscow_suburb_small,images/patches_512/moscow_suburb_small_17_79307_40845.png,masks/patches_512/moscow_suburb_small_17_79307_40845.png,1.0,"1,2,3,4",train
moscow_suburb_small_17_79299_40866,moscow_suburb_small,images/patches_512/moscow_suburb_small_17_79299_40866.png,masks/patches_512/moscow_suburb_small_17_79299_40866.png,1.0,"2,3,4",train
moscow_city_small_17_79235_40981,moscow_city_small,images/patches_512/moscow_city_small_17_79235_40981.png,masks/patches_512/moscow_city_small_17_79235_40981.png,0.663414,"1,2,3,4",train
krasnodar_fields_small_17_79654_46792,krasnodar_fields_small,images/patches_512/krasnodar_fields_small_17_79654_46792.png,masks/patches_512/krasnodar_fields_small_17_79654_46792.png,1.0,"1,2,3,4",val
moscow_suburb_small_17_79307_40869,moscow_suburb_small,images/patches_512/moscow_suburb_small_17_79307_40869.png,masks/patches_512/moscow_suburb_small_17_79307_40869.png,1.0,"2,3,4",train
moscow_city_small_17_79238_40969,moscow_city_small,images/patches_512/moscow_city_small_17_79238_40969.png,masks/patches_512/moscow_city_small_17_79238_40969.png,0.728863,"2,3,4",train
moscow_city_small_17_79235_40995,moscow_city_small,images/patches_512/moscow_city_small_17_79235_40995.png,masks/patches_512/moscow_city_small_17_79235_40995.png,0.548538,"2,3,4",train
moscow_suburb_small_17_79299_40872,moscow_suburb_small,images/patches_512/moscow_suburb_small_17_79299_40872.png,masks/patches_512/moscow_suburb_small_17_79299_40872.png,1.0,"2,3,4",train
moscow_suburb_small_17_79307_40841,moscow_suburb_small,images/patches_512/moscow_suburb_small_17_79307_40841.png,masks/patches_512/moscow_suburb_small_17_79307_40841.png,1.0,"1,2,3,4",train
moscow_suburb_small_17_79316_40866,moscow_suburb_small,images/patches_512/moscow_suburb_small_17_79316_40866.png,masks/patches_512/moscow_suburb_small_17_79316_40866.png,1.0,"2,3,4",train
moscow_city_small_17_79229_40966,moscow_city_small,images/patches_512/moscow_city_small_17_79229_40966.png,masks/patches_512/moscow_city_small_17_79229_40966.png,0.757153,"2,3,4",train
moscow_suburb_small_17_79316_40872,moscow_suburb_small,images/patches_512/moscow_suburb_small_17_79316_40872.png,masks/patches_512/moscow_suburb_small_17_79316_40872.png,1.0,"1,2,3,4",train
moscow_city_small_17_79229_40972,moscow_city_small,images/patches_512/moscow_city_small_17_79229_40972.png,masks/patches_512/moscow_city_small_17_79229_40972.png,0.730865,"1,2,3,4",train
moscow_suburb_small_17_79307_40855,moscow_suburb_small,images/patches_512/moscow_suburb_small_17_79307_40855.png,masks/patches_512/moscow_suburb_small_17_79307_40855.png,1.0,"1,2,3,4",train
moscow_suburb_small_17_79294_40859,moscow_suburb_small,images/patches_512/moscow_suburb_small_17_79294_40859.png,masks/patches_512/moscow_suburb_small_17_79294_40859.png,1.0,"2,3,4",train
moscow_city_small_17_79224_40965,moscow_city_small,images/patches_512/moscow_city_small_17_79224_40965.png,masks/patches_512/moscow_city_small_17_79224_40965.png,0.733887,"1,2,3,4",train
moscow_city_small_17_79224_40971,moscow_city_small,images/patches_512/moscow_city_small_17_79224_40971.png,masks/patches_512/moscow_city_small_17_79224_40971.png,0.686264,"1,2,3,4",train
moscow_suburb_small_17_79294_40865,moscow_suburb_small,images/patches_512/moscow_suburb_small_17_79294_40865.png,masks/patches_512/moscow_suburb_small_17_79294_40865.png,1.0,"2,3,4",train
moscow_city_small_17_79238_40982,moscow_city_small,images/patches_512/moscow_city_small_17_79238_40982.png,masks/patches_512/moscow_city_small_17_79238_40982.png,0.498257,"1,2,3,4",train
krasnodar_fields_small_17_79659_46791,krasnodar_fields_small,images/patches_512/krasnodar_fields_small_17_79659_46791.png,masks/patches_512/krasnodar_fields_small_17_79659_46791.png,1.0,"1,2",val
svo_airport_small_17_79172_40840,svo_airport_small,images/patches_512/svo_airport_small_17_79172_40840.png,masks/patches_512/svo_airport_small_17_79172_40840.png,1.0,"1,2,3,4",train
moscow_suburb_small_17_79294_40871,moscow_suburb_small,images/patches_512/moscow_suburb_small_17_79294_40871.png,masks/patches_512/moscow_suburb_small_17_79294_40871.png,1.0,"2,3,4",train
svo_airport_small_17_79157_40839,svo_airport_small,images/patches_512/svo_airport_small_17_79157_40839.png,masks/patches_512/svo_airport_small_17_79157_40839.png,1.0,"2,3,4",train
svo_airport_small_17_79153_40841,svo_airport_small,images/patches_512/svo_airport_small_17_79153_40841.png,masks/patches_512/svo_airport_small_17_79153_40841.png,1.0,"2,3,4",train
moscow_city_small_17_79227_40992,moscow_city_small,images/patches_512/moscow_city_small_17_79227_40992.png,masks/patches_512/moscow_city_small_17_79227_40992.png,0.468525,"2,3,4",train
moscow_city_small_17_79219_40983,moscow_city_small,images/patches_512/moscow_city_small_17_79219_40983.png,masks/patches_512/moscow_city_small_17_79219_40983.png,0.570869,"2,3,4",train
moscow_city_small_17_79227_40986,moscow_city_small,images/patches_512/moscow_city_small_17_79227_40986.png,masks/patches_512/moscow_city_small_17_79227_40986.png,0.942883,"1,2,3,4",train
moscow_city_small_17_79236_40989,moscow_city_small,images/patches_512/moscow_city_small_17_79236_40989.png,masks/patches_512/moscow_city_small_17_79236_40989.png,0.596733,"2,3,4",train
moscow_suburb_small_17_79304_40875,moscow_suburb_small,images/patches_512/moscow_suburb_small_17_79304_40875.png,masks/patches_512/moscow_suburb_small_17_79304_40875.png,1.0,"2,3,4",train
svo_airport_small_17_79159_40826,svo_airport_small,images/patches_512/svo_airport_small_17_79159_40826.png,masks/patches_512/svo_airport_small_17_79159_40826.png,1.0,"2,3,4",train
moscow_suburb_small_17_79315_40852,moscow_suburb_small,images/patches_512/moscow_suburb_small_17_79315_40852.png,masks/patches_512/moscow_suburb_small_17_79315_40852.png,1.0,"2,3,4",train
moscow_suburb_small_17_79304_40861,moscow_suburb_small,images/patches_512/moscow_suburb_small_17_79304_40861.png,masks/patches_512/moscow_suburb_small_17_79304_40861.png,1.0,"2,3,4",train
moscow_city_small_17_79236_40976,moscow_city_small,images/patches_512/moscow_city_small_17_79236_40976.png,masks/patches_512/moscow_city_small_17_79236_40976.png,0.829929,"1,2,3,4",train
svo_airport_small_17_79154_40825,svo_airport_small,images/patches_512/svo_airport_small_17_79154_40825.png,masks/patches_512/svo_airport_small_17_79154_40825.png,1.0,"2,3,4",train
moscow_suburb_small_17_79318_40851,moscow_suburb_small,images/patches_512/moscow_suburb_small_17_79318_40851.png,masks/patches_512/moscow_suburb_small_17_79318_40851.png,1.0,"2,3,4",train
rostov_open_small_17_80190_45963,rostov_open_small,images/patches_512/rostov_open_small_17_80190_45963.png,masks/patches_512/rostov_open_small_17_80190_45963.png,1.0,"1,2,4",train
krasnodar_fields_small_17_79675_46793,krasnodar_fields_small,images/patches_512/krasnodar_fields_small_17_79675_46793.png,masks/patches_512/krasnodar_fields_small_17_79675_46793.png,1.0,"1,2,3,4",val
moscow_city_small_17_79219_40968,moscow_city_small,images/patches_512/moscow_city_small_17_79219_40968.png,masks/patches_512/moscow_city_small_17_79219_40968.png,0.564793,"1,2,3,4",train
moscow_city_small_17_79227_40979,moscow_city_small,images/patches_512/moscow_city_small_17_79227_40979.png,masks/patches_512/moscow_city_small_17_79227_40979.png,0.745094,"1,2,3,4",train
moscow_suburb_small_17_79297_40845,moscow_suburb_small,images/patches_512/moscow_suburb_small_17_79297_40845.png,masks/patches_512/moscow_suburb_small_17_79297_40845.png,1.0,"1,2,3,4",train
moscow_city_small_17_79233_40979,moscow_city_small,images/patches_512/moscow_city_small_17_79233_40979.png,masks/patches_512/moscow_city_small_17_79233_40979.png,0.908127,"1,3,4",train
moscow_city_small_17_79222_40976,moscow_city_small,images/patches_512/moscow_city_small_17_79222_40976.png,masks/patches_512/moscow_city_small_17_79222_40976.png,0.634449,"2,3,4",train
moscow_suburb_small_17_79301_40846,moscow_suburb_small,images/patches_512/moscow_suburb_small_17_79301_40846.png,masks/patches_512/moscow_suburb_small_17_79301_40846.png,1.0,"2,3,4",train
svo_airport_small_17_79173_40837,svo_airport_small,images/patches_512/svo_airport_small_17_79173_40837.png,masks/patches_512/svo_airport_small_17_79173_40837.png,1.0,"2,3,4",train
moscow_city_small_17_79222_40989,moscow_city_small,images/patches_512/moscow_city_small_17_79222_40989.png,masks/patches_512/moscow_city_small_17_79222_40989.png,0.648651,"1,2,3,4",train
moscow_city_small_17_79233_40986,moscow_city_small,images/patches_512/moscow_city_small_17_79233_40986.png,masks/patches_512/moscow_city_small_17_79233_40986.png,0.642944,"2,3,4",train
moscow_city_small_17_79233_40992,moscow_city_small,images/patches_512/moscow_city_small_17_79233_40992.png,masks/patches_512/moscow_city_small_17_79233_40992.png,0.469933,"2,3,4",train
moscow_suburb_small_17_79310_40849,moscow_suburb_small,images/patches_512/moscow_suburb_small_17_79310_40849.png,masks/patches_512/moscow_suburb_small_17_79310_40849.png,1.0,"2,3,4",train
svo_airport_small_17_79158_40845,svo_airport_small,images/patches_512/svo_airport_small_17_79158_40845.png,masks/patches_512/svo_airport_small_17_79158_40845.png,1.0,"1,2,3,4",train
svo_airport_small_17_79166_40840,svo_airport_small,images/patches_512/svo_airport_small_17_79166_40840.png,masks/patches_512/svo_airport_small_17_79166_40840.png,1.0,"1,2,3,4",train
moscow_city_small_17_79230_40971,moscow_city_small,images/patches_512/moscow_city_small_17_79230_40971.png,masks/patches_512/moscow_city_small_17_79230_40971.png,0.687881,"1,2,3,4",train
moscow_city_small_17_79230_40965,moscow_city_small,images/patches_512/moscow_city_small_17_79230_40965.png,masks/patches_512/moscow_city_small_17_79230_40965.png,0.746838,"2,3,4",train
moscow_suburb_small_17_79313_40855,moscow_suburb_small,images/patches_512/moscow_suburb_small_17_79313_40855.png,masks/patches_512/moscow_suburb_small_17_79313_40855.png,1.0,"2,3,4",train
moscow_suburb_small_17_79302_40866,moscow_suburb_small,images/patches_512/moscow_suburb_small_17_79302_40866.png,masks/patches_512/moscow_suburb_small_17_79302_40866.png,1.0,"2,3,4",train
svo_airport_small_17_79161_40824,svo_airport_small,images/patches_512/svo_airport_small_17_79161_40824.png,masks/patches_512/svo_airport_small_17_79161_40824.png,1.0,"1,2,3,4",train
moscow_suburb_small_17_79313_40869,moscow_suburb_small,images/patches_512/moscow_suburb_small_17_79313_40869.png,masks/patches_512/moscow_suburb_small_17_79313_40869.png,1.0,"2,3,4",train
svo_airport_small_17_79155_40846,svo_airport_small,images/patches_512/svo_airport_small_17_79155_40846.png,masks/patches_512/svo_airport_small_17_79155_40846.png,1.0,"1,2,3,4",train
svo_airport_small_17_79161_40818,svo_airport_small,images/patches_512/svo_airport_small_17_79161_40818.png,masks/patches_512/svo_airport_small_17_79161_40818.png,1.0,"2,3,4",train
moscow_city_small_17_79221_40981,moscow_city_small,images/patches_512/moscow_city_small_17_79221_40981.png,masks/patches_512/moscow_city_small_17_79221_40981.png,0.596458,"2,3,4",train
svo_airport_small_17_79161_40819,svo_airport_small,images/patches_512/svo_airport_small_17_79161_40819.png,masks/patches_512/svo_airport_small_17_79161_40819.png,1.0,"1,2,3,4",train
moscow_city_small_17_79221_40980,moscow_city_small,images/patches_512/moscow_city_small_17_79221_40980.png,masks/patches_512/moscow_city_small_17_79221_40980.png,0.607571,"2,3,4",train
moscow_suburb_small_17_79313_40868,moscow_suburb_small,images/patches_512/moscow_suburb_small_17_79313_40868.png,masks/patches_512/moscow_suburb_small_17_79313_40868.png,1.0,"2,3,4",train
moscow_city_small_17_79221_40994,moscow_city_small,images/patches_512/moscow_city_small_17_79221_40994.png,masks/patches_512/moscow_city_small_17_79221_40994.png,0.931286,"1,2,3,4",train
svo_airport_small_17_79161_40825,svo_airport_small,images/patches_512/svo_airport_small_17_79161_40825.png,masks/patches_512/svo_airport_small_17_79161_40825.png,1.0,"2,3,4",train
moscow_suburb_small_17_79302_40867,moscow_suburb_small,images/patches_512/moscow_suburb_small_17_79302_40867.png,masks/patches_512/moscow_suburb_small_17_79302_40867.png,1.0,"2,3,4",train
moscow_suburb_small_17_79313_40854,moscow_suburb_small,images/patches_512/moscow_suburb_small_17_79313_40854.png,masks/patches_512/moscow_suburb_small_17_79313_40854.png,1.0,"2,3,4",train
moscow_city_small_17_79230_40964,moscow_city_small,images/patches_512/moscow_city_small_17_79230_40964.png,masks/patches_512/moscow_city_small_17_79230_40964.png,0.73291,"2,3,4",train
svo_airport_small_17_79152_40837,svo_airport_small,images/patches_512/svo_airport_small_17_79152_40837.png,masks/patches_512/svo_airport_small_17_79152_40837.png,1.0,"2,4",train
svo_airport_small_17_79152_40823,svo_airport_small,images/patches_512/svo_airport_small_17_79152_40823.png,masks/patches_512/svo_airport_small_17_79152_40823.png,1.0,"2,3,4",train
moscow_city_small_17_79230_40970,moscow_city_small,images/patches_512/moscow_city_small_17_79230_40970.png,masks/patches_512/moscow_city_small_17_79230_40970.png,0.728642,"1,2,3,4",train
svo_airport_small_17_79166_40841,svo_airport_small,images/patches_512/svo_airport_small_17_79166_40841.png,masks/patches_512/svo_airport_small_17_79166_40841.png,1.0,"1,2,3,4",train
svo_airport_small_17_79158_40844,svo_airport_small,images/patches_512/svo_airport_small_17_79158_40844.png,masks/patches_512/svo_airport_small_17_79158_40844.png,1.0,"1,2,3,4",train
moscow_city_small_17_79233_40993,moscow_city_small,images/patches_512/moscow_city_small_17_79233_40993.png,masks/patches_512/moscow_city_small_17_79233_40993.png,0.466801,"2,3,4",train
moscow_suburb_small_17_79310_40848,moscow_suburb_small,images/patches_512/moscow_suburb_small_17_79310_40848.png,masks/patches_512/moscow_suburb_small_17_79310_40848.png,1.0,"2,3,4",train
moscow_city_small_17_79233_40987,moscow_city_small,images/patches_512/moscow_city_small_17_79233_40987.png,masks/patches_512/moscow_city_small_17_79233_40987.png,0.654789,"2,3,4",train
moscow_city_small_17_79222_40988,moscow_city_small,images/patches_512/moscow_city_small_17_79222_40988.png,masks/patches_512/moscow_city_small_17_79222_40988.png,0.608299,"1,2,3,4",train
svo_airport_small_17_79173_40836,svo_airport_small,images/patches_512/svo_airport_small_17_79173_40836.png,masks/patches_512/svo_airport_small_17_79173_40836.png,1.0,"2,3,4",train
moscow_suburb_small_17_79310_40860,moscow_suburb_small,images/patches_512/moscow_suburb_small_17_79310_40860.png,masks/patches_512/moscow_suburb_small_17_79310_40860.png,1.0,"2,3,4",train
moscow_suburb_small_17_79301_40847,moscow_suburb_small,images/patches_512/moscow_suburb_small_17_79301_40847.png,masks/patches_512/moscow_suburb_small_17_79301_40847.png,1.0,"2,3,4",train
moscow_city_small_17_79222_40977,moscow_city_small,images/patches_512/moscow_city_small_17_79222_40977.png,masks/patches_512/moscow_city_small_17_79222_40977.png,0.63942,"1,2,3,4",train
moscow_city_small_17_79233_40978,moscow_city_small,images/patches_512/moscow_city_small_17_79233_40978.png,masks/patches_512/moscow_city_small_17_79233_40978.png,1.0,"1,3,4",train
moscow_city_small_17_79227_40978,moscow_city_small,images/patches_512/moscow_city_small_17_79227_40978.png,masks/patches_512/moscow_city_small_17_79227_40978.png,0.644917,"2,3,4",train
moscow_city_small_17_79219_40969,moscow_city_small,images/patches_512/moscow_city_small_17_79219_40969.png,masks/patches_512/moscow_city_small_17_79219_40969.png,0.535751,"2,3,4",train
moscow_suburb_small_17_79297_40844,moscow_suburb_small,images/patches_512/moscow_suburb_small_17_79297_40844.png,masks/patches_512/moscow_suburb_small_17_79297_40844.png,1.0,"1,2,3,4",train
rostov_open_small_17_80190_45976,rostov_open_small,images/patches_512/rostov_open_small_17_80190_45976.png,masks/patches_512/rostov_open_small_17_80190_45976.png,1.0,"2,3,4",train
krasnodar_fields_small_17_79675_46792,krasnodar_fields_small,images/patches_512/krasnodar_fields_small_17_79675_46792.png,masks/patches_512/krasnodar_fields_small_17_79675_46792.png,1.0,"1,2,3,4",val
rostov_open_small_17_80190_45962,rostov_open_small,images/patches_512/rostov_open_small_17_80190_45962.png,masks/patches_512/rostov_open_small_17_80190_45962.png,1.0,"1,2,4",train
moscow_suburb_small_17_79309_40863,moscow_suburb_small,images/patches_512/moscow_suburb_small_17_79309_40863.png,masks/patches_512/moscow_suburb_small_17_79309_40863.png,1.0,"1,2,3,4",train
svo_airport_small_17_79154_40824,svo_airport_small,images/patches_512/svo_airport_small_17_79154_40824.png,masks/patches_512/svo_airport_small_17_79154_40824.png,1.0,"2,3,4",train
moscow_city_small_17_79236_40977,moscow_city_small,images/patches_512/moscow_city_small_17_79236_40977.png,masks/patches_512/moscow_city_small_17_79236_40977.png,0.901093,"1,2,3,4",train
moscow_suburb_small_17_79318_40850,moscow_suburb_small,images/patches_512/moscow_suburb_small_17_79318_40850.png,masks/patches_512/moscow_suburb_small_17_79318_40850.png,1.0,"2,3,4",train
moscow_suburb_small_17_79304_40860,moscow_suburb_small,images/patches_512/moscow_suburb_small_17_79304_40860.png,masks/patches_512/moscow_suburb_small_17_79304_40860.png,1.0,"2,3,4",train
svo_airport_small_17_79167_40836,svo_airport_small,images/patches_512/svo_airport_small_17_79167_40836.png,masks/patches_512/svo_airport_small_17_79167_40836.png,1.0,"2,3,4",train
moscow_city_small_17_79236_40988,moscow_city_small,images/patches_512/moscow_city_small_17_79236_40988.png,masks/patches_512/moscow_city_small_17_79236_40988.png,0.537983,"2,3,4",train
moscow_suburb_small_17_79315_40853,moscow_suburb_small,images/patches_512/moscow_suburb_small_17_79315_40853.png,masks/patches_512/moscow_suburb_small_17_79315_40853.png,1.0,"2,3,4",train
moscow_city_small_17_79227_40987,moscow_city_small,images/patches_512/moscow_city_small_17_79227_40987.png,masks/patches_512/moscow_city_small_17_79227_40987.png,0.745728,"2,3,4",train
svo_airport_small_17_79153_40840,svo_airport_small,images/patches_512/svo_airport_small_17_79153_40840.png,masks/patches_512/svo_airport_small_17_79153_40840.png,1.0,"2,3,4",train
moscow_city_small_17_79219_40982,moscow_city_small,images/patches_512/moscow_city_small_17_79219_40982.png,masks/patches_512/moscow_city_small_17_79219_40982.png,0.550663,"2,3,4",train
moscow_city_small_17_79227_40993,moscow_city_small,images/patches_512/moscow_city_small_17_79227_40993.png,masks/patches_512/moscow_city_small_17_79227_40993.png,0.41,"2,3,4",train
svo_airport_small_17_79157_40838,svo_airport_small,images/patches_512/svo_airport_small_17_79157_40838.png,masks/patches_512/svo_airport_small_17_79157_40838.png,1.0,"2,3,4",train
moscow_suburb_small_17_79294_40870,moscow_suburb_small,images/patches_512/moscow_suburb_small_17_79294_40870.png,masks/patches_512/moscow_suburb_small_17_79294_40870.png,1.0,"2,3,4",train
moscow_city_small_17_79238_40983,moscow_city_small,images/patches_512/moscow_city_small_17_79238_40983.png,masks/patches_512/moscow_city_small_17_79238_40983.png,0.553127,"1,2,3,4",train
svo_airport_small_17_79172_40841,svo_airport_small,images/patches_512/svo_airport_small_17_79172_40841.png,masks/patches_512/svo_airport_small_17_79172_40841.png,1.0,"1,2,3,4",train
krasnodar_fields_small_17_79659_46790,krasnodar_fields_small,images/patches_512/krasnodar_fields_small_17_79659_46790.png,masks/patches_512/krasnodar_fields_small_17_79659_46790.png,1.0,"1,2,4",val
moscow_city_small_17_79224_40970,moscow_city_small,images/patches_512/moscow_city_small_17_79224_40970.png,masks/patches_512/moscow_city_small_17_79224_40970.png,0.656597,"1,2,3,4",train
moscow_suburb_small_17_79294_40858,moscow_suburb_small,images/patches_512/moscow_suburb_small_17_79294_40858.png,masks/patches_512/moscow_suburb_small_17_79294_40858.png,1.0,"2,3,4",train
moscow_city_small_17_79224_40964,moscow_city_small,images/patches_512/moscow_city_small_17_79224_40964.png,masks/patches_512/moscow_city_small_17_79224_40964.png,0.717545,"2,3,4",train
moscow_city_small_17_79229_40973,moscow_city_small,images/patches_512/moscow_city_small_17_79229_40973.png,masks/patches_512/moscow_city_small_17_79229_40973.png,0.751083,"1,2,3,4",train
moscow_suburb_small_17_79316_40873,moscow_suburb_small,images/patches_512/moscow_suburb_small_17_79316_40873.png,masks/patches_512/moscow_suburb_small_17_79316_40873.png,1.0,"2,3,4",train
moscow_suburb_small_17_79307_40854,moscow_suburb_small,images/patches_512/moscow_suburb_small_17_79307_40854.png,masks/patches_512/moscow_suburb_small_17_79307_40854.png,1.0,"1,2,3,4",train
moscow_city_small_17_79229_40967,moscow_city_small,images/patches_512/moscow_city_small_17_79229_40967.png,masks/patches_512/moscow_city_small_17_79229_40967.png,0.704769,"2,3,4",train
moscow_suburb_small_17_79316_40867,moscow_suburb_small,images/patches_512/moscow_suburb_small_17_79316_40867.png,masks/patches_512/moscow_suburb_small_17_79316_40867.png,1.0,"2,3,4",train
moscow_suburb_small_17_79299_40873,moscow_suburb_small,images/patches_512/moscow_suburb_small_17_79299_40873.png,masks/patches_512/moscow_suburb_small_17_79299_40873.png,1.0,"2,3,4",train
moscow_city_small_17_79235_40994,moscow_city_small,images/patches_512/moscow_city_small_17_79235_40994.png,masks/patches_512/moscow_city_small_17_79235_40994.png,0.541492,"2,3,4",train
moscow_city_small_17_79238_40968,moscow_city_small,images/patches_512/moscow_city_small_17_79238_40968.png,masks/patches_512/moscow_city_small_17_79238_40968.png,0.768864,"2,3,4",train
moscow_suburb_small_17_79307_40868,moscow_suburb_small,images/patches_512/moscow_suburb_small_17_79307_40868.png,masks/patches_512/moscow_suburb_small_17_79307_40868.png,1.0,"2,3,4",train
moscow_city_small_17_79235_40980,moscow_city_small,images/patches_512/moscow_city_small_17_79235_40980.png,masks/patches_512/moscow_city_small_17_79235_40980.png,0.722359,"1,2,3,4",train
moscow_suburb_small_17_79299_40867,moscow_suburb_small,images/patches_512/moscow_suburb_small_17_79299_40867.png,masks/patches_512/moscow_suburb_small_17_79299_40867.png,1.0,"2,3,4",train
moscow_suburb_small_17_79299_40871,moscow_suburb_small,images/patches_512/moscow_suburb_small_17_79299_40871.png,masks/patches_512/moscow_suburb_small_17_79299_40871.png,1.0,"2,3,4",train
moscow_suburb_small_17_79316_40859,moscow_suburb_small,images/patches_512/moscow_suburb_small_17_79316_40859.png,masks/patches_512/moscow_suburb_small_17_79316_40859.png,1.0,"2,3,4",train
moscow_suburb_small_17_79299_40865,moscow_suburb_small,images/patches_512/moscow_suburb_small_17_79299_40865.png,masks/patches_512/moscow_suburb_small_17_79299_40865.png,1.0,"2,3,4",train
moscow_city_small_17_79235_40982,moscow_city_small,images/patches_512/moscow_city_small_17_79235_40982.png,masks/patches_512/moscow_city_small_17_79235_40982.png,0.637878,"1,2,3,4",train
moscow_suburb_small_17_79307_40856,moscow_suburb_small,images/patches_512/moscow_suburb_small_17_79307_40856.png,masks/patches_512/moscow_suburb_small_17_79307_40856.png,1.0,"1,2,3,4",train
moscow_city_small_17_79229_40971,moscow_city_small,images/patches_512/moscow_city_small_17_79229_40971.png,masks/patches_512/moscow_city_small_17_79229_40971.png,0.697254,"1,2,3,4",train
moscow_suburb_small_17_79316_40871,moscow_suburb_small,images/patches_512/moscow_suburb_small_17_79316_40871.png,masks/patches_512/moscow_suburb_small_17_79316_40871.png,1.0,"1,2,3,4",train
moscow_city_small_17_79229_40965,moscow_city_small,images/patches_512/moscow_city_small_17_79229_40965.png,masks/patches_512/moscow_city_small_17_79229_40965.png,0.80677,"2,3,4",train
moscow_suburb_small_17_79316_40865,moscow_suburb_small,images/patches_512/moscow_suburb_small_17_79316_40865.png,masks/patches_512/moscow_suburb_small_17_79316_40865.png,1.0,"2,3,4",train
moscow_suburb_small_17_79307_40842,moscow_suburb_small,images/patches_512/moscow_suburb_small_17_79307_40842.png,masks/patches_512/moscow_suburb_small_17_79307_40842.png,1.0,"1,2,3,4",train
moscow_suburb_small_17_79299_40859,moscow_suburb_small,images/patches_512/moscow_suburb_small_17_79299_40859.png,masks/patches_512/moscow_suburb_small_17_79299_40859.png,1.0,"2,3,4",train
moscow_city_small_17_79224_40972,moscow_city_small,images/patches_512/moscow_city_small_17_79224_40972.png,masks/patches_512/moscow_city_small_17_79224_40972.png,0.72715,"1,2,3,4",train
moscow_city_small_17_79224_40966,moscow_city_small,images/patches_512/moscow_city_small_17_79224_40966.png,masks/patches_512/moscow_city_small_17_79224_40966.png,0.669674,"1,2,3,4",train
moscow_city_small_17_79235_40969,moscow_city_small,images/patches_512/moscow_city_small_17_79235_40969.png,masks/patches_512/moscow_city_small_17_79235_40969.png,0.683819,"2,3,4",train
moscow_city_small_17_79238_40995,moscow_city_small,images/patches_512/moscow_city_small_17_79238_40995.png,masks/patches_512/moscow_city_small_17_79238_40995.png,0.533138,"2,3,4",train
moscow_suburb_small_17_79294_40872,moscow_suburb_small,images/patches_512/moscow_suburb_small_17_79294_40872.png,masks/patches_512/moscow_suburb_small_17_79294_40872.png,1.0,"2,3,4",train
krasnodar_fields_small_17_79659_46792,krasnodar_fields_small,images/patches_512/krasnodar_fields_small_17_79659_46792.png,masks/patches_512/krasnodar_fields_small_17_79659_46792.png,1.0,"1,2",val
svo_airport_small_17_79172_40843,svo_airport_small,images/patches_512/svo_airport_small_17_79172_40843.png,masks/patches_512/svo_airport_small_17_79172_40843.png,1.0,"1,2,3,4",train
moscow_city_small_17_79238_40981,moscow_city_small,images/patches_512/moscow_city_small_17_79238_40981.png,masks/patches_512/moscow_city_small_17_79238_40981.png,0.474018,"1,2,3,4",train
moscow_city_small_17_79219_40994,moscow_city_small,images/patches_512/moscow_city_small_17_79219_40994.png,masks/patches_512/moscow_city_small_17_79219_40994.png,0.517025,"1,2,3,4",train
moscow_city_small_17_79227_40985,moscow_city_small,images/patches_512/moscow_city_small_17_79227_40985.png,masks/patches_512/moscow_city_small_17_79227_40985.png,0.920811,"1,2,3,4",train
moscow_city_small_17_79227_40991,moscow_city_small,images/patches_512/moscow_city_small_17_79227_40991.png,masks/patches_512/moscow_city_small_17_79227_40991.png,0.62431,"2,3,4",train
moscow_city_small_17_79219_40980,moscow_city_small,images/patches_512/moscow_city_small_17_79219_40980.png,masks/patches_512/moscow_city_small_17_79219_40980.png,0.57634,"2,3,4",train
svo_airport_small_17_79159_40819,svo_airport_small,images/patches_512/svo_airport_small_17_79159_40819.png,masks/patches_512/svo_airport_small_17_79159_40819.png,1.0,"2,3,4",train
svo_airport_small_17_79153_40842,svo_airport_small,images/patches_512/svo_airport_small_17_79153_40842.png,masks/patches_512/svo_airport_small_17_79153_40842.png,1.0,"2,3,4",train
moscow_suburb_small_17_79304_40862,moscow_suburb_small,images/patches_512/moscow_suburb_small_17_79304_40862.png,masks/patches_512/moscow_suburb_small_17_79304_40862.png,1.0,"2,3,4",train
moscow_suburb_small_17_79315_40851,moscow_suburb_small,images/patches_512/moscow_suburb_small_17_79315_40851.png,masks/patches_512/moscow_suburb_small_17_79315_40851.png,1.0,"2,3,4",train
svo_airport_small_17_79167_40834,svo_airport_small,images/patches_512/svo_airport_small_17_79167_40834.png,masks/patches_512/svo_airport_small_17_79167_40834.png,1.0,"2,3,4",train
moscow_suburb_small_17_79304_40876,moscow_suburb_small,images/patches_512/moscow_suburb_small_17_79304_40876.png,masks/patches_512/moscow_suburb_small_17_79304_40876.png,1.0,"1,2,3,4",train
svo_airport_small_17_79159_40825,svo_airport_small,images/patches_512/svo_airport_small_17_79159_40825.png,masks/patches_512/svo_airport_small_17_79159_40825.png,1.0,"2,3,4",train
moscow_suburb_small_17_79318_40852,moscow_suburb_small,images/patches_512/moscow_suburb_small_17_79318_40852.png,masks/patches_512/moscow_suburb_small_17_79318_40852.png,1.0,"2,3,4",train
moscow_city_small_17_79236_40975,moscow_city_small,images/patches_512/moscow_city_small_17_79236_40975.png,masks/patches_512/moscow_city_small_17_79236_40975.png,0.780586,"2,3,4",train
svo_airport_small_17_79154_40826,svo_airport_small,images/patches_512/svo_airport_small_17_79154_40826.png,masks/patches_512/svo_airport_small_17_79154_40826.png,1.0,"2,3,4",train
rostov_open_small_17_80190_45974,rostov_open_small,images/patches_512/rostov_open_small_17_80190_45974.png,masks/patches_512/rostov_open_small_17_80190_45974.png,1.0,"1,2,3,4",train
moscow_suburb_small_17_79297_40846,moscow_suburb_small,images/patches_512/moscow_suburb_small_17_79297_40846.png,masks/patches_512/moscow_suburb_small_17_79297_40846.png,1.0,"1,2,3,4",train
svo_airport_small_17_79160_40844,svo_airport_small,images/patches_512/svo_airport_small_17_79160_40844.png,masks/patches_512/svo_airport_small_17_79160_40844.png,1.0,"1,2,3,4",train
rostov_open_small_17_80190_45960,rostov_open_small,images/patches_512/rostov_open_small_17_80190_45960.png,masks/patches_512/rostov_open_small_17_80190_45960.png,1.0,"1,2,4",train
moscow_suburb_small_17_79309_40849,moscow_suburb_small,images/patches_512/moscow_suburb_small_17_79309_40849.png,masks/patches_512/moscow_suburb_small_17_79309_40849.png,1.0,"2,3,4",train
svo_airport_small_17_79151_40829,svo_airport_small,images/patches_512/svo_airport_small_17_79151_40829.png,masks/patches_512/svo_airport_small_17_79151_40829.png,1.0,"2,3,4",train
moscow_city_small_17_79222_40975,moscow_city_small,images/patches_512/moscow_city_small_17_79222_40975.png,masks/patches_512/moscow_city_small_17_79222_40975.png,0.594406,"2,3,4",train
moscow_suburb_small_17_79301_40845,moscow_suburb_small,images/patches_512/moscow_suburb_small_17_79301_40845.png,masks/patches_512/moscow_suburb_small_17_79301_40845.png,1.0,"2,3,4",train
moscow_city_small_17_79233_40991,moscow_city_small,images/patches_512/moscow_city_small_17_79233_40991.png,masks/patches_512/moscow_city_small_17_79233_40991.png,0.502964,"2,3,4",train
moscow_city_small_17_79233_40985,moscow_city_small,images/patches_512/moscow_city_small_17_79233_40985.png,masks/patches_512/moscow_city_small_17_79233_40985.png,0.587219,"3,4",train
svo_airport_small_17_79166_40843,svo_airport_small,images/patches_512/svo_airport_small_17_79166_40843.png,masks/patches_512/svo_airport_small_17_79166_40843.png,1.0,"1,2,3,4",train
moscow_city_small_17_79221_40969,moscow_city_small,images/patches_512/moscow_city_small_17_79221_40969.png,masks/patches_512/moscow_city_small_17_79221_40969.png,0.488457,"1,2,3,4",train
moscow_city_small_17_79230_40966,moscow_city_small,images/patches_512/moscow_city_small_17_79230_40966.png,masks/patches_512/moscow_city_small_17_79230_40966.png,0.719158,"2,3,4",train
moscow_city_small_17_79230_40972,moscow_city_small,images/patches_512/moscow_city_small_17_79230_40972.png,masks/patches_512/moscow_city_small_17_79230_40972.png,0.708591,"1,2,3,4",train
moscow_suburb_small_17_79313_40842,moscow_suburb_small,images/patches_512/moscow_suburb_small_17_79313_40842.png,masks/patches_512/moscow_suburb_small_17_79313_40842.png,1.0,"1,2,3,4",train
moscow_suburb_small_17_79302_40865,moscow_suburb_small,images/patches_512/moscow_suburb_small_17_79302_40865.png,masks/patches_512/moscow_suburb_small_17_79302_40865.png,1.0,"2,3,4",train
moscow_suburb_small_17_79302_40871,moscow_suburb_small,images/patches_512/moscow_suburb_small_17_79302_40871.png,masks/patches_512/moscow_suburb_small_17_79302_40871.png,1.0,"2,3,4",train
moscow_suburb_small_17_79313_40856,moscow_suburb_small,images/patches_512/moscow_suburb_small_17_79313_40856.png,masks/patches_512/moscow_suburb_small_17_79313_40856.png,1.0,"2,3,4",train
moscow_city_small_17_79221_40982,moscow_city_small,images/patches_512/moscow_city_small_17_79221_40982.png,masks/patches_512/moscow_city_small_17_79221_40982.png,0.583771,"2,3,4",train
moscow_suburb_small_17_79302_40859,moscow_suburb_small,images/patches_512/moscow_suburb_small_17_79302_40859.png,masks/patches_512/moscow_suburb_small_17_79302_40859.png,1.0,"2,3,4",train
svo_airport_small_17_79155_40845,svo_airport_small,images/patches_512/svo_airport_small_17_79155_40845.png,masks/patches_512/svo_airport_small_17_79155_40845.png,1.0,"1,2,3,4",train
svo_airport_small_17_79155_40844,svo_airport_small,images/patches_512/svo_airport_small_17_79155_40844.png,masks/patches_512/svo_airport_small_17_79155_40844.png,1.0,"1,2,3,4",train
moscow_city_small_17_79221_40983,moscow_city_small,images/patches_512/moscow_city_small_17_79221_40983.png,masks/patches_512/moscow_city_small_17_79221_40983.png,0.589626,"2,3,4",train
moscow_suburb_small_17_79302_40870,moscow_suburb_small,images/patches_512/moscow_suburb_small_17_79302_40870.png,masks/patches_512/moscow_suburb_small_17_79302_40870.png,1.0,"2,3,4",train
moscow_suburb_small_17_79313_40857,moscow_suburb_small,images/patches_512/moscow_suburb_small_17_79313_40857.png,masks/patches_512/moscow_suburb_small_17_79313_40857.png,1.0,"2,3,4",train
moscow_suburb_small_17_79313_40843,moscow_suburb_small,images/patches_512/moscow_suburb_small_17_79313_40843.png,masks/patches_512/moscow_suburb_small_17_79313_40843.png,1.0,"2,3,4",train
moscow_suburb_small_17_79302_40864,moscow_suburb_small,images/patches_512/moscow_suburb_small_17_79302_40864.png,masks/patches_512/moscow_suburb_small_17_79302_40864.png,1.0,"2,3,4",train
svo_airport_small_17_79161_40826,svo_airport_small,images/patches_512/svo_airport_small_17_79161_40826.png,masks/patches_512/svo_airport_small_17_79161_40826.png,1.0,"2,3,4",train
moscow_city_small_17_79230_40973,moscow_city_small,images/patches_512/moscow_city_small_17_79230_40973.png,masks/patches_512/moscow_city_small_17_79230_40973.png,0.781437,"1,2,3,4",train
moscow_city_small_17_79230_40967,moscow_city_small,images/patches_512/moscow_city_small_17_79230_40967.png,masks/patches_512/moscow_city_small_17_79230_40967.png,0.736561,"2,3,4",train
moscow_city_small_17_79221_40968,moscow_city_small,images/patches_512/moscow_city_small_17_79221_40968.png,masks/patches_512/moscow_city_small_17_79221_40968.png,0.608398,"1,2,3,4",train
svo_airport_small_17_79166_40842,svo_airport_small,images/patches_512/svo_airport_small_17_79166_40842.png,masks/patches_512/svo_airport_small_17_79166_40842.png,1.0,"1,2,3,4",train
moscow_city_small_17_79233_40984,moscow_city_small,images/patches_512/moscow_city_small_17_79233_40984.png,masks/patches_512/moscow_city_small_17_79233_40984.png,0.581505,"2,3,4",train
moscow_city_small_17_79233_40990,moscow_city_small,images/patches_512/moscow_city_small_17_79233_40990.png,masks/patches_512/moscow_city_small_17_79233_40990.png,0.609764,"2,3,4",train
moscow_suburb_small_17_79301_40844,moscow_suburb_small,images/patches_512/moscow_suburb_small_17_79301_40844.png,masks/patches_512/moscow_suburb_small_17_79301_40844.png,1.0,"1,2,3,4",train
moscow_suburb_small_17_79310_40863,moscow_suburb_small,images/patches_512/moscow_suburb_small_17_79310_40863.png,masks/patches_512/moscow_suburb_small_17_79310_40863.png,1.0,"2,3,4",train
svo_airport_small_17_79173_40835,svo_airport_small,images/patches_512/svo_airport_small_17_79173_40835.png,masks/patches_512/svo_airport_small_17_79173_40835.png,1.0,"2,3,4",train
moscow_city_small_17_79222_40974,moscow_city_small,images/patches_512/moscow_city_small_17_79222_40974.png,masks/patches_512/moscow_city_small_17_79222_40974.png,0.643837,"2,3,4",train
svo_airport_small_17_79151_40828,svo_airport_small,images/patches_512/svo_airport_small_17_79151_40828.png,masks/patches_512/svo_airport_small_17_79151_40828.png,1.0,"2,3,4",train
karelia_forest_small_17_76721_36714,karelia_forest_small,images/patches_512/karelia_forest_small_17_76721_36714.png,masks/patches_512/karelia_forest_small_17_76721_36714.png,1.0,"1,2",test
moscow_suburb_small_17_79309_40848,moscow_suburb_small,images/patches_512/moscow_suburb_small_17_79309_40848.png,masks/patches_512/moscow_suburb_small_17_79309_40848.png,1.0,"2,3,4",train
rostov_open_small_17_80190_45961,rostov_open_small,images/patches_512/rostov_open_small_17_80190_45961.png,masks/patches_512/rostov_open_small_17_80190_45961.png,1.0,"1,2,4",train
moscow_suburb_small_17_79297_40847,moscow_suburb_small,images/patches_512/moscow_suburb_small_17_79297_40847.png,masks/patches_512/moscow_suburb_small_17_79297_40847.png,1.0,"1,2,3,4",train
rostov_open_small_17_80190_45975,rostov_open_small,images/patches_512/rostov_open_small_17_80190_45975.png,masks/patches_512/rostov_open_small_17_80190_45975.png,1.0,"2,3,4",train
moscow_suburb_small_17_79318_40853,moscow_suburb_small,images/patches_512/moscow_suburb_small_17_79318_40853.png,masks/patches_512/moscow_suburb_small_17_79318_40853.png,1.0,"2,3,4",train
svo_airport_small_17_79154_40827,svo_airport_small,images/patches_512/svo_airport_small_17_79154_40827.png,masks/patches_512/svo_airport_small_17_79154_40827.png,1.0,"2,3,4",train
moscow_city_small_17_79236_40974,moscow_city_small,images/patches_512/moscow_city_small_17_79236_40974.png,masks/patches_512/moscow_city_small_17_79236_40974.png,0.731701,"2,3,4",train
moscow_suburb_small_17_79309_40860,moscow_suburb_small,images/patches_512/moscow_suburb_small_17_79309_40860.png,masks/patches_512/moscow_suburb_small_17_79309_40860.png,1.0,"2,3,4",train
moscow_suburb_small_17_79318_40847,moscow_suburb_small,images/patches_512/moscow_suburb_small_17_79318_40847.png,masks/patches_512/moscow_suburb_small_17_79318_40847.png,1.0,"2,3,4",train
moscow_suburb_small_17_79315_40850,moscow_suburb_small,images/patches_512/moscow_suburb_small_17_79315_40850.png,masks/patches_512/moscow_suburb_small_17_79315_40850.png,1.0,"2,3,4",train
svo_airport_small_17_79159_40824,svo_airport_small,images/patches_512/svo_airport_small_17_79159_40824.png,masks/patches_512/svo_airport_small_17_79159_40824.png,1.0,"2,3,4",train
svo_airport_small_17_79167_40835,svo_airport_small,images/patches_512/svo_airport_small_17_79167_40835.png,masks/patches_512/svo_airport_small_17_79167_40835.png,1.0,"2,3,4",train
moscow_suburb_small_17_79304_40863,moscow_suburb_small,images/patches_512/moscow_suburb_small_17_79304_40863.png,masks/patches_512/moscow_suburb_small_17_79304_40863.png,1.0,"2,3,4",train
moscow_suburb_small_17_79315_40844,moscow_suburb_small,images/patches_512/moscow_suburb_small_17_79315_40844.png,masks/patches_512/moscow_suburb_small_17_79315_40844.png,1.0,"1,2,3,4",train
moscow_city_small_17_79219_40981,moscow_city_small,images/patches_512/moscow_city_small_17_79219_40981.png,masks/patches_512/moscow_city_small_17_79219_40981.png,0.545151,"2,3,4",train
moscow_city_small_17_79227_40990,moscow_city_small,images/patches_512/moscow_city_small_17_79227_40990.png,masks/patches_512/moscow_city_small_17_79227_40990.png,0.808662,"1,2,3,4",train
svo_airport_small_17_79153_40843,svo_airport_small,images/patches_512/svo_airport_small_17_79153_40843.png,masks/patches_512/svo_airport_small_17_79153_40843.png,1.0,"1,2,3,4",train
svo_airport_small_17_79159_40818,svo_airport_small,images/patches_512/svo_airport_small_17_79159_40818.png,masks/patches_512/svo_airport_small_17_79159_40818.png,1.0,"2,3,4",train
moscow_city_small_17_79227_40984,moscow_city_small,images/patches_512/moscow_city_small_17_79227_40984.png,masks/patches_512/moscow_city_small_17_79227_40984.png,0.879257,"1,2,3,4",train
moscow_city_small_17_79219_40995,moscow_city_small,images/patches_512/moscow_city_small_17_79219_40995.png,masks/patches_512/moscow_city_small_17_79219_40995.png,0.599342,"1,2,3,4",train
svo_airport_small_17_79172_40842,svo_airport_small,images/patches_512/svo_airport_small_17_79172_40842.png,masks/patches_512/svo_airport_small_17_79172_40842.png,1.0,"1,2,3,4",train
krasnodar_fields_small_17_79659_46793,krasnodar_fields_small,images/patches_512/krasnodar_fields_small_17_79659_46793.png,masks/patches_512/krasnodar_fields_small_17_79659_46793.png,1.0,"1,2",val
moscow_city_small_17_79238_40980,moscow_city_small,images/patches_512/moscow_city_small_17_79238_40980.png,masks/patches_512/moscow_city_small_17_79238_40980.png,0.52153,"1,2,3,4",train
moscow_city_small_17_79238_40994,moscow_city_small,images/patches_512/moscow_city_small_17_79238_40994.png,masks/patches_512/moscow_city_small_17_79238_40994.png,0.653118,"2,3,4",train
moscow_city_small_17_79235_40968,moscow_city_small,images/patches_512/moscow_city_small_17_79235_40968.png,masks/patches_512/moscow_city_small_17_79235_40968.png,0.691673,"2,3,4",train
moscow_city_small_17_79224_40967,moscow_city_small,images/patches_512/moscow_city_small_17_79224_40967.png,masks/patches_512/moscow_city_small_17_79224_40967.png,0.645908,"1,2,3,4",train
moscow_city_small_17_79224_40973,moscow_city_small,images/patches_512/moscow_city_small_17_79224_40973.png,masks/patches_512/moscow_city_small_17_79224_40973.png,0.701885,"1,2,3,4",train
moscow_suburb_small_17_79316_40864,moscow_suburb_small,images/patches_512/moscow_suburb_small_17_79316_40864.png,masks/patches_512/moscow_suburb_small_17_79316_40864.png,1.0,"2,3,4",train
moscow_city_small_17_79229_40964,moscow_city_small,images/patches_512/moscow_city_small_17_79229_40964.png,masks/patches_512/moscow_city_small_17_79229_40964.png,0.792469,"2,3,4",train
moscow_suburb_small_17_79299_40858,moscow_suburb_small,images/patches_512/moscow_suburb_small_17_79299_40858.png,masks/patches_512/moscow_suburb_small_17_79299_40858.png,1.0,"2,3,4",train
moscow_suburb_small_17_79307_40843,moscow_suburb_small,images/patches_512/moscow_suburb_small_17_79307_40843.png,masks/patches_512/moscow_suburb_small_17_79307_40843.png,1.0,"2,3,4",train
krasnodar_fields_small_17_79648_46777,krasnodar_fields_small,images/patches_512/krasnodar_fields_small_17_79648_46777.png,masks/patches_512/krasnodar_fields_small_17_79648_46777.png,1.0,"1,2,3,4",val
moscow_suburb_small_17_79307_40857,moscow_suburb_small,images/patches_512/moscow_suburb_small_17_79307_40857.png,masks/patches_512/moscow_suburb_small_17_79307_40857.png,1.0,"1,2,3,4",train
moscow_suburb_small_17_79316_40870,moscow_suburb_small,images/patches_512/moscow_suburb_small_17_79316_40870.png,masks/patches_512/moscow_suburb_small_17_79316_40870.png,1.0,"1,2,3,4",train
moscow_city_small_17_79229_40970,moscow_city_small,images/patches_512/moscow_city_small_17_79229_40970.png,masks/patches_512/moscow_city_small_17_79229_40970.png,0.695244,"1,2,3,4",train
moscow_suburb_small_17_79316_40858,moscow_suburb_small,images/patches_512/moscow_suburb_small_17_79316_40858.png,masks/patches_512/moscow_suburb_small_17_79316_40858.png,1.0,"2,3,4",train
moscow_city_small_17_79235_40983,moscow_city_small,images/patches_512/moscow_city_small_17_79235_40983.png,masks/patches_512/moscow_city_small_17_79235_40983.png,0.603329,"2,3,4",train
moscow_suburb_small_17_79299_40864,moscow_suburb_small,images/patches_512/moscow_suburb_small_17_79299_40864.png,masks/patches_512/moscow_suburb_small_17_79299_40864.png,1.0,"2,3,4",train
moscow_suburb_small_17_79299_40870,moscow_suburb_small,images/patches_512/moscow_suburb_small_17_79299_40870.png,masks/patches_512/moscow_suburb_small_17_79299_40870.png,1.0,"2,3,4",train
