tile_id,region_id,z,x,y,image_path,mask_path,non_background_ratio,pixel_hist_json,vector_source,zoom,crs,kept_reason
moscow_city_small_17_79218_40964,moscow_city_small,17,79218,40964,images/tiles/moscow_city_small_17_79218_40964.png,masks/tiles/moscow_city_small_17_79218_40964.png,0.383636,"{""0"": 40394, ""3"": 17695, ""4"": 7447}",Overture Maps,17,EPSG:4326,"max_class_share=0.62,fg_share=0.38"
moscow_city_small_17_79219_40964,moscow_city_small,17,79219,40964,images/tiles/moscow_city_small_17_79219_40964.png,masks/tiles/moscow_city_small_17_79219_40964.png,0.662323,"{""0"": 22130, ""2"": 11828, ""3"": 21770, ""4"": 9808}",Overture Maps,17,EPSG:4326,"max_class_share=0.34,fg_share=0.66"
moscow_city_small_17_79220_40964,moscow_city_small,17,79220,40964,images/tiles/moscow_city_small_17_79220_40964.png,masks/tiles/moscow_city_small_17_79220_40964.png,0.439713,"{""0"": 36719, ""2"": 1368, ""3"": 17317, ""4"": 10132}",Overture Maps,17,EPSG:4326,"max_class_share=0.56,fg_share=0.44"
moscow_city_small_17_79221_40964,moscow_city_small,17,79221,40964,images/tiles/moscow_city_small_17_79221_40964.png,masks/tiles/moscow_city_small_17_79221_40964.png,0.451477,"{""0"": 35948, ""2"": 3493, ""3"": 18474, ""4"": 7621}",Overture Maps,17,EPSG:4326,"max_class_share=0.55,fg_share=0.45"
moscow_city_small_17_79222_40964,moscow_city_small,17,79222,40964,images/tiles/moscow_city_small_17_79222_40964.png,masks/tiles/moscow_city_small_17_79222_40964.png,0.615448,"{""0"": 25202, ""2"": 3208, ""3"": 27454, ""4"": 9672}",Overture Maps,17,EPSG:4326,"max_class_share=0.42,fg_share=0.62"
moscow_city_small_17_79223_40964,moscow_city_small,17,79223,40964,images/tiles/moscow_city_small_17_79223_40964.png,masks/tiles/moscow_city_small_17_79223_40964.png,0.588089,"{""0"": 26995, ""2"": 1160, ""3"": 26354, ""4"": 11027}",Overture Maps,17,EPSG:4326,"max_class_share=0.41,fg_share=0.59"
moscow_city_small_17_79224_40964,moscow_city_small,17,79224,40964,images/tiles/moscow_city_small_17_79224_40964.png,masks/tiles/moscow_city_small_17_79224_40964.png,0.711304,"{""0"": 18920, ""2"": 2688, ""3"": 20566, ""4"": 23362}",Overture Maps,17,EPSG:4326,"max_class_share=0.36,fg_share=0.71"
moscow_city_small_17_79225_40964,moscow_city_small,17,79225,40964,images/tiles/moscow_city_small_17_79225_40964.png,masks/tiles/moscow_city_small_17_79225_40964.png,0.585999,"{""0"": 27132, ""2"": 2542, ""3"": 24949, ""4"": 10913}",Overture Maps,17,EPSG:4326,"max_class_share=0.41,fg_share=0.59"
moscow_city_small_17_79226_40964,moscow_city_small,17,79226,40964,images/tiles/moscow_city_small_17_79226_40964.png,masks/tiles/moscow_city_small_17_79226_40964.png,0.537888,"{""0"": 30285, ""2"": 1051, ""3"": 22336, ""4"": 11864}",Overture Maps,17,EPSG:4326,"max_class_share=0.46,fg_share=0.54"
moscow_city_small_17_79227_40964,moscow_city_small,17,79227,40964,images/tiles/moscow_city_small_17_79227_40964.png,masks/tiles/moscow_city_small_17_79227_40964.png,0.599731,"{""0"": 26232, ""2"": 2444, ""3"": 24212, ""4"": 12648}",Overture Maps,17,EPSG:4326,"max_class_share=0.40,fg_share=0.60"
moscow_city_small_17_79228_40964,moscow_city_small,17,79228,40964,images/tiles/moscow_city_small_17_79228_40964.png,masks/tiles/moscow_city_small_17_79228_40964.png,0.762802,"{""0"": 15545, ""2"": 12618, ""3"": 29528, ""4"": 7845}",Overture Maps,17,EPSG:4326,"max_class_share=0.45,fg_share=0.76"
moscow_city_small_17_79229_40964,moscow_city_small,17,79229,40964,images/tiles/moscow_city_small_17_79229_40964.png,masks/tiles/moscow_city_small_17_79229_40964.png,0.867233,"{""0"": 8701, ""2"": 35458, ""3"": 13877, ""4"": 7500}",Overture Maps,17,EPSG:4326,"max_class_share=0.54,fg_share=0.87"
moscow_city_small_17_79230_40964,moscow_city_small,17,79230,40964,images/tiles/moscow_city_small_17_79230_40964.png,masks/tiles/moscow_city_small_17_79230_40964.png,0.683044,"{""0"": 20772, ""2"": 12651, ""3"": 21716, ""4"": 10397}",Overture Maps,17,EPSG:4326,"max_class_share=0.33,fg_share=0.68"
moscow_city_small_17_79231_40964,moscow_city_small,17,79231,40964,images/tiles/moscow_city_small_17_79231_40964.png,masks/tiles/moscow_city_small_17_79231_40964.png,0.672531,"{""0"": 21461, ""3"": 33832, ""4"": 10243}",Overture Maps,17,EPSG:4326,"max_class_share=0.52,fg_share=0.67"
moscow_city_small_17_79232_40964,moscow_city_small,17,79232,40964,images/tiles/moscow_city_small_17_79232_40964.png,masks/tiles/moscow_city_small_17_79232_40964.png,0.579407,"{""0"": 27564, ""2"": 242, ""3"": 26727, ""4"": 11003}",Overture Maps,17,EPSG:4326,"max_class_share=0.42,fg_share=0.58"
moscow_city_small_17_79233_40964,moscow_city_small,17,79233,40964,images/tiles/moscow_city_small_17_79233_40964.png,masks/tiles/moscow_city_small_17_79233_40964.png,0.76889,"{""0"": 15146, ""1"": 256, ""2"": 25128, ""3"": 15912, ""4"": 9094}",Overture Maps,17,EPSG:4326,"max_class_share=0.38,fg_share=0.77"
moscow_city_small_17_79234_40964,moscow_city_small,17,79234,40964,images/tiles/moscow_city_small_17_79234_40964.png,masks/tiles/moscow_city_small_17_79234_40964.png,0.769714,"{""0"": 15092, ""2"": 11988, ""3"": 28246, ""4"": 10210}",Overture Maps,17,EPSG:4326,"max_class_share=0.43,fg_share=0.77"
moscow_city_small_17_79235_40964,moscow_city_small,17,79235,40964,images/tiles/moscow_city_small_17_79235_40964.png,masks/tiles/moscow_city_small_17_79235_40964.png,0.672485,"{""0"": 21464, ""2"": 2161, ""3"": 30273, ""4"": 11638}",Overture Maps,17,EPSG:4326,"max_class_share=0.46,fg_share=0.67"
moscow_city_small_17_79236_40964,moscow_city_small,17,79236,40964,images/tiles/moscow_city_small_17_79236_40964.png,masks/tiles/moscow_city_small_17_79236_40964.png,0.640121,"{""0"": 23585, ""2"": 680, ""3"": 28466, ""4"": 12805}",Overture Maps,17,EPSG:4326,"max_class_share=0.43,fg_share=0.64"
moscow_city_small_17_79237_40964,moscow_city_small,17,79237,40964,images/tiles/moscow_city_small_17_79237_40964.png,masks/tiles/moscow_city_small_17_79237_40964.png,0.767517,"{""0"": 15236, ""2"": 816, ""3"": 38304, ""4"": 11180}",Overture Maps,17,EPSG:4326,"max_class_share=0.58,fg_share=0.77"
moscow_city_small_17_79238_40964,moscow_city_small,17,79238,40964,images/tiles/moscow_city_small_17_79238_40964.png,masks/tiles/moscow_city_small_17_79238_40964.png,0.613571,"{""0"": 25325, ""2"": 1065, ""3"": 28274, ""4"": 10872}",Overture Maps,17,EPSG:4326,"max_class_share=0.43,fg_share=0.61"
moscow_city_small_17_79239_40964,moscow_city_small,17,79239,40964,images/tiles/moscow_city_small_17_79239_40964.png,masks/tiles/moscow_city_small_17_79239_40964.png,0.503586,"{""0"": 32533, ""2"": 1569, ""3"": 20258, ""4"": 11176}",Overture Maps,17,EPSG:4326,"max_class_share=0.50,fg_share=0.50"
moscow_city_small_17_79240_40964,moscow_city_small,17,79240,40964,images/tiles/moscow_city_small_17_79240_40964.png,masks/tiles/moscow_city_small_17_79240_40964.png,0.348465,"{""0"": 42699, ""1"": 148, ""2"": 2180, ""3"": 12467, ""4"": 8042}",Overture Maps,17,EPSG:4326,"max_class_share=0.65,fg_share=0.35"
moscow_city_small_17_79218_40965,moscow_city_small,17,79218,40965,images/tiles/moscow_city_small_17_79218_40965.png,masks/tiles/moscow_city_small_17_79218_40965.png,0.362503,"{""0"": 41779, ""3"": 14143, ""4"": 9614}",Overture Maps,17,EPSG:4326,"max_class_share=0.64,fg_share=0.36"
moscow_city_small_17_79219_40965,moscow_city_small,17,79219,40965,images/tiles/moscow_city_small_17_79219_40965.png,masks/tiles/moscow_city_small_17_79219_40965.png,0.464676,"{""0"": 35083, ""2"": 599, ""3"": 20524, ""4"": 9330}",Overture Maps,17,EPSG:4326,"max_class_share=0.54,fg_share=0.46"
moscow_city_small_17_79220_40965,moscow_city_small,17,79220,40965,images/tiles/moscow_city_small_17_79220_40965.png,masks/tiles/moscow_city_small_17_79220_40965.png,0.541443,"{""0"": 30052, ""2"": 7967, ""3"": 18545, ""4"": 8972}",Overture Maps,17,EPSG:4326,"max_class_share=0.46,fg_share=0.54"
moscow_city_small_17_79221_40965,moscow_city_small,17,79221,40965,images/tiles/moscow_city_small_17_79221_40965.png,masks/tiles/moscow_city_small_17_79221_40965.png,0.654678,"{""0"": 22631, ""2"": 7502, ""3"": 25021, ""4"": 10382}",Overture Maps,17,EPSG:4326,"max_class_share=0.38,fg_share=0.65"
moscow_city_small_17_79222_40965,moscow_city_small,17,79222,40965,images/tiles/moscow_city_small_17_79222_40965.png,masks/tiles/moscow_city_small_17_79222_40965.png,0.589798,"{""0"": 26883, ""2"": 1485, ""3"": 30148, ""4"": 7020}",Overture Maps,17,EPSG:4326,"max_class_share=0.46,fg_share=0.59"
moscow_city_small_17_79223_40965,moscow_city_small,17,79223,40965,images/tiles/moscow_city_small_17_79223_40965.png,masks/tiles/moscow_city_small_17_79223_40965.png,0.706329,"{""0"": 19246, ""2"": 7832, ""3"": 20032, ""4"": 18426}",Overture Maps,17,EPSG:4326,"max_class_share=0.31,fg_share=0.71"
moscow_city_small_17_79224_40965,moscow_city_small,17,79224,40965,images/tiles/moscow_city_small_17_79224_40965.png,masks/tiles/moscow_city_small_17_79224_40965.png,0.840378,"{""0"": 10461, ""2"": 12035, ""3"": 36350, ""4"": 6690}",Overture Maps,17,EPSG:4326,"max_class_share=0.55,fg_share=0.84"
moscow_city_small_17_79225_40965,moscow_city_small,17,79225,40965,images/tiles/moscow_city_small_17_79225_40965.png,masks/tiles/moscow_city_small_17_79225_40965.png,0.732498,"{""0"": 17531, ""2"": 914, ""3"": 30731, ""4"": 16360}",Overture Maps,17,EPSG:4326,"max_class_share=0.47,fg_share=0.73"
moscow_city_small_17_79226_40965,moscow_city_small,17,79226,40965,images/tiles/moscow_city_small_17_79226_40965.png,masks/tiles/moscow_city_small_17_79226_40965.png,0.75116,"{""0"": 16308, ""3"": 38154, ""4"": 11074}",Overture Maps,17,EPSG:4326,"max_class_share=0.58,fg_share=0.75"
moscow_city_small_17_79227_40965,moscow_city_small,17,79227,40965,images/tiles/moscow_city_small_17_79227_40965.png,masks/tiles/moscow_city_small_17_79227_40965.png,0.746552,"{""0"": 16610, ""3"": 38115, ""4"": 10811}",Overture Maps,17,EPSG:4326,"max_class_share=0.58,fg_share=0.75"
moscow_city_small_17_79228_40965,moscow_city_small,17,79228,40965,images/tiles/moscow_city_small_17_79228_40965.png,masks/tiles/moscow_city_small_17_79228_40965.png,0.71344,"{""0"": 18780, ""3"": 39772, ""4"": 6984}",Overture Maps,17,EPSG:4326,"max_class_share=0.61,fg_share=0.71"
moscow_city_small_17_79229_40965,moscow_city_small,17,79229,40965,images/tiles/moscow_city_small_17_79229_40965.png,masks/tiles/moscow_city_small_17_79229_40965.png,0.822296,"{""0"": 11646, ""2"": 20339, ""3"": 22819, ""4"": 10732}",Overture Maps,17,EPSG:4326,"max_class_share=0.35,fg_share=0.82"
moscow_city_small_17_79230_40965,moscow_city_small,17,79230,40965,images/tiles/moscow_city_small_17_79230_40965.png,masks/tiles/moscow_city_small_17_79230_40965.png,0.797302,"{""0"": 13284, ""2"": 16079, ""3"": 23125, ""4"": 13048}",Overture Maps,17,EPSG:4326,"max_class_share=0.35,fg_share=0.80"
moscow_city_small_17_79231_40965,moscow_city_small,17,79231,40965,images/tiles/moscow_city_small_17_79231_40965.png,masks/tiles/moscow_city_small_17_79231_40965.png,0.778763,"{""0"": 14499, ""2"": 7577, ""3"": 29914, ""4"": 13546}",Overture Maps,17,EPSG:4326,"max_class_share=0.46,fg_share=0.78"
moscow_city_small_17_79232_40965,moscow_city_small,17,79232,40965,images/tiles/moscow_city_small_17_79232_40965.png,masks/tiles/moscow_city_small_17_79232_40965.png,0.732925,"{""0"": 17503, ""2"": 9327, ""3"": 24291, ""4"": 14415}",Overture Maps,17,EPSG:4326,"max_class_share=0.37,fg_share=0.73"
moscow_city_small_17_79233_40965,moscow_city_small,17,79233,40965,images/tiles/moscow_city_small_17_79233_40965.png,masks/tiles/moscow_city_small_17_79233_40965.png,0.781738,"{""0"": 14304, ""1"": 246, ""2"": 28654, ""3"": 11936, ""4"": 10396}",Overture Maps,17,EPSG:4326,"max_class_share=0.44,fg_share=0.78"
moscow_city_small_17_79234_40965,moscow_city_small,17,79234,40965,images/tiles/moscow_city_small_17_79234_40965.png,masks/tiles/moscow_city_small_17_79234_40965.png,0.777527,"{""0"": 14580, ""2"": 6725, ""3"": 33326, ""4"": 10905}",Overture Maps,17,EPSG:4326,"max_class_share=0.51,fg_share=0.78"
moscow_city_small_17_79235_40965,moscow_city_small,17,79235,40965,images/tiles/moscow_city_small_17_79235_40965.png,masks/tiles/moscow_city_small_17_79235_40965.png,0.763397,"{""0"": 15506, ""2"": 1594, ""3"": 31825, ""4"": 16611}",Overture Maps,17,EPSG:4326,"max_class_share=0.49,fg_share=0.76"
moscow_city_small_17_79236_40965,moscow_city_small,17,79236,40965,images/tiles/moscow_city_small_17_79236_40965.png,masks/tiles/moscow_city_small_17_79236_40965.png,0.736938,"{""0"": 17240, ""2"": 3325, ""3"": 32305, ""4"": 12666}",Overture Maps,17,EPSG:4326,"max_class_share=0.49,fg_share=0.74"
moscow_city_small_17_79237_40965,moscow_city_small,17,79237,40965,images/tiles/moscow_city_small_17_79237_40965.png,masks/tiles/moscow_city_small_17_79237_40965.png,0.75473,"{""0"": 16074, ""2"": 103, ""3"": 36420, ""4"": 12939}",Overture Maps,17,EPSG:4326,"max_class_share=0.56,fg_share=0.75"
moscow_city_small_17_79238_40965,moscow_city_small,17,79238,40965,images/tiles/moscow_city_small_17_79238_40965.png,masks/tiles/moscow_city_small_17_79238_40965.png,0.732513,"{""0"": 17530, ""2"": 101, ""3"": 34841, ""4"": 13064}",Overture Maps,17,EPSG:4326,"max_class_share=0.53,fg_share=0.73"
moscow_city_small_17_79239_40965,moscow_city_small,17,79239,40965,images/tiles/moscow_city_small_17_79239_40965.png,masks/tiles/moscow_city_small_17_79239_40965.png,0.68309,"{""0"": 20769, ""2"": 3435, ""3"": 33626, ""4"": 7706}",Overture Maps,17,EPSG:4326,"max_class_share=0.51,fg_share=0.68"
moscow_city_small_17_79240_40965,moscow_city_small,17,79240,40965,images/tiles/moscow_city_small_17_79240_40965.png,masks/tiles/moscow_city_small_17_79240_40965.png,0.463913,"{""0"": 35133, ""1"": 33, ""2"": 1077, ""3"": 21231, ""4"": 8062}",Overture Maps,17,EPSG:4326,"max_class_share=0.54,fg_share=0.46"
moscow_city_small_17_79218_40966,moscow_city_small,17,79218,40966,images/tiles/moscow_city_small_17_79218_40966.png,masks/tiles/moscow_city_small_17_79218_40966.png,0.29834,"{""0"": 45984, ""2"": 3299, ""3"": 11832, ""4"": 4421}",Overture Maps,17,EPSG:4326,"max_class_share=0.70,fg_share=0.30"
moscow_city_small_17_79219_40966,moscow_city_small,17,79219,40966,images/tiles/moscow_city_small_17_79219_40966.png,masks/tiles/moscow_city_small_17_79219_40966.png,0.651199,"{""0"": 22859, ""2"": 6291, ""3"": 25727, ""4"": 10659}",Overture Maps,17,EPSG:4326,"max_class_share=0.39,fg_share=0.65"
moscow_city_small_17_79220_40966,moscow_city_small,17,79220,40966,images/tiles/moscow_city_small_17_79220_40966.png,masks/tiles/moscow_city_small_17_79220_40966.png,0.518295,"{""0"": 31569, ""2"": 2955, ""3"": 20861, ""4"": 10151}",Overture Maps,17,EPSG:4326,"max_class_share=0.48,fg_share=0.52"
moscow_city_small_17_79221_40966,moscow_city_small,17,79221,40966,images/tiles/moscow_city_small_17_79221_40966.png,masks/tiles/moscow_city_small_17_79221_40966.png,0.658813,"{""0"": 22360, ""2"": 2787, ""3"": 28761, ""4"": 11628}",Overture Maps,17,EPSG:4326,"max_class_share=0.44,fg_share=0.66"
moscow_city_small_17_79222_40966,moscow_city_small,17,79222,40966,images/tiles/moscow_city_small_17_79222_40966.png,masks/tiles/moscow_city_small_17_79222_40966.png,0.612869,"{""0"": 25371, ""2"": 1212, ""3"": 24047, ""4"": 14906}",Overture Maps,17,EPSG:4326,"max_class_share=0.39,fg_share=0.61"
moscow_city_small_17_79223_40966,moscow_city_small,17,79223,40966,images/tiles/moscow_city_small_17_79223_40966.png,masks/tiles/moscow_city_small_17_79223_40966.png,0.761444,"{""0"": 15634, ""1"": 21, ""2"": 5647, ""3"": 34767, ""4"": 9467}",Overture Maps,17,EPSG:4326,"max_class_share=0.53,fg_share=0.76"
moscow_city_small_17_79224_40966,moscow_city_small,17,79224,40966,images/tiles/moscow_city_small_17_79224_40966.png,masks/tiles/moscow_city_small_17_79224_40966.png,0.751724,"{""0"": 16271, ""1"": 22, ""2"": 2571, ""3"": 38352, ""4"": 8320}",Overture Maps,17,EPSG:4326,"max_class_share=0.59,fg_share=0.75"
moscow_city_small_17_79225_40966,moscow_city_small,17,79225,40966,images/tiles/moscow_city_small_17_79225_40966.png,masks/tiles/moscow_city_small_17_79225_40966.png,0.610947,"{""0"": 25497, ""2"": 791, ""3"": 30968, ""4"": 8280}",Overture Maps,17,EPSG:4326,"max_class_share=0.47,fg_share=0.61"
moscow_city_small_17_79226_40966,moscow_city_small,17,79226,40966,images/tiles/moscow_city_small_17_79226_40966.png,masks/tiles/moscow_city_small_17_79226_40966.png,0.731461,"{""0"": 17599, ""2"": 838, ""3"": 31189, ""4"": 15910}",Overture Maps,17,EPSG:4326,"max_class_share=0.48,fg_share=0.73"
moscow_city_small_17_79227_40966,moscow_city_small,17,79227,40966,images/tiles/moscow_city_small_17_79227_40966.png,masks/tiles/moscow_city_small_17_79227_40966.png,0.736771,"{""0"": 17251, ""2"": 2639, ""3"": 35979, ""4"": 9667}",Overture Maps,17,EPSG:4326,"max_class_share=0.55,fg_share=0.74"
moscow_city_small_17_79228_40966,moscow_city_small,17,79228,40966,images/tiles/moscow_city_small_17_79228_40966.png,masks/tiles/moscow_city_small_17_79228_40966.png,0.744278,"{""0"": 16759, ""1"": 7, ""2"": 5189, ""3"": 30316, ""4"": 13265}",Overture Maps,17,EPSG:4326,"max_class_share=0.46,fg_share=0.74"
moscow_city_small_17_79229_40966,moscow_city_small,17,79229,40966,images/tiles/moscow_city_small_17_79229_40966.png,masks/tiles/moscow_city_small_17_79229_40966.png,0.834015,"{""0"": 10878, ""2"": 19026, ""3"": 23299, ""4"": 12333}",Overture Maps,17,EPSG:4326,"max_class_share=0.36,fg_share=0.83"
moscow_city_small_17_79230_40966,moscow_city_small,17,79230,40966,images/tiles/moscow_city_small_17_79230_40966.png,masks/tiles/moscow_city_small_17_79230_40966.png,0.773468,"{""0"": 14846, ""2"": 2488, ""3"": 37899, ""4"": 10303}",Overture Maps,17,EPSG:4326,"max_class_share=0.58,fg_share=0.77"
moscow_city_small_17_79231_40966,moscow_city_small,17,79231,40966,images/tiles/moscow_city_small_17_79231_40966.png,masks/tiles/moscow_city_small_17_79231_40966.png,0.637817,"{""0"": 23736, ""2"": 368, ""3"": 30473, ""4"": 10959}",Overture Maps,17,EPSG:4326,"max_class_share=0.46,fg_share=0.64"
moscow_city_small_17_79232_40966,moscow_city_small,17,79232,40966,images/tiles/moscow_city_small_17_79232_40966.png,masks/tiles/moscow_city_small_17_79232_40966.png,0.72551,"{""0"": 17989, ""2"": 18, ""3"": 40823, ""4"": 6706}",Overture Maps,17,EPSG:4326,"max_class_share=0.62,fg_share=0.73"
moscow_city_small_17_79233_40966,moscow_city_small,17,79233,40966,images/tiles/moscow_city_small_17_79233_40966.png,masks/tiles/moscow_city_small_17_79233_40966.png,0.730042,"{""0"": 17692, ""1"": 217, ""2"": 4420, ""3"": 29580, ""4"": 13627}",Overture Maps,17,EPSG:4326,"max_class_share=0.45,fg_share=0.73"
moscow_city_small_17_79234_40966,moscow_city_small,17,79234,40966,images/tiles/moscow_city_small_17_79234_40966.png,masks/tiles/moscow_city_small_17_79234_40966.png,0.629974,"{""0"": 24250, ""2"": 1354, ""3"": 25163, ""4"": 14769}",Overture Maps,17,EPSG:4326,"max_class_share=0.38,fg_share=0.63"
moscow_city_small_17_79235_40966,moscow_city_small,17,79235,40966,images/tiles/moscow_city_small_17_79235_40966.png,masks/tiles/moscow_city_small_17_79235_40966.png,0.789841,"{""0"": 13773, ""2"": 7984, ""3"": 31761, ""4"": 12018}",Overture Maps,17,EPSG:4326,"max_class_share=0.48,fg_share=0.79"
moscow_city_small_17_79236_40966,moscow_city_small,17,79236,40966,images/tiles/moscow_city_small_17_79236_40966.png,masks/tiles/moscow_city_small_17_79236_40966.png,0.747101,"{""0"": 16574, ""2"": 5728, ""3"": 30518, ""4"": 12716}",Overture Maps,17,EPSG:4326,"max_class_share=0.47,fg_share=0.75"
moscow_city_small_17_79237_40966,moscow_city_small,17,79237,40966,images/tiles/moscow_city_small_17_79237_40966.png,masks/tiles/moscow_city_small_17_79237_40966.png,0.7836,"{""0"": 14182, ""2"": 12892, ""3"": 24773, ""4"": 13689}",Overture Maps,17,EPSG:4326,"max_class_share=0.38,fg_share=0.78"
moscow_city_small_17_79238_40966,moscow_city_small,17,79238,40966,images/tiles/moscow_city_small_17_79238_40966.png,masks/tiles/moscow_city_small_17_79238_40966.png,0.775574,"{""0"": 14708, ""2"": 14197, ""3"": 24983, ""4"": 11648}",Overture Maps,17,EPSG:4326,"max_class_share=0.38,fg_share=0.78"
moscow_city_small_17_79239_40966,moscow_city_small,17,79239,40966,images/tiles/moscow_city_small_17_79239_40966.png,masks/tiles/moscow_city_small_17_79239_40966.png,0.606598,"{""0"": 25782, ""2"": 550, ""3"": 26043, ""4"": 13161}",Overture Maps,17,EPSG:4326,"max_class_share=0.40,fg_share=0.61"
moscow_city_small_17_79240_40966,moscow_city_small,17,79240,40966,images/tiles/moscow_city_small_17_79240_40966.png,masks/tiles/moscow_city_small_17_79240_40966.png,0.374817,"{""0"": 40972, ""3"": 17673, ""4"": 6891}",Overture Maps,17,EPSG:4326,"max_class_share=0.63,fg_share=0.37"
moscow_city_small_17_79218_40967,moscow_city_small,17,79218,40967,images/tiles/moscow_city_small_17_79218_40967.png,masks/tiles/moscow_city_small_17_79218_40967.png,0.416534,"{""0"": 38238, ""1"": 93, ""2"": 1434, ""3"": 18491, ""4"": 7280}",Overture Maps,17,EPSG:4326,"max_class_share=0.58,fg_share=0.42"
moscow_city_small_17_79219_40967,moscow_city_small,17,79219,40967,images/tiles/moscow_city_small_17_79219_40967.png,masks/tiles/moscow_city_small_17_79219_40967.png,0.57518,"{""0"": 27841, ""1"": 131, ""2"": 3456, ""3"": 24426, ""4"": 9682}",Overture Maps,17,EPSG:4326,"max_class_share=0.42,fg_share=0.58"
moscow_city_small_17_79220_40967,moscow_city_small,17,79220,40967,images/tiles/moscow_city_small_17_79220_40967.png,masks/tiles/moscow_city_small_17_79220_40967.png,0.569717,"{""0"": 28199, ""1"": 67, ""2"": 7914, ""3"": 21727, ""4"": 7629}",Overture Maps,17,EPSG:4326,"max_class_share=0.43,fg_share=0.57"
moscow_city_small_17_79221_40967,moscow_city_small,17,79221,40967,images/tiles/moscow_city_small_17_79221_40967.png,masks/tiles/moscow_city_small_17_79221_40967.png,0.49852,"{""0"": 32865, ""1"": 128, ""2"": 434, ""3"": 17064, ""4"": 15045}",Overture Maps,17,EPSG:4326,"max_class_share=0.50,fg_share=0.50"
moscow_city_small_17_79222_40967,moscow_city_small,17,79222,40967,images/tiles/moscow_city_small_17_79222_40967.png,masks/tiles/moscow_city_small_17_79222_40967.png,0.751907,"{""0"": 16259, ""1"": 120, ""2"": 14935, ""3"": 21861, ""4"": 12361}",Overture Maps,17,EPSG:4326,"max_class_share=0.33,fg_share=0.75"
moscow_city_small_17_79223_40967,moscow_city_small,17,79223,40967,images/tiles/moscow_city_small_17_79223_40967.png,masks/tiles/moscow_city_small_17_79223_40967.png,0.630249,"{""0"": 24232, ""1"": 3, ""2"": 4492, ""3"": 23805, ""4"": 13004}",Overture Maps,17,EPSG:4326,"max_class_share=0.37,fg_share=0.63"
moscow_city_small_17_79224_40967,moscow_city_small,17,79224,40967,images/tiles/moscow_city_small_17_79224_40967.png,masks/tiles/moscow_city_small_17_79224_40967.png,0.738815,"{""0"": 17117, ""2"": 715, ""3"": 35208, ""4"": 12496}",Overture Maps,17,EPSG:4326,"max_class_share=0.54,fg_share=0.74"
moscow_city_small_17_79225_40967,moscow_city_small,17,79225,40967,images/tiles/moscow_city_small_17_79225_40967.png,masks/tiles/moscow_city_small_17_79225_40967.png,0.577209,"{""0"": 27708, ""2"": 308, ""3"": 29131, ""4"": 8389}",Overture Maps,17,EPSG:4326,"max_class_share=0.44,fg_share=0.58"
moscow_city_small_17_79226_40967,moscow_city_small,17,79226,40967,images/tiles/moscow_city_small_17_79226_40967.png,masks/tiles/moscow_city_small_17_79226_40967.png,0.601685,"{""0"": 26104, ""2"": 1765, ""3"": 28498, ""4"": 9169}",Overture Maps,17,EPSG:4326,"max_class_share=0.43,fg_share=0.60"
moscow_city_small_17_79227_40967,moscow_city_small,17,79227,40967,images/tiles/moscow_city_small_17_79227_40967.png,masks/tiles/moscow_city_small_17_79227_40967.png,0.75058,"{""0"": 16346, ""1"": 430, ""2"": 29383, ""3"": 3111, ""4"": 16266}",Overture Maps,17,EPSG:4326,"max_class_share=0.45,fg_share=0.75"
moscow_city_small_17_79228_40967,moscow_city_small,17,79228,40967,images/tiles/moscow_city_small_17_79228_40967.png,masks/tiles/moscow_city_small_17_79228_40967.png,0.798569,"{""0"": 13201, ""1"": 418, ""2"": 4490, ""3"": 35974, ""4"": 11453}",Overture Maps,17,EPSG:4326,"max_class_share=0.55,fg_share=0.80"
moscow_city_small_17_79229_40967,moscow_city_small,17,79229,40967,images/tiles/moscow_city_small_17_79229_40967.png,masks/tiles/moscow_city_small_17_79229_40967.png,0.763916,"{""0"": 15472, ""2"": 318, ""3"": 40208, ""4"": 9538}",Overture Maps,17,EPSG:4326,"max_class_share=0.61,fg_share=0.76"
moscow_city_small_17_79230_40967,moscow_city_small,17,79230,40967,images/tiles/moscow_city_small_17_79230_40967.png,masks/tiles/moscow_city_small_17_79230_40967.png,0.657211,"{""0"": 22465, ""2"": 601, ""3"": 34489, ""4"": 7981}",Overture Maps,17,EPSG:4326,"max_class_share=0.53,fg_share=0.66"
moscow_city_small_17_79231_40967,moscow_city_small,17,79231,40967,images/tiles/moscow_city_small_17_79231_40967.png,masks/tiles/moscow_city_small_17_79231_40967.png,0.808136,"{""0"": 12574, ""3"": 40894, ""4"": 12068}",Overture Maps,17,EPSG:4326,"max_class_share=0.62,fg_share=0.81"
moscow_city_small_17_79232_40967,moscow_city_small,17,79232,40967,images/tiles/moscow_city_small_17_79232_40967.png,masks/tiles/moscow_city_small_17_79232_40967.png,0.806534,"{""0"": 12679, ""1"": 101, ""2"": 352, ""3"": 42500, ""4"": 9904}",Overture Maps,17,EPSG:4326,"max_class_share=0.65,fg_share=0.81"
moscow_city_small_17_79233_40967,moscow_city_small,17,79233,40967,images/tiles/moscow_city_small_17_79233_40967.png,masks/tiles/moscow_city_small_17_79233_40967.png,0.807495,"{""0"": 12616, ""1"": 78, ""2"": 2421, ""3"": 37634, ""4"": 12787}",Overture Maps,17,EPSG:4326,"max_class_share=0.57,fg_share=0.81"
moscow_city_small_17_79234_40967,moscow_city_small,17,79234,40967,images/tiles/moscow_city_small_17_79234_40967.png,masks/tiles/moscow_city_small_17_79234_40967.png,0.702896,"{""0"": 19471, ""3"": 36416, ""4"": 9649}",Overture Maps,17,EPSG:4326,"max_class_share=0.56,fg_share=0.70"
moscow_city_small_17_79235_40967,moscow_city_small,17,79235,40967,images/tiles/moscow_city_small_17_79235_40967.png,masks/tiles/moscow_city_small_17_79235_40967.png,0.75386,"{""0"": 16131, ""3"": 41726, ""4"": 7679}",Overture Maps,17,EPSG:4326,"max_class_share=0.64,fg_share=0.75"
moscow_city_small_17_79236_40967,moscow_city_small,17,79236,40967,images/tiles/moscow_city_small_17_79236_40967.png,masks/tiles/moscow_city_small_17_79236_40967.png,0.656372,"{""0"": 22520, ""3"": 34143, ""4"": 8873}",Overture Maps,17,EPSG:4326,"max_class_share=0.52,fg_share=0.66"
moscow_city_small_17_79237_40967,moscow_city_small,17,79237,40967,images/tiles/moscow_city_small_17_79237_40967.png,masks/tiles/moscow_city_small_17_79237_40967.png,0.759598,"{""0"": 15755, ""3"": 38960, ""4"": 10821}",Overture Maps,17,EPSG:4326,"max_class_share=0.59,fg_share=0.76"
moscow_city_small_17_79238_40967,moscow_city_small,17,79238,40967,images/tiles/moscow_city_small_17_79238_40967.png,masks/tiles/moscow_city_small_17_79238_40967.png,0.782166,"{""0"": 14276, ""2"": 1889, ""3"": 40832, ""4"": 8539}",Overture Maps,17,EPSG:4326,"max_class_share=0.62,fg_share=0.78"
moscow_city_small_17_79239_40967,moscow_city_small,17,79239,40967,images/tiles/moscow_city_small_17_79239_40967.png,masks/tiles/moscow_city_small_17_79239_40967.png,0.55394,"{""0"": 29233, ""2"": 2564, ""3"": 18795, ""4"": 14944}",Overture Maps,17,EPSG:4326,"max_class_share=0.45,fg_share=0.55"
moscow_city_small_17_79240_40967,moscow_city_small,17,79240,40967,images/tiles/moscow_city_small_17_79240_40967.png,masks/tiles/moscow_city_small_17_79240_40967.png,0.32576,"{""0"": 44187, ""2"": 5279, ""3"": 10763, ""4"": 5307}",Overture Maps,17,EPSG:4326,"max_class_share=0.67,fg_share=0.33"
moscow_city_small_17_79218_40968,moscow_city_small,17,79218,40968,images/tiles/moscow_city_small_17_79218_40968.png,masks/tiles/moscow_city_small_17_79218_40968.png,0.499725,"{""0"": 32786, ""1"": 13515, ""3"": 19036, ""4"": 199}",Overture Maps,17,EPSG:4326,"max_class_share=0.50,fg_share=0.50"
moscow_city_small_17_79219_40968,moscow_city_small,17,79219,40968,images/tiles/moscow_city_small_17_79219_40968.png,masks/tiles/moscow_city_small_17_79219_40968.png,0.508087,"{""0"": 32238, ""1"": 4264, ""2"": 11573, ""3"": 16546, ""4"": 915}",Overture Maps,17,EPSG:4326,"max_class_share=0.49,fg_share=0.51"
moscow_city_small_17_79220_40968,moscow_city_small,17,79220,40968,images/tiles/moscow_city_small_17_79220_40968.png,masks/tiles/moscow_city_small_17_79220_40968.png,0.599594,"{""0"": 26241, ""1"": 115, ""2"": 4624, ""3"": 32328, ""4"": 2228}",Overture Maps,17,EPSG:4326,"max_class_share=0.49,fg_share=0.60"
moscow_city_small_17_79221_40968,moscow_city_small,17,79221,40968,images/tiles/moscow_city_small_17_79221_40968.png,masks/tiles/moscow_city_small_17_79221_40968.png,0.626801,"{""0"": 24458, ""1"": 83, ""2"": 789, ""3"": 24628, ""4"": 15578}",Overture Maps,17,EPSG:4326,"max_class_share=0.38,fg_share=0.63"
moscow_city_small_17_79222_40968,moscow_city_small,17,79222,40968,images/tiles/moscow_city_small_17_79222_40968.png,masks/tiles/moscow_city_small_17_79222_40968.png,0.774017,"{""0"": 14810, ""1"": 327, ""2"": 21903, ""3"": 18932, ""4"": 9564}",Overture Maps,17,EPSG:4326,"max_class_share=0.33,fg_share=0.77"
moscow_city_small_17_79223_40968,moscow_city_small,17,79223,40968,images/tiles/moscow_city_small_17_79223_40968.png,masks/tiles/moscow_city_small_17_79223_40968.png,0.81546,"{""0"": 12094, ""1"": 1791, ""2"": 12263, ""3"": 27469, ""4"": 11919}",Overture Maps,17,EPSG:4326,"max_class_share=0.42,fg_share=0.82"
moscow_city_small_17_79224_40968,moscow_city_small,17,79224,40968,images/tiles/moscow_city_small_17_79224_40968.png,masks/tiles/moscow_city_small_17_79224_40968.png,0.695038,"{""0"": 19986, ""2"": 3802, ""3"": 28629, ""4"": 13119}",Overture Maps,17,EPSG:4326,"max_class_share=0.44,fg_share=0.70"
moscow_city_small_17_79225_40968,moscow_city_small,17,79225,40968,images/tiles/moscow_city_small_17_79225_40968.png,masks/tiles/moscow_city_small_17_79225_40968.png,0.572571,"{""0"": 28012, ""1"": 78, ""2"": 1035, ""3"": 24834, ""4"": 11577}",Overture Maps,17,EPSG:4326,"max_class_share=0.43,fg_share=0.57"
moscow_city_small_17_79226_40968,moscow_city_small,17,79226,40968,images/tiles/moscow_city_small_17_79226_40968.png,masks/tiles/moscow_city_small_17_79226_40968.png,0.609512,"{""0"": 25591, ""2"": 9311, ""3"": 20581, ""4"": 10053}",Overture Maps,17,EPSG:4326,"max_class_share=0.39,fg_share=0.61"
moscow_city_small_17_79227_40968,moscow_city_small,17,79227,40968,images/tiles/moscow_city_small_17_79227_40968.png,masks/tiles/moscow_city_small_17_79227_40968.png,0.87941,"{""0"": 7903, ""2"": 18855, ""3"": 28036, ""4"": 10742}",Overture Maps,17,EPSG:4326,"max_class_share=0.43,fg_share=0.88"
moscow_city_small_17_79228_40968,moscow_city_small,17,79228,40968,images/tiles/moscow_city_small_17_79228_40968.png,masks/tiles/moscow_city_small_17_79228_40968.png,0.692139,"{""0"": 20176, ""3"": 29648, ""4"": 15712}",Overture Maps,17,EPSG:4326,"max_class_share=0.45,fg_share=0.69"
moscow_city_small_17_79229_40968,moscow_city_small,17,79229,40968,images/tiles/moscow_city_small_17_79229_40968.png,masks/tiles/moscow_city_small_17_79229_40968.png,0.688309,"{""0"": 20427, ""2"": 762, ""3"": 33282, ""4"": 11065}",Overture Maps,17,EPSG:4326,"max_class_share=0.51,fg_share=0.69"
moscow_city_small_17_79230_40968,moscow_city_small,17,79230,40968,images/tiles/moscow_city_small_17_79230_40968.png,masks/tiles/moscow_city_small_17_79230_40968.png,0.709641,"{""0"": 19029, ""2"": 234, ""3"": 36800, ""4"": 9473}",Overture Maps,17,EPSG:4326,"max_class_share=0.56,fg_share=0.71"
moscow_city_small_17_79231_40968,moscow_city_small,17,79231,40968,images/tiles/moscow_city_small_17_79231_40968.png,masks/tiles/moscow_city_small_17_79231_40968.png,0.771255,"{""0"": 14991, ""2"": 392, ""3"": 42888, ""4"": 7265}",Overture Maps,17,EPSG:4326,"max_class_share=0.65,fg_share=0.77"
moscow_city_small_17_79232_40968,moscow_city_small,17,79232,40968,images/tiles/moscow_city_small_17_79232_40968.png,masks/tiles/moscow_city_small_17_79232_40968.png,0.749924,"{""0"": 16389, ""1"": 24, ""3"": 38752, ""4"": 10371}",Overture Maps,17,EPSG:4326,"max_class_share=0.59,fg_share=0.75"
moscow_city_small_17_79233_40968,moscow_city_small,17,79233,40968,images/tiles/moscow_city_small_17_79233_40968.png,masks/tiles/moscow_city_small_17_79233_40968.png,0.802902,"{""0"": 12917, ""1"": 93, ""3"": 43104, ""4"": 9422}",Overture Maps,17,EPSG:4326,"max_class_share=0.66,fg_share=0.80"
moscow_city_small_17_79234_40968,moscow_city_small,17,79234,40968,images/tiles/moscow_city_small_17_79234_40968.png,masks/tiles/moscow_city_small_17_79234_40968.png,0.770554,"{""0"": 15037, ""2"": 1681, ""3"": 39704, ""4"": 9114}",Overture Maps,17,EPSG:4326,"max_class_share=0.61,fg_share=0.77"
moscow_city_small_17_79235_40968,moscow_city_small,17,79235,40968,images/tiles/moscow_city_small_17_79235_40968.png,masks/tiles/moscow_city_small_17_79235_40968.png,0.680084,"{""0"": 20966, ""3"": 37178, ""4"": 7392}",Overture Maps,17,EPSG:4326,"max_class_share=0.57,fg_share=0.68"
moscow_city_small_17_79236_40968,moscow_city_small,17,79236,40968,images/tiles/moscow_city_small_17_79236_40968.png,masks/tiles/moscow_city_small_17_79236_40968.png,0.700699,"{""0"": 19615, ""3"": 37970, ""4"": 7951}",Overture Maps,17,EPSG:4326,"max_class_share=0.58,fg_share=0.70"
moscow_city_small_17_79237_40968,moscow_city_small,17,79237,40968,images/tiles/moscow_city_small_17_79237_40968.png,masks/tiles/moscow_city_small_17_79237_40968.png,0.742966,"{""0"": 16845, ""3"": 39758, ""4"": 8933}",Overture Maps,17,EPSG:4326,"max_class_share=0.61,fg_share=0.74"
moscow_city_small_17_79238_40968,moscow_city_small,17,79238,40968,images/tiles/moscow_city_small_17_79238_40968.png,masks/tiles/moscow_city_small_17_79238_40968.png,0.747696,"{""0"": 16535, ""3"": 39161, ""4"": 9840}",Overture Maps,17,EPSG:4326,"max_class_share=0.60,fg_share=0.75"
moscow_city_small_17_79239_40968,moscow_city_small,17,79239,40968,images/tiles/moscow_city_small_17_79239_40968.png,masks/tiles/moscow_city_small_17_79239_40968.png,0.798477,"{""0"": 13207, ""3"": 44179, ""4"": 8150}",Overture Maps,17,EPSG:4326,"max_class_share=0.67,fg_share=0.80"
moscow_city_small_17_79240_40968,moscow_city_small,17,79240,40968,images/tiles/moscow_city_small_17_79240_40968.png,masks/tiles/moscow_city_small_17_79240_40968.png,0.627625,"{""0"": 24404, ""2"": 19659, ""3"": 14808, ""4"": 6665}",Overture Maps,17,EPSG:4326,"max_class_share=0.37,fg_share=0.63"
moscow_city_small_17_79218_40969,moscow_city_small,17,79218,40969,images/tiles/moscow_city_small_17_79218_40969.png,masks/tiles/moscow_city_small_17_79218_40969.png,0.370682,"{""0"": 41243, ""1"": 76, ""2"": 518, ""3"": 18419, ""4"": 5280}",Overture Maps,17,EPSG:4326,"max_class_share=0.63,fg_share=0.37"
moscow_city_small_17_79219_40969,moscow_city_small,17,79219,40969,images/tiles/moscow_city_small_17_79219_40969.png,masks/tiles/moscow_city_small_17_79219_40969.png,0.507889,"{""0"": 32251, ""2"": 748, ""3"": 28990, ""4"": 3547}",Overture Maps,17,EPSG:4326,"max_class_share=0.49,fg_share=0.51"
moscow_city_small_17_79220_40969,moscow_city_small,17,79220,40969,images/tiles/moscow_city_small_17_79220_40969.png,masks/tiles/moscow_city_small_17_79220_40969.png,0.6436,"{""0"": 23357, ""2"": 119, ""3"": 26726, ""4"": 15334}",Overture Maps,17,EPSG:4326,"max_class_share=0.41,fg_share=0.64"
moscow_city_small_17_79221_40969,moscow_city_small,17,79221,40969,images/tiles/moscow_city_small_17_79221_40969.png,masks/tiles/moscow_city_small_17_79221_40969.png,0.495117,"{""0"": 33088, ""1"": 31, ""2"": 2962, ""3"": 20263, ""4"": 9192}",Overture Maps,17,EPSG:4326,"max_class_share=0.50,fg_share=0.50"
moscow_city_small_17_79222_40969,moscow_city_small,17,79222,40969,images/tiles/moscow_city_small_17_79222_40969.png,masks/tiles/moscow_city_small_17_79222_40969.png,0.537659,"{""0"": 30300, ""2"": 236, ""3"": 23716, ""4"": 11284}",Overture Maps,17,EPSG:4326,"max_class_share=0.46,fg_share=0.54"
moscow_city_small_17_79223_40969,moscow_city_small,17,79223,40969,images/tiles/moscow_city_small_17_79223_40969.png,masks/tiles/moscow_city_small_17_79223_40969.png,0.58522,"{""0"": 27183, ""3"": 26918, ""4"": 11435}",Overture Maps,17,EPSG:4326,"max_class_share=0.41,fg_share=0.59"
moscow_city_small_17_79224_40969,moscow_city_small,17,79224,40969,images/tiles/moscow_city_small_17_79224_40969.png,masks/tiles/moscow_city_small_17_79224_40969.png,0.599197,"{""0"": 26267, ""1"": 98, ""2"": 125, ""3"": 27501, ""4"": 11545}",Overture Maps,17,EPSG:4326,"max_class_share=0.42,fg_share=0.60"
moscow_city_small_17_79225_40969,moscow_city_small,17,79225,40969,images/tiles/moscow_city_small_17_79225_40969.png,masks/tiles/moscow_city_small_17_79225_40969.png,0.616074,"{""0"": 25161, ""2"": 253, ""3"": 26945, ""4"": 13177}",Overture Maps,17,EPSG:4326,"max_class_share=0.41,fg_share=0.62"
moscow_city_small_17_79226_40969,moscow_city_small,17,79226,40969,images/tiles/moscow_city_small_17_79226_40969.png,masks/tiles/moscow_city_small_17_79226_40969.png,0.804138,"{""0"": 12836, ""2"": 22349, ""3"": 20672, ""4"": 9679}",Overture Maps,17,EPSG:4326,"max_class_share=0.34,fg_share=0.80"
moscow_city_small_17_79227_40969,moscow_city_small,17,79227,40969,images/tiles/moscow_city_small_17_79227_40969.png,masks/tiles/moscow_city_small_17_79227_40969.png,0.722885,"{""0"": 18161, ""2"": 195, ""3"": 36828, ""4"": 10352}",Overture Maps,17,EPSG:4326,"max_class_share=0.56,fg_share=0.72"
moscow_city_small_17_79228_40969,moscow_city_small,17,79228,40969,images/tiles/moscow_city_small_17_79228_40969.png,masks/tiles/moscow_city_small_17_79228_40969.png,0.78299,"{""0"": 14222, ""2"": 2082, ""3"": 36137, ""4"": 13095}",Overture Maps,17,EPSG:4326,"max_class_share=0.55,fg_share=0.78"
moscow_city_small_17_79229_40969,moscow_city_small,17,79229,40969,images/tiles/moscow_city_small_17_79229_40969.png,masks/tiles/moscow_city_small_17_79229_40969.png,0.628464,"{""0"": 24349, ""1"": 509, ""2"": 7005, ""3"": 23558, ""4"": 10115}",Overture Maps,17,EPSG:4326,"max_class_share=0.37,fg_share=0.63"
moscow_city_small_17_79230_40969,moscow_city_small,17,79230,40969,images/tiles/moscow_city_small_17_79230_40969.png,masks/tiles/moscow_city_small_17_79230_40969.png,0.760513,"{""0"": 15695, ""2"": 713, ""3"": 42329, ""4"": 6799}",Overture Maps,17,EPSG:4326,"max_class_share=0.65,fg_share=0.76"
moscow_city_small_17_79231_40969,moscow_city_small,17,79231,40969,images/tiles/moscow_city_small_17_79231_40969.png,masks/tiles/moscow_city_small_17_79231_40969.png,0.796539,"{""0"": 13334, ""2"": 4052, ""3"": 40021, ""4"": 8129}",Overture Maps,17,EPSG:4326,"max_class_share=0.61,fg_share=0.80"
moscow_city_small_17_79232_40969,moscow_city_small,17,79232,40969,images/tiles/moscow_city_small_17_79232_40969.png,masks/tiles/moscow_city_small_17_79232_40969.png,0.727341,"{""0"": 17869, ""2"": 1964, ""3"": 39891, ""4"": 5812}",Overture Maps,17,EPSG:4326,"max_class_share=0.61,fg_share=0.73"
moscow_city_small_17_79233_40969,moscow_city_small,17,79233,40969,images/tiles/moscow_city_small_17_79233_40969.png,masks/tiles/moscow_city_small_17_79233_40969.png,0.741241,"{""0"": 16958, ""1"": 92, ""2"": 108, ""3"": 42293, ""4"": 6085}",Overture Maps,17,EPSG:4326,"max_class_share=0.65,fg_share=0.74"
moscow_city_small_17_79234_40969,moscow_city_small,17,79234,40969,images/tiles/moscow_city_small_17_79234_40969.png,masks/tiles/moscow_city_small_17_79234_40969.png,0.743103,"{""0"": 16836, ""2"": 1151, ""3"": 41813, ""4"": 5736}",Overture Maps,17,EPSG:4326,"max_class_share=0.64,fg_share=0.74"
moscow_city_small_17_79235_40969,moscow_city_small,17,79235,40969,images/tiles/moscow_city_small_17_79235_40969.png,masks/tiles/moscow_city_small_17_79235_40969.png,0.706024,"{""0"": 19266, ""2"": 57, ""3"": 33978, ""4"": 12235}",Overture Maps,17,EPSG:4326,"max_class_share=0.52,fg_share=0.71"
moscow_city_small_17_79236_40969,moscow_city_small,17,79236,40969,images/tiles/moscow_city_small_17_79236_40969.png,masks/tiles/moscow_city_small_17_79236_40969.png,0.679886,"{""0"": 20979, ""3"": 37362, ""4"": 7195}",Overture Maps,17,EPSG:4326,"max_class_share=0.57,fg_share=0.68"
moscow_city_small_17_79237_40969,moscow_city_small,17,79237,40969,images/tiles/moscow_city_small_17_79237_40969.png,masks/tiles/moscow_city_small_17_79237_40969.png,0.814651,"{""0"": 12147, ""2"": 108, ""3"": 42726, ""4"": 10555}",Overture Maps,17,EPSG:4326,"max_class_share=0.65,fg_share=0.81"
moscow_city_small_17_79238_40969,moscow_city_small,17,79238,40969,images/tiles/moscow_city_small_17_79238_40969.png,masks/tiles/moscow_city_small_17_79238_40969.png,0.769363,"{""0"": 15115, ""3"": 39565, ""4"": 10856}",Overture Maps,17,EPSG:4326,"max_class_share=0.60,fg_share=0.77"
moscow_city_small_17_79239_40969,moscow_city_small,17,79239,40969,images/tiles/moscow_city_small_17_79239_40969.png,masks/tiles/moscow_city_small_17_79239_40969.png,0.759918,"{""0"": 15734, ""2"": 941, ""3"": 36899, ""4"": 11962}",Overture Maps,17,EPSG:4326,"max_class_share=0.56,fg_share=0.76"
moscow_city_small_17_79240_40969,moscow_city_small,17,79240,40969,images/tiles/moscow_city_small_17_79240_40969.png,masks/tiles/moscow_city_small_17_79240_40969.png,0.355255,"{""0"": 42254, ""2"": 530, ""3"": 16613, ""4"": 6139}",Overture Maps,17,EPSG:4326,"max_class_share=0.64,fg_share=0.36"
moscow_city_small_17_79218_40970,moscow_city_small,17,79218,40970,images/tiles/moscow_city_small_17_79218_40970.png,masks/tiles/moscow_city_small_17_79218_40970.png,0.35672,"{""0"": 42158, ""2"": 3594, ""3"": 9780, ""4"": 10004}",Overture Maps,17,EPSG:4326,"max_class_share=0.64,fg_share=0.36"
moscow_city_small_17_79219_40970,moscow_city_small,17,79219,40970,images/tiles/moscow_city_small_17_79219_40970.png,masks/tiles/moscow_city_small_17_79219_40970.png,0.43988,"{""0"": 36708, ""2"": 677, ""3"": 21852, ""4"": 6299}",Overture Maps,17,EPSG:4326,"max_class_share=0.56,fg_share=0.44"
moscow_city_small_17_79220_40970,moscow_city_small,17,79220,40970,images/tiles/moscow_city_small_17_79220_40970.png,masks/tiles/moscow_city_small_17_79220_40970.png,0.551636,"{""0"": 29384, ""2"": 574, ""3"": 20755, ""4"": 14823}",Overture Maps,17,EPSG:4326,"max_class_share=0.45,fg_share=0.55"
moscow_city_small_17_79221_40970,moscow_city_small,17,79221,40970,images/tiles/moscow_city_small_17_79221_40970.png,masks/tiles/moscow_city_small_17_79221_40970.png,0.504288,"{""0"": 32487, ""1"": 18, ""3"": 23467, ""4"": 9564}",Overture Maps,17,EPSG:4326,"max_class_share=0.50,fg_share=0.50"
moscow_city_small_17_79222_40970,moscow_city_small,17,79222,40970,images/tiles/moscow_city_small_17_79222_40970.png,masks/tiles/moscow_city_small_17_79222_40970.png,0.416763,"{""0"": 38223, ""1"": 85, ""2"": 227, ""3"": 21125, ""4"": 5876}",Overture Maps,17,EPSG:4326,"max_class_share=0.58,fg_share=0.42"
moscow_city_small_17_79223_40970,moscow_city_small,17,79223,40970,images/tiles/moscow_city_small_17_79223_40970.png,masks/tiles/moscow_city_small_17_79223_40970.png,0.505112,"{""0"": 32433, ""3"": 22423, ""4"": 10680}",Overture Maps,17,EPSG:4326,"max_class_share=0.49,fg_share=0.51"
moscow_city_small_17_79224_40970,moscow_city_small,17,79224,40970,images/tiles/moscow_city_small_17_79224_40970.png,masks/tiles/moscow_city_small_17_79224_40970.png,0.49968,"{""0"": 32789, ""1"": 108, ""2"": 482, ""3"": 21337, ""4"": 10820}",Overture Maps,17,EPSG:4326,"max_class_share=0.50,fg_share=0.50"
moscow_city_small_17_79225_40970,moscow_city_small,17,79225,40970,images/tiles/moscow_city_small_17_79225_40970.png,masks/tiles/moscow_city_small_17_79225_40970.png,0.761856,"{""0"": 15607, ""2"": 8699, ""3"": 28394, ""4"": 12836}",Overture Maps,17,EPSG:4326,"max_class_share=0.43,fg_share=0.76"
moscow_city_small_17_79226_40970,moscow_city_small,17,79226,40970,images/tiles/moscow_city_small_17_79226_40970.png,masks/tiles/moscow_city_small_17_79226_40970.png,0.76062,"{""0"": 15688, ""2"": 13128, ""3"": 25986, ""4"": 10734}",Overture Maps,17,EPSG:4326,"max_class_share=0.40,fg_share=0.76"
moscow_city_small_17_79227_40970,moscow_city_small,17,79227,40970,images/tiles/moscow_city_small_17_79227_40970.png,masks/tiles/moscow_city_small_17_79227_40970.png,0.658203,"{""0"": 22400, ""2"": 6367, ""3"": 26281, ""4"": 10488}",Overture Maps,17,EPSG:4326,"max_class_share=0.40,fg_share=0.66"
moscow_city_small_17_79228_40970,moscow_city_small,17,79228,40970,images/tiles/moscow_city_small_17_79228_40970.png,masks/tiles/moscow_city_small_17_79228_40970.png,0.691025,"{""0"": 20249, ""2"": 477, ""3"": 35359, ""4"": 9451}",Overture Maps,17,EPSG:4326,"max_class_share=0.54,fg_share=0.69"
moscow_city_small_17_79229_40970,moscow_city_small,17,79229,40970,images/tiles/moscow_city_small_17_79229_40970.png,masks/tiles/moscow_city_small_17_79229_40970.png,0.62999,"{""0"": 24249, ""3"": 26944, ""4"": 14343}",Overture Maps,17,EPSG:4326,"max_class_share=0.41,fg_share=0.63"
moscow_city_small_17_79230_40970,moscow_city_small,17,79230,40970,images/tiles/moscow_city_small_17_79230_40970.png,masks/tiles/moscow_city_small_17_79230_40970.png,0.779007,"{""0"": 14483, ""3"": 43883, ""4"": 7170}",Overture Maps,17,EPSG:4326,"max_class_share=0.67,fg_share=0.78"
moscow_city_small_17_79231_40970,moscow_city_small,17,79231,40970,images/tiles/moscow_city_small_17_79231_40970.png,masks/tiles/moscow_city_small_17_79231_40970.png,0.772018,"{""0"": 14941, ""2"": 98, ""3"": 42027, ""4"": 8470}",Overture Maps,17,EPSG:4326,"max_class_share=0.64,fg_share=0.77"
moscow_city_small_17_79232_40970,moscow_city_small,17,79232,40970,images/tiles/moscow_city_small_17_79232_40970.png,masks/tiles/moscow_city_small_17_79232_40970.png,0.748322,"{""0"": 16494, ""2"": 713, ""3"": 41343, ""4"": 6986}",Overture Maps,17,EPSG:4326,"max_class_share=0.63,fg_share=0.75"
moscow_city_small_17_79233_40970,moscow_city_small,17,79233,40970,images/tiles/moscow_city_small_17_79233_40970.png,masks/tiles/moscow_city_small_17_79233_40970.png,0.78981,"{""0"": 13775, ""1"": 252, ""2"": 77, ""3"": 43934, ""4"": 7498}",Overture Maps,17,EPSG:4326,"max_class_share=0.67,fg_share=0.79"
moscow_city_small_17_79234_40970,moscow_city_small,17,79234,40970,images/tiles/moscow_city_small_17_79234_40970.png,masks/tiles/moscow_city_small_17_79234_40970.png,0.75531,"{""0"": 16036, ""2"": 515, ""3"": 42503, ""4"": 6482}",Overture Maps,17,EPSG:4326,"max_class_share=0.65,fg_share=0.76"
moscow_city_small_17_79235_40970,moscow_city_small,17,79235,40970,images/tiles/moscow_city_small_17_79235_40970.png,masks/tiles/moscow_city_small_17_79235_40970.png,0.629501,"{""0"": 24281, ""2"": 1895, ""3"": 25799, ""4"": 13561}",Overture Maps,17,EPSG:4326,"max_class_share=0.39,fg_share=0.63"
moscow_city_small_17_79236_40970,moscow_city_small,17,79236,40970,images/tiles/moscow_city_small_17_79236_40970.png,masks/tiles/moscow_city_small_17_79236_40970.png,0.719864,"{""0"": 18359, ""2"": 1722, ""3"": 37649, ""4"": 7806}",Overture Maps,17,EPSG:4326,"max_class_share=0.57,fg_share=0.72"
moscow_city_small_17_79237_40970,moscow_city_small,17,79237,40970,images/tiles/moscow_city_small_17_79237_40970.png,masks/tiles/moscow_city_small_17_79237_40970.png,0.711746,"{""0"": 18891, ""3"": 35941, ""4"": 10704}",Overture Maps,17,EPSG:4326,"max_class_share=0.55,fg_share=0.71"
moscow_city_small_17_79238_40970,moscow_city_small,17,79238,40970,images/tiles/moscow_city_small_17_79238_40970.png,masks/tiles/moscow_city_small_17_79238_40970.png,0.669693,"{""0"": 21647, ""2"": 9, ""3"": 33684, ""4"": 10196}",Overture Maps,17,EPSG:4326,"max_class_share=0.51,fg_share=0.67"
moscow_city_small_17_79239_40970,moscow_city_small,17,79239,40970,images/tiles/moscow_city_small_17_79239_40970.png,masks/tiles/moscow_city_small_17_79239_40970.png,0.716476,"{""0"": 18581, ""3"": 37142, ""4"": 9813}",Overture Maps,17,EPSG:4326,"max_class_share=0.57,fg_share=0.72"
moscow_city_small_17_79240_40970,moscow_city_small,17,79240,40970,images/tiles/moscow_city_small_17_79240_40970.png,masks/tiles/moscow_city_small_17_79240_40970.png,0.355499,"{""0"": 42238, ""3"": 16072, ""4"": 7226}",Overture Maps,17,EPSG:4326,"max_class_share=0.64,fg_share=0.36"
moscow_city_small_17_79218_40971,moscow_city_small,17,79218,40971,images/tiles/moscow_city_small_17_79218_40971.png,masks/tiles/moscow_city_small_17_79218_40971.png,0.49852,"{""0"": 32865, ""2"": 196, ""3"": 22842, ""4"": 9633}",Overture Maps,17,EPSG:4326,"max_class_share=0.50,fg_share=0.50"
moscow_city_small_17_79219_40971,moscow_city_small,17,79219,40971,images/tiles/moscow_city_small_17_79219_40971.png,masks/tiles/moscow_city_small_17_79219_40971.png,0.686188,"{""0"": 20566, ""2"": 25407, ""3"": 7779, ""4"": 11784}",Overture Maps,17,EPSG:4326,"max_class_share=0.39,fg_share=0.69"
moscow_city_small_17_79220_40971,moscow_city_small,17,79220,40971,images/tiles/moscow_city_small_17_79220_40971.png,masks/tiles/moscow_city_small_17_79220_40971.png,0.677444,"{""0"": 21139, ""2"": 1998, ""3"": 23497, ""4"": 18902}",Overture Maps,17,EPSG:4326,"max_class_share=0.36,fg_share=0.68"
moscow_city_small_17_79221_40971,moscow_city_small,17,79221,40971,images/tiles/moscow_city_small_17_79221_40971.png,masks/tiles/moscow_city_small_17_79221_40971.png,0.715759,"{""0"": 18628, ""3"": 35338, ""4"": 11570}",Overture Maps,17,EPSG:4326,"max_class_share=0.54,fg_share=0.72"
moscow_city_small_17_79222_40971,moscow_city_small,17,79222,40971,images/tiles/moscow_city_small_17_79222_40971.png,masks/tiles/moscow_city_small_17_79222_40971.png,0.602402,"{""0"": 26057, ""3"": 28553, ""4"": 10926}",Overture Maps,17,EPSG:4326,"max_class_share=0.44,fg_share=0.60"
moscow_city_small_17_79223_40971,moscow_city_small,17,79223,40971,images/tiles/moscow_city_small_17_79223_40971.png,masks/tiles/moscow_city_small_17_79223_40971.png,0.5159,"{""0"": 31726, ""2"": 1019, ""3"": 22475, ""4"": 10316}",Overture Maps,17,EPSG:4326,"max_class_share=0.48,fg_share=0.52"
moscow_city_small_17_79224_40971,moscow_city_small,17,79224,40971,images/tiles/moscow_city_small_17_79224_40971.png,masks/tiles/moscow_city_small_17_79224_40971.png,0.511414,"{""0"": 32020, ""1"": 129, ""2"": 1665, ""3"": 19597, ""4"": 12125}",Overture Maps,17,EPSG:4326,"max_class_share=0.49,fg_share=0.51"
moscow_city_small_17_79225_40971,moscow_city_small,17,79225,40971,images/tiles/moscow_city_small_17_79225_40971.png,masks/tiles/moscow_city_small_17_79225_40971.png,0.853439,"{""0"": 9605, ""2"": 20040, ""3"": 26416, ""4"": 9475}",Overture Maps,17,EPSG:4326,"max_class_share=0.40,fg_share=0.85"
moscow_city_small_17_79226_40971,moscow_city_small,17,79226,40971,images/tiles/moscow_city_small_17_79226_40971.png,masks/tiles/moscow_city_small_17_79226_40971.png,0.72821,"{""0"": 17812, ""3"": 38039, ""4"": 9685}",Overture Maps,17,EPSG:4326,"max_class_share=0.58,fg_share=0.73"
moscow_city_small_17_79227_40971,moscow_city_small,17,79227,40971,images/tiles/moscow_city_small_17_79227_40971.png,masks/tiles/moscow_city_small_17_79227_40971.png,0.71521,"{""0"": 18664, ""2"": 1310, ""3"": 35546, ""4"": 10016}",Overture Maps,17,EPSG:4326,"max_class_share=0.54,fg_share=0.72"
moscow_city_small_17_79228_40971,moscow_city_small,17,79228,40971,images/tiles/moscow_city_small_17_79228_40971.png,masks/tiles/moscow_city_small_17_79228_40971.png,0.655746,"{""0"": 22561, ""2"": 9432, ""3"": 22979, ""4"": 10564}",Overture Maps,17,EPSG:4326,"max_class_share=0.35,fg_share=0.66"
moscow_city_small_17_79229_40971,moscow_city_small,17,79229,40971,images/tiles/moscow_city_small_17_79229_40971.png,masks/tiles/moscow_city_small_17_79229_40971.png,0.747559,"{""0"": 16544, ""2"": 218, ""3"": 39831, ""4"": 8943}",Overture Maps,17,EPSG:4326,"max_class_share=0.61,fg_share=0.75"
moscow_city_small_17_79230_40971,moscow_city_small,17,79230,40971,images/tiles/moscow_city_small_17_79230_40971.png,masks/tiles/moscow_city_small_17_79230_40971.png,0.62442,"{""0"": 24614, ""1"": 50, ""2"": 1174, ""3"": 27843, ""4"": 11855}",Overture Maps,17,EPSG:4326,"max_class_share=0.42,fg_share=0.62"
moscow_city_small_17_79231_40971,moscow_city_small,17,79231,40971,images/tiles/moscow_city_small_17_79231_40971.png,masks/tiles/moscow_city_small_17_79231_40971.png,0.73912,"{""0"": 17097, ""2"": 834, ""3"": 39621, ""4"": 7984}",Overture Maps,17,EPSG:4326,"max_class_share=0.60,fg_share=0.74"
moscow_city_small_17_79232_40971,moscow_city_small,17,79232,40971,images/tiles/moscow_city_small_17_79232_40971.png,masks/tiles/moscow_city_small_17_79232_40971.png,0.639496,"{""0"": 23626, ""1"": 203, ""2"": 19770, ""3"": 11114, ""4"": 10823}",Overture Maps,17,EPSG:4326,"max_class_share=0.36,fg_share=0.64"
moscow_city_small_17_79233_40971,moscow_city_small,17,79233,40971,images/tiles/moscow_city_small_17_79233_40971.png,masks/tiles/moscow_city_small_17_79233_40971.png,0.664459,"{""0"": 21990, ""1"": 222, ""2"": 2800, ""3"": 29164, ""4"": 11360}",Overture Maps,17,EPSG:4326,"max_class_share=0.45,fg_share=0.66"
moscow_city_small_17_79234_40971,moscow_city_small,17,79234,40971,images/tiles/moscow_city_small_17_79234_40971.png,masks/tiles/moscow_city_small_17_79234_40971.png,0.652344,"{""0"": 22784, ""2"": 259, ""3"": 33267, ""4"": 9226}",Overture Maps,17,EPSG:4326,"max_class_share=0.51,fg_share=0.65"
moscow_city_small_17_79235_40971,moscow_city_small,17,79235,40971,images/tiles/moscow_city_small_17_79235_40971.png,masks/tiles/moscow_city_small_17_79235_40971.png,0.626602,"{""0"": 24471, ""2"": 13144, ""3"": 15220, ""4"": 12701}",Overture Maps,17,EPSG:4326,"max_class_share=0.37,fg_share=0.63"
moscow_city_small_17_79236_40971,moscow_city_small,17,79236,40971,images/tiles/moscow_city_small_17_79236_40971.png,masks/tiles/moscow_city_small_17_79236_40971.png,0.776123,"{""0"": 14672, ""2"": 4901, ""3"": 37354, ""4"": 8609}",Overture Maps,17,EPSG:4326,"max_class_share=0.57,fg_share=0.78"
moscow_city_small_17_79237_40971,moscow_city_small,17,79237,40971,images/tiles/moscow_city_small_17_79237_40971.png,masks/tiles/moscow_city_small_17_79237_40971.png,0.715515,"{""0"": 18644, ""3"": 36801, ""4"": 10091}",Overture Maps,17,EPSG:4326,"max_class_share=0.56,fg_share=0.72"
moscow_city_small_17_79238_40971,moscow_city_small,17,79238,40971,images/tiles/moscow_city_small_17_79238_40971.png,masks/tiles/moscow_city_small_17_79238_40971.png,0.681229,"{""0"": 20891, ""2"": 47, ""3"": 32961, ""4"": 11637}",Overture Maps,17,EPSG:4326,"max_class_share=0.50,fg_share=0.68"
moscow_city_small_17_79239_40971,moscow_city_small,17,79239,40971,images/tiles/moscow_city_small_17_79239_40971.png,masks/tiles/moscow_city_small_17_79239_40971.png,0.75972,"{""0"": 15747, ""3"": 39766, ""4"": 10023}",Overture Maps,17,EPSG:4326,"max_class_share=0.61,fg_share=0.76"
moscow_city_small_17_79240_40971,moscow_city_small,17,79240,40971,images/tiles/moscow_city_small_17_79240_40971.png,masks/tiles/moscow_city_small_17_79240_40971.png,0.403015,"{""0"": 39124, ""3"": 19792, ""4"": 6620}",Overture Maps,17,EPSG:4326,"max_class_share=0.60,fg_share=0.40"
moscow_city_small_17_79218_40972,moscow_city_small,17,79218,40972,images/tiles/moscow_city_small_17_79218_40972.png,masks/tiles/moscow_city_small_17_79218_40972.png,0.42984,"{""0"": 37366, ""2"": 7150, ""3"": 13291, ""4"": 7729}",Overture Maps,17,EPSG:4326,"max_class_share=0.57,fg_share=0.43"
moscow_city_small_17_79219_40972,moscow_city_small,17,79219,40972,images/tiles/moscow_city_small_17_79219_40972.png,masks/tiles/moscow_city_small_17_79219_40972.png,0.454498,"{""0"": 35750, ""2"": 1361, ""3"": 19670, ""4"": 8755}",Overture Maps,17,EPSG:4326,"max_class_share=0.55,fg_share=0.45"
moscow_city_small_17_79220_40972,moscow_city_small,17,79220,40972,images/tiles/moscow_city_small_17_79220_40972.png,masks/tiles/moscow_city_small_17_79220_40972.png,0.597778,"{""0"": 26360, ""2"": 5848, ""3"": 19325, ""4"": 14003}",Overture Maps,17,EPSG:4326,"max_class_share=0.40,fg_share=0.60"
moscow_city_small_17_79221_40972,moscow_city_small,17,79221,40972,images/tiles/moscow_city_small_17_79221_40972.png,masks/tiles/moscow_city_small_17_79221_40972.png,0.611893,"{""0"": 25435, ""3"": 29216, ""4"": 10885}",Overture Maps,17,EPSG:4326,"max_class_share=0.45,fg_share=0.61"
moscow_city_small_17_79222_40972,moscow_city_small,17,79222,40972,images/tiles/moscow_city_small_17_79222_40972.png,masks/tiles/moscow_city_small_17_79222_40972.png,0.569565,"{""0"": 28209, ""2"": 710, ""3"": 25304, ""4"": 11313}",Overture Maps,17,EPSG:4326,"max_class_share=0.43,fg_share=0.57"
moscow_city_small_17_79223_40972,moscow_city_small,17,79223,40972,images/tiles/moscow_city_small_17_79223_40972.png,masks/tiles/moscow_city_small_17_79223_40972.png,0.589279,"{""0"": 26917, ""2"": 6511, ""3"": 20389, ""4"": 11719}",Overture Maps,17,EPSG:4326,"max_class_share=0.41,fg_share=0.59"
moscow_city_small_17_79224_40972,moscow_city_small,17,79224,40972,images/tiles/moscow_city_small_17_79224_40972.png,masks/tiles/moscow_city_small_17_79224_40972.png,0.559875,"{""0"": 28844, ""1"": 324, ""2"": 5792, ""3"": 19348, ""4"": 11228}",Overture Maps,17,EPSG:4326,"max_class_share=0.44,fg_share=0.56"
moscow_city_small_17_79225_40972,moscow_city_small,17,79225,40972,images/tiles/moscow_city_small_17_79225_40972.png,masks/tiles/moscow_city_small_17_79225_40972.png,0.820328,"{""0"": 11775, ""2"": 14473, ""3"": 25364, ""4"": 13924}",Overture Maps,17,EPSG:4326,"max_class_share=0.39,fg_share=0.82"
moscow_city_small_17_79226_40972,moscow_city_small,17,79226,40972,images/tiles/moscow_city_small_17_79226_40972.png,masks/tiles/moscow_city_small_17_79226_40972.png,0.768402,"{""0"": 15178, ""3"": 40036, ""4"": 10322}",Overture Maps,17,EPSG:4326,"max_class_share=0.61,fg_share=0.77"
moscow_city_small_17_79227_40972,moscow_city_small,17,79227,40972,images/tiles/moscow_city_small_17_79227_40972.png,masks/tiles/moscow_city_small_17_79227_40972.png,0.642059,"{""0"": 23458, ""2"": 1311, ""3"": 29868, ""4"": 10899}",Overture Maps,17,EPSG:4326,"max_class_share=0.46,fg_share=0.64"
moscow_city_small_17_79228_40972,moscow_city_small,17,79228,40972,images/tiles/moscow_city_small_17_79228_40972.png,masks/tiles/moscow_city_small_17_79228_40972.png,0.812027,"{""0"": 12319, ""2"": 1032, ""3"": 43795, ""4"": 8390}",Overture Maps,17,EPSG:4326,"max_class_share=0.67,fg_share=0.81"
moscow_city_small_17_79229_40972,moscow_city_small,17,79229,40972,images/tiles/moscow_city_small_17_79229_40972.png,masks/tiles/moscow_city_small_17_79229_40972.png,0.663635,"{""0"": 22044, ""2"": 522, ""3"": 34707, ""4"": 8263}",Overture Maps,17,EPSG:4326,"max_class_share=0.53,fg_share=0.66"
moscow_city_small_17_79230_40972,moscow_city_small,17,79230,40972,images/tiles/moscow_city_small_17_79230_40972.png,masks/tiles/moscow_city_small_17_79230_40972.png,0.753403,"{""0"": 16161, ""1"": 34, ""2"": 387, ""3"": 38771, ""4"": 10183}",Overture Maps,17,EPSG:4326,"max_class_share=0.59,fg_share=0.75"
moscow_city_small_17_79231_40972,moscow_city_small,17,79231,40972,images/tiles/moscow_city_small_17_79231_40972.png,masks/tiles/moscow_city_small_17_79231_40972.png,0.634583,"{""0"": 23948, ""2"": 758, ""3"": 26132, ""4"": 14698}",Overture Maps,17,EPSG:4326,"max_class_share=0.40,fg_share=0.63"
moscow_city_small_17_79232_40972,moscow_city_small,17,79232,40972,images/tiles/moscow_city_small_17_79232_40972.png,masks/tiles/moscow_city_small_17_79232_40972.png,0.595261,"{""0"": 26525, ""1"": 471, ""2"": 6805, ""3"": 25222, ""4"": 6513}",Overture Maps,17,EPSG:4326,"max_class_share=0.40,fg_share=0.60"
moscow_city_small_17_79233_40972,moscow_city_small,17,79233,40972,images/tiles/moscow_city_small_17_79233_40972.png,masks/tiles/moscow_city_small_17_79233_40972.png,0.661011,"{""0"": 22216, ""1"": 187, ""2"": 4493, ""3"": 32268, ""4"": 6372}",Overture Maps,17,EPSG:4326,"max_class_share=0.49,fg_share=0.66"
moscow_city_small_17_79234_40972,moscow_city_small,17,79234,40972,images/tiles/moscow_city_small_17_79234_40972.png,masks/tiles/moscow_city_small_17_79234_40972.png,0.540237,"{""0"": 30131, ""2"": 147, ""3"": 30862, ""4"": 4396}",Overture Maps,17,EPSG:4326,"max_class_share=0.47,fg_share=0.54"
moscow_city_small_17_79235_40972,moscow_city_small,17,79235,40972,images/tiles/moscow_city_small_17_79235_40972.png,masks/tiles/moscow_city_small_17_79235_40972.png,0.788254,"{""0"": 13877, ""3"": 43758, ""4"": 7901}",Overture Maps,17,EPSG:4326,"max_class_share=0.67,fg_share=0.79"
moscow_city_small_17_79236_40972,moscow_city_small,17,79236,40972,images/tiles/moscow_city_small_17_79236_40972.png,masks/tiles/moscow_city_small_17_79236_40972.png,0.649063,"{""0"": 22999, ""2"": 2312, ""3"": 26602, ""4"": 13623}",Overture Maps,17,EPSG:4326,"max_class_share=0.41,fg_share=0.65"
moscow_city_small_17_79237_40972,moscow_city_small,17,79237,40972,images/tiles/moscow_city_small_17_79237_40972.png,masks/tiles/moscow_city_small_17_79237_40972.png,0.793945,"{""0"": 13504, ""2"": 7174, ""3"": 33441, ""4"": 11417}",Overture Maps,17,EPSG:4326,"max_class_share=0.51,fg_share=0.79"
moscow_city_small_17_79238_40972,moscow_city_small,17,79238,40972,images/tiles/moscow_city_small_17_79238_40972.png,masks/tiles/moscow_city_small_17_79238_40972.png,0.78624,"{""0"": 14009, ""2"": 2258, ""3"": 38034, ""4"": 11235}",Overture Maps,17,EPSG:4326,"max_class_share=0.58,fg_share=0.79"
moscow_city_small_17_79239_40972,moscow_city_small,17,79239,40972,images/tiles/moscow_city_small_17_79239_40972.png,masks/tiles/moscow_city_small_17_79239_40972.png,0.729584,"{""0"": 17722, ""2"": 845, ""3"": 36449, ""4"": 10520}",Overture Maps,17,EPSG:4326,"max_class_share=0.56,fg_share=0.73"
moscow_city_small_17_79240_40972,moscow_city_small,17,79240,40972,images/tiles/moscow_city_small_17_79240_40972.png,masks/tiles/moscow_city_small_17_79240_40972.png,0.308411,"{""0"": 45324, ""3"": 14557, ""4"": 5655}",Overture Maps,17,EPSG:4326,"max_class_share=0.69,fg_share=0.31"
moscow_city_small_17_79218_40973,moscow_city_small,17,79218,40973,images/tiles/moscow_city_small_17_79218_40973.png,masks/tiles/moscow_city_small_17_79218_40973.png,0.312149,"{""0"": 45079, ""2"": 769, ""3"": 12248, ""4"": 7440}",Overture Maps,17,EPSG:4326,"max_class_share=0.69,fg_share=0.31"
moscow_city_small_17_79219_40973,moscow_city_small,17,79219,40973,images/tiles/moscow_city_small_17_79219_40973.png,masks/tiles/moscow_city_small_17_79219_40973.png,0.489319,"{""0"": 33468, ""2"": 219, ""3"": 13020, ""4"": 18829}",Overture Maps,17,EPSG:4326,"max_class_share=0.51,fg_share=0.49"
moscow_city_small_17_79220_40973,moscow_city_small,17,79220,40973,images/tiles/moscow_city_small_17_79220_40973.png,masks/tiles/moscow_city_small_17_79220_40973.png,0.621231,"{""0"": 24823, ""3"": 31676, ""4"": 9037}",Overture Maps,17,EPSG:4326,"max_class_share=0.48,fg_share=0.62"
moscow_city_small_17_79221_40973,moscow_city_small,17,79221,40973,images/tiles/moscow_city_small_17_79221_40973.png,masks/tiles/moscow_city_small_17_79221_40973.png,0.603027,"{""0"": 26016, ""3"": 27458, ""4"": 12062}",Overture Maps,17,EPSG:4326,"max_class_share=0.42,fg_share=0.60"
moscow_city_small_17_79222_40973,moscow_city_small,17,79222,40973,images/tiles/moscow_city_small_17_79222_40973.png,masks/tiles/moscow_city_small_17_79222_40973.png,0.674805,"{""0"": 21312, ""2"": 3678, ""3"": 29466, ""4"": 11080}",Overture Maps,17,EPSG:4326,"max_class_share=0.45,fg_share=0.67"
moscow_city_small_17_79223_40973,moscow_city_small,17,79223,40973,images/tiles/moscow_city_small_17_79223_40973.png,masks/tiles/moscow_city_small_17_79223_40973.png,0.669815,"{""0"": 21639, ""3"": 31872, ""4"": 12025}",Overture Maps,17,EPSG:4326,"max_class_share=0.49,fg_share=0.67"
moscow_city_small_17_79224_40973,moscow_city_small,17,79224,40973,images/tiles/moscow_city_small_17_79224_40973.png,masks/tiles/moscow_city_small_17_79224_40973.png,0.728592,"{""0"": 17787, ""1"": 11, ""3"": 34058, ""4"": 13680}",Overture Maps,17,EPSG:4326,"max_class_share=0.52,fg_share=0.73"
moscow_city_small_17_79225_40973,moscow_city_small,17,79225,40973,images/tiles/moscow_city_small_17_79225_40973.png,masks/tiles/moscow_city_small_17_79225_40973.png,0.799805,"{""0"": 13120, ""1"": 40, ""2"": 12351, ""3"": 25655, ""4"": 14370}",Overture Maps,17,EPSG:4326,"max_class_share=0.39,fg_share=0.80"
moscow_city_small_17_79226_40973,moscow_city_small,17,79226,40973,images/tiles/moscow_city_small_17_79226_40973.png,masks/tiles/moscow_city_small_17_79226_40973.png,0.755829,"{""0"": 16002, ""3"": 38762, ""4"": 10772}",Overture Maps,17,EPSG:4326,"max_class_share=0.59,fg_share=0.76"
moscow_city_small_17_79227_40973,moscow_city_small,17,79227,40973,images/tiles/moscow_city_small_17_79227_40973.png,masks/tiles/moscow_city_small_17_79227_40973.png,0.787735,"{""0"": 13911, ""2"": 187, ""3"": 42702, ""4"": 8736}",Overture Maps,17,EPSG:4326,"max_class_share=0.65,fg_share=0.79"
moscow_city_small_17_79228_40973,moscow_city_small,17,79228,40973,images/tiles/moscow_city_small_17_79228_40973.png,masks/tiles/moscow_city_small_17_79228_40973.png,0.788284,"{""0"": 13875, ""2"": 4581, ""3"": 35052, ""4"": 12028}",Overture Maps,17,EPSG:4326,"max_class_share=0.53,fg_share=0.79"
moscow_city_small_17_79229_40973,moscow_city_small,17,79229,40973,images/tiles/moscow_city_small_17_79229_40973.png,masks/tiles/moscow_city_small_17_79229_40973.png,0.702332,"{""0"": 19508, ""3"": 36391, ""4"": 9637}",Overture Maps,17,EPSG:4326,"max_class_share=0.56,fg_share=0.70"
moscow_city_small_17_79230_40973,moscow_city_small,17,79230,40973,images/tiles/moscow_city_small_17_79230_40973.png,masks/tiles/moscow_city_small_17_79230_40973.png,0.804092,"{""0"": 12839, ""1"": 594, ""2"": 1366, ""3"": 38674, ""4"": 12063}",Overture Maps,17,EPSG:4326,"max_class_share=0.59,fg_share=0.80"
moscow_city_small_17_79231_40973,moscow_city_small,17,79231,40973,images/tiles/moscow_city_small_17_79231_40973.png,masks/tiles/moscow_city_small_17_79231_40973.png,0.642288,"{""0"": 23443, ""1"": 1239, ""2"": 8608, ""3"": 31247, ""4"": 999}",Overture Maps,17,EPSG:4326,"max_class_share=0.48,fg_share=0.64"
moscow_city_small_17_79232_40973,moscow_city_small,17,79232,40973,images/tiles/moscow_city_small_17_79232_40973.png,masks/tiles/moscow_city_small_17_79232_40973.png,0.626999,"{""0"": 24445, ""1"": 53, ""2"": 229, ""3"": 38121, ""4"": 2688}",Overture Maps,17,EPSG:4326,"max_class_share=0.58,fg_share=0.63"
moscow_city_small_17_79233_40973,moscow_city_small,17,79233,40973,images/tiles/moscow_city_small_17_79233_40973.png,masks/tiles/moscow_city_small_17_79233_40973.png,0.8535,"{""0"": 9601, ""1"": 34, ""3"": 50758, ""4"": 5143}",Overture Maps,17,EPSG:4326,"max_class_share=0.77,fg_share=0.85"
moscow_city_small_17_79234_40973,moscow_city_small,17,79234,40973,images/tiles/moscow_city_small_17_79234_40973.png,masks/tiles/moscow_city_small_17_79234_40973.png,0.583374,"{""0"": 27304, ""1"": 55, ""2"": 727, ""3"": 29863, ""4"": 7587}",Overture Maps,17,EPSG:4326,"max_class_share=0.46,fg_share=0.58"
moscow_city_small_17_79235_40973,moscow_city_small,17,79235,40973,images/tiles/moscow_city_small_17_79235_40973.png,masks/tiles/moscow_city_small_17_79235_40973.png,0.831848,"{""0"": 11020, ""1"": 368, ""3"": 42750, ""4"": 11398}",Overture Maps,17,EPSG:4326,"max_class_share=0.65,fg_share=0.83"
moscow_city_small_17_79236_40973,moscow_city_small,17,79236,40973,images/tiles/moscow_city_small_17_79236_40973.png,masks/tiles/moscow_city_small_17_79236_40973.png,0.786469,"{""0"": 13994, ""2"": 4223, ""3"": 36853, ""4"": 10466}",Overture Maps,17,EPSG:4326,"max_class_share=0.56,fg_share=0.79"
moscow_city_small_17_79237_40973,moscow_city_small,17,79237,40973,images/tiles/moscow_city_small_17_79237_40973.png,masks/tiles/moscow_city_small_17_79237_40973.png,0.833115,"{""0"": 10937, ""2"": 36848, ""3"": 8457, ""4"": 9294}",Overture Maps,17,EPSG:4326,"max_class_share=0.56,fg_share=0.83"
moscow_city_small_17_79238_40973,moscow_city_small,17,79238,40973,images/tiles/moscow_city_small_17_79238_40973.png,masks/tiles/moscow_city_small_17_79238_40973.png,0.747284,"{""0"": 16562, ""2"": 15318, ""3"": 25540, ""4"": 8116}",Overture Maps,17,EPSG:4326,"max_class_share=0.39,fg_share=0.75"
moscow_city_small_17_79239_40973,moscow_city_small,17,79239,40973,images/tiles/moscow_city_small_17_79239_40973.png,masks/tiles/moscow_city_small_17_79239_40973.png,0.661942,"{""0"": 22155, ""1"": 57, ""2"": 8438, ""3"": 30356, ""4"": 4530}",Overture Maps,17,EPSG:4326,"max_class_share=0.46,fg_share=0.66"
moscow_city_small_17_79240_40973,moscow_city_small,17,79240,40973,images/tiles/moscow_city_small_17_79240_40973.png,masks/tiles/moscow_city_small_17_79240_40973.png,0.300812,"{""0"": 45822, ""2"": 165, ""3"": 14018, ""4"": 5531}",Overture Maps,17,EPSG:4326,"max_class_share=0.70,fg_share=0.30"
moscow_city_small_17_79218_40974,moscow_city_small,17,79218,40974,images/tiles/moscow_city_small_17_79218_40974.png,masks/tiles/moscow_city_small_17_79218_40974.png,0.243835,"{""0"": 49556, ""3"": 14456, ""4"": 1524}",Overture Maps,17,EPSG:4326,"max_class_share=0.76,fg_share=0.24"
moscow_city_small_17_79219_40974,moscow_city_small,17,79219,40974,images/tiles/moscow_city_small_17_79219_40974.png,masks/tiles/moscow_city_small_17_79219_40974.png,0.597137,"{""0"": 26402, ""2"": 426, ""3"": 17462, ""4"": 21246}",Overture Maps,17,EPSG:4326,"max_class_share=0.40,fg_share=0.60"
moscow_city_small_17_79220_40974,moscow_city_small,17,79220,40974,images/tiles/moscow_city_small_17_79220_40974.png,masks/tiles/moscow_city_small_17_79220_40974.png,0.616104,"{""0"": 25159, ""2"": 1956, ""3"": 26820, ""4"": 11601}",Overture Maps,17,EPSG:4326,"max_class_share=0.41,fg_share=0.62"
moscow_city_small_17_79221_40974,moscow_city_small,17,79221,40974,images/tiles/moscow_city_small_17_79221_40974.png,masks/tiles/moscow_city_small_17_79221_40974.png,0.59285,"{""0"": 26683, ""2"": 8, ""3"": 26983, ""4"": 11862}",Overture Maps,17,EPSG:4326,"max_class_share=0.41,fg_share=0.59"
moscow_city_small_17_79222_40974,moscow_city_small,17,79222,40974,images/tiles/moscow_city_small_17_79222_40974.png,masks/tiles/moscow_city_small_17_79222_40974.png,0.693283,"{""0"": 20101, ""2"": 6609, ""3"": 29208, ""4"": 9618}",Overture Maps,17,EPSG:4326,"max_class_share=0.45,fg_share=0.69"
moscow_city_small_17_79223_40974,moscow_city_small,17,79223,40974,images/tiles/moscow_city_small_17_79223_40974.png,masks/tiles/moscow_city_small_17_79223_40974.png,0.684204,"{""0"": 20696, ""2"": 5, ""3"": 32644, ""4"": 12191}",Overture Maps,17,EPSG:4326,"max_class_share=0.50,fg_share=0.68"
moscow_city_small_17_79224_40974,moscow_city_small,17,79224,40974,images/tiles/moscow_city_small_17_79224_40974.png,masks/tiles/moscow_city_small_17_79224_40974.png,0.558578,"{""0"": 28929, ""3"": 24845, ""4"": 11762}",Overture Maps,17,EPSG:4326,"max_class_share=0.44,fg_share=0.56"
moscow_city_small_17_79225_40974,moscow_city_small,17,79225,40974,images/tiles/moscow_city_small_17_79225_40974.png,masks/tiles/moscow_city_small_17_79225_40974.png,0.720566,"{""0"": 18313, ""1"": 68, ""2"": 5544, ""3"": 27097, ""4"": 14514}",Overture Maps,17,EPSG:4326,"max_class_share=0.41,fg_share=0.72"
moscow_city_small_17_79226_40974,moscow_city_small,17,79226,40974,images/tiles/moscow_city_small_17_79226_40974.png,masks/tiles/moscow_city_small_17_79226_40974.png,0.764969,"{""0"": 15403, ""2"": 1765, ""3"": 33864, ""4"": 14504}",Overture Maps,17,EPSG:4326,"max_class_share=0.52,fg_share=0.76"
moscow_city_small_17_79227_40974,moscow_city_small,17,79227,40974,images/tiles/moscow_city_small_17_79227_40974.png,masks/tiles/moscow_city_small_17_79227_40974.png,0.667023,"{""0"": 21822, ""3"": 33964, ""4"": 9750}",Overture Maps,17,EPSG:4326,"max_class_share=0.52,fg_share=0.67"
moscow_city_small_17_79228_40974,moscow_city_small,17,79228,40974,images/tiles/moscow_city_small_17_79228_40974.png,masks/tiles/moscow_city_small_17_79228_40974.png,0.794144,"{""0"": 13491, ""2"": 191, ""3"": 43520, ""4"": 8334}",Overture Maps,17,EPSG:4326,"max_class_share=0.66,fg_share=0.79"
moscow_city_small_17_79229_40974,moscow_city_small,17,79229,40974,images/tiles/moscow_city_small_17_79229_40974.png,masks/tiles/moscow_city_small_17_79229_40974.png,0.757248,"{""0"": 15909, ""2"": 1578, ""3"": 40351, ""4"": 7698}",Overture Maps,17,EPSG:4326,"max_class_share=0.62,fg_share=0.76"
moscow_city_small_17_79230_40974,moscow_city_small,17,79230,40974,images/tiles/moscow_city_small_17_79230_40974.png,masks/tiles/moscow_city_small_17_79230_40974.png,0.740662,"{""0"": 16996, ""1"": 1690, ""2"": 20511, ""3"": 19476, ""4"": 6863}",Overture Maps,17,EPSG:4326,"max_class_share=0.31,fg_share=0.74"
moscow_city_small_17_79231_40974,moscow_city_small,17,79231,40974,images/tiles/moscow_city_small_17_79231_40974.png,masks/tiles/moscow_city_small_17_79231_40974.png,0.938705,"{""0"": 4017, ""1"": 49, ""2"": 33222, ""3"": 25881, ""4"": 2367}",Overture Maps,17,EPSG:4326,"max_class_share=0.51,fg_share=0.94"
moscow_city_small_17_79232_40974,moscow_city_small,17,79232,40974,images/tiles/moscow_city_small_17_79232_40974.png,masks/tiles/moscow_city_small_17_79232_40974.png,0.517456,"{""0"": 31624, ""2"": 5187, ""3"": 21208, ""4"": 7517}",Overture Maps,17,EPSG:4326,"max_class_share=0.48,fg_share=0.52"
moscow_city_small_17_79233_40974,moscow_city_small,17,79233,40974,images/tiles/moscow_city_small_17_79233_40974.png,masks/tiles/moscow_city_small_17_79233_40974.png,0.610489,"{""0"": 25527, ""2"": 248, ""3"": 33274, ""4"": 6487}",Overture Maps,17,EPSG:4326,"max_class_share=0.51,fg_share=0.61"
moscow_city_small_17_79234_40974,moscow_city_small,17,79234,40974,images/tiles/moscow_city_small_17_79234_40974.png,masks/tiles/moscow_city_small_17_79234_40974.png,0.875336,"{""0"": 8170, ""1"": 24, ""3"": 48089, ""4"": 9253}",Overture Maps,17,EPSG:4326,"max_class_share=0.73,fg_share=0.88"
moscow_city_small_17_79235_40974,moscow_city_small,17,79235,40974,images/tiles/moscow_city_small_17_79235_40974.png,masks/tiles/moscow_city_small_17_79235_40974.png,0.852783,"{""0"": 9648, ""3"": 48626, ""4"": 7262}",Overture Maps,17,EPSG:4326,"max_class_share=0.74,fg_share=0.85"
moscow_city_small_17_79236_40974,moscow_city_small,17,79236,40974,images/tiles/moscow_city_small_17_79236_40974.png,masks/tiles/moscow_city_small_17_79236_40974.png,0.743805,"{""0"": 16790, ""2"": 2561, ""3"": 39839, ""4"": 6346}",Overture Maps,17,EPSG:4326,"max_class_share=0.61,fg_share=0.74"
moscow_city_small_17_79237_40974,moscow_city_small,17,79237,40974,images/tiles/moscow_city_small_17_79237_40974.png,masks/tiles/moscow_city_small_17_79237_40974.png,0.776001,"{""0"": 14680, ""2"": 15364, ""3"": 26314, ""4"": 9178}",Overture Maps,17,EPSG:4326,"max_class_share=0.40,fg_share=0.78"
moscow_city_small_17_79238_40974,moscow_city_small,17,79238,40974,images/tiles/moscow_city_small_17_79238_40974.png,masks/tiles/moscow_city_small_17_79238_40974.png,0.638443,"{""0"": 23695, ""2"": 5125, ""3"": 23994, ""4"": 12722}",Overture Maps,17,EPSG:4326,"max_class_share=0.37,fg_share=0.64"
moscow_city_small_17_79239_40974,moscow_city_small,17,79239,40974,images/tiles/moscow_city_small_17_79239_40974.png,masks/tiles/moscow_city_small_17_79239_40974.png,0.761551,"{""0"": 15627, ""2"": 544, ""3"": 36539, ""4"": 12826}",Overture Maps,17,EPSG:4326,"max_class_share=0.56,fg_share=0.76"
moscow_city_small_17_79240_40974,moscow_city_small,17,79240,40974,images/tiles/moscow_city_small_17_79240_40974.png,masks/tiles/moscow_city_small_17_79240_40974.png,0.302429,"{""0"": 45716, ""1"": 52, ""3"": 17176, ""4"": 2592}",Overture Maps,17,EPSG:4326,"max_class_share=0.70,fg_share=0.30"
moscow_city_small_17_79218_40975,moscow_city_small,17,79218,40975,images/tiles/moscow_city_small_17_79218_40975.png,masks/tiles/moscow_city_small_17_79218_40975.png,0.578522,"{""0"": 27622, ""2"": 10889, ""3"": 16161, ""4"": 10864}",Overture Maps,17,EPSG:4326,"max_class_share=0.42,fg_share=0.58"
moscow_city_small_17_79219_40975,moscow_city_small,17,79219,40975,images/tiles/moscow_city_small_17_79219_40975.png,masks/tiles/moscow_city_small_17_79219_40975.png,0.720367,"{""0"": 18326, ""2"": 6477, ""3"": 14704, ""4"": 26029}",Overture Maps,17,EPSG:4326,"max_class_share=0.40,fg_share=0.72"
moscow_city_small_17_79220_40975,moscow_city_small,17,79220,40975,images/tiles/moscow_city_small_17_79220_40975.png,masks/tiles/moscow_city_small_17_79220_40975.png,0.617905,"{""0"": 25041, ""2"": 3664, ""3"": 23362, ""4"": 13469}",Overture Maps,17,EPSG:4326,"max_class_share=0.38,fg_share=0.62"
moscow_city_small_17_79221_40975,moscow_city_small,17,79221,40975,images/tiles/moscow_city_small_17_79221_40975.png,masks/tiles/moscow_city_small_17_79221_40975.png,0.682266,"{""0"": 20823, ""2"": 3440, ""3"": 28056, ""4"": 13217}",Overture Maps,17,EPSG:4326,"max_class_share=0.43,fg_share=0.68"
moscow_city_small_17_79222_40975,moscow_city_small,17,79222,40975,images/tiles/moscow_city_small_17_79222_40975.png,masks/tiles/moscow_city_small_17_79222_40975.png,0.582993,"{""0"": 27329, ""2"": 3178, ""3"": 21215, ""4"": 13814}",Overture Maps,17,EPSG:4326,"max_class_share=0.42,fg_share=0.58"
moscow_city_small_17_79223_40975,moscow_city_small,17,79223,40975,images/tiles/moscow_city_small_17_79223_40975.png,masks/tiles/moscow_city_small_17_79223_40975.png,0.614868,"{""0"": 25240, ""2"": 4239, ""3"": 22471, ""4"": 13586}",Overture Maps,17,EPSG:4326,"max_class_share=0.39,fg_share=0.61"
moscow_city_small_17_79224_40975,moscow_city_small,17,79224,40975,images/tiles/moscow_city_small_17_79224_40975.png,masks/tiles/moscow_city_small_17_79224_40975.png,0.641479,"{""0"": 23496, ""2"": 6283, ""3"": 22629, ""4"": 13128}",Overture Maps,17,EPSG:4326,"max_class_share=0.36,fg_share=0.64"
moscow_city_small_17_79225_40975,moscow_city_small,17,79225,40975,images/tiles/moscow_city_small_17_79225_40975.png,masks/tiles/moscow_city_small_17_79225_40975.png,0.660156,"{""0"": 22272, ""1"": 118, ""2"": 554, ""3"": 26007, ""4"": 16585}",Overture Maps,17,EPSG:4326,"max_class_share=0.40,fg_share=0.66"
moscow_city_small_17_79226_40975,moscow_city_small,17,79226,40975,images/tiles/moscow_city_small_17_79226_40975.png,masks/tiles/moscow_city_small_17_79226_40975.png,0.568314,"{""0"": 28291, ""2"": 8243, ""3"": 15749, ""4"": 13253}",Overture Maps,17,EPSG:4326,"max_class_share=0.43,fg_share=0.57"
moscow_city_small_17_79227_40975,moscow_city_small,17,79227,40975,images/tiles/moscow_city_small_17_79227_40975.png,masks/tiles/moscow_city_small_17_79227_40975.png,0.634521,"{""0"": 23952, ""3"": 32521, ""4"": 9063}",Overture Maps,17,EPSG:4326,"max_class_share=0.50,fg_share=0.63"
moscow_city_small_17_79228_40975,moscow_city_small,17,79228,40975,images/tiles/moscow_city_small_17_79228_40975.png,masks/tiles/moscow_city_small_17_79228_40975.png,0.735748,"{""0"": 17318, ""3"": 38632, ""4"": 9586}",Overture Maps,17,EPSG:4326,"max_class_share=0.59,fg_share=0.74"
moscow_city_small_17_79229_40975,moscow_city_small,17,79229,40975,images/tiles/moscow_city_small_17_79229_40975.png,masks/tiles/moscow_city_small_17_79229_40975.png,0.633698,"{""0"": 24006, ""2"": 575, ""3"": 28997, ""4"": 11958}",Overture Maps,17,EPSG:4326,"max_class_share=0.44,fg_share=0.63"
moscow_city_small_17_79230_40975,moscow_city_small,17,79230,40975,images/tiles/moscow_city_small_17_79230_40975.png,masks/tiles/moscow_city_small_17_79230_40975.png,0.847717,"{""0"": 9980, ""1"": 231, ""2"": 31169, ""3"": 19805, ""4"": 4351}",Overture Maps,17,EPSG:4326,"max_class_share=0.48,fg_share=0.85"
moscow_city_small_17_79231_40975,moscow_city_small,17,79231,40975,images/tiles/moscow_city_small_17_79231_40975.png,masks/tiles/moscow_city_small_17_79231_40975.png,0.546295,"{""0"": 29734, ""1"": 7, ""2"": 5180, ""3"": 24954, ""4"": 5661}",Overture Maps,17,EPSG:4326,"max_class_share=0.45,fg_share=0.55"
moscow_city_small_17_79232_40975,moscow_city_small,17,79232,40975,images/tiles/moscow_city_small_17_79232_40975.png,masks/tiles/moscow_city_small_17_79232_40975.png,0.582962,"{""0"": 27331, ""1"": 97, ""2"": 18116, ""3"": 15294, ""4"": 4698}",Overture Maps,17,EPSG:4326,"max_class_share=0.42,fg_share=0.58"
moscow_city_small_17_79233_40975,moscow_city_small,17,79233,40975,images/tiles/moscow_city_small_17_79233_40975.png,masks/tiles/moscow_city_small_17_79233_40975.png,0.615234,"{""0"": 25216, ""2"": 26608, ""3"": 8294, ""4"": 5418}",Overture Maps,17,EPSG:4326,"max_class_share=0.41,fg_share=0.62"
moscow_city_small_17_79234_40975,moscow_city_small,17,79234,40975,images/tiles/moscow_city_small_17_79234_40975.png,masks/tiles/moscow_city_small_17_79234_40975.png,0.568451,"{""0"": 28282, ""2"": 2252, ""3"": 26942, ""4"": 8060}",Overture Maps,17,EPSG:4326,"max_class_share=0.43,fg_share=0.57"
moscow_city_small_17_79235_40975,moscow_city_small,17,79235,40975,images/tiles/moscow_city_small_17_79235_40975.png,masks/tiles/moscow_city_small_17_79235_40975.png,0.770615,"{""0"": 15033, ""1"": 116, ""2"": 14518, ""3"": 30894, ""4"": 4975}",Overture Maps,17,EPSG:4326,"max_class_share=0.47,fg_share=0.77"
moscow_city_small_17_79236_40975,moscow_city_small,17,79236,40975,images/tiles/moscow_city_small_17_79236_40975.png,masks/tiles/moscow_city_small_17_79236_40975.png,0.701202,"{""0"": 19582, ""2"": 19078, ""3"": 20684, ""4"": 6192}",Overture Maps,17,EPSG:4326,"max_class_share=0.32,fg_share=0.70"
moscow_city_small_17_79237_40975,moscow_city_small,17,79237,40975,images/tiles/moscow_city_small_17_79237_40975.png,masks/tiles/moscow_city_small_17_79237_40975.png,0.705795,"{""0"": 19281, ""2"": 4836, ""3"": 32713, ""4"": 8706}",Overture Maps,17,EPSG:4326,"max_class_share=0.50,fg_share=0.71"
moscow_city_small_17_79238_40975,moscow_city_small,17,79238,40975,images/tiles/moscow_city_small_17_79238_40975.png,masks/tiles/moscow_city_small_17_79238_40975.png,0.705017,"{""0"": 19332, ""3"": 39368, ""4"": 6836}",Overture Maps,17,EPSG:4326,"max_class_share=0.60,fg_share=0.71"
moscow_city_small_17_79239_40975,moscow_city_small,17,79239,40975,images/tiles/moscow_city_small_17_79239_40975.png,masks/tiles/moscow_city_small_17_79239_40975.png,0.395615,"{""0"": 39609, ""2"": 183, ""3"": 17068, ""4"": 8676}",Overture Maps,17,EPSG:4326,"max_class_share=0.60,fg_share=0.40"
moscow_city_small_17_79240_40975,moscow_city_small,17,79240,40975,images/tiles/moscow_city_small_17_79240_40975.png,masks/tiles/moscow_city_small_17_79240_40975.png,0.33757,"{""0"": 43413, ""1"": 185, ""2"": 76, ""3"": 16274, ""4"": 5588}",Overture Maps,17,EPSG:4326,"max_class_share=0.66,fg_share=0.34"
moscow_city_small_17_79218_40976,moscow_city_small,17,79218,40976,images/tiles/moscow_city_small_17_79218_40976.png,masks/tiles/moscow_city_small_17_79218_40976.png,0.274841,"{""0"": 47524, ""1"": 214, ""3"": 11673, ""4"": 6125}",Overture Maps,17,EPSG:4326,"max_class_share=0.73,fg_share=0.27"
moscow_city_small_17_79219_40976,moscow_city_small,17,79219,40976,images/tiles/moscow_city_small_17_79219_40976.png,masks/tiles/moscow_city_small_17_79219_40976.png,0.694016,"{""0"": 20053, ""1"": 36, ""3"": 24789, ""4"": 20658}",Overture Maps,17,EPSG:4326,"max_class_share=0.38,fg_share=0.69"
moscow_city_small_17_79220_40976,moscow_city_small,17,79220,40976,images/tiles/moscow_city_small_17_79220_40976.png,masks/tiles/moscow_city_small_17_79220_40976.png,0.732529,"{""0"": 17529, ""3"": 37226, ""4"": 10781}",Overture Maps,17,EPSG:4326,"max_class_share=0.57,fg_share=0.73"
moscow_city_small_17_79221_40976,moscow_city_small,17,79221,40976,images/tiles/moscow_city_small_17_79221_40976.png,masks/tiles/moscow_city_small_17_79221_40976.png,0.623581,"{""0"": 24669, ""2"": 1429, ""3"": 31036, ""4"": 8402}",Overture Maps,17,EPSG:4326,"max_class_share=0.47,fg_share=0.62"
moscow_city_small_17_79222_40976,moscow_city_small,17,79222,40976,images/tiles/moscow_city_small_17_79222_40976.png,masks/tiles/moscow_city_small_17_79222_40976.png,0.643433,"{""0"": 23368, ""3"": 30038, ""4"": 12130}",Overture Maps,17,EPSG:4326,"max_class_share=0.46,fg_share=0.64"
moscow_city_small_17_79223_40976,moscow_city_small,17,79223,40976,images/tiles/moscow_city_small_17_79223_40976.png,masks/tiles/moscow_city_small_17_79223_40976.png,0.536331,"{""0"": 30387, ""3"": 25714, ""4"": 9435}",Overture Maps,17,EPSG:4326,"max_class_share=0.46,fg_share=0.54"
moscow_city_small_17_79224_40976,moscow_city_small,17,79224,40976,images/tiles/moscow_city_small_17_79224_40976.png,masks/tiles/moscow_city_small_17_79224_40976.png,0.700592,"{""0"": 19622, ""3"": 37275, ""4"": 8639}",Overture Maps,17,EPSG:4326,"max_class_share=0.57,fg_share=0.70"
moscow_city_small_17_79225_40976,moscow_city_small,17,79225,40976,images/tiles/moscow_city_small_17_79225_40976.png,masks/tiles/moscow_city_small_17_79225_40976.png,0.747055,"{""0"": 16577, ""1"": 98, ""2"": 4139, ""3"": 34223, ""4"": 10499}",Overture Maps,17,EPSG:4326,"max_class_share=0.52,fg_share=0.75"
moscow_city_small_17_79226_40976,moscow_city_small,17,79226,40976,images/tiles/moscow_city_small_17_79226_40976.png,masks/tiles/moscow_city_small_17_79226_40976.png,0.665771,"{""0"": 21904, ""2"": 6860, ""3"": 23419, ""4"": 13353}",Overture Maps,17,EPSG:4326,"max_class_share=0.36,fg_share=0.67"
moscow_city_small_17_79227_40976,moscow_city_small,17,79227,40976,images/tiles/moscow_city_small_17_79227_40976.png,masks/tiles/moscow_city_small_17_79227_40976.png,0.686584,"{""0"": 20540, ""2"": 8243, ""3"": 26155, ""4"": 10598}",Overture Maps,17,EPSG:4326,"max_class_share=0.40,fg_share=0.69"
moscow_city_small_17_79228_40976,moscow_city_small,17,79228,40976,images/tiles/moscow_city_small_17_79228_40976.png,masks/tiles/moscow_city_small_17_79228_40976.png,0.650482,"{""0"": 22906, ""3"": 34704, ""4"": 7926}",Overture Maps,17,EPSG:4326,"max_class_share=0.53,fg_share=0.65"
moscow_city_small_17_79229_40976,moscow_city_small,17,79229,40976,images/tiles/moscow_city_small_17_79229_40976.png,masks/tiles/moscow_city_small_17_79229_40976.png,0.638977,"{""0"": 23660, ""2"": 1467, ""3"": 31513, ""4"": 8896}",Overture Maps,17,EPSG:4326,"max_class_share=0.48,fg_share=0.64"
moscow_city_small_17_79230_40976,moscow_city_small,17,79230,40976,images/tiles/moscow_city_small_17_79230_40976.png,masks/tiles/moscow_city_small_17_79230_40976.png,0.935165,"{""0"": 4249, ""1"": 256, ""2"": 44226, ""3"": 14564, ""4"": 2241}",Overture Maps,17,EPSG:4326,"max_class_share=0.67,fg_share=0.94"
moscow_city_small_17_79231_40976,moscow_city_small,17,79231,40976,images/tiles/moscow_city_small_17_79231_40976.png,masks/tiles/moscow_city_small_17_79231_40976.png,0.753296,"{""0"": 16168, ""2"": 253, ""3"": 43797, ""4"": 5318}",Overture Maps,17,EPSG:4326,"max_class_share=0.67,fg_share=0.75"
moscow_city_small_17_79232_40976,moscow_city_small,17,79232,40976,images/tiles/moscow_city_small_17_79232_40976.png,masks/tiles/moscow_city_small_17_79232_40976.png,0.39447,"{""0"": 39684, ""2"": 16391, ""3"": 4601, ""4"": 4860}",Overture Maps,17,EPSG:4326,"max_class_share=0.61,fg_share=0.39"
moscow_city_small_17_79233_40976,moscow_city_small,17,79233,40976,images/tiles/moscow_city_small_17_79233_40976.png,masks/tiles/moscow_city_small_17_79233_40976.png,0.922226,"{""0"": 5097, ""1"": 25, ""2"": 52661, ""3"": 5542, ""4"": 2211}",Overture Maps,17,EPSG:4326,"max_class_share=0.80,fg_share=0.92"
moscow_city_small_17_79234_40976,moscow_city_small,17,79234,40976,images/tiles/moscow_city_small_17_79234_40976.png,masks/tiles/moscow_city_small_17_79234_40976.png,0.294754,"{""0"": 46219, ""2"": 1430, ""3"": 298, ""4"": 17589}",Overture Maps,17,EPSG:4326,"max_class_share=0.71,fg_share=0.29"
moscow_city_small_17_79235_40976,moscow_city_small,17,79235,40976,images/tiles/moscow_city_small_17_79235_40976.png,masks/tiles/moscow_city_small_17_79235_40976.png,0.986191,"{""0"": 905, ""1"": 641, ""2"": 53366, ""3"": 3105, ""4"": 7519}",Overture Maps,17,EPSG:4326,"max_class_share=0.81,fg_share=0.99"
moscow_city_small_17_79236_40976,moscow_city_small,17,79236,40976,images/tiles/moscow_city_small_17_79236_40976.png,masks/tiles/moscow_city_small_17_79236_40976.png,1.0,"{""2"": 51682, ""3"": 4450, ""4"": 9404}",Overture Maps,17,EPSG:4326,"max_class_share=0.79,fg_share=1.00"
moscow_city_small_17_79237_40976,moscow_city_small,17,79237,40976,images/tiles/moscow_city_small_17_79237_40976.png,masks/tiles/moscow_city_small_17_79237_40976.png,0.715347,"{""0"": 18655, ""2"": 15419, ""3"": 24000, ""4"": 7462}",Overture Maps,17,EPSG:4326,"max_class_share=0.37,fg_share=0.72"
moscow_city_small_17_79238_40976,moscow_city_small,17,79238,40976,images/tiles/moscow_city_small_17_79238_40976.png,masks/tiles/moscow_city_small_17_79238_40976.png,0.71875,"{""0"": 18432, ""3"": 42999, ""4"": 4105}",Overture Maps,17,EPSG:4326,"max_class_share=0.66,fg_share=0.72"
moscow_city_small_17_79239_40976,moscow_city_small,17,79239,40976,images/tiles/moscow_city_small_17_79239_40976.png,masks/tiles/moscow_city_small_17_79239_40976.png,0.518356,"{""0"": 31565, ""2"": 746, ""3"": 26545, ""4"": 6680}",Overture Maps,17,EPSG:4326,"max_class_share=0.48,fg_share=0.52"
moscow_city_small_17_79240_40976,moscow_city_small,17,79240,40976,images/tiles/moscow_city_small_17_79240_40976.png,masks/tiles/moscow_city_small_17_79240_40976.png,0.254501,"{""0"": 48857, ""1"": 248, ""3"": 9551, ""4"": 6880}",Overture Maps,17,EPSG:4326,"max_class_share=0.75,fg_share=0.25"
moscow_city_small_17_79218_40977,moscow_city_small,17,79218,40977,images/tiles/moscow_city_small_17_79218_40977.png,masks/tiles/moscow_city_small_17_79218_40977.png,0.307953,"{""0"": 45354, ""1"": 29, ""2"": 259, ""3"": 13676, ""4"": 6218}",Overture Maps,17,EPSG:4326,"max_class_share=0.69,fg_share=0.31"
moscow_city_small_17_79219_40977,moscow_city_small,17,79219,40977,images/tiles/moscow_city_small_17_79219_40977.png,masks/tiles/moscow_city_small_17_79219_40977.png,0.660522,"{""0"": 22248, ""1"": 66, ""2"": 435, ""3"": 24264, ""4"": 18523}",Overture Maps,17,EPSG:4326,"max_class_share=0.37,fg_share=0.66"
moscow_city_small_17_79220_40977,moscow_city_small,17,79220,40977,images/tiles/moscow_city_small_17_79220_40977.png,masks/tiles/moscow_city_small_17_79220_40977.png,0.613113,"{""0"": 25355, ""1"": 48, ""2"": 4037, ""3"": 24151, ""4"": 11945}",Overture Maps,17,EPSG:4326,"max_class_share=0.39,fg_share=0.61"
moscow_city_small_17_79221_40977,moscow_city_small,17,79221,40977,images/tiles/moscow_city_small_17_79221_40977.png,masks/tiles/moscow_city_small_17_79221_40977.png,0.647995,"{""0"": 23069, ""2"": 4082, ""3"": 27205, ""4"": 11180}",Overture Maps,17,EPSG:4326,"max_class_share=0.42,fg_share=0.65"
moscow_city_small_17_79222_40977,moscow_city_small,17,79222,40977,images/tiles/moscow_city_small_17_79222_40977.png,masks/tiles/moscow_city_small_17_79222_40977.png,0.758942,"{""0"": 15798, ""3"": 40542, ""4"": 9196}",Overture Maps,17,EPSG:4326,"max_class_share=0.62,fg_share=0.76"
moscow_city_small_17_79223_40977,moscow_city_small,17,79223,40977,images/tiles/moscow_city_small_17_79223_40977.png,masks/tiles/moscow_city_small_17_79223_40977.png,0.599091,"{""0"": 26274, ""2"": 524, ""3"": 29124, ""4"": 9614}",Overture Maps,17,EPSG:4326,"max_class_share=0.44,fg_share=0.60"
moscow_city_small_17_79224_40977,moscow_city_small,17,79224,40977,images/tiles/moscow_city_small_17_79224_40977.png,masks/tiles/moscow_city_small_17_79224_40977.png,0.538345,"{""0"": 30255, ""3"": 24953, ""4"": 10328}",Overture Maps,17,EPSG:4326,"max_class_share=0.46,fg_share=0.54"
moscow_city_small_17_79225_40977,moscow_city_small,17,79225,40977,images/tiles/moscow_city_small_17_79225_40977.png,masks/tiles/moscow_city_small_17_79225_40977.png,0.776505,"{""0"": 14647, ""1"": 217, ""2"": 14896, ""3"": 22796, ""4"": 12980}",Overture Maps,17,EPSG:4326,"max_class_share=0.35,fg_share=0.78"
moscow_city_small_17_79226_40977,moscow_city_small,17,79226,40977,images/tiles/moscow_city_small_17_79226_40977.png,masks/tiles/moscow_city_small_17_79226_40977.png,0.632431,"{""0"": 24089, ""3"": 36819, ""4"": 4628}",Overture Maps,17,EPSG:4326,"max_class_share=0.56,fg_share=0.63"
moscow_city_small_17_79227_40977,moscow_city_small,17,79227,40977,images/tiles/moscow_city_small_17_79227_40977.png,masks/tiles/moscow_city_small_17_79227_40977.png,0.612518,"{""0"": 25394, ""2"": 285, ""3"": 28282, ""4"": 11575}",Overture Maps,17,EPSG:4326,"max_class_share=0.43,fg_share=0.61"
moscow_city_small_17_79228_40977,moscow_city_small,17,79228,40977,images/tiles/moscow_city_small_17_79228_40977.png,masks/tiles/moscow_city_small_17_79228_40977.png,0.77356,"{""0"": 14840, ""2"": 4867, ""3"": 33960, ""4"": 11869}",Overture Maps,17,EPSG:4326,"max_class_share=0.52,fg_share=0.77"
moscow_city_small_17_79229_40977,moscow_city_small,17,79229,40977,images/tiles/moscow_city_small_17_79229_40977.png,masks/tiles/moscow_city_small_17_79229_40977.png,0.53273,"{""0"": 30623, ""2"": 14226, ""3"": 4228, ""4"": 16459}",Overture Maps,17,EPSG:4326,"max_class_share=0.47,fg_share=0.53"
moscow_city_small_17_79230_40977,moscow_city_small,17,79230,40977,images/tiles/moscow_city_small_17_79230_40977.png,masks/tiles/moscow_city_small_17_79230_40977.png,0.723312,"{""0"": 18133, ""1"": 244, ""2"": 28310, ""3"": 14427, ""4"": 4422}",Overture Maps,17,EPSG:4326,"max_class_share=0.43,fg_share=0.72"
moscow_city_small_17_79231_40977,moscow_city_small,17,79231,40977,images/tiles/moscow_city_small_17_79231_40977.png,masks/tiles/moscow_city_small_17_79231_40977.png,0.778488,"{""0"": 14517, ""2"": 22839, ""3"": 22553, ""4"": 5627}",Overture Maps,17,EPSG:4326,"max_class_share=0.35,fg_share=0.78"
moscow_city_small_17_79232_40977,moscow_city_small,17,79232,40977,images/tiles/moscow_city_small_17_79232_40977.png,masks/tiles/moscow_city_small_17_79232_40977.png,0.868301,"{""0"": 8631, ""1"": 5087, ""2"": 36196, ""3"": 6396, ""4"": 9226}",Overture Maps,17,EPSG:4326,"max_class_share=0.55,fg_share=0.87"
moscow_city_small_17_79233_40977,moscow_city_small,17,79233,40977,images/tiles/moscow_city_small_17_79233_40977.png,masks/tiles/moscow_city_small_17_79233_40977.png,0.935165,"{""0"": 4249, ""1"": 20587, ""2"": 25963, ""3"": 4661, ""4"": 10076}",Overture Maps,17,EPSG:4326,"max_class_share=0.40,fg_share=0.94"
moscow_city_small_17_79234_40977,moscow_city_small,17,79234,40977,images/tiles/moscow_city_small_17_79234_40977.png,masks/tiles/moscow_city_small_17_79234_40977.png,0.72525,"{""0"": 18006, ""1"": 27649, ""2"": 2614, ""3"": 1806, ""4"": 15461}",Overture Maps,17,EPSG:4326,"max_class_share=0.42,fg_share=0.73"
moscow_city_small_17_79235_40977,moscow_city_small,17,79235,40977,images/tiles/moscow_city_small_17_79235_40977.png,masks/tiles/moscow_city_small_17_79235_40977.png,0.885681,"{""0"": 7492, ""1"": 38232, ""2"": 12202, ""3"": 400, ""4"": 7210}",Overture Maps,17,EPSG:4326,"max_class_share=0.58,fg_share=0.89"
moscow_city_small_17_79236_40977,moscow_city_small,17,79236,40977,images/tiles/moscow_city_small_17_79236_40977.png,masks/tiles/moscow_city_small_17_79236_40977.png,0.909607,"{""0"": 5924, ""1"": 35519, ""2"": 16266, ""3"": 870, ""4"": 6957}",Overture Maps,17,EPSG:4326,"max_class_share=0.54,fg_share=0.91"
moscow_city_small_17_79237_40977,moscow_city_small,17,79237,40977,images/tiles/moscow_city_small_17_79237_40977.png,masks/tiles/moscow_city_small_17_79237_40977.png,0.694763,"{""0"": 20004, ""1"": 23919, ""2"": 8520, ""3"": 1783, ""4"": 11310}",Overture Maps,17,EPSG:4326,"max_class_share=0.36,fg_share=0.69"
moscow_city_small_17_79238_40977,moscow_city_small,17,79238,40977,images/tiles/moscow_city_small_17_79238_40977.png,masks/tiles/moscow_city_small_17_79238_40977.png,0.442184,"{""0"": 36557, ""1"": 3954, ""3"": 16865, ""4"": 8160}",Overture Maps,17,EPSG:4326,"max_class_share=0.56,fg_share=0.44"
moscow_city_small_17_79239_40977,moscow_city_small,17,79239,40977,images/tiles/moscow_city_small_17_79239_40977.png,masks/tiles/moscow_city_small_17_79239_40977.png,0.56337,"{""0"": 28615, ""3"": 31432, ""4"": 5489}",Overture Maps,17,EPSG:4326,"max_class_share=0.48,fg_share=0.56"
moscow_city_small_17_79240_40977,moscow_city_small,17,79240,40977,images/tiles/moscow_city_small_17_79240_40977.png,masks/tiles/moscow_city_small_17_79240_40977.png,0.322403,"{""0"": 44407, ""1"": 228, ""3"": 14252, ""4"": 6649}",Overture Maps,17,EPSG:4326,"max_class_share=0.68,fg_share=0.32"
moscow_city_small_17_79218_40978,moscow_city_small,17,79218,40978,images/tiles/moscow_city_small_17_79218_40978.png,masks/tiles/moscow_city_small_17_79218_40978.png,0.505829,"{""0"": 32386, ""2"": 377, ""3"": 25587, ""4"": 7186}",Overture Maps,17,EPSG:4326,"max_class_share=0.49,fg_share=0.51"
moscow_city_small_17_79219_40978,moscow_city_small,17,79219,40978,images/tiles/moscow_city_small_17_79219_40978.png,masks/tiles/moscow_city_small_17_79219_40978.png,0.671585,"{""0"": 21523, ""2"": 597, ""3"": 32588, ""4"": 10828}",Overture Maps,17,EPSG:4326,"max_class_share=0.50,fg_share=0.67"
moscow_city_small_17_79220_40978,moscow_city_small,17,79220,40978,images/tiles/moscow_city_small_17_79220_40978.png,masks/tiles/moscow_city_small_17_79220_40978.png,0.624573,"{""0"": 24604, ""2"": 61, ""3"": 32423, ""4"": 8448}",Overture Maps,17,EPSG:4326,"max_class_share=0.49,fg_share=0.62"
moscow_city_small_17_79221_40978,moscow_city_small,17,79221,40978,images/tiles/moscow_city_small_17_79221_40978.png,masks/tiles/moscow_city_small_17_79221_40978.png,0.688141,"{""0"": 20438, ""1"": 73, ""2"": 62, ""3"": 35039, ""4"": 9924}",Overture Maps,17,EPSG:4326,"max_class_share=0.53,fg_share=0.69"
moscow_city_small_17_79222_40978,moscow_city_small,17,79222,40978,images/tiles/moscow_city_small_17_79222_40978.png,masks/tiles/moscow_city_small_17_79222_40978.png,0.669739,"{""0"": 21644, ""1"": 100, ""3"": 32563, ""4"": 11229}",Overture Maps,17,EPSG:4326,"max_class_share=0.50,fg_share=0.67"
moscow_city_small_17_79223_40978,moscow_city_small,17,79223,40978,images/tiles/moscow_city_small_17_79223_40978.png,masks/tiles/moscow_city_small_17_79223_40978.png,0.529907,"{""0"": 30808, ""1"": 135, ""2"": 77, ""3"": 26048, ""4"": 8468}",Overture Maps,17,EPSG:4326,"max_class_share=0.47,fg_share=0.53"
moscow_city_small_17_79224_40978,moscow_city_small,17,79224,40978,images/tiles/moscow_city_small_17_79224_40978.png,masks/tiles/moscow_city_small_17_79224_40978.png,0.635208,"{""0"": 23907, ""1"": 34, ""2"": 3768, ""3"": 27121, ""4"": 10706}",Overture Maps,17,EPSG:4326,"max_class_share=0.41,fg_share=0.64"
moscow_city_small_17_79225_40978,moscow_city_small,17,79225,40978,images/tiles/moscow_city_small_17_79225_40978.png,masks/tiles/moscow_city_small_17_79225_40978.png,0.843384,"{""0"": 10264, ""1"": 238, ""2"": 14381, ""3"": 28170, ""4"": 12483}",Overture Maps,17,EPSG:4326,"max_class_share=0.43,fg_share=0.84"
moscow_city_small_17_79226_40978,moscow_city_small,17,79226,40978,images/tiles/moscow_city_small_17_79226_40978.png,masks/tiles/moscow_city_small_17_79226_40978.png,0.643005,"{""0"": 23396, ""3"": 33444, ""4"": 8696}",Overture Maps,17,EPSG:4326,"max_class_share=0.51,fg_share=0.64"
moscow_city_small_17_79227_40978,moscow_city_small,17,79227,40978,images/tiles/moscow_city_small_17_79227_40978.png,masks/tiles/moscow_city_small_17_79227_40978.png,0.557251,"{""0"": 29016, ""2"": 929, ""3"": 26957, ""4"": 8634}",Overture Maps,17,EPSG:4326,"max_class_share=0.44,fg_share=0.56"
moscow_city_small_17_79228_40978,moscow_city_small,17,79228,40978,images/tiles/moscow_city_small_17_79228_40978.png,masks/tiles/moscow_city_small_17_79228_40978.png,0.698196,"{""0"": 19779, ""2"": 2978, ""3"": 33622, ""4"": 9157}",Overture Maps,17,EPSG:4326,"max_class_share=0.51,fg_share=0.70"
moscow_city_small_17_79229_40978,moscow_city_small,17,79229,40978,images/tiles/moscow_city_small_17_79229_40978.png,masks/tiles/moscow_city_small_17_79229_40978.png,0.625153,"{""0"": 24566, ""2"": 7651, ""3"": 14246, ""4"": 19073}",Overture Maps,17,EPSG:4326,"max_class_share=0.37,fg_share=0.63"
moscow_city_small_17_79230_40978,moscow_city_small,17,79230,40978,images/tiles/moscow_city_small_17_79230_40978.png,masks/tiles/moscow_city_small_17_79230_40978.png,0.865891,"{""0"": 8789, ""1"": 16964, ""2"": 17979, ""3"": 7631, ""4"": 14173}",Overture Maps,17,EPSG:4326,"max_class_share=0.27,fg_share=0.87"
moscow_city_small_17_79231_40978,moscow_city_small,17,79231,40978,images/tiles/moscow_city_small_17_79231_40978.png,masks/tiles/moscow_city_small_17_79231_40978.png,0.950943,"{""0"": 3215, ""1"": 41987, ""2"": 5191, ""3"": 4977, ""4"": 10166}",Overture Maps,17,EPSG:4326,"max_class_share=0.64,fg_share=0.95"
moscow_city_small_17_79232_40978,moscow_city_small,17,79232,40978,images/tiles/moscow_city_small_17_79232_40978.png,masks/tiles/moscow_city_small_17_79232_40978.png,0.994919,"{""0"": 333, ""1"": 43577, ""3"": 15700, ""4"": 5926}",Overture Maps,17,EPSG:4326,"max_class_share=0.66,fg_share=0.99"
moscow_city_small_17_79233_40978,moscow_city_small,17,79233,40978,images/tiles/moscow_city_small_17_79233_40978.png,masks/tiles/moscow_city_small_17_79233_40978.png,1.0,"{""1"": 30484, ""3"": 24908, ""4"": 10144}",Overture Maps,17,EPSG:4326,"max_class_share=0.47,fg_share=1.00"
moscow_city_small_17_79234_40978,moscow_city_small,17,79234,40978,images/tiles/moscow_city_small_17_79234_40978.png,masks/tiles/moscow_city_small_17_79234_40978.png,1.0,"{""1"": 30788, ""3"": 19633, ""4"": 15115}",Overture Maps,17,EPSG:4326,"max_class_share=0.47,fg_share=1.00"
moscow_city_small_17_79235_40978,moscow_city_small,17,79235,40978,images/tiles/moscow_city_small_17_79235_40978.png,masks/tiles/moscow_city_small_17_79235_40978.png,1.0,"{""1"": 15969, ""3"": 35121, ""4"": 14446}",Overture Maps,17,EPSG:4326,"max_class_share=0.54,fg_share=1.00"
moscow_city_small_17_79236_40978,moscow_city_small,17,79236,40978,images/tiles/moscow_city_small_17_79236_40978.png,masks/tiles/moscow_city_small_17_79236_40978.png,1.0,"{""1"": 12909, ""3"": 41965, ""4"": 10662}",Overture Maps,17,EPSG:4326,"max_class_share=0.64,fg_share=1.00"
moscow_city_small_17_79237_40978,moscow_city_small,17,79237,40978,images/tiles/moscow_city_small_17_79237_40978.png,masks/tiles/moscow_city_small_17_79237_40978.png,1.0,"{""1"": 34105, ""3"": 22941, ""4"": 8490}",Overture Maps,17,EPSG:4326,"max_class_share=0.52,fg_share=1.00"
moscow_city_small_17_79238_40978,moscow_city_small,17,79238,40978,images/tiles/moscow_city_small_17_79238_40978.png,masks/tiles/moscow_city_small_17_79238_40978.png,0.959427,"{""0"": 2659, ""1"": 46438, ""3"": 7992, ""4"": 8447}",Overture Maps,17,EPSG:4326,"max_class_share=0.71,fg_share=0.96"
moscow_city_small_17_79239_40978,moscow_city_small,17,79239,40978,images/tiles/moscow_city_small_17_79239_40978.png,masks/tiles/moscow_city_small_17_79239_40978.png,0.789093,"{""0"": 13822, ""1"": 32541, ""3"": 7468, ""4"": 11705}",Overture Maps,17,EPSG:4326,"max_class_share=0.50,fg_share=0.79"
moscow_city_small_17_79240_40978,moscow_city_small,17,79240,40978,images/tiles/moscow_city_small_17_79240_40978.png,masks/tiles/moscow_city_small_17_79240_40978.png,0.477005,"{""0"": 34275, ""1"": 12939, ""3"": 6250, ""4"": 12072}",Overture Maps,17,EPSG:4326,"max_class_share=0.52,fg_share=0.48"
moscow_city_small_17_79218_40979,moscow_city_small,17,79218,40979,images/tiles/moscow_city_small_17_79218_40979.png,masks/tiles/moscow_city_small_17_79218_40979.png,0.40686,"{""0"": 38872, ""2"": 1449, ""3"": 14081, ""4"": 11134}",Overture Maps,17,EPSG:4326,"max_class_share=0.59,fg_share=0.41"
moscow_city_small_17_79219_40979,moscow_city_small,17,79219,40979,images/tiles/moscow_city_small_17_79219_40979.png,masks/tiles/moscow_city_small_17_79219_40979.png,0.521088,"{""0"": 31386, ""2"": 5474, ""3"": 13609, ""4"": 15067}",Overture Maps,17,EPSG:4326,"max_class_share=0.48,fg_share=0.52"
moscow_city_small_17_79220_40979,moscow_city_small,17,79220,40979,images/tiles/moscow_city_small_17_79220_40979.png,masks/tiles/moscow_city_small_17_79220_40979.png,0.624527,"{""0"": 24607, ""1"": 120, ""2"": 932, ""3"": 32002, ""4"": 7875}",Overture Maps,17,EPSG:4326,"max_class_share=0.49,fg_share=0.62"
moscow_city_small_17_79221_40979,moscow_city_small,17,79221,40979,images/tiles/moscow_city_small_17_79221_40979.png,masks/tiles/moscow_city_small_17_79221_40979.png,0.622971,"{""0"": 24709, ""1"": 1, ""3"": 29506, ""4"": 11320}",Overture Maps,17,EPSG:4326,"max_class_share=0.45,fg_share=0.62"
moscow_city_small_17_79222_40979,moscow_city_small,17,79222,40979,images/tiles/moscow_city_small_17_79222_40979.png,masks/tiles/moscow_city_small_17_79222_40979.png,0.526901,"{""0"": 31005, ""1"": 53, ""3"": 24039, ""4"": 10439}",Overture Maps,17,EPSG:4326,"max_class_share=0.47,fg_share=0.53"
moscow_city_small_17_79223_40979,moscow_city_small,17,79223,40979,images/tiles/moscow_city_small_17_79223_40979.png,masks/tiles/moscow_city_small_17_79223_40979.png,0.594589,"{""0"": 26569, ""3"": 29669, ""4"": 9298}",Overture Maps,17,EPSG:4326,"max_class_share=0.45,fg_share=0.59"
moscow_city_small_17_79224_40979,moscow_city_small,17,79224,40979,images/tiles/moscow_city_small_17_79224_40979.png,masks/tiles/moscow_city_small_17_79224_40979.png,0.66658,"{""0"": 21851, ""2"": 52, ""3"": 32070, ""4"": 11563}",Overture Maps,17,EPSG:4326,"max_class_share=0.49,fg_share=0.67"
moscow_city_small_17_79225_40979,moscow_city_small,17,79225,40979,images/tiles/moscow_city_small_17_79225_40979.png,masks/tiles/moscow_city_small_17_79225_40979.png,0.823578,"{""0"": 11562, ""1"": 88, ""2"": 15511, ""3"": 25629, ""4"": 12746}",Overture Maps,17,EPSG:4326,"max_class_share=0.39,fg_share=0.82"
moscow_city_small_17_79226_40979,moscow_city_small,17,79226,40979,images/tiles/moscow_city_small_17_79226_40979.png,masks/tiles/moscow_city_small_17_79226_40979.png,0.681808,"{""0"": 20853, ""2"": 364, ""3"": 34896, ""4"": 9423}",Overture Maps,17,EPSG:4326,"max_class_share=0.53,fg_share=0.68"
moscow_city_small_17_79227_40979,moscow_city_small,17,79227,40979,images/tiles/moscow_city_small_17_79227_40979.png,masks/tiles/moscow_city_small_17_79227_40979.png,0.606903,"{""0"": 25762, ""2"": 9064, ""3"": 18281, ""4"": 12429}",Overture Maps,17,EPSG:4326,"max_class_share=0.39,fg_share=0.61"
moscow_city_small_17_79228_40979,moscow_city_small,17,79228,40979,images/tiles/moscow_city_small_17_79228_40979.png,masks/tiles/moscow_city_small_17_79228_40979.png,0.717316,"{""0"": 18526, ""2"": 8081, ""3"": 28543, ""4"": 10386}",Overture Maps,17,EPSG:4326,"max_class_share=0.44,fg_share=0.72"
moscow_city_small_17_79229_40979,moscow_city_small,17,79229,40979,images/tiles/moscow_city_small_17_79229_40979.png,masks/tiles/moscow_city_small_17_79229_40979.png,0.733002,"{""0"": 17498, ""1"": 30106, ""2"": 3056, ""3"": 4363, ""4"": 10513}",Overture Maps,17,EPSG:4326,"max_class_share=0.46,fg_share=0.73"
moscow_city_small_17_79230_40979,moscow_city_small,17,79230,40979,images/tiles/moscow_city_small_17_79230_40979.png,masks/tiles/moscow_city_small_17_79230_40979.png,1.0,"{""1"": 46091, ""3"": 4000, ""4"": 15445}",Overture Maps,17,EPSG:4326,"max_class_share=0.70,fg_share=1.00"
moscow_city_small_17_79231_40979,moscow_city_small,17,79231,40979,images/tiles/moscow_city_small_17_79231_40979.png,masks/tiles/moscow_city_small_17_79231_40979.png,1.0,"{""1"": 26548, ""3"": 31062, ""4"": 7926}",Overture Maps,17,EPSG:4326,"max_class_share=0.47,fg_share=1.00"
moscow_city_small_17_79232_40979,moscow_city_small,17,79232,40979,images/tiles/moscow_city_small_17_79232_40979.png,masks/tiles/moscow_city_small_17_79232_40979.png,1.0,"{""1"": 41395, ""3"": 19320, ""4"": 4821}",Overture Maps,17,EPSG:4326,"max_class_share=0.63,fg_share=1.00"
moscow_city_small_17_79233_40979,moscow_city_small,17,79233,40979,images/tiles/moscow_city_small_17_79233_40979.png,masks/tiles/moscow_city_small_17_79233_40979.png,1.0,"{""1"": 29845, ""3"": 22944, ""4"": 12747}",Overture Maps,17,EPSG:4326,"max_class_share=0.46,fg_share=1.00"
moscow_city_small_17_79234_40979,moscow_city_small,17,79234,40979,images/tiles/moscow_city_small_17_79234_40979.png,masks/tiles/moscow_city_small_17_79234_40979.png,1.0,"{""1"": 36263, ""3"": 17689, ""4"": 11584}",Overture Maps,17,EPSG:4326,"max_class_share=0.55,fg_share=1.00"
moscow_city_small_17_79235_40979,moscow_city_small,17,79235,40979,images/tiles/moscow_city_small_17_79235_40979.png,masks/tiles/moscow_city_small_17_79235_40979.png,1.0,"{""1"": 30947, ""3"": 23274, ""4"": 11315}",Overture Maps,17,EPSG:4326,"max_class_share=0.47,fg_share=1.00"
moscow_city_small_17_79236_40979,moscow_city_small,17,79236,40979,images/tiles/moscow_city_small_17_79236_40979.png,masks/tiles/moscow_city_small_17_79236_40979.png,1.0,"{""1"": 30834, ""3"": 24908, ""4"": 9794}",Overture Maps,17,EPSG:4326,"max_class_share=0.47,fg_share=1.00"
moscow_city_small_17_79237_40979,moscow_city_small,17,79237,40979,images/tiles/moscow_city_small_17_79237_40979.png,masks/tiles/moscow_city_small_17_79237_40979.png,1.0,"{""1"": 21436, ""3"": 31771, ""4"": 12329}",Overture Maps,17,EPSG:4326,"max_class_share=0.48,fg_share=1.00"
moscow_city_small_17_79238_40979,moscow_city_small,17,79238,40979,images/tiles/moscow_city_small_17_79238_40979.png,masks/tiles/moscow_city_small_17_79238_40979.png,1.0,"{""1"": 22731, ""3"": 31716, ""4"": 11089}",Overture Maps,17,EPSG:4326,"max_class_share=0.48,fg_share=1.00"
moscow_city_small_17_79239_40979,moscow_city_small,17,79239,40979,images/tiles/moscow_city_small_17_79239_40979.png,masks/tiles/moscow_city_small_17_79239_40979.png,1.0,"{""1"": 38025, ""3"": 9093, ""4"": 18418}",Overture Maps,17,EPSG:4326,"max_class_share=0.58,fg_share=1.00"
moscow_city_small_17_79240_40979,moscow_city_small,17,79240,40979,images/tiles/moscow_city_small_17_79240_40979.png,masks/tiles/moscow_city_small_17_79240_40979.png,0.600037,"{""0"": 26212, ""1"": 38311, ""4"": 1013}",Overture Maps,17,EPSG:4326,"max_class_share=0.58,fg_share=0.60"
moscow_city_small_17_79218_40980,moscow_city_small,17,79218,40980,images/tiles/moscow_city_small_17_79218_40980.png,masks/tiles/moscow_city_small_17_79218_40980.png,0.375244,"{""0"": 40944, ""2"": 29, ""3"": 15661, ""4"": 8902}",Overture Maps,17,EPSG:4326,"max_class_share=0.62,fg_share=0.38"
moscow_city_small_17_79219_40980,moscow_city_small,17,79219,40980,images/tiles/moscow_city_small_17_79219_40980.png,masks/tiles/moscow_city_small_17_79219_40980.png,0.532547,"{""0"": 30635, ""2"": 1751, ""3"": 16448, ""4"": 16702}",Overture Maps,17,EPSG:4326,"max_class_share=0.47,fg_share=0.53"
moscow_city_small_17_79220_40980,moscow_city_small,17,79220,40980,images/tiles/moscow_city_small_17_79220_40980.png,masks/tiles/moscow_city_small_17_79220_40980.png,0.661682,"{""0"": 22172, ""3"": 34750, ""4"": 8614}",Overture Maps,17,EPSG:4326,"max_class_share=0.53,fg_share=0.66"
moscow_city_small_17_79221_40980,moscow_city_small,17,79221,40980,images/tiles/moscow_city_small_17_79221_40980.png,masks/tiles/moscow_city_small_17_79221_40980.png,0.604874,"{""0"": 25895, ""3"": 27735, ""4"": 11906}",Overture Maps,17,EPSG:4326,"max_class_share=0.42,fg_share=0.60"
moscow_city_small_17_79222_40980,moscow_city_small,17,79222,40980,images/tiles/moscow_city_small_17_79222_40980.png,masks/tiles/moscow_city_small_17_79222_40980.png,0.517914,"{""0"": 31594, ""3"": 22624, ""4"": 11318}",Overture Maps,17,EPSG:4326,"max_class_share=0.48,fg_share=0.52"
moscow_city_small_17_79223_40980,moscow_city_small,17,79223,40980,images/tiles/moscow_city_small_17_79223_40980.png,masks/tiles/moscow_city_small_17_79223_40980.png,0.531921,"{""0"": 30676, ""3"": 24837, ""4"": 10023}",Overture Maps,17,EPSG:4326,"max_class_share=0.47,fg_share=0.53"
moscow_city_small_17_79224_40980,moscow_city_small,17,79224,40980,images/tiles/moscow_city_small_17_79224_40980.png,masks/tiles/moscow_city_small_17_79224_40980.png,0.644348,"{""0"": 23308, ""3"": 30859, ""4"": 11369}",Overture Maps,17,EPSG:4326,"max_class_share=0.47,fg_share=0.64"
moscow_city_small_17_79225_40980,moscow_city_small,17,79225,40980,images/tiles/moscow_city_small_17_79225_40980.png,masks/tiles/moscow_city_small_17_79225_40980.png,0.661819,"{""0"": 22163, ""1"": 82, ""2"": 3712, ""3"": 27944, ""4"": 11635}",Overture Maps,17,EPSG:4326,"max_class_share=0.43,fg_share=0.66"
moscow_city_small_17_79226_40980,moscow_city_small,17,79226,40980,images/tiles/moscow_city_small_17_79226_40980.png,masks/tiles/moscow_city_small_17_79226_40980.png,0.646759,"{""0"": 23150, ""1"": 75, ""2"": 7842, ""3"": 15689, ""4"": 18780}",Overture Maps,17,EPSG:4326,"max_class_share=0.35,fg_share=0.65"
moscow_city_small_17_79227_40980,moscow_city_small,17,79227,40980,images/tiles/moscow_city_small_17_79227_40980.png,masks/tiles/moscow_city_small_17_79227_40980.png,0.810349,"{""0"": 12429, ""2"": 5890, ""3"": 39945, ""4"": 7272}",Overture Maps,17,EPSG:4326,"max_class_share=0.61,fg_share=0.81"
moscow_city_small_17_79228_40980,moscow_city_small,17,79228,40980,images/tiles/moscow_city_small_17_79228_40980.png,masks/tiles/moscow_city_small_17_79228_40980.png,0.84581,"{""0"": 10105, ""1"": 5922, ""2"": 26423, ""3"": 14258, ""4"": 8828}",Overture Maps,17,EPSG:4326,"max_class_share=0.40,fg_share=0.85"
moscow_city_small_17_79229_40980,moscow_city_small,17,79229,40980,images/tiles/moscow_city_small_17_79229_40980.png,masks/tiles/moscow_city_small_17_79229_40980.png,0.899612,"{""0"": 6579, ""1"": 44829, ""2"": 89, ""3"": 9244, ""4"": 4795}",Overture Maps,17,EPSG:4326,"max_class_share=0.68,fg_share=0.90"
moscow_city_small_17_79230_40980,moscow_city_small,17,79230,40980,images/tiles/moscow_city_small_17_79230_40980.png,masks/tiles/moscow_city_small_17_79230_40980.png,0.868759,"{""0"": 8601, ""1"": 25235, ""2"": 300, ""3"": 11440, ""4"": 19960}",Overture Maps,17,EPSG:4326,"max_class_share=0.39,fg_share=0.87"
moscow_city_small_17_79231_40980,moscow_city_small,17,79231,40980,images/tiles/moscow_city_small_17_79231_40980.png,masks/tiles/moscow_city_small_17_79231_40980.png,0.935989,"{""0"": 4195, ""1"": 26216, ""2"": 18187, ""3"": 9312, ""4"": 7626}",Overture Maps,17,EPSG:4326,"max_class_share=0.40,fg_share=0.94"
moscow_city_small_17_79232_40980,moscow_city_small,17,79232,40980,images/tiles/moscow_city_small_17_79232_40980.png,masks/tiles/moscow_city_small_17_79232_40980.png,0.624023,"{""0"": 24640, ""1"": 34355, ""2"": 2349, ""3"": 406, ""4"": 3786}",Overture Maps,17,EPSG:4326,"max_class_share=0.52,fg_share=0.62"
moscow_city_small_17_79233_40980,moscow_city_small,17,79233,40980,images/tiles/moscow_city_small_17_79233_40980.png,masks/tiles/moscow_city_small_17_79233_40980.png,0.815018,"{""0"": 12123, ""1"": 27060, ""3"": 18755, ""4"": 7598}",Overture Maps,17,EPSG:4326,"max_class_share=0.41,fg_share=0.82"
moscow_city_small_17_79234_40980,moscow_city_small,17,79234,40980,images/tiles/moscow_city_small_17_79234_40980.png,masks/tiles/moscow_city_small_17_79234_40980.png,0.81749,"{""0"": 11961, ""1"": 8126, ""3"": 34668, ""4"": 10781}",Overture Maps,17,EPSG:4326,"max_class_share=0.53,fg_share=0.82"
moscow_city_small_17_79235_40980,moscow_city_small,17,79235,40980,images/tiles/moscow_city_small_17_79235_40980.png,masks/tiles/moscow_city_small_17_79235_40980.png,0.751755,"{""0"": 16269, ""1"": 7645, ""3"": 29839, ""4"": 11783}",Overture Maps,17,EPSG:4326,"max_class_share=0.46,fg_share=0.75"
moscow_city_small_17_79236_40980,moscow_city_small,17,79236,40980,images/tiles/moscow_city_small_17_79236_40980.png,masks/tiles/moscow_city_small_17_79236_40980.png,0.766296,"{""0"": 15316, ""1"": 8164, ""2"": 59, ""3"": 32556, ""4"": 9441}",Overture Maps,17,EPSG:4326,"max_class_share=0.50,fg_share=0.77"
moscow_city_small_17_79237_40980,moscow_city_small,17,79237,40980,images/tiles/moscow_city_small_17_79237_40980.png,masks/tiles/moscow_city_small_17_79237_40980.png,0.717514,"{""0"": 18513, ""1"": 13135, ""2"": 216, ""3"": 23581, ""4"": 10091}",Overture Maps,17,EPSG:4326,"max_class_share=0.36,fg_share=0.72"
moscow_city_small_17_79238_40980,moscow_city_small,17,79238,40980,images/tiles/moscow_city_small_17_79238_40980.png,masks/tiles/moscow_city_small_17_79238_40980.png,0.466049,"{""0"": 34993, ""1"": 5177, ""2"": 2302, ""3"": 7238, ""4"": 15826}",Overture Maps,17,EPSG:4326,"max_class_share=0.53,fg_share=0.47"
moscow_city_small_17_79239_40980,moscow_city_small,17,79239,40980,images/tiles/moscow_city_small_17_79239_40980.png,masks/tiles/moscow_city_small_17_79239_40980.png,0.630493,"{""0"": 24216, ""1"": 2318, ""3"": 28789, ""4"": 10213}",Overture Maps,17,EPSG:4326,"max_class_share=0.44,fg_share=0.63"
moscow_city_small_17_79240_40980,moscow_city_small,17,79240,40980,images/tiles/moscow_city_small_17_79240_40980.png,masks/tiles/moscow_city_small_17_79240_40980.png,0.698853,"{""0"": 19736, ""1"": 38040, ""3"": 2944, ""4"": 4816}",Overture Maps,17,EPSG:4326,"max_class_share=0.58,fg_share=0.70"
moscow_city_small_17_79218_40981,moscow_city_small,17,79218,40981,images/tiles/moscow_city_small_17_79218_40981.png,masks/tiles/moscow_city_small_17_79218_40981.png,0.32872,"{""0"": 43993, ""3"": 16030, ""4"": 5513}",Overture Maps,17,EPSG:4326,"max_class_share=0.67,fg_share=0.33"
moscow_city_small_17_79219_40981,moscow_city_small,17,79219,40981,images/tiles/moscow_city_small_17_79219_40981.png,masks/tiles/moscow_city_small_17_79219_40981.png,0.538757,"{""0"": 30228, ""3"": 19506, ""4"": 15802}",Overture Maps,17,EPSG:4326,"max_class_share=0.46,fg_share=0.54"
moscow_city_small_17_79220_40981,moscow_city_small,17,79220,40981,images/tiles/moscow_city_small_17_79220_40981.png,masks/tiles/moscow_city_small_17_79220_40981.png,0.572372,"{""0"": 28025, ""2"": 676, ""3"": 28615, ""4"": 8220}",Overture Maps,17,EPSG:4326,"max_class_share=0.44,fg_share=0.57"
moscow_city_small_17_79221_40981,moscow_city_small,17,79221,40981,images/tiles/moscow_city_small_17_79221_40981.png,masks/tiles/moscow_city_small_17_79221_40981.png,0.646103,"{""0"": 23193, ""2"": 4571, ""3"": 28525, ""4"": 9247}",Overture Maps,17,EPSG:4326,"max_class_share=0.44,fg_share=0.65"
moscow_city_small_17_79222_40981,moscow_city_small,17,79222,40981,images/tiles/moscow_city_small_17_79222_40981.png,masks/tiles/moscow_city_small_17_79222_40981.png,0.661392,"{""0"": 22191, ""2"": 2849, ""3"": 30512, ""4"": 9984}",Overture Maps,17,EPSG:4326,"max_class_share=0.47,fg_share=0.66"
moscow_city_small_17_79223_40981,moscow_city_small,17,79223,40981,images/tiles/moscow_city_small_17_79223_40981.png,masks/tiles/moscow_city_small_17_79223_40981.png,0.572052,"{""0"": 28046, ""3"": 30526, ""4"": 6964}",Overture Maps,17,EPSG:4326,"max_class_share=0.47,fg_share=0.57"
moscow_city_small_17_79224_40981,moscow_city_small,17,79224,40981,images/tiles/moscow_city_small_17_79224_40981.png,masks/tiles/moscow_city_small_17_79224_40981.png,0.657913,"{""0"": 22419, ""3"": 35136, ""4"": 7981}",Overture Maps,17,EPSG:4326,"max_class_share=0.54,fg_share=0.66"
moscow_city_small_17_79225_40981,moscow_city_small,17,79225,40981,images/tiles/moscow_city_small_17_79225_40981.png,masks/tiles/moscow_city_small_17_79225_40981.png,0.625854,"{""0"": 24520, ""3"": 32643, ""4"": 8373}",Overture Maps,17,EPSG:4326,"max_class_share=0.50,fg_share=0.63"
moscow_city_small_17_79226_40981,moscow_city_small,17,79226,40981,images/tiles/moscow_city_small_17_79226_40981.png,masks/tiles/moscow_city_small_17_79226_40981.png,0.70372,"{""0"": 19417, ""1"": 14, ""2"": 415, ""3"": 34041, ""4"": 11649}",Overture Maps,17,EPSG:4326,"max_class_share=0.52,fg_share=0.70"
moscow_city_small_17_79227_40981,moscow_city_small,17,79227,40981,images/tiles/moscow_city_small_17_79227_40981.png,masks/tiles/moscow_city_small_17_79227_40981.png,0.731842,"{""0"": 17574, ""1"": 125, ""2"": 9037, ""3"": 28828, ""4"": 9972}",Overture Maps,17,EPSG:4326,"max_class_share=0.44,fg_share=0.73"
moscow_city_small_17_79228_40981,moscow_city_small,17,79228,40981,images/tiles/moscow_city_small_17_79228_40981.png,masks/tiles/moscow_city_small_17_79228_40981.png,0.811523,"{""0"": 12352, ""1"": 32792, ""2"": 7371, ""3"": 4588, ""4"": 8433}",Overture Maps,17,EPSG:4326,"max_class_share=0.50,fg_share=0.81"
moscow_city_small_17_79229_40981,moscow_city_small,17,79229,40981,images/tiles/moscow_city_small_17_79229_40981.png,masks/tiles/moscow_city_small_17_79229_40981.png,0.583435,"{""0"": 27300, ""1"": 10612, ""2"": 696, ""3"": 19645, ""4"": 7283}",Overture Maps,17,EPSG:4326,"max_class_share=0.42,fg_share=0.58"
moscow_city_small_17_79230_40981,moscow_city_small,17,79230,40981,images/tiles/moscow_city_small_17_79230_40981.png,masks/tiles/moscow_city_small_17_79230_40981.png,0.608505,"{""0"": 25657, ""1"": 69, ""2"": 4121, ""3"": 26505, ""4"": 9184}",Overture Maps,17,EPSG:4326,"max_class_share=0.40,fg_share=0.61"
moscow_city_small_17_79231_40981,moscow_city_small,17,79231,40981,images/tiles/moscow_city_small_17_79231_40981.png,masks/tiles/moscow_city_small_17_79231_40981.png,0.337524,"{""0"": 43416, ""1"": 638, ""2"": 6381, ""3"": 1444, ""4"": 13657}",Overture Maps,17,EPSG:4326,"max_class_share=0.66,fg_share=0.34"
moscow_city_small_17_79232_40981,moscow_city_small,17,79232,40981,images/tiles/moscow_city_small_17_79232_40981.png,masks/tiles/moscow_city_small_17_79232_40981.png,0.569366,"{""0"": 28222, ""1"": 97, ""2"": 411, ""3"": 29375, ""4"": 7431}",Overture Maps,17,EPSG:4326,"max_class_share=0.45,fg_share=0.57"
moscow_city_small_17_79233_40981,moscow_city_small,17,79233,40981,images/tiles/moscow_city_small_17_79233_40981.png,masks/tiles/moscow_city_small_17_79233_40981.png,0.604187,"{""0"": 25940, ""2"": 1097, ""3"": 25373, ""4"": 13126}",Overture Maps,17,EPSG:4326,"max_class_share=0.40,fg_share=0.60"
moscow_city_small_17_79234_40981,moscow_city_small,17,79234,40981,images/tiles/moscow_city_small_17_79234_40981.png,masks/tiles/moscow_city_small_17_79234_40981.png,0.746948,"{""0"": 16584, ""3"": 36626, ""4"": 12326}",Overture Maps,17,EPSG:4326,"max_class_share=0.56,fg_share=0.75"
moscow_city_small_17_79235_40981,moscow_city_small,17,79235,40981,images/tiles/moscow_city_small_17_79235_40981.png,masks/tiles/moscow_city_small_17_79235_40981.png,0.643188,"{""0"": 23384, ""3"": 31033, ""4"": 11119}",Overture Maps,17,EPSG:4326,"max_class_share=0.47,fg_share=0.64"
moscow_city_small_17_79236_40981,moscow_city_small,17,79236,40981,images/tiles/moscow_city_small_17_79236_40981.png,masks/tiles/moscow_city_small_17_79236_40981.png,0.728195,"{""0"": 17813, ""2"": 4891, ""3"": 32118, ""4"": 10714}",Overture Maps,17,EPSG:4326,"max_class_share=0.49,fg_share=0.73"
moscow_city_small_17_79237_40981,moscow_city_small,17,79237,40981,images/tiles/moscow_city_small_17_79237_40981.png,masks/tiles/moscow_city_small_17_79237_40981.png,0.456223,"{""0"": 35637, ""2"": 86, ""3"": 18079, ""4"": 11734}",Overture Maps,17,EPSG:4326,"max_class_share=0.54,fg_share=0.46"
moscow_city_small_17_79238_40981,moscow_city_small,17,79238,40981,images/tiles/moscow_city_small_17_79238_40981.png,masks/tiles/moscow_city_small_17_79238_40981.png,0.474838,"{""0"": 34417, ""1"": 114, ""2"": 337, ""3"": 20150, ""4"": 10518}",Overture Maps,17,EPSG:4326,"max_class_share=0.53,fg_share=0.47"
moscow_city_small_17_79239_40981,moscow_city_small,17,79239,40981,images/tiles/moscow_city_small_17_79239_40981.png,masks/tiles/moscow_city_small_17_79239_40981.png,0.51474,"{""0"": 31802, ""1"": 142, ""3"": 25279, ""4"": 8313}",Overture Maps,17,EPSG:4326,"max_class_share=0.49,fg_share=0.51"
moscow_city_small_17_79240_40981,moscow_city_small,17,79240,40981,images/tiles/moscow_city_small_17_79240_40981.png,masks/tiles/moscow_city_small_17_79240_40981.png,0.410522,"{""0"": 38632, ""1"": 4398, ""3"": 15260, ""4"": 7246}",Overture Maps,17,EPSG:4326,"max_class_share=0.59,fg_share=0.41"
moscow_city_small_17_79218_40982,moscow_city_small,17,79218,40982,images/tiles/moscow_city_small_17_79218_40982.png,masks/tiles/moscow_city_small_17_79218_40982.png,0.380936,"{""0"": 40571, ""3"": 21204, ""4"": 3761}",Overture Maps,17,EPSG:4326,"max_class_share=0.62,fg_share=0.38"
moscow_city_small_17_79219_40982,moscow_city_small,17,79219,40982,images/tiles/moscow_city_small_17_79219_40982.png,masks/tiles/moscow_city_small_17_79219_40982.png,0.559097,"{""0"": 28895, ""3"": 26469, ""4"": 10172}",Overture Maps,17,EPSG:4326,"max_class_share=0.44,fg_share=0.56"
moscow_city_small_17_79220_40982,moscow_city_small,17,79220,40982,images/tiles/moscow_city_small_17_79220_40982.png,masks/tiles/moscow_city_small_17_79220_40982.png,0.510376,"{""0"": 32088, ""2"": 2019, ""3"": 17002, ""4"": 14427}",Overture Maps,17,EPSG:4326,"max_class_share=0.49,fg_share=0.51"
moscow_city_small_17_79221_40982,moscow_city_small,17,79221,40982,images/tiles/moscow_city_small_17_79221_40982.png,masks/tiles/moscow_city_small_17_79221_40982.png,0.574341,"{""0"": 27896, ""2"": 337, ""3"": 26425, ""4"": 10878}",Overture Maps,17,EPSG:4326,"max_class_share=0.43,fg_share=0.57"
moscow_city_small_17_79222_40982,moscow_city_small,17,79222,40982,images/tiles/moscow_city_small_17_79222_40982.png,masks/tiles/moscow_city_small_17_79222_40982.png,0.503998,"{""0"": 32506, ""2"": 2501, ""3"": 21787, ""4"": 8742}",Overture Maps,17,EPSG:4326,"max_class_share=0.50,fg_share=0.50"
moscow_city_small_17_79223_40982,moscow_city_small,17,79223,40982,images/tiles/moscow_city_small_17_79223_40982.png,masks/tiles/moscow_city_small_17_79223_40982.png,0.701462,"{""0"": 19565, ""2"": 79, ""3"": 35176, ""4"": 10716}",Overture Maps,17,EPSG:4326,"max_class_share=0.54,fg_share=0.70"
moscow_city_small_17_79224_40982,moscow_city_small,17,79224,40982,images/tiles/moscow_city_small_17_79224_40982.png,masks/tiles/moscow_city_small_17_79224_40982.png,0.736237,"{""0"": 17286, ""3"": 38160, ""4"": 10090}",Overture Maps,17,EPSG:4326,"max_class_share=0.58,fg_share=0.74"
moscow_city_small_17_79225_40982,moscow_city_small,17,79225,40982,images/tiles/moscow_city_small_17_79225_40982.png,masks/tiles/moscow_city_small_17_79225_40982.png,0.746033,"{""0"": 16644, ""2"": 3057, ""3"": 35035, ""4"": 10800}",Overture Maps,17,EPSG:4326,"max_class_share=0.53,fg_share=0.75"
moscow_city_small_17_79226_40982,moscow_city_small,17,79226,40982,images/tiles/moscow_city_small_17_79226_40982.png,masks/tiles/moscow_city_small_17_79226_40982.png,0.652267,"{""0"": 22789, ""2"": 17, ""3"": 32079, ""4"": 10651}",Overture Maps,17,EPSG:4326,"max_class_share=0.49,fg_share=0.65"
moscow_city_small_17_79227_40982,moscow_city_small,17,79227,40982,images/tiles/moscow_city_small_17_79227_40982.png,masks/tiles/moscow_city_small_17_79227_40982.png,0.574615,"{""0"": 27878, ""3"": 30525, ""4"": 7133}",Overture Maps,17,EPSG:4326,"max_class_share=0.47,fg_share=0.57"
moscow_city_small_17_79228_40982,moscow_city_small,17,79228,40982,images/tiles/moscow_city_small_17_79228_40982.png,masks/tiles/moscow_city_small_17_79228_40982.png,0.843246,"{""0"": 10273, ""1"": 40458, ""2"": 1049, ""3"": 8668, ""4"": 5088}",Overture Maps,17,EPSG:4326,"max_class_share=0.62,fg_share=0.84"
moscow_city_small_17_79229_40982,moscow_city_small,17,79229,40982,images/tiles/moscow_city_small_17_79229_40982.png,masks/tiles/moscow_city_small_17_79229_40982.png,0.645096,"{""0"": 23259, ""1"": 218, ""2"": 166, ""3"": 33584, ""4"": 8309}",Overture Maps,17,EPSG:4326,"max_class_share=0.51,fg_share=0.65"
moscow_city_small_17_79230_40982,moscow_city_small,17,79230,40982,images/tiles/moscow_city_small_17_79230_40982.png,masks/tiles/moscow_city_small_17_79230_40982.png,0.343643,"{""0"": 43015, ""1"": 1773, ""2"": 100, ""3"": 12897, ""4"": 7751}",Overture Maps,17,EPSG:4326,"max_class_share=0.66,fg_share=0.34"
moscow_city_small_17_79231_40982,moscow_city_small,17,79231,40982,images/tiles/moscow_city_small_17_79231_40982.png,masks/tiles/moscow_city_small_17_79231_40982.png,0.618729,"{""0"": 24987, ""1"": 30, ""2"": 1388, ""3"": 21354, ""4"": 17777}",Overture Maps,17,EPSG:4326,"max_class_share=0.38,fg_share=0.62"
moscow_city_small_17_79232_40982,moscow_city_small,17,79232,40982,images/tiles/moscow_city_small_17_79232_40982.png,masks/tiles/moscow_city_small_17_79232_40982.png,0.70842,"{""0"": 19109, ""2"": 132, ""3"": 35555, ""4"": 10740}",Overture Maps,17,EPSG:4326,"max_class_share=0.54,fg_share=0.71"
moscow_city_small_17_79233_40982,moscow_city_small,17,79233,40982,images/tiles/moscow_city_small_17_79233_40982.png,masks/tiles/moscow_city_small_17_79233_40982.png,0.723755,"{""0"": 18104, ""2"": 2270, ""3"": 36934, ""4"": 8228}",Overture Maps,17,EPSG:4326,"max_class_share=0.56,fg_share=0.72"
moscow_city_small_17_79234_40982,moscow_city_small,17,79234,40982,images/tiles/moscow_city_small_17_79234_40982.png,masks/tiles/moscow_city_small_17_79234_40982.png,0.700012,"{""0"": 19660, ""2"": 3453, ""3"": 31387, ""4"": 11036}",Overture Maps,17,EPSG:4326,"max_class_share=0.48,fg_share=0.70"
moscow_city_small_17_79235_40982,moscow_city_small,17,79235,40982,images/tiles/moscow_city_small_17_79235_40982.png,masks/tiles/moscow_city_small_17_79235_40982.png,0.613617,"{""0"": 25322, ""3"": 34735, ""4"": 5479}",Overture Maps,17,EPSG:4326,"max_class_share=0.53,fg_share=0.61"
moscow_city_small_17_79236_40982,moscow_city_small,17,79236,40982,images/tiles/moscow_city_small_17_79236_40982.png,masks/tiles/moscow_city_small_17_79236_40982.png,0.668655,"{""0"": 21715, ""1"": 124, ""2"": 13386, ""3"": 21625, ""4"": 8686}",Overture Maps,17,EPSG:4326,"max_class_share=0.33,fg_share=0.67"
moscow_city_small_17_79237_40982,moscow_city_small,17,79237,40982,images/tiles/moscow_city_small_17_79237_40982.png,masks/tiles/moscow_city_small_17_79237_40982.png,0.565475,"{""0"": 28477, ""2"": 499, ""3"": 26204, ""4"": 10356}",Overture Maps,17,EPSG:4326,"max_class_share=0.43,fg_share=0.57"
moscow_city_small_17_79238_40982,moscow_city_small,17,79238,40982,images/tiles/moscow_city_small_17_79238_40982.png,masks/tiles/moscow_city_small_17_79238_40982.png,0.524368,"{""0"": 31171, ""3"": 27971, ""4"": 6394}",Overture Maps,17,EPSG:4326,"max_class_share=0.48,fg_share=0.52"
moscow_city_small_17_79239_40982,moscow_city_small,17,79239,40982,images/tiles/moscow_city_small_17_79239_40982.png,masks/tiles/moscow_city_small_17_79239_40982.png,0.382126,"{""0"": 40493, ""1"": 256, ""2"": 686, ""3"": 14331, ""4"": 9770}",Overture Maps,17,EPSG:4326,"max_class_share=0.62,fg_share=0.38"
moscow_city_small_17_79240_40982,moscow_city_small,17,79240,40982,images/tiles/moscow_city_small_17_79240_40982.png,masks/tiles/moscow_city_small_17_79240_40982.png,0.651596,"{""0"": 22833, ""2"": 464, ""3"": 38192, ""4"": 4047}",Overture Maps,17,EPSG:4326,"max_class_share=0.58,fg_share=0.65"
moscow_city_small_17_79218_40983,moscow_city_small,17,79218,40983,images/tiles/moscow_city_small_17_79218_40983.png,masks/tiles/moscow_city_small_17_79218_40983.png,0.274216,"{""0"": 47565, ""3"": 11816, ""4"": 6155}",Overture Maps,17,EPSG:4326,"max_class_share=0.73,fg_share=0.27"
moscow_city_small_17_79219_40983,moscow_city_small,17,79219,40983,images/tiles/moscow_city_small_17_79219_40983.png,masks/tiles/moscow_city_small_17_79219_40983.png,0.601929,"{""0"": 26088, ""3"": 26045, ""4"": 13403}",Overture Maps,17,EPSG:4326,"max_class_share=0.40,fg_share=0.60"
moscow_city_small_17_79220_40983,moscow_city_small,17,79220,40983,images/tiles/moscow_city_small_17_79220_40983.png,masks/tiles/moscow_city_small_17_79220_40983.png,0.53125,"{""0"": 30720, ""2"": 3908, ""3"": 15651, ""4"": 15257}",Overture Maps,17,EPSG:4326,"max_class_share=0.47,fg_share=0.53"
moscow_city_small_17_79221_40983,moscow_city_small,17,79221,40983,images/tiles/moscow_city_small_17_79221_40983.png,masks/tiles/moscow_city_small_17_79221_40983.png,0.627487,"{""0"": 24413, ""3"": 31431, ""4"": 9692}",Overture Maps,17,EPSG:4326,"max_class_share=0.48,fg_share=0.63"
moscow_city_small_17_79222_40983,moscow_city_small,17,79222,40983,images/tiles/moscow_city_small_17_79222_40983.png,masks/tiles/moscow_city_small_17_79222_40983.png,0.629257,"{""0"": 24297, ""2"": 367, ""3"": 27583, ""4"": 13289}",Overture Maps,17,EPSG:4326,"max_class_share=0.42,fg_share=0.63"
moscow_city_small_17_79223_40983,moscow_city_small,17,79223,40983,images/tiles/moscow_city_small_17_79223_40983.png,masks/tiles/moscow_city_small_17_79223_40983.png,0.684448,"{""0"": 20680, ""3"": 34479, ""4"": 10377}",Overture Maps,17,EPSG:4326,"max_class_share=0.53,fg_share=0.68"
moscow_city_small_17_79224_40983,moscow_city_small,17,79224,40983,images/tiles/moscow_city_small_17_79224_40983.png,masks/tiles/moscow_city_small_17_79224_40983.png,0.658493,"{""0"": 22381, ""3"": 31786, ""4"": 11369}",Overture Maps,17,EPSG:4326,"max_class_share=0.49,fg_share=0.66"
moscow_city_small_17_79225_40983,moscow_city_small,17,79225,40983,images/tiles/moscow_city_small_17_79225_40983.png,masks/tiles/moscow_city_small_17_79225_40983.png,0.552246,"{""0"": 29344, ""2"": 3358, ""3"": 23115, ""4"": 9719}",Overture Maps,17,EPSG:4326,"max_class_share=0.45,fg_share=0.55"
moscow_city_small_17_79226_40983,moscow_city_small,17,79226,40983,images/tiles/moscow_city_small_17_79226_40983.png,masks/tiles/moscow_city_small_17_79226_40983.png,0.524078,"{""0"": 31190, ""2"": 734, ""3"": 24249, ""4"": 9363}",Overture Maps,17,EPSG:4326,"max_class_share=0.48,fg_share=0.52"
moscow_city_small_17_79227_40983,moscow_city_small,17,79227,40983,images/tiles/moscow_city_small_17_79227_40983.png,masks/tiles/moscow_city_small_17_79227_40983.png,0.700867,"{""0"": 19604, ""2"": 196, ""3"": 35625, ""4"": 10111}",Overture Maps,17,EPSG:4326,"max_class_share=0.54,fg_share=0.70"
moscow_city_small_17_79228_40983,moscow_city_small,17,79228,40983,images/tiles/moscow_city_small_17_79228_40983.png,masks/tiles/moscow_city_small_17_79228_40983.png,0.888809,"{""0"": 7287, ""1"": 47405, ""2"": 1103, ""3"": 4916, ""4"": 4825}",Overture Maps,17,EPSG:4326,"max_class_share=0.72,fg_share=0.89"
moscow_city_small_17_79229_40983,moscow_city_small,17,79229,40983,images/tiles/moscow_city_small_17_79229_40983.png,masks/tiles/moscow_city_small_17_79229_40983.png,0.574142,"{""0"": 27909, ""1"": 141, ""3"": 29089, ""4"": 8397}",Overture Maps,17,EPSG:4326,"max_class_share=0.44,fg_share=0.57"
moscow_city_small_17_79230_40983,moscow_city_small,17,79230,40983,images/tiles/moscow_city_small_17_79230_40983.png,masks/tiles/moscow_city_small_17_79230_40983.png,0.496353,"{""0"": 33007, ""1"": 115, ""2"": 2001, ""3"": 22890, ""4"": 7523}",Overture Maps,17,EPSG:4326,"max_class_share=0.50,fg_share=0.50"
moscow_city_small_17_79231_40983,moscow_city_small,17,79231,40983,images/tiles/moscow_city_small_17_79231_40983.png,masks/tiles/moscow_city_small_17_79231_40983.png,0.622879,"{""0"": 24715, ""2"": 3770, ""3"": 20229, ""4"": 16822}",Overture Maps,17,EPSG:4326,"max_class_share=0.38,fg_share=0.62"
moscow_city_small_17_79232_40983,moscow_city_small,17,79232,40983,images/tiles/moscow_city_small_17_79232_40983.png,masks/tiles/moscow_city_small_17_79232_40983.png,0.712189,"{""0"": 18862, ""2"": 116, ""3"": 36267, ""4"": 10291}",Overture Maps,17,EPSG:4326,"max_class_share=0.55,fg_share=0.71"
moscow_city_small_17_79233_40983,moscow_city_small,17,79233,40983,images/tiles/moscow_city_small_17_79233_40983.png,masks/tiles/moscow_city_small_17_79233_40983.png,0.60704,"{""0"": 25753, ""2"": 4057, ""3"": 28758, ""4"": 6968}",Overture Maps,17,EPSG:4326,"max_class_share=0.44,fg_share=0.61"
moscow_city_small_17_79234_40983,moscow_city_small,17,79234,40983,images/tiles/moscow_city_small_17_79234_40983.png,masks/tiles/moscow_city_small_17_79234_40983.png,0.614029,"{""0"": 25295, ""3"": 30909, ""4"": 9332}",Overture Maps,17,EPSG:4326,"max_class_share=0.47,fg_share=0.61"
moscow_city_small_17_79235_40983,moscow_city_small,17,79235,40983,images/tiles/moscow_city_small_17_79235_40983.png,masks/tiles/moscow_city_small_17_79235_40983.png,0.62851,"{""0"": 24346, ""3"": 28466, ""4"": 12724}",Overture Maps,17,EPSG:4326,"max_class_share=0.43,fg_share=0.63"
moscow_city_small_17_79236_40983,moscow_city_small,17,79236,40983,images/tiles/moscow_city_small_17_79236_40983.png,masks/tiles/moscow_city_small_17_79236_40983.png,0.640732,"{""0"": 23545, ""2"": 4488, ""3"": 25784, ""4"": 11719}",Overture Maps,17,EPSG:4326,"max_class_share=0.39,fg_share=0.64"
moscow_city_small_17_79237_40983,moscow_city_small,17,79237,40983,images/tiles/moscow_city_small_17_79237_40983.png,masks/tiles/moscow_city_small_17_79237_40983.png,0.553497,"{""0"": 29262, ""2"": 1353, ""3"": 23662, ""4"": 11259}",Overture Maps,17,EPSG:4326,"max_class_share=0.45,fg_share=0.55"
moscow_city_small_17_79238_40983,moscow_city_small,17,79238,40983,images/tiles/moscow_city_small_17_79238_40983.png,masks/tiles/moscow_city_small_17_79238_40983.png,0.56813,"{""0"": 28303, ""3"": 30099, ""4"": 7134}",Overture Maps,17,EPSG:4326,"max_class_share=0.46,fg_share=0.57"
moscow_city_small_17_79239_40983,moscow_city_small,17,79239,40983,images/tiles/moscow_city_small_17_79239_40983.png,masks/tiles/moscow_city_small_17_79239_40983.png,0.518402,"{""0"": 31562, ""1"": 256, ""3"": 27024, ""4"": 6694}",Overture Maps,17,EPSG:4326,"max_class_share=0.48,fg_share=0.52"
moscow_city_small_17_79240_40983,moscow_city_small,17,79240,40983,images/tiles/moscow_city_small_17_79240_40983.png,masks/tiles/moscow_city_small_17_79240_40983.png,0.28775,"{""0"": 46678, ""3"": 11913, ""4"": 6945}",Overture Maps,17,EPSG:4326,"max_class_share=0.71,fg_share=0.29"
moscow_city_small_17_79218_40984,moscow_city_small,17,79218,40984,images/tiles/moscow_city_small_17_79218_40984.png,masks/tiles/moscow_city_small_17_79218_40984.png,0.345352,"{""0"": 42903, ""3"": 15410, ""4"": 7223}",Overture Maps,17,EPSG:4326,"max_class_share=0.65,fg_share=0.35"
moscow_city_small_17_79219_40984,moscow_city_small,17,79219,40984,images/tiles/moscow_city_small_17_79219_40984.png,masks/tiles/moscow_city_small_17_79219_40984.png,0.639252,"{""0"": 23642, ""2"": 205, ""3"": 33623, ""4"": 8066}",Overture Maps,17,EPSG:4326,"max_class_share=0.51,fg_share=0.64"
moscow_city_small_17_79220_40984,moscow_city_small,17,79220,40984,images/tiles/moscow_city_small_17_79220_40984.png,masks/tiles/moscow_city_small_17_79220_40984.png,0.511047,"{""0"": 32044, ""2"": 6259, ""3"": 9986, ""4"": 17247}",Overture Maps,17,EPSG:4326,"max_class_share=0.49,fg_share=0.51"
moscow_city_small_17_79221_40984,moscow_city_small,17,79221,40984,images/tiles/moscow_city_small_17_79221_40984.png,masks/tiles/moscow_city_small_17_79221_40984.png,0.569397,"{""0"": 28220, ""3"": 25155, ""4"": 12161}",Overture Maps,17,EPSG:4326,"max_class_share=0.43,fg_share=0.57"
moscow_city_small_17_79222_40984,moscow_city_small,17,79222,40984,images/tiles/moscow_city_small_17_79222_40984.png,masks/tiles/moscow_city_small_17_79222_40984.png,0.532364,"{""0"": 30647, ""3"": 26208, ""4"": 8681}",Overture Maps,17,EPSG:4326,"max_class_share=0.47,fg_share=0.53"
moscow_city_small_17_79223_40984,moscow_city_small,17,79223,40984,images/tiles/moscow_city_small_17_79223_40984.png,masks/tiles/moscow_city_small_17_79223_40984.png,0.657059,"{""0"": 22475, ""2"": 2480, ""3"": 30034, ""4"": 10547}",Overture Maps,17,EPSG:4326,"max_class_share=0.46,fg_share=0.66"
moscow_city_small_17_79224_40984,moscow_city_small,17,79224,40984,images/tiles/moscow_city_small_17_79224_40984.png,masks/tiles/moscow_city_small_17_79224_40984.png,0.70311,"{""0"": 19457, ""2"": 11808, ""3"": 22221, ""4"": 12050}",Overture Maps,17,EPSG:4326,"max_class_share=0.34,fg_share=0.70"
moscow_city_small_17_79225_40984,moscow_city_small,17,79225,40984,images/tiles/moscow_city_small_17_79225_40984.png,masks/tiles/moscow_city_small_17_79225_40984.png,0.581848,"{""0"": 27404, ""2"": 63, ""3"": 27835, ""4"": 10234}",Overture Maps,17,EPSG:4326,"max_class_share=0.42,fg_share=0.58"
moscow_city_small_17_79226_40984,moscow_city_small,17,79226,40984,images/tiles/moscow_city_small_17_79226_40984.png,masks/tiles/moscow_city_small_17_79226_40984.png,0.668655,"{""0"": 21715, ""2"": 3701, ""3"": 31007, ""4"": 9113}",Overture Maps,17,EPSG:4326,"max_class_share=0.47,fg_share=0.67"
moscow_city_small_17_79227_40984,moscow_city_small,17,79227,40984,images/tiles/moscow_city_small_17_79227_40984.png,masks/tiles/moscow_city_small_17_79227_40984.png,0.776581,"{""0"": 14642, ""1"": 12757, ""2"": 1422, ""3"": 27831, ""4"": 8884}",Overture Maps,17,EPSG:4326,"max_class_share=0.42,fg_share=0.78"
moscow_city_small_17_79228_40984,moscow_city_small,17,79228,40984,images/tiles/moscow_city_small_17_79228_40984.png,masks/tiles/moscow_city_small_17_79228_40984.png,0.922287,"{""0"": 5093, ""1"": 59138, ""2"": 426, ""3"": 411, ""4"": 468}",Overture Maps,17,EPSG:4326,"max_class_share=0.90,fg_share=0.92"
moscow_city_small_17_79229_40984,moscow_city_small,17,79229,40984,images/tiles/moscow_city_small_17_79229_40984.png,masks/tiles/moscow_city_small_17_79229_40984.png,0.513931,"{""0"": 31855, ""1"": 4314, ""2"": 17964, ""3"": 9096, ""4"": 2307}",Overture Maps,17,EPSG:4326,"max_class_share=0.49,fg_share=0.51"
moscow_city_small_17_79230_40984,moscow_city_small,17,79230,40984,images/tiles/moscow_city_small_17_79230_40984.png,masks/tiles/moscow_city_small_17_79230_40984.png,0.702957,"{""0"": 19467, ""2"": 652, ""3"": 35415, ""4"": 10002}",Overture Maps,17,EPSG:4326,"max_class_share=0.54,fg_share=0.70"
moscow_city_small_17_79231_40984,moscow_city_small,17,79231,40984,images/tiles/moscow_city_small_17_79231_40984.png,masks/tiles/moscow_city_small_17_79231_40984.png,0.70105,"{""0"": 19592, ""2"": 8043, ""3"": 23792, ""4"": 14109}",Overture Maps,17,EPSG:4326,"max_class_share=0.36,fg_share=0.70"
moscow_city_small_17_79232_40984,moscow_city_small,17,79232,40984,images/tiles/moscow_city_small_17_79232_40984.png,masks/tiles/moscow_city_small_17_79232_40984.png,0.661911,"{""0"": 22157, ""2"": 1570, ""3"": 30639, ""4"": 11170}",Overture Maps,17,EPSG:4326,"max_class_share=0.47,fg_share=0.66"
moscow_city_small_17_79233_40984,moscow_city_small,17,79233,40984,images/tiles/moscow_city_small_17_79233_40984.png,masks/tiles/moscow_city_small_17_79233_40984.png,0.556137,"{""0"": 29089, ""3"": 28640, ""4"": 7807}",Overture Maps,17,EPSG:4326,"max_class_share=0.44,fg_share=0.56"
moscow_city_small_17_79234_40984,moscow_city_small,17,79234,40984,images/tiles/moscow_city_small_17_79234_40984.png,masks/tiles/moscow_city_small_17_79234_40984.png,0.633499,"{""0"": 24019, ""2"": 814, ""3"": 29369, ""4"": 11334}",Overture Maps,17,EPSG:4326,"max_class_share=0.45,fg_share=0.63"
moscow_city_small_17_79235_40984,moscow_city_small,17,79235,40984,images/tiles/moscow_city_small_17_79235_40984.png,masks/tiles/moscow_city_small_17_79235_40984.png,0.527863,"{""0"": 30942, ""2"": 430, ""3"": 22454, ""4"": 11710}",Overture Maps,17,EPSG:4326,"max_class_share=0.47,fg_share=0.53"
moscow_city_small_17_79236_40984,moscow_city_small,17,79236,40984,images/tiles/moscow_city_small_17_79236_40984.png,masks/tiles/moscow_city_small_17_79236_40984.png,0.616211,"{""0"": 25152, ""2"": 602, ""3"": 26584, ""4"": 13198}",Overture Maps,17,EPSG:4326,"max_class_share=0.41,fg_share=0.62"
moscow_city_small_17_79237_40984,moscow_city_small,17,79237,40984,images/tiles/moscow_city_small_17_79237_40984.png,masks/tiles/moscow_city_small_17_79237_40984.png,0.643372,"{""0"": 23372, ""2"": 240, ""3"": 30604, ""4"": 11320}",Overture Maps,17,EPSG:4326,"max_class_share=0.47,fg_share=0.64"
moscow_city_small_17_79238_40984,moscow_city_small,17,79238,40984,images/tiles/moscow_city_small_17_79238_40984.png,masks/tiles/moscow_city_small_17_79238_40984.png,0.553864,"{""0"": 29238, ""3"": 24737, ""4"": 11561}",Overture Maps,17,EPSG:4326,"max_class_share=0.45,fg_share=0.55"
moscow_city_small_17_79239_40984,moscow_city_small,17,79239,40984,images/tiles/moscow_city_small_17_79239_40984.png,masks/tiles/moscow_city_small_17_79239_40984.png,0.572113,"{""0"": 28042, ""1"": 988, ""2"": 2425, ""3"": 26007, ""4"": 8074}",Overture Maps,17,EPSG:4326,"max_class_share=0.43,fg_share=0.57"
moscow_city_small_17_79240_40984,moscow_city_small,17,79240,40984,images/tiles/moscow_city_small_17_79240_40984.png,masks/tiles/moscow_city_small_17_79240_40984.png,0.178665,"{""0"": 53827, ""1"": 15, ""3"": 4651, ""4"": 7043}",Overture Maps,17,EPSG:4326,"max_class_share=0.82,fg_share=0.18"
moscow_city_small_17_79218_40985,moscow_city_small,17,79218,40985,images/tiles/moscow_city_small_17_79218_40985.png,masks/tiles/moscow_city_small_17_79218_40985.png,0.650009,"{""0"": 22937, ""2"": 34199, ""3"": 4824, ""4"": 3576}",Overture Maps,17,EPSG:4326,"max_class_share=0.52,fg_share=0.65"
moscow_city_small_17_79219_40985,moscow_city_small,17,79219,40985,images/tiles/moscow_city_small_17_79219_40985.png,masks/tiles/moscow_city_small_17_79219_40985.png,0.600906,"{""0"": 26155, ""2"": 4105, ""3"": 21292, ""4"": 13984}",Overture Maps,17,EPSG:4326,"max_class_share=0.40,fg_share=0.60"
moscow_city_small_17_79220_40985,moscow_city_small,17,79220,40985,images/tiles/moscow_city_small_17_79220_40985.png,masks/tiles/moscow_city_small_17_79220_40985.png,0.58815,"{""0"": 26991, ""2"": 63, ""3"": 25997, ""4"": 12485}",Overture Maps,17,EPSG:4326,"max_class_share=0.41,fg_share=0.59"
moscow_city_small_17_79221_40985,moscow_city_small,17,79221,40985,images/tiles/moscow_city_small_17_79221_40985.png,masks/tiles/moscow_city_small_17_79221_40985.png,0.538757,"{""0"": 30228, ""3"": 19783, ""4"": 15525}",Overture Maps,17,EPSG:4326,"max_class_share=0.46,fg_share=0.54"
moscow_city_small_17_79222_40985,moscow_city_small,17,79222,40985,images/tiles/moscow_city_small_17_79222_40985.png,masks/tiles/moscow_city_small_17_79222_40985.png,0.588898,"{""0"": 26942, ""3"": 24494, ""4"": 14100}",Overture Maps,17,EPSG:4326,"max_class_share=0.41,fg_share=0.59"
moscow_city_small_17_79223_40985,moscow_city_small,17,79223,40985,images/tiles/moscow_city_small_17_79223_40985.png,masks/tiles/moscow_city_small_17_79223_40985.png,0.615555,"{""0"": 25195, ""3"": 24615, ""4"": 15726}",Overture Maps,17,EPSG:4326,"max_class_share=0.38,fg_share=0.62"
moscow_city_small_17_79224_40985,moscow_city_small,17,79224,40985,images/tiles/moscow_city_small_17_79224_40985.png,masks/tiles/moscow_city_small_17_79224_40985.png,0.588318,"{""0"": 26980, ""1"": 27, ""2"": 2382, ""3"": 24974, ""4"": 11173}",Overture Maps,17,EPSG:4326,"max_class_share=0.41,fg_share=0.59"
moscow_city_small_17_79225_40985,moscow_city_small,17,79225,40985,images/tiles/moscow_city_small_17_79225_40985.png,masks/tiles/moscow_city_small_17_79225_40985.png,0.638763,"{""0"": 23674, ""2"": 1488, ""3"": 31093, ""4"": 9281}",Overture Maps,17,EPSG:4326,"max_class_share=0.47,fg_share=0.64"
moscow_city_small_17_79226_40985,moscow_city_small,17,79226,40985,images/tiles/moscow_city_small_17_79226_40985.png,masks/tiles/moscow_city_small_17_79226_40985.png,0.813416,"{""0"": 12228, ""1"": 16973, ""2"": 522, ""3"": 27121, ""4"": 8692}",Overture Maps,17,EPSG:4326,"max_class_share=0.41,fg_share=0.81"
moscow_city_small_17_79227_40985,moscow_city_small,17,79227,40985,images/tiles/moscow_city_small_17_79227_40985.png,masks/tiles/moscow_city_small_17_79227_40985.png,0.962997,"{""0"": 2425, ""1"": 59338, ""2"": 599, ""3"": 1314, ""4"": 1860}",Overture Maps,17,EPSG:4326,"max_class_share=0.91,fg_share=0.96"
moscow_city_small_17_79228_40985,moscow_city_small,17,79228,40985,images/tiles/moscow_city_small_17_79228_40985.png,masks/tiles/moscow_city_small_17_79228_40985.png,0.855164,"{""0"": 9492, ""1"": 20658, ""2"": 33913, ""3"": 395, ""4"": 1078}",Overture Maps,17,EPSG:4326,"max_class_share=0.52,fg_share=0.86"
moscow_city_small_17_79229_40985,moscow_city_small,17,79229,40985,images/tiles/moscow_city_small_17_79229_40985.png,masks/tiles/moscow_city_small_17_79229_40985.png,0.86412,"{""0"": 8905, ""2"": 47278, ""3"": 6540, ""4"": 2813}",Overture Maps,17,EPSG:4326,"max_class_share=0.72,fg_share=0.86"
moscow_city_small_17_79230_40985,moscow_city_small,17,79230,40985,images/tiles/moscow_city_small_17_79230_40985.png,masks/tiles/moscow_city_small_17_79230_40985.png,0.647141,"{""0"": 23125, ""2"": 8550, ""3"": 22807, ""4"": 11054}",Overture Maps,17,EPSG:4326,"max_class_share=0.35,fg_share=0.65"
moscow_city_small_17_79231_40985,moscow_city_small,17,79231,40985,images/tiles/moscow_city_small_17_79231_40985.png,masks/tiles/moscow_city_small_17_79231_40985.png,0.682297,"{""0"": 20821, ""2"": 291, ""3"": 31036, ""4"": 13388}",Overture Maps,17,EPSG:4326,"max_class_share=0.47,fg_share=0.68"
moscow_city_small_17_79232_40985,moscow_city_small,17,79232,40985,images/tiles/moscow_city_small_17_79232_40985.png,masks/tiles/moscow_city_small_17_79232_40985.png,0.667618,"{""0"": 21783, ""2"": 607, ""3"": 30266, ""4"": 12880}",Overture Maps,17,EPSG:4326,"max_class_share=0.46,fg_share=0.67"
moscow_city_small_17_79233_40985,moscow_city_small,17,79233,40985,images/tiles/moscow_city_small_17_79233_40985.png,masks/tiles/moscow_city_small_17_79233_40985.png,0.559341,"{""0"": 28879, ""3"": 27756, ""4"": 8901}",Overture Maps,17,EPSG:4326,"max_class_share=0.44,fg_share=0.56"
moscow_city_small_17_79234_40985,moscow_city_small,17,79234,40985,images/tiles/moscow_city_small_17_79234_40985.png,masks/tiles/moscow_city_small_17_79234_40985.png,0.577042,"{""0"": 27719, ""3"": 26959, ""4"": 10858}",Overture Maps,17,EPSG:4326,"max_class_share=0.42,fg_share=0.58"
moscow_city_small_17_79235_40985,moscow_city_small,17,79235,40985,images/tiles/moscow_city_small_17_79235_40985.png,masks/tiles/moscow_city_small_17_79235_40985.png,0.674164,"{""0"": 21354, ""3"": 32756, ""4"": 11426}",Overture Maps,17,EPSG:4326,"max_class_share=0.50,fg_share=0.67"
moscow_city_small_17_79236_40985,moscow_city_small,17,79236,40985,images/tiles/moscow_city_small_17_79236_40985.png,masks/tiles/moscow_city_small_17_79236_40985.png,0.590012,"{""0"": 26869, ""2"": 7, ""3"": 28357, ""4"": 10303}",Overture Maps,17,EPSG:4326,"max_class_share=0.43,fg_share=0.59"
moscow_city_small_17_79237_40985,moscow_city_small,17,79237,40985,images/tiles/moscow_city_small_17_79237_40985.png,masks/tiles/moscow_city_small_17_79237_40985.png,0.568024,"{""0"": 28310, ""2"": 3991, ""3"": 20924, ""4"": 12311}",Overture Maps,17,EPSG:4326,"max_class_share=0.43,fg_share=0.57"
moscow_city_small_17_79238_40985,moscow_city_small,17,79238,40985,images/tiles/moscow_city_small_17_79238_40985.png,masks/tiles/moscow_city_small_17_79238_40985.png,0.576202,"{""0"": 27774, ""3"": 27588, ""4"": 10174}",Overture Maps,17,EPSG:4326,"max_class_share=0.42,fg_share=0.58"
moscow_city_small_17_79239_40985,moscow_city_small,17,79239,40985,images/tiles/moscow_city_small_17_79239_40985.png,masks/tiles/moscow_city_small_17_79239_40985.png,0.506134,"{""0"": 32366, ""3"": 26677, ""4"": 6493}",Overture Maps,17,EPSG:4326,"max_class_share=0.49,fg_share=0.51"
moscow_city_small_17_79240_40985,moscow_city_small,17,79240,40985,images/tiles/moscow_city_small_17_79240_40985.png,masks/tiles/moscow_city_small_17_79240_40985.png,0.14093,"{""0"": 56300, ""1"": 256, ""3"": 4330, ""4"": 4650}",Overture Maps,17,EPSG:4326,"max_class_share=0.86,fg_share=0.14"
moscow_city_small_17_79218_40986,moscow_city_small,17,79218,40986,images/tiles/moscow_city_small_17_79218_40986.png,masks/tiles/moscow_city_small_17_79218_40986.png,0.632278,"{""0"": 24099, ""2"": 16715, ""3"": 13865, ""4"": 10857}",Overture Maps,17,EPSG:4326,"max_class_share=0.37,fg_share=0.63"
moscow_city_small_17_79219_40986,moscow_city_small,17,79219,40986,images/tiles/moscow_city_small_17_79219_40986.png,masks/tiles/moscow_city_small_17_79219_40986.png,0.594574,"{""0"": 26570, ""3"": 29159, ""4"": 9807}",Overture Maps,17,EPSG:4326,"max_class_share=0.44,fg_share=0.59"
moscow_city_small_17_79220_40986,moscow_city_small,17,79220,40986,images/tiles/moscow_city_small_17_79220_40986.png,masks/tiles/moscow_city_small_17_79220_40986.png,0.724136,"{""0"": 18079, ""2"": 506, ""3"": 37419, ""4"": 9532}",Overture Maps,17,EPSG:4326,"max_class_share=0.57,fg_share=0.72"
moscow_city_small_17_79221_40986,moscow_city_small,17,79221,40986,images/tiles/moscow_city_small_17_79221_40986.png,masks/tiles/moscow_city_small_17_79221_40986.png,0.646729,"{""0"": 23152, ""2"": 289, ""3"": 30392, ""4"": 11703}",Overture Maps,17,EPSG:4326,"max_class_share=0.46,fg_share=0.65"
moscow_city_small_17_79222_40986,moscow_city_small,17,79222,40986,images/tiles/moscow_city_small_17_79222_40986.png,masks/tiles/moscow_city_small_17_79222_40986.png,0.581406,"{""0"": 27433, ""3"": 26525, ""4"": 11578}",Overture Maps,17,EPSG:4326,"max_class_share=0.42,fg_share=0.58"
moscow_city_small_17_79223_40986,moscow_city_small,17,79223,40986,images/tiles/moscow_city_small_17_79223_40986.png,masks/tiles/moscow_city_small_17_79223_40986.png,0.645798,"{""0"": 23213, ""2"": 987, ""3"": 18951, ""4"": 22385}",Overture Maps,17,EPSG:4326,"max_class_share=0.35,fg_share=0.65"
moscow_city_small_17_79224_40986,moscow_city_small,17,79224,40986,images/tiles/moscow_city_small_17_79224_40986.png,masks/tiles/moscow_city_small_17_79224_40986.png,0.478027,"{""0"": 34208, ""1"": 42, ""3"": 19993, ""4"": 11293}",Overture Maps,17,EPSG:4326,"max_class_share=0.52,fg_share=0.48"
moscow_city_small_17_79225_40986,moscow_city_small,17,79225,40986,images/tiles/moscow_city_small_17_79225_40986.png,masks/tiles/moscow_city_small_17_79225_40986.png,0.725342,"{""0"": 18000, ""1"": 23778, ""3"": 14992, ""4"": 8766}",Overture Maps,17,EPSG:4326,"max_class_share=0.36,fg_share=0.73"
moscow_city_small_17_79226_40986,moscow_city_small,17,79226,40986,images/tiles/moscow_city_small_17_79226_40986.png,masks/tiles/moscow_city_small_17_79226_40986.png,0.985199,"{""0"": 970, ""1"": 62241, ""2"": 10, ""3"": 1274, ""4"": 1041}",Overture Maps,17,EPSG:4326,"max_class_share=0.95,fg_share=0.99"
moscow_city_small_17_79227_40986,moscow_city_small,17,79227,40986,images/tiles/moscow_city_small_17_79227_40986.png,masks/tiles/moscow_city_small_17_79227_40986.png,0.865799,"{""0"": 8795, ""1"": 20542, ""2"": 17814, ""3"": 17304, ""4"": 1081}",Overture Maps,17,EPSG:4326,"max_class_share=0.31,fg_share=0.87"
moscow_city_small_17_79228_40986,moscow_city_small,17,79228,40986,images/tiles/moscow_city_small_17_79228_40986.png,masks/tiles/moscow_city_small_17_79228_40986.png,0.999283,"{""0"": 47, ""2"": 44072, ""3"": 21417}",Overture Maps,17,EPSG:4326,"max_class_share=0.67,fg_share=1.00"
moscow_city_small_17_79229_40986,moscow_city_small,17,79229,40986,images/tiles/moscow_city_small_17_79229_40986.png,masks/tiles/moscow_city_small_17_79229_40986.png,0.72963,"{""0"": 17719, ""2"": 31758, ""3"": 10669, ""4"": 5390}",Overture Maps,17,EPSG:4326,"max_class_share=0.48,fg_share=0.73"
moscow_city_small_17_79230_40986,moscow_city_small,17,79230,40986,images/tiles/moscow_city_small_17_79230_40986.png,masks/tiles/moscow_city_small_17_79230_40986.png,0.608139,"{""0"": 25681, ""2"": 4420, ""3"": 21494, ""4"": 13941}",Overture Maps,17,EPSG:4326,"max_class_share=0.39,fg_share=0.61"
moscow_city_small_17_79231_40986,moscow_city_small,17,79231,40986,images/tiles/moscow_city_small_17_79231_40986.png,masks/tiles/moscow_city_small_17_79231_40986.png,0.672028,"{""0"": 21494, ""2"": 2041, ""3"": 30714, ""4"": 11287}",Overture Maps,17,EPSG:4326,"max_class_share=0.47,fg_share=0.67"
moscow_city_small_17_79232_40986,moscow_city_small,17,79232,40986,images/tiles/moscow_city_small_17_79232_40986.png,masks/tiles/moscow_city_small_17_79232_40986.png,0.535095,"{""0"": 30468, ""2"": 1884, ""3"": 21176, ""4"": 12008}",Overture Maps,17,EPSG:4326,"max_class_share=0.46,fg_share=0.54"
moscow_city_small_17_79233_40986,moscow_city_small,17,79233,40986,images/tiles/moscow_city_small_17_79233_40986.png,masks/tiles/moscow_city_small_17_79233_40986.png,0.545944,"{""0"": 29757, ""3"": 25984, ""4"": 9795}",Overture Maps,17,EPSG:4326,"max_class_share=0.45,fg_share=0.55"
moscow_city_small_17_79234_40986,moscow_city_small,17,79234,40986,images/tiles/moscow_city_small_17_79234_40986.png,masks/tiles/moscow_city_small_17_79234_40986.png,0.66655,"{""0"": 21853, ""3"": 32675, ""4"": 11008}",Overture Maps,17,EPSG:4326,"max_class_share=0.50,fg_share=0.67"
moscow_city_small_17_79235_40986,moscow_city_small,17,79235,40986,images/tiles/moscow_city_small_17_79235_40986.png,masks/tiles/moscow_city_small_17_79235_40986.png,0.630066,"{""0"": 24244, ""3"": 30602, ""4"": 10690}",Overture Maps,17,EPSG:4326,"max_class_share=0.47,fg_share=0.63"
moscow_city_small_17_79236_40986,moscow_city_small,17,79236,40986,images/tiles/moscow_city_small_17_79236_40986.png,masks/tiles/moscow_city_small_17_79236_40986.png,0.549271,"{""0"": 29539, ""3"": 24301, ""4"": 11696}",Overture Maps,17,EPSG:4326,"max_class_share=0.45,fg_share=0.55"
moscow_city_small_17_79237_40986,moscow_city_small,17,79237,40986,images/tiles/moscow_city_small_17_79237_40986.png,masks/tiles/moscow_city_small_17_79237_40986.png,0.573196,"{""0"": 27971, ""3"": 24856, ""4"": 12709}",Overture Maps,17,EPSG:4326,"max_class_share=0.43,fg_share=0.57"
moscow_city_small_17_79238_40986,moscow_city_small,17,79238,40986,images/tiles/moscow_city_small_17_79238_40986.png,masks/tiles/moscow_city_small_17_79238_40986.png,0.634125,"{""0"": 23978, ""3"": 29512, ""4"": 12046}",Overture Maps,17,EPSG:4326,"max_class_share=0.45,fg_share=0.63"
moscow_city_small_17_79239_40986,moscow_city_small,17,79239,40986,images/tiles/moscow_city_small_17_79239_40986.png,masks/tiles/moscow_city_small_17_79239_40986.png,0.615768,"{""0"": 25181, ""2"": 9838, ""3"": 20745, ""4"": 9772}",Overture Maps,17,EPSG:4326,"max_class_share=0.38,fg_share=0.62"
moscow_city_small_17_79240_40986,moscow_city_small,17,79240,40986,images/tiles/moscow_city_small_17_79240_40986.png,masks/tiles/moscow_city_small_17_79240_40986.png,0.2565,"{""0"": 48726, ""1"": 256, ""2"": 3748, ""3"": 7557, ""4"": 5249}",Overture Maps,17,EPSG:4326,"max_class_share=0.74,fg_share=0.26"
moscow_city_small_17_79218_40987,moscow_city_small,17,79218,40987,images/tiles/moscow_city_small_17_79218_40987.png,masks/tiles/moscow_city_small_17_79218_40987.png,0.34021,"{""0"": 43240, ""3"": 15312, ""4"": 6984}",Overture Maps,17,EPSG:4326,"max_class_share=0.66,fg_share=0.34"
moscow_city_small_17_79219_40987,moscow_city_small,17,79219,40987,images/tiles/moscow_city_small_17_79219_40987.png,masks/tiles/moscow_city_small_17_79219_40987.png,0.408875,"{""0"": 38740, ""2"": 111, ""3"": 20958, ""4"": 5727}",Overture Maps,17,EPSG:4326,"max_class_share=0.59,fg_share=0.41"
moscow_city_small_17_79220_40987,moscow_city_small,17,79220,40987,images/tiles/moscow_city_small_17_79220_40987.png,masks/tiles/moscow_city_small_17_79220_40987.png,0.59726,"{""0"": 26394, ""2"": 15133, ""3"": 18313, ""4"": 5696}",Overture Maps,17,EPSG:4326,"max_class_share=0.40,fg_share=0.60"
moscow_city_small_17_79221_40987,moscow_city_small,17,79221,40987,images/tiles/moscow_city_small_17_79221_40987.png,masks/tiles/moscow_city_small_17_79221_40987.png,0.709183,"{""0"": 19059, ""2"": 1775, ""3"": 35585, ""4"": 9117}",Overture Maps,17,EPSG:4326,"max_class_share=0.54,fg_share=0.71"
moscow_city_small_17_79222_40987,moscow_city_small,17,79222,40987,images/tiles/moscow_city_small_17_79222_40987.png,masks/tiles/moscow_city_small_17_79222_40987.png,0.661346,"{""0"": 22194, ""2"": 671, ""3"": 32348, ""4"": 10323}",Overture Maps,17,EPSG:4326,"max_class_share=0.49,fg_share=0.66"
moscow_city_small_17_79223_40987,moscow_city_small,17,79223,40987,images/tiles/moscow_city_small_17_79223_40987.png,masks/tiles/moscow_city_small_17_79223_40987.png,0.595581,"{""0"": 26504, ""2"": 18085, ""3"": 5346, ""4"": 15601}",Overture Maps,17,EPSG:4326,"max_class_share=0.40,fg_share=0.60"
moscow_city_small_17_79224_40987,moscow_city_small,17,79224,40987,images/tiles/moscow_city_small_17_79224_40987.png,masks/tiles/moscow_city_small_17_79224_40987.png,0.65506,"{""0"": 22606, ""1"": 9609, ""2"": 7230, ""3"": 8084, ""4"": 18007}",Overture Maps,17,EPSG:4326,"max_class_share=0.34,fg_share=0.66"
moscow_city_small_17_79225_40987,moscow_city_small,17,79225,40987,images/tiles/moscow_city_small_17_79225_40987.png,masks/tiles/moscow_city_small_17_79225_40987.png,0.974838,"{""0"": 1649, ""1"": 54134, ""4"": 9753}",Overture Maps,17,EPSG:4326,"max_class_share=0.83,fg_share=0.97"
moscow_city_small_17_79226_40987,moscow_city_small,17,79226,40987,images/tiles/moscow_city_small_17_79226_40987.png,masks/tiles/moscow_city_small_17_79226_40987.png,0.757507,"{""0"": 15892, ""1"": 19220, ""2"": 19085, ""3"": 5113, ""4"": 6226}",Overture Maps,17,EPSG:4326,"max_class_share=0.29,fg_share=0.76"
moscow_city_small_17_79227_40987,moscow_city_small,17,79227,40987,images/tiles/moscow_city_small_17_79227_40987.png,masks/tiles/moscow_city_small_17_79227_40987.png,0.992386,"{""0"": 499, ""2"": 42264, ""3"": 21577, ""4"": 1196}",Overture Maps,17,EPSG:4326,"max_class_share=0.64,fg_share=0.99"
moscow_city_small_17_79228_40987,moscow_city_small,17,79228,40987,images/tiles/moscow_city_small_17_79228_40987.png,masks/tiles/moscow_city_small_17_79228_40987.png,0.914062,"{""0"": 5632, ""2"": 53001, ""3"": 6516, ""4"": 387}",Overture Maps,17,EPSG:4326,"max_class_share=0.81,fg_share=0.91"
moscow_city_small_17_79229_40987,moscow_city_small,17,79229,40987,images/tiles/moscow_city_small_17_79229_40987.png,masks/tiles/moscow_city_small_17_79229_40987.png,0.70401,"{""0"": 19398, ""2"": 9231, ""3"": 30935, ""4"": 5972}",Overture Maps,17,EPSG:4326,"max_class_share=0.47,fg_share=0.70"
moscow_city_small_17_79230_40987,moscow_city_small,17,79230,40987,images/tiles/moscow_city_small_17_79230_40987.png,masks/tiles/moscow_city_small_17_79230_40987.png,0.533051,"{""0"": 30602, ""2"": 4379, ""3"": 16426, ""4"": 14129}",Overture Maps,17,EPSG:4326,"max_class_share=0.47,fg_share=0.53"
moscow_city_small_17_79231_40987,moscow_city_small,17,79231,40987,images/tiles/moscow_city_small_17_79231_40987.png,masks/tiles/moscow_city_small_17_79231_40987.png,0.572495,"{""0"": 28017, ""2"": 257, ""3"": 25553, ""4"": 11709}",Overture Maps,17,EPSG:4326,"max_class_share=0.43,fg_share=0.57"
moscow_city_small_17_79232_40987,moscow_city_small,17,79232,40987,images/tiles/moscow_city_small_17_79232_40987.png,masks/tiles/moscow_city_small_17_79232_40987.png,0.564163,"{""0"": 28563, ""2"": 2294, ""3"": 26877, ""4"": 7802}",Overture Maps,17,EPSG:4326,"max_class_share=0.44,fg_share=0.56"
moscow_city_small_17_79233_40987,moscow_city_small,17,79233,40987,images/tiles/moscow_city_small_17_79233_40987.png,masks/tiles/moscow_city_small_17_79233_40987.png,0.710129,"{""0"": 18997, ""2"": 1350, ""3"": 34174, ""4"": 11015}",Overture Maps,17,EPSG:4326,"max_class_share=0.52,fg_share=0.71"
moscow_city_small_17_79234_40987,moscow_city_small,17,79234,40987,images/tiles/moscow_city_small_17_79234_40987.png,masks/tiles/moscow_city_small_17_79234_40987.png,0.649155,"{""0"": 22993, ""3"": 30249, ""4"": 12294}",Overture Maps,17,EPSG:4326,"max_class_share=0.46,fg_share=0.65"
moscow_city_small_17_79235_40987,moscow_city_small,17,79235,40987,images/tiles/moscow_city_small_17_79235_40987.png,masks/tiles/moscow_city_small_17_79235_40987.png,0.624252,"{""0"": 24625, ""3"": 28602, ""4"": 12309}",Overture Maps,17,EPSG:4326,"max_class_share=0.44,fg_share=0.62"
moscow_city_small_17_79236_40987,moscow_city_small,17,79236,40987,images/tiles/moscow_city_small_17_79236_40987.png,masks/tiles/moscow_city_small_17_79236_40987.png,0.475494,"{""0"": 34374, ""3"": 20917, ""4"": 10245}",Overture Maps,17,EPSG:4326,"max_class_share=0.52,fg_share=0.48"
moscow_city_small_17_79237_40987,moscow_city_small,17,79237,40987,images/tiles/moscow_city_small_17_79237_40987.png,masks/tiles/moscow_city_small_17_79237_40987.png,0.512299,"{""0"": 31962, ""3"": 23529, ""4"": 10045}",Overture Maps,17,EPSG:4326,"max_class_share=0.49,fg_share=0.51"
moscow_city_small_17_79238_40987,moscow_city_small,17,79238,40987,images/tiles/moscow_city_small_17_79238_40987.png,masks/tiles/moscow_city_small_17_79238_40987.png,0.534637,"{""0"": 30498, ""2"": 7549, ""3"": 17970, ""4"": 9519}",Overture Maps,17,EPSG:4326,"max_class_share=0.47,fg_share=0.53"
moscow_city_small_17_79239_40987,moscow_city_small,17,79239,40987,images/tiles/moscow_city_small_17_79239_40987.png,masks/tiles/moscow_city_small_17_79239_40987.png,0.579605,"{""0"": 27551, ""2"": 5297, ""3"": 20567, ""4"": 12121}",Overture Maps,17,EPSG:4326,"max_class_share=0.42,fg_share=0.58"
moscow_city_small_17_79240_40987,moscow_city_small,17,79240,40987,images/tiles/moscow_city_small_17_79240_40987.png,masks/tiles/moscow_city_small_17_79240_40987.png,0.261017,"{""0"": 48430, ""1"": 213, ""3"": 10185, ""4"": 6708}",Overture Maps,17,EPSG:4326,"max_class_share=0.74,fg_share=0.26"
moscow_city_small_17_79218_40988,moscow_city_small,17,79218,40988,images/tiles/moscow_city_small_17_79218_40988.png,masks/tiles/moscow_city_small_17_79218_40988.png,0.445663,"{""0"": 36329, ""3"": 23392, ""4"": 5815}",Overture Maps,17,EPSG:4326,"max_class_share=0.55,fg_share=0.45"
moscow_city_small_17_79219_40988,moscow_city_small,17,79219,40988,images/tiles/moscow_city_small_17_79219_40988.png,masks/tiles/moscow_city_small_17_79219_40988.png,0.395447,"{""0"": 39620, ""3"": 18944, ""4"": 6972}",Overture Maps,17,EPSG:4326,"max_class_share=0.60,fg_share=0.40"
moscow_city_small_17_79220_40988,moscow_city_small,17,79220,40988,images/tiles/moscow_city_small_17_79220_40988.png,masks/tiles/moscow_city_small_17_79220_40988.png,0.452866,"{""0"": 35857, ""2"": 711, ""3"": 16684, ""4"": 12284}",Overture Maps,17,EPSG:4326,"max_class_share=0.55,fg_share=0.45"
moscow_city_small_17_79221_40988,moscow_city_small,17,79221,40988,images/tiles/moscow_city_small_17_79221_40988.png,masks/tiles/moscow_city_small_17_79221_40988.png,0.647858,"{""0"": 23078, ""2"": 6121, ""3"": 24323, ""4"": 12014}",Overture Maps,17,EPSG:4326,"max_class_share=0.37,fg_share=0.65"
moscow_city_small_17_79222_40988,moscow_city_small,17,79222,40988,images/tiles/moscow_city_small_17_79222_40988.png,masks/tiles/moscow_city_small_17_79222_40988.png,0.570541,"{""0"": 28145, ""2"": 550, ""3"": 23570, ""4"": 13271}",Overture Maps,17,EPSG:4326,"max_class_share=0.43,fg_share=0.57"
moscow_city_small_17_79223_40988,moscow_city_small,17,79223,40988,images/tiles/moscow_city_small_17_79223_40988.png,masks/tiles/moscow_city_small_17_79223_40988.png,0.630585,"{""0"": 24210, ""2"": 6401, ""3"": 20780, ""4"": 14145}",Overture Maps,17,EPSG:4326,"max_class_share=0.37,fg_share=0.63"
moscow_city_small_17_79224_40988,moscow_city_small,17,79224,40988,images/tiles/moscow_city_small_17_79224_40988.png,masks/tiles/moscow_city_small_17_79224_40988.png,0.879669,"{""0"": 7886, ""1"": 44540, ""2"": 7265, ""3"": 287, ""4"": 5558}",Overture Maps,17,EPSG:4326,"max_class_share=0.68,fg_share=0.88"
moscow_city_small_17_79225_40988,moscow_city_small,17,79225,40988,images/tiles/moscow_city_small_17_79225_40988.png,masks/tiles/moscow_city_small_17_79225_40988.png,0.873016,"{""0"": 8322, ""1"": 28623, ""2"": 20508, ""3"": 4132, ""4"": 3951}",Overture Maps,17,EPSG:4326,"max_class_share=0.44,fg_share=0.87"
moscow_city_small_17_79226_40988,moscow_city_small,17,79226,40988,images/tiles/moscow_city_small_17_79226_40988.png,masks/tiles/moscow_city_small_17_79226_40988.png,0.630066,"{""0"": 24244, ""2"": 20795, ""3"": 6533, ""4"": 13964}",Overture Maps,17,EPSG:4326,"max_class_share=0.37,fg_share=0.63"
moscow_city_small_17_79227_40988,moscow_city_small,17,79227,40988,images/tiles/moscow_city_small_17_79227_40988.png,masks/tiles/moscow_city_small_17_79227_40988.png,0.465607,"{""0"": 35022, ""2"": 17268, ""3"": 662, ""4"": 12584}",Overture Maps,17,EPSG:4326,"max_class_share=0.53,fg_share=0.47"
moscow_city_small_17_79228_40988,moscow_city_small,17,79228,40988,images/tiles/moscow_city_small_17_79228_40988.png,masks/tiles/moscow_city_small_17_79228_40988.png,0.610855,"{""0"": 25503, ""2"": 19597, ""3"": 17081, ""4"": 3355}",Overture Maps,17,EPSG:4326,"max_class_share=0.39,fg_share=0.61"
moscow_city_small_17_79229_40988,moscow_city_small,17,79229,40988,images/tiles/moscow_city_small_17_79229_40988.png,masks/tiles/moscow_city_small_17_79229_40988.png,0.423706,"{""0"": 37768, ""2"": 1619, ""3"": 18440, ""4"": 7709}",Overture Maps,17,EPSG:4326,"max_class_share=0.58,fg_share=0.42"
moscow_city_small_17_79230_40988,moscow_city_small,17,79230,40988,images/tiles/moscow_city_small_17_79230_40988.png,masks/tiles/moscow_city_small_17_79230_40988.png,0.559494,"{""0"": 28869, ""2"": 3448, ""3"": 19798, ""4"": 13421}",Overture Maps,17,EPSG:4326,"max_class_share=0.44,fg_share=0.56"
moscow_city_small_17_79231_40988,moscow_city_small,17,79231,40988,images/tiles/moscow_city_small_17_79231_40988.png,masks/tiles/moscow_city_small_17_79231_40988.png,0.506546,"{""0"": 32339, ""2"": 2346, ""3"": 20748, ""4"": 10103}",Overture Maps,17,EPSG:4326,"max_class_share=0.49,fg_share=0.51"
moscow_city_small_17_79232_40988,moscow_city_small,17,79232,40988,images/tiles/moscow_city_small_17_79232_40988.png,masks/tiles/moscow_city_small_17_79232_40988.png,0.664276,"{""0"": 22002, ""3"": 31990, ""4"": 11544}",Overture Maps,17,EPSG:4326,"max_class_share=0.49,fg_share=0.66"
moscow_city_small_17_79233_40988,moscow_city_small,17,79233,40988,images/tiles/moscow_city_small_17_79233_40988.png,masks/tiles/moscow_city_small_17_79233_40988.png,0.655823,"{""0"": 22556, ""2"": 82, ""3"": 31148, ""4"": 11750}",Overture Maps,17,EPSG:4326,"max_class_share=0.48,fg_share=0.66"
moscow_city_small_17_79234_40988,moscow_city_small,17,79234,40988,images/tiles/moscow_city_small_17_79234_40988.png,masks/tiles/moscow_city_small_17_79234_40988.png,0.60405,"{""0"": 25949, ""3"": 26057, ""4"": 13530}",Overture Maps,17,EPSG:4326,"max_class_share=0.40,fg_share=0.60"
moscow_city_small_17_79235_40988,moscow_city_small,17,79235,40988,images/tiles/moscow_city_small_17_79235_40988.png,masks/tiles/moscow_city_small_17_79235_40988.png,0.667709,"{""0"": 21777, ""2"": 2906, ""3"": 28376, ""4"": 12477}",Overture Maps,17,EPSG:4326,"max_class_share=0.43,fg_share=0.67"
moscow_city_small_17_79236_40988,moscow_city_small,17,79236,40988,images/tiles/moscow_city_small_17_79236_40988.png,masks/tiles/moscow_city_small_17_79236_40988.png,0.568146,"{""0"": 28302, ""3"": 26961, ""4"": 10273}",Overture Maps,17,EPSG:4326,"max_class_share=0.43,fg_share=0.57"
moscow_city_small_17_79237_40988,moscow_city_small,17,79237,40988,images/tiles/moscow_city_small_17_79237_40988.png,masks/tiles/moscow_city_small_17_79237_40988.png,0.508423,"{""0"": 32216, ""3"": 22924, ""4"": 10396}",Overture Maps,17,EPSG:4326,"max_class_share=0.49,fg_share=0.51"
moscow_city_small_17_79238_40988,moscow_city_small,17,79238,40988,images/tiles/moscow_city_small_17_79238_40988.png,masks/tiles/moscow_city_small_17_79238_40988.png,0.511459,"{""0"": 32017, ""2"": 1598, ""3"": 22127, ""4"": 9794}",Overture Maps,17,EPSG:4326,"max_class_share=0.49,fg_share=0.51"
moscow_city_small_17_79239_40988,moscow_city_small,17,79239,40988,images/tiles/moscow_city_small_17_79239_40988.png,masks/tiles/moscow_city_small_17_79239_40988.png,0.506165,"{""0"": 32364, ""2"": 103, ""3"": 22873, ""4"": 10196}",Overture Maps,17,EPSG:4326,"max_class_share=0.49,fg_share=0.51"
moscow_city_small_17_79240_40988,moscow_city_small,17,79240,40988,images/tiles/moscow_city_small_17_79240_40988.png,masks/tiles/moscow_city_small_17_79240_40988.png,0.287964,"{""0"": 46664, ""1"": 25, ""2"": 2396, ""3"": 3943, ""4"": 12508}",Overture Maps,17,EPSG:4326,"max_class_share=0.71,fg_share=0.29"
moscow_city_small_17_79218_40989,moscow_city_small,17,79218,40989,images/tiles/moscow_city_small_17_79218_40989.png,masks/tiles/moscow_city_small_17_79218_40989.png,0.348221,"{""0"": 42715, ""2"": 2, ""3"": 16150, ""4"": 6669}",Overture Maps,17,EPSG:4326,"max_class_share=0.65,fg_share=0.35"
moscow_city_small_17_79219_40989,moscow_city_small,17,79219,40989,images/tiles/moscow_city_small_17_79219_40989.png,masks/tiles/moscow_city_small_17_79219_40989.png,0.401855,"{""0"": 39200, ""3"": 17311, ""4"": 9025}",Overture Maps,17,EPSG:4326,"max_class_share=0.60,fg_share=0.40"
moscow_city_small_17_79220_40989,moscow_city_small,17,79220,40989,images/tiles/moscow_city_small_17_79220_40989.png,masks/tiles/moscow_city_small_17_79220_40989.png,0.550903,"{""0"": 29432, ""2"": 1060, ""3"": 26983, ""4"": 8061}",Overture Maps,17,EPSG:4326,"max_class_share=0.45,fg_share=0.55"
moscow_city_small_17_79221_40989,moscow_city_small,17,79221,40989,images/tiles/moscow_city_small_17_79221_40989.png,masks/tiles/moscow_city_small_17_79221_40989.png,0.642487,"{""0"": 23430, ""2"": 2502, ""3"": 24765, ""4"": 14839}",Overture Maps,17,EPSG:4326,"max_class_share=0.38,fg_share=0.64"
moscow_city_small_17_79222_40989,moscow_city_small,17,79222,40989,images/tiles/moscow_city_small_17_79222_40989.png,masks/tiles/moscow_city_small_17_79222_40989.png,0.486191,"{""0"": 33673, ""2"": 5090, ""3"": 13184, ""4"": 13589}",Overture Maps,17,EPSG:4326,"max_class_share=0.51,fg_share=0.49"
moscow_city_small_17_79223_40989,moscow_city_small,17,79223,40989,images/tiles/moscow_city_small_17_79223_40989.png,masks/tiles/moscow_city_small_17_79223_40989.png,0.74588,"{""0"": 16654, ""1"": 13252, ""2"": 15375, ""3"": 6407, ""4"": 13848}",Overture Maps,17,EPSG:4326,"max_class_share=0.25,fg_share=0.75"
moscow_city_small_17_79224_40989,moscow_city_small,17,79224,40989,images/tiles/moscow_city_small_17_79224_40989.png,masks/tiles/moscow_city_small_17_79224_40989.png,0.999146,"{""0"": 56, ""1"": 58300, ""2"": 3710, ""3"": 2517, ""4"": 953}",Overture Maps,17,EPSG:4326,"max_class_share=0.89,fg_share=1.00"
moscow_city_small_17_79225_40989,moscow_city_small,17,79225,40989,images/tiles/moscow_city_small_17_79225_40989.png,masks/tiles/moscow_city_small_17_79225_40989.png,1.0,"{""1"": 1403, ""2"": 40688, ""3"": 7892, ""4"": 15553}",Overture Maps,17,EPSG:4326,"max_class_share=0.62,fg_share=1.00"
moscow_city_small_17_79226_40989,moscow_city_small,17,79226,40989,images/tiles/moscow_city_small_17_79226_40989.png,masks/tiles/moscow_city_small_17_79226_40989.png,0.978104,"{""0"": 1435, ""2"": 52949, ""3"": 2235, ""4"": 8917}",Overture Maps,17,EPSG:4326,"max_class_share=0.81,fg_share=0.98"
moscow_city_small_17_79227_40989,moscow_city_small,17,79227,40989,images/tiles/moscow_city_small_17_79227_40989.png,masks/tiles/moscow_city_small_17_79227_40989.png,0.845291,"{""0"": 10139, ""1"": 11510, ""2"": 36610, ""3"": 5082, ""4"": 2195}",Overture Maps,17,EPSG:4326,"max_class_share=0.56,fg_share=0.85"
moscow_city_small_17_79228_40989,moscow_city_small,17,79228,40989,images/tiles/moscow_city_small_17_79228_40989.png,masks/tiles/moscow_city_small_17_79228_40989.png,0.769913,"{""0"": 15079, ""2"": 23950, ""3"": 8091, ""4"": 18416}",Overture Maps,17,EPSG:4326,"max_class_share=0.37,fg_share=0.77"
moscow_city_small_17_79229_40989,moscow_city_small,17,79229,40989,images/tiles/moscow_city_small_17_79229_40989.png,masks/tiles/moscow_city_small_17_79229_40989.png,0.525925,"{""0"": 31069, ""2"": 523, ""3"": 18153, ""4"": 15791}",Overture Maps,17,EPSG:4326,"max_class_share=0.47,fg_share=0.53"
moscow_city_small_17_79230_40989,moscow_city_small,17,79230,40989,images/tiles/moscow_city_small_17_79230_40989.png,masks/tiles/moscow_city_small_17_79230_40989.png,0.546265,"{""0"": 29736, ""3"": 21489, ""4"": 14311}",Overture Maps,17,EPSG:4326,"max_class_share=0.45,fg_share=0.55"
moscow_city_small_17_79231_40989,moscow_city_small,17,79231,40989,images/tiles/moscow_city_small_17_79231_40989.png,masks/tiles/moscow_city_small_17_79231_40989.png,0.652451,"{""0"": 22777, ""3"": 33981, ""4"": 8778}",Overture Maps,17,EPSG:4326,"max_class_share=0.52,fg_share=0.65"
moscow_city_small_17_79232_40989,moscow_city_small,17,79232,40989,images/tiles/moscow_city_small_17_79232_40989.png,masks/tiles/moscow_city_small_17_79232_40989.png,0.659363,"{""0"": 22324, ""2"": 15807, ""3"": 24462, ""4"": 2943}",Overture Maps,17,EPSG:4326,"max_class_share=0.37,fg_share=0.66"
moscow_city_small_17_79233_40989,moscow_city_small,17,79233,40989,images/tiles/moscow_city_small_17_79233_40989.png,masks/tiles/moscow_city_small_17_79233_40989.png,0.662674,"{""0"": 22107, ""2"": 6043, ""3"": 27101, ""4"": 10285}",Overture Maps,17,EPSG:4326,"max_class_share=0.41,fg_share=0.66"
moscow_city_small_17_79234_40989,moscow_city_small,17,79234,40989,images/tiles/moscow_city_small_17_79234_40989.png,masks/tiles/moscow_city_small_17_79234_40989.png,0.681229,"{""0"": 20891, ""3"": 33716, ""4"": 10929}",Overture Maps,17,EPSG:4326,"max_class_share=0.51,fg_share=0.68"
moscow_city_small_17_79235_40989,moscow_city_small,17,79235,40989,images/tiles/moscow_city_small_17_79235_40989.png,masks/tiles/moscow_city_small_17_79235_40989.png,0.727463,"{""0"": 17861, ""3"": 38079, ""4"": 9596}",Overture Maps,17,EPSG:4326,"max_class_share=0.58,fg_share=0.73"
moscow_city_small_17_79236_40989,moscow_city_small,17,79236,40989,images/tiles/moscow_city_small_17_79236_40989.png,masks/tiles/moscow_city_small_17_79236_40989.png,0.542068,"{""0"": 30011, ""2"": 78, ""3"": 20115, ""4"": 15332}",Overture Maps,17,EPSG:4326,"max_class_share=0.46,fg_share=0.54"
moscow_city_small_17_79237_40989,moscow_city_small,17,79237,40989,images/tiles/moscow_city_small_17_79237_40989.png,masks/tiles/moscow_city_small_17_79237_40989.png,0.533295,"{""0"": 30586, ""2"": 335, ""3"": 20131, ""4"": 14484}",Overture Maps,17,EPSG:4326,"max_class_share=0.47,fg_share=0.53"
moscow_city_small_17_79238_40989,moscow_city_small,17,79238,40989,images/tiles/moscow_city_small_17_79238_40989.png,masks/tiles/moscow_city_small_17_79238_40989.png,0.521988,"{""0"": 31327, ""2"": 1307, ""3"": 19593, ""4"": 13309}",Overture Maps,17,EPSG:4326,"max_class_share=0.48,fg_share=0.52"
moscow_city_small_17_79239_40989,moscow_city_small,17,79239,40989,images/tiles/moscow_city_small_17_79239_40989.png,masks/tiles/moscow_city_small_17_79239_40989.png,0.779709,"{""0"": 14437, ""2"": 29069, ""3"": 9695, ""4"": 12335}",Overture Maps,17,EPSG:4326,"max_class_share=0.44,fg_share=0.78"
moscow_city_small_17_79240_40989,moscow_city_small,17,79240,40989,images/tiles/moscow_city_small_17_79240_40989.png,masks/tiles/moscow_city_small_17_79240_40989.png,0.634918,"{""0"": 23926, ""1"": 95, ""2"": 26152, ""3"": 8420, ""4"": 6943}",Overture Maps,17,EPSG:4326,"max_class_share=0.40,fg_share=0.63"
moscow_city_small_17_79218_40990,moscow_city_small,17,79218,40990,images/tiles/moscow_city_small_17_79218_40990.png,masks/tiles/moscow_city_small_17_79218_40990.png,0.466171,"{""0"": 34985, ""2"": 8423, ""3"": 17198, ""4"": 4930}",Overture Maps,17,EPSG:4326,"max_class_share=0.53,fg_share=0.47"
moscow_city_small_17_79219_40990,moscow_city_small,17,79219,40990,images/tiles/moscow_city_small_17_79219_40990.png,masks/tiles/moscow_city_small_17_79219_40990.png,0.575607,"{""0"": 27813, ""2"": 154, ""3"": 31476, ""4"": 6093}",Overture Maps,17,EPSG:4326,"max_class_share=0.48,fg_share=0.58"
moscow_city_small_17_79220_40990,moscow_city_small,17,79220,40990,images/tiles/moscow_city_small_17_79220_40990.png,masks/tiles/moscow_city_small_17_79220_40990.png,0.632492,"{""0"": 24085, ""2"": 3096, ""3"": 24096, ""4"": 14259}",Overture Maps,17,EPSG:4326,"max_class_share=0.37,fg_share=0.63"
moscow_city_small_17_79221_40990,moscow_city_small,17,79221,40990,images/tiles/moscow_city_small_17_79221_40990.png,masks/tiles/moscow_city_small_17_79221_40990.png,0.502182,"{""0"": 32625, ""2"": 865, ""3"": 23033, ""4"": 9013}",Overture Maps,17,EPSG:4326,"max_class_share=0.50,fg_share=0.50"
moscow_city_small_17_79222_40990,moscow_city_small,17,79222,40990,images/tiles/moscow_city_small_17_79222_40990.png,masks/tiles/moscow_city_small_17_79222_40990.png,0.495605,"{""0"": 33056, ""2"": 3640, ""3"": 21068, ""4"": 7772}",Overture Maps,17,EPSG:4326,"max_class_share=0.50,fg_share=0.50"
moscow_city_small_17_79223_40990,moscow_city_small,17,79223,40990,images/tiles/moscow_city_small_17_79223_40990.png,masks/tiles/moscow_city_small_17_79223_40990.png,0.866928,"{""0"": 8721, ""1"": 39916, ""2"": 9507, ""3"": 186, ""4"": 7206}",Overture Maps,17,EPSG:4326,"max_class_share=0.61,fg_share=0.87"
moscow_city_small_17_79224_40990,moscow_city_small,17,79224,40990,images/tiles/moscow_city_small_17_79224_40990.png,masks/tiles/moscow_city_small_17_79224_40990.png,1.0,"{""1"": 38212, ""2"": 13278, ""3"": 10226, ""4"": 3820}",Overture Maps,17,EPSG:4326,"max_class_share=0.58,fg_share=1.00"
moscow_city_small_17_79225_40990,moscow_city_small,17,79225,40990,images/tiles/moscow_city_small_17_79225_40990.png,masks/tiles/moscow_city_small_17_79225_40990.png,1.0,"{""1"": 141, ""2"": 44416, ""3"": 4775, ""4"": 16204}",Overture Maps,17,EPSG:4326,"max_class_share=0.68,fg_share=1.00"
moscow_city_small_17_79226_40990,moscow_city_small,17,79226,40990,images/tiles/moscow_city_small_17_79226_40990.png,masks/tiles/moscow_city_small_17_79226_40990.png,1.0,"{""1"": 8133, ""2"": 39862, ""3"": 1283, ""4"": 16258}",Overture Maps,17,EPSG:4326,"max_class_share=0.61,fg_share=1.00"
moscow_city_small_17_79227_40990,moscow_city_small,17,79227,40990,images/tiles/moscow_city_small_17_79227_40990.png,masks/tiles/moscow_city_small_17_79227_40990.png,1.0,"{""1"": 3066, ""2"": 52133, ""3"": 8145, ""4"": 2192}",Overture Maps,17,EPSG:4326,"max_class_share=0.80,fg_share=1.00"
moscow_city_small_17_79228_40990,moscow_city_small,17,79228,40990,images/tiles/moscow_city_small_17_79228_40990.png,masks/tiles/moscow_city_small_17_79228_40990.png,0.801422,"{""0"": 13014, ""2"": 31555, ""3"": 15475, ""4"": 5492}",Overture Maps,17,EPSG:4326,"max_class_share=0.48,fg_share=0.80"
moscow_city_small_17_79229_40990,moscow_city_small,17,79229,40990,images/tiles/moscow_city_small_17_79229_40990.png,masks/tiles/moscow_city_small_17_79229_40990.png,0.638092,"{""0"": 23718, ""2"": 2663, ""3"": 27350, ""4"": 11805}",Overture Maps,17,EPSG:4326,"max_class_share=0.42,fg_share=0.64"
moscow_city_small_17_79230_40990,moscow_city_small,17,79230,40990,images/tiles/moscow_city_small_17_79230_40990.png,masks/tiles/moscow_city_small_17_79230_40990.png,0.528061,"{""0"": 30929, ""2"": 13672, ""3"": 85, ""4"": 20850}",Overture Maps,17,EPSG:4326,"max_class_share=0.47,fg_share=0.53"
moscow_city_small_17_79231_40990,moscow_city_small,17,79231,40990,images/tiles/moscow_city_small_17_79231_40990.png,masks/tiles/moscow_city_small_17_79231_40990.png,0.764709,"{""0"": 15420, ""2"": 21306, ""3"": 5547, ""4"": 23263}",Overture Maps,17,EPSG:4326,"max_class_share=0.35,fg_share=0.76"
moscow_city_small_17_79232_40990,moscow_city_small,17,79232,40990,images/tiles/moscow_city_small_17_79232_40990.png,masks/tiles/moscow_city_small_17_79232_40990.png,0.747879,"{""0"": 16523, ""2"": 15994, ""3"": 11245, ""4"": 21774}",Overture Maps,17,EPSG:4326,"max_class_share=0.33,fg_share=0.75"
moscow_city_small_17_79233_40990,moscow_city_small,17,79233,40990,images/tiles/moscow_city_small_17_79233_40990.png,masks/tiles/moscow_city_small_17_79233_40990.png,0.730682,"{""0"": 17650, ""2"": 9334, ""3"": 20726, ""4"": 17826}",Overture Maps,17,EPSG:4326,"max_class_share=0.32,fg_share=0.73"
moscow_city_small_17_79234_40990,moscow_city_small,17,79234,40990,images/tiles/moscow_city_small_17_79234_40990.png,masks/tiles/moscow_city_small_17_79234_40990.png,0.60257,"{""0"": 26046, ""2"": 9771, ""3"": 8691, ""4"": 21028}",Overture Maps,17,EPSG:4326,"max_class_share=0.40,fg_share=0.60"
moscow_city_small_17_79235_40990,moscow_city_small,17,79235,40990,images/tiles/moscow_city_small_17_79235_40990.png,masks/tiles/moscow_city_small_17_79235_40990.png,0.66803,"{""0"": 21756, ""2"": 2006, ""3"": 18680, ""4"": 23094}",Overture Maps,17,EPSG:4326,"max_class_share=0.35,fg_share=0.67"
moscow_city_small_17_79236_40990,moscow_city_small,17,79236,40990,images/tiles/moscow_city_small_17_79236_40990.png,masks/tiles/moscow_city_small_17_79236_40990.png,0.669189,"{""0"": 21680, ""2"": 1598, ""3"": 28714, ""4"": 13544}",Overture Maps,17,EPSG:4326,"max_class_share=0.44,fg_share=0.67"
moscow_city_small_17_79237_40990,moscow_city_small,17,79237,40990,images/tiles/moscow_city_small_17_79237_40990.png,masks/tiles/moscow_city_small_17_79237_40990.png,0.64238,"{""0"": 23437, ""3"": 34751, ""4"": 7348}",Overture Maps,17,EPSG:4326,"max_class_share=0.53,fg_share=0.64"
moscow_city_small_17_79238_40990,moscow_city_small,17,79238,40990,images/tiles/moscow_city_small_17_79238_40990.png,masks/tiles/moscow_city_small_17_79238_40990.png,0.640686,"{""0"": 23548, ""2"": 196, ""3"": 33810, ""4"": 7982}",Overture Maps,17,EPSG:4326,"max_class_share=0.52,fg_share=0.64"
moscow_city_small_17_79239_40990,moscow_city_small,17,79239,40990,images/tiles/moscow_city_small_17_79239_40990.png,masks/tiles/moscow_city_small_17_79239_40990.png,0.601151,"{""0"": 26139, ""2"": 3560, ""3"": 28744, ""4"": 7093}",Overture Maps,17,EPSG:4326,"max_class_share=0.44,fg_share=0.60"
moscow_city_small_17_79240_40990,moscow_city_small,17,79240,40990,images/tiles/moscow_city_small_17_79240_40990.png,masks/tiles/moscow_city_small_17_79240_40990.png,0.386139,"{""0"": 40230, ""1"": 38, ""3"": 23526, ""4"": 1742}",Overture Maps,17,EPSG:4326,"max_class_share=0.61,fg_share=0.39"
moscow_city_small_17_79218_40991,moscow_city_small,17,79218,40991,images/tiles/moscow_city_small_17_79218_40991.png,masks/tiles/moscow_city_small_17_79218_40991.png,0.800461,"{""0"": 13077, ""2"": 19320, ""3"": 26087, ""4"": 7052}",Overture Maps,17,EPSG:4326,"max_class_share=0.40,fg_share=0.80"
moscow_city_small_17_79219_40991,moscow_city_small,17,79219,40991,images/tiles/moscow_city_small_17_79219_40991.png,masks/tiles/moscow_city_small_17_79219_40991.png,0.668869,"{""0"": 21701, ""2"": 20541, ""3"": 9149, ""4"": 14145}",Overture Maps,17,EPSG:4326,"max_class_share=0.33,fg_share=0.67"
moscow_city_small_17_79220_40991,moscow_city_small,17,79220,40991,images/tiles/moscow_city_small_17_79220_40991.png,masks/tiles/moscow_city_small_17_79220_40991.png,0.618881,"{""0"": 24977, ""2"": 14179, ""3"": 19659, ""4"": 6721}",Overture Maps,17,EPSG:4326,"max_class_share=0.38,fg_share=0.62"
moscow_city_small_17_79221_40991,moscow_city_small,17,79221,40991,images/tiles/moscow_city_small_17_79221_40991.png,masks/tiles/moscow_city_small_17_79221_40991.png,0.615036,"{""0"": 25229, ""2"": 185, ""3"": 37281, ""4"": 2841}",Overture Maps,17,EPSG:4326,"max_class_share=0.57,fg_share=0.62"
moscow_city_small_17_79222_40991,moscow_city_small,17,79222,40991,images/tiles/moscow_city_small_17_79222_40991.png,masks/tiles/moscow_city_small_17_79222_40991.png,0.611465,"{""0"": 25463, ""1"": 3305, ""2"": 6501, ""3"": 21314, ""4"": 8953}",Overture Maps,17,EPSG:4326,"max_class_share=0.39,fg_share=0.61"
moscow_city_small_17_79224_40991,moscow_city_small,17,79224,40991,images/tiles/moscow_city_small_17_79224_40991.png,masks/tiles/moscow_city_small_17_79224_40991.png,1.0,"{""1"": 22090, ""2"": 31646, ""3"": 7546, ""4"": 4254}",Overture Maps,17,EPSG:4326,"max_class_share=0.48,fg_share=1.00"
moscow_city_small_17_79225_40991,moscow_city_small,17,79225,40991,images/tiles/moscow_city_small_17_79225_40991.png,masks/tiles/moscow_city_small_17_79225_40991.png,1.0,"{""2"": 53054, ""3"": 1528, ""4"": 10954}",Overture Maps,17,EPSG:4326,"max_class_share=0.81,fg_share=1.00"
moscow_city_small_17_79226_40991,moscow_city_small,17,79226,40991,images/tiles/moscow_city_small_17_79226_40991.png,masks/tiles/moscow_city_small_17_79226_40991.png,1.0,"{""2"": 48062, ""3"": 11213, ""4"": 6261}",Overture Maps,17,EPSG:4326,"max_class_share=0.73,fg_share=1.00"
moscow_city_small_17_79227_40991,moscow_city_small,17,79227,40991,images/tiles/moscow_city_small_17_79227_40991.png,masks/tiles/moscow_city_small_17_79227_40991.png,0.791809,"{""0"": 13644, ""2"": 26295, ""3"": 22450, ""4"": 3147}",Overture Maps,17,EPSG:4326,"max_class_share=0.40,fg_share=0.79"
moscow_city_small_17_79228_40991,moscow_city_small,17,79228,40991,images/tiles/moscow_city_small_17_79228_40991.png,masks/tiles/moscow_city_small_17_79228_40991.png,0.641418,"{""0"": 23500, ""2"": 701, ""3"": 36295, ""4"": 5040}",Overture Maps,17,EPSG:4326,"max_class_share=0.55,fg_share=0.64"
moscow_city_small_17_79229_40991,moscow_city_small,17,79229,40991,images/tiles/moscow_city_small_17_79229_40991.png,masks/tiles/moscow_city_small_17_79229_40991.png,0.538666,"{""0"": 30234, ""2"": 3861, ""3"": 13245, ""4"": 18196}",Overture Maps,17,EPSG:4326,"max_class_share=0.46,fg_share=0.54"
moscow_city_small_17_79230_40991,moscow_city_small,17,79230,40991,images/tiles/moscow_city_small_17_79230_40991.png,masks/tiles/moscow_city_small_17_79230_40991.png,0.581131,"{""0"": 27451, ""2"": 2390, ""3"": 22737, ""4"": 12958}",Overture Maps,17,EPSG:4326,"max_class_share=0.42,fg_share=0.58"
moscow_city_small_17_79231_40991,moscow_city_small,17,79231,40991,images/tiles/moscow_city_small_17_79231_40991.png,masks/tiles/moscow_city_small_17_79231_40991.png,0.379868,"{""0"": 40641, ""3"": 17571, ""4"": 7324}",Overture Maps,17,EPSG:4326,"max_class_share=0.62,fg_share=0.38"
moscow_city_small_17_79232_40991,moscow_city_small,17,79232,40991,images/tiles/moscow_city_small_17_79232_40991.png,masks/tiles/moscow_city_small_17_79232_40991.png,0.463318,"{""0"": 35172, ""3"": 17652, ""4"": 12712}",Overture Maps,17,EPSG:4326,"max_class_share=0.54,fg_share=0.46"
moscow_city_small_17_79233_40991,moscow_city_small,17,79233,40991,images/tiles/moscow_city_small_17_79233_40991.png,masks/tiles/moscow_city_small_17_79233_40991.png,0.545563,"{""0"": 29782, ""2"": 246, ""3"": 26627, ""4"": 8881}",Overture Maps,17,EPSG:4326,"max_class_share=0.45,fg_share=0.55"
moscow_city_small_17_79234_40991,moscow_city_small,17,79234,40991,images/tiles/moscow_city_small_17_79234_40991.png,masks/tiles/moscow_city_small_17_79234_40991.png,0.560242,"{""0"": 28820, ""2"": 7294, ""3"": 16452, ""4"": 12970}",Overture Maps,17,EPSG:4326,"max_class_share=0.44,fg_share=0.56"
moscow_city_small_17_79235_40991,moscow_city_small,17,79235,40991,images/tiles/moscow_city_small_17_79235_40991.png,masks/tiles/moscow_city_small_17_79235_40991.png,0.544174,"{""0"": 29873, ""3"": 32616, ""4"": 3047}",Overture Maps,17,EPSG:4326,"max_class_share=0.50,fg_share=0.54"
moscow_city_small_17_79236_40991,moscow_city_small,17,79236,40991,images/tiles/moscow_city_small_17_79236_40991.png,masks/tiles/moscow_city_small_17_79236_40991.png,0.711472,"{""0"": 18909, ""3"": 39982, ""4"": 6645}",Overture Maps,17,EPSG:4326,"max_class_share=0.61,fg_share=0.71"
moscow_city_small_17_79237_40991,moscow_city_small,17,79237,40991,images/tiles/moscow_city_small_17_79237_40991.png,masks/tiles/moscow_city_small_17_79237_40991.png,0.446304,"{""0"": 36287, ""3"": 23220, ""4"": 6029}",Overture Maps,17,EPSG:4326,"max_class_share=0.55,fg_share=0.45"
moscow_city_small_17_79238_40991,moscow_city_small,17,79238,40991,images/tiles/moscow_city_small_17_79238_40991.png,masks/tiles/moscow_city_small_17_79238_40991.png,0.493668,"{""0"": 33183, ""3"": 22420, ""4"": 9933}",Overture Maps,17,EPSG:4326,"max_class_share=0.51,fg_share=0.49"
moscow_city_small_17_79239_40991,moscow_city_small,17,79239,40991,images/tiles/moscow_city_small_17_79239_40991.png,masks/tiles/moscow_city_small_17_79239_40991.png,0.468643,"{""0"": 34823, ""2"": 390, ""3"": 18401, ""4"": 11922}",Overture Maps,17,EPSG:4326,"max_class_share=0.53,fg_share=0.47"
moscow_city_small_17_79240_40991,moscow_city_small,17,79240,40991,images/tiles/moscow_city_small_17_79240_40991.png,masks/tiles/moscow_city_small_17_79240_40991.png,0.186707,"{""0"": 53300, ""3"": 11062, ""4"": 1174}",Overture Maps,17,EPSG:4326,"max_class_share=0.81,fg_share=0.19"
moscow_city_small_17_79218_40992,moscow_city_small,17,79218,40992,images/tiles/moscow_city_small_17_79218_40992.png,masks/tiles/moscow_city_small_17_79218_40992.png,0.583801,"{""0"": 27276, ""2"": 5137, ""3"": 19204, ""4"": 13919}",Overture Maps,17,EPSG:4326,"max_class_share=0.42,fg_share=0.58"
moscow_city_small_17_79219_40992,moscow_city_small,17,79219,40992,images/tiles/moscow_city_small_17_79219_40992.png,masks/tiles/moscow_city_small_17_79219_40992.png,0.395081,"{""0"": 39644, ""2"": 666, ""3"": 15927, ""4"": 9299}",Overture Maps,17,EPSG:4326,"max_class_share=0.60,fg_share=0.40"
moscow_city_small_17_79220_40992,moscow_city_small,17,79220,40992,images/tiles/moscow_city_small_17_79220_40992.png,masks/tiles/moscow_city_small_17_79220_40992.png,0.539368,"{""0"": 30188, ""2"": 16567, ""3"": 10654, ""4"": 8127}",Overture Maps,17,EPSG:4326,"max_class_share=0.46,fg_share=0.54"
moscow_city_small_17_79221_40992,moscow_city_small,17,79221,40992,images/tiles/moscow_city_small_17_79221_40992.png,masks/tiles/moscow_city_small_17_79221_40992.png,0.800323,"{""0"": 13086, ""2"": 35426, ""3"": 12500, ""4"": 4524}",Overture Maps,17,EPSG:4326,"max_class_share=0.54,fg_share=0.80"
moscow_city_small_17_79222_40992,moscow_city_small,17,79222,40992,images/tiles/moscow_city_small_17_79222_40992.png,masks/tiles/moscow_city_small_17_79222_40992.png,0.769012,"{""0"": 15138, ""1"": 28067, ""2"": 9235, ""3"": 4266, ""4"": 8830}",Overture Maps,17,EPSG:4326,"max_class_share=0.43,fg_share=0.77"
moscow_city_small_17_79223_40992,moscow_city_small,17,79223,40992,images/tiles/moscow_city_small_17_79223_40992.png,masks/tiles/moscow_city_small_17_79223_40992.png,1.0,"{""1"": 57985, ""2"": 4051, ""4"": 3500}",Overture Maps,17,EPSG:4326,"max_class_share=0.88,fg_share=1.00"
moscow_city_small_17_79224_40992,moscow_city_small,17,79224,40992,images/tiles/moscow_city_small_17_79224_40992.png,masks/tiles/moscow_city_small_17_79224_40992.png,1.0,"{""1"": 4813, ""2"": 53705, ""3"": 4323, ""4"": 2695}",Overture Maps,17,EPSG:4326,"max_class_share=0.82,fg_share=1.00"
moscow_city_small_17_79225_40992,moscow_city_small,17,79225,40992,images/tiles/moscow_city_small_17_79225_40992.png,masks/tiles/moscow_city_small_17_79225_40992.png,1.0,"{""1"": 1593, ""2"": 57407, ""3"": 6023, ""4"": 513}",Overture Maps,17,EPSG:4326,"max_class_share=0.88,fg_share=1.00"
moscow_city_small_17_79226_40992,moscow_city_small,17,79226,40992,images/tiles/moscow_city_small_17_79226_40992.png,masks/tiles/moscow_city_small_17_79226_40992.png,0.801254,"{""0"": 13025, ""2"": 36140, ""3"": 10318, ""4"": 6053}",Overture Maps,17,EPSG:4326,"max_class_share=0.55,fg_share=0.80"
moscow_city_small_17_79227_40992,moscow_city_small,17,79227,40992,images/tiles/moscow_city_small_17_79227_40992.png,masks/tiles/moscow_city_small_17_79227_40992.png,0.568115,"{""0"": 28304, ""2"": 10652, ""3"": 23541, ""4"": 3039}",Overture Maps,17,EPSG:4326,"max_class_share=0.43,fg_share=0.57"
moscow_city_small_17_79228_40992,moscow_city_small,17,79228,40992,images/tiles/moscow_city_small_17_79228_40992.png,masks/tiles/moscow_city_small_17_79228_40992.png,0.495895,"{""0"": 33037, ""2"": 3044, ""3"": 15449, ""4"": 14006}",Overture Maps,17,EPSG:4326,"max_class_share=0.50,fg_share=0.50"
moscow_city_small_17_79229_40992,moscow_city_small,17,79229,40992,images/tiles/moscow_city_small_17_79229_40992.png,masks/tiles/moscow_city_small_17_79229_40992.png,0.572525,"{""0"": 28015, ""2"": 2234, ""3"": 23712, ""4"": 11575}",Overture Maps,17,EPSG:4326,"max_class_share=0.43,fg_share=0.57"
moscow_city_small_17_79230_40992,moscow_city_small,17,79230,40992,images/tiles/moscow_city_small_17_79230_40992.png,masks/tiles/moscow_city_small_17_79230_40992.png,0.633453,"{""0"": 24022, ""2"": 2394, ""3"": 37526, ""4"": 1594}",Overture Maps,17,EPSG:4326,"max_class_share=0.57,fg_share=0.63"
moscow_city_small_17_79231_40992,moscow_city_small,17,79231,40992,images/tiles/moscow_city_small_17_79231_40992.png,masks/tiles/moscow_city_small_17_79231_40992.png,0.35527,"{""0"": 42253, ""3"": 16326, ""4"": 6957}",Overture Maps,17,EPSG:4326,"max_class_share=0.64,fg_share=0.36"
moscow_city_small_17_79232_40992,moscow_city_small,17,79232,40992,images/tiles/moscow_city_small_17_79232_40992.png,masks/tiles/moscow_city_small_17_79232_40992.png,0.404114,"{""0"": 39052, ""3"": 17919, ""4"": 8565}",Overture Maps,17,EPSG:4326,"max_class_share=0.60,fg_share=0.40"
moscow_city_small_17_79233_40992,moscow_city_small,17,79233,40992,images/tiles/moscow_city_small_17_79233_40992.png,masks/tiles/moscow_city_small_17_79233_40992.png,0.391037,"{""0"": 39909, ""2"": 5421, ""3"": 12670, ""4"": 7536}",Overture Maps,17,EPSG:4326,"max_class_share=0.61,fg_share=0.39"
moscow_city_small_17_79234_40992,moscow_city_small,17,79234,40992,images/tiles/moscow_city_small_17_79234_40992.png,masks/tiles/moscow_city_small_17_79234_40992.png,0.515015,"{""0"": 31784, ""2"": 1754, ""3"": 20096, ""4"": 11902}",Overture Maps,17,EPSG:4326,"max_class_share=0.48,fg_share=0.52"
moscow_city_small_17_79235_40992,moscow_city_small,17,79235,40992,images/tiles/moscow_city_small_17_79235_40992.png,masks/tiles/moscow_city_small_17_79235_40992.png,0.519516,"{""0"": 31489, ""3"": 23091, ""4"": 10956}",Overture Maps,17,EPSG:4326,"max_class_share=0.48,fg_share=0.52"
moscow_city_small_17_79236_40992,moscow_city_small,17,79236,40992,images/tiles/moscow_city_small_17_79236_40992.png,masks/tiles/moscow_city_small_17_79236_40992.png,0.598038,"{""0"": 26343, ""2"": 1352, ""3"": 29637, ""4"": 8204}",Overture Maps,17,EPSG:4326,"max_class_share=0.45,fg_share=0.60"
moscow_city_small_17_79237_40992,moscow_city_small,17,79237,40992,images/tiles/moscow_city_small_17_79237_40992.png,masks/tiles/moscow_city_small_17_79237_40992.png,0.490845,"{""0"": 33368, ""3"": 23360, ""4"": 8808}",Overture Maps,17,EPSG:4326,"max_class_share=0.51,fg_share=0.49"
moscow_city_small_17_79238_40992,moscow_city_small,17,79238,40992,images/tiles/moscow_city_small_17_79238_40992.png,masks/tiles/moscow_city_small_17_79238_40992.png,0.435379,"{""0"": 37003, ""3"": 17495, ""4"": 11038}",Overture Maps,17,EPSG:4326,"max_class_share=0.56,fg_share=0.44"
moscow_city_small_17_79239_40992,moscow_city_small,17,79239,40992,images/tiles/moscow_city_small_17_79239_40992.png,masks/tiles/moscow_city_small_17_79239_40992.png,0.415298,"{""0"": 38319, ""2"": 2682, ""3"": 14865, ""4"": 9670}",Overture Maps,17,EPSG:4326,"max_class_share=0.58,fg_share=0.42"
moscow_city_small_17_79240_40992,moscow_city_small,17,79240,40992,images/tiles/moscow_city_small_17_79240_40992.png,masks/tiles/moscow_city_small_17_79240_40992.png,0.246933,"{""0"": 49353, ""2"": 10, ""3"": 14026, ""4"": 2147}",Overture Maps,17,EPSG:4326,"max_class_share=0.75,fg_share=0.25"
moscow_city_small_17_79218_40993,moscow_city_small,17,79218,40993,images/tiles/moscow_city_small_17_79218_40993.png,masks/tiles/moscow_city_small_17_79218_40993.png,0.501953,"{""0"": 32640, ""2"": 7911, ""3"": 11535, ""4"": 13450}",Overture Maps,17,EPSG:4326,"max_class_share=0.50,fg_share=0.50"
moscow_city_small_17_79219_40993,moscow_city_small,17,79219,40993,images/tiles/moscow_city_small_17_79219_40993.png,masks/tiles/moscow_city_small_17_79219_40993.png,0.393066,"{""0"": 39776, ""3"": 18828, ""4"": 6932}",Overture Maps,17,EPSG:4326,"max_class_share=0.61,fg_share=0.39"
moscow_city_small_17_79220_40993,moscow_city_small,17,79220,40993,images/tiles/moscow_city_small_17_79220_40993.png,masks/tiles/moscow_city_small_17_79220_40993.png,0.515411,"{""0"": 31758, ""3"": 29417, ""4"": 4361}",Overture Maps,17,EPSG:4326,"max_class_share=0.48,fg_share=0.52"
moscow_city_small_17_79221_40993,moscow_city_small,17,79221,40993,images/tiles/moscow_city_small_17_79221_40993.png,masks/tiles/moscow_city_small_17_79221_40993.png,0.515381,"{""0"": 31760, ""1"": 4662, ""2"": 4871, ""3"": 12999, ""4"": 11244}",Overture Maps,17,EPSG:4326,"max_class_share=0.48,fg_share=0.52"
moscow_city_small_17_79222_40993,moscow_city_small,17,79222,40993,images/tiles/moscow_city_small_17_79222_40993.png,masks/tiles/moscow_city_small_17_79222_40993.png,0.942307,"{""0"": 3781, ""1"": 56117, ""2"": 19, ""3"": 4027, ""4"": 1592}",Overture Maps,17,EPSG:4326,"max_class_share=0.86,fg_share=0.94"
moscow_city_small_17_79223_40993,moscow_city_small,17,79223,40993,images/tiles/moscow_city_small_17_79223_40993.png,masks/tiles/moscow_city_small_17_79223_40993.png,1.0,"{""1"": 28660, ""2"": 30339, ""3"": 2163, ""4"": 4374}",Overture Maps,17,EPSG:4326,"max_class_share=0.46,fg_share=1.00"
moscow_city_small_17_79224_40993,moscow_city_small,17,79224,40993,images/tiles/moscow_city_small_17_79224_40993.png,masks/tiles/moscow_city_small_17_79224_40993.png,1.0,"{""1"": 37050, ""2"": 24332, ""3"": 4154}",Overture Maps,17,EPSG:4326,"max_class_share=0.57,fg_share=1.00"
moscow_city_small_17_79225_40993,moscow_city_small,17,79225,40993,images/tiles/moscow_city_small_17_79225_40993.png,masks/tiles/moscow_city_small_17_79225_40993.png,0.962616,"{""0"": 2450, ""1"": 1806, ""2"": 45050, ""3"": 13176, ""4"": 3054}",Overture Maps,17,EPSG:4326,"max_class_share=0.69,fg_share=0.96"
moscow_city_small_17_79226_40993,moscow_city_small,17,79226,40993,images/tiles/moscow_city_small_17_79226_40993.png,masks/tiles/moscow_city_small_17_79226_40993.png,0.579727,"{""0"": 27543, ""2"": 6740, ""3"": 24229, ""4"": 7024}",Overture Maps,17,EPSG:4326,"max_class_share=0.42,fg_share=0.58"
moscow_city_small_17_79227_40993,moscow_city_small,17,79227,40993,images/tiles/moscow_city_small_17_79227_40993.png,masks/tiles/moscow_city_small_17_79227_40993.png,0.339676,"{""0"": 43275, ""3"": 10243, ""4"": 12018}",Overture Maps,17,EPSG:4326,"max_class_share=0.66,fg_share=0.34"
moscow_city_small_17_79228_40993,moscow_city_small,17,79228,40993,images/tiles/moscow_city_small_17_79228_40993.png,masks/tiles/moscow_city_small_17_79228_40993.png,0.470413,"{""0"": 34707, ""3"": 21062, ""4"": 9767}",Overture Maps,17,EPSG:4326,"max_class_share=0.53,fg_share=0.47"
moscow_city_small_17_79229_40993,moscow_city_small,17,79229,40993,images/tiles/moscow_city_small_17_79229_40993.png,masks/tiles/moscow_city_small_17_79229_40993.png,0.486053,"{""0"": 33682, ""2"": 743, ""3"": 20342, ""4"": 10769}",Overture Maps,17,EPSG:4326,"max_class_share=0.51,fg_share=0.49"
moscow_city_small_17_79230_40993,moscow_city_small,17,79230,40993,images/tiles/moscow_city_small_17_79230_40993.png,masks/tiles/moscow_city_small_17_79230_40993.png,0.565475,"{""0"": 28477, ""3"": 36104, ""4"": 955}",Overture Maps,17,EPSG:4326,"max_class_share=0.55,fg_share=0.57"
moscow_city_small_17_79231_40993,moscow_city_small,17,79231,40993,images/tiles/moscow_city_small_17_79231_40993.png,masks/tiles/moscow_city_small_17_79231_40993.png,0.468643,"{""0"": 34823, ""3"": 24144, ""4"": 6569}",Overture Maps,17,EPSG:4326,"max_class_share=0.53,fg_share=0.47"
moscow_city_small_17_79232_40993,moscow_city_small,17,79232,40993,images/tiles/moscow_city_small_17_79232_40993.png,masks/tiles/moscow_city_small_17_79232_40993.png,0.563171,"{""0"": 28628, ""3"": 28887, ""4"": 8021}",Overture Maps,17,EPSG:4326,"max_class_share=0.44,fg_share=0.56"
moscow_city_small_17_79233_40993,moscow_city_small,17,79233,40993,images/tiles/moscow_city_small_17_79233_40993.png,masks/tiles/moscow_city_small_17_79233_40993.png,0.460541,"{""0"": 35354, ""2"": 4685, ""3"": 15767, ""4"": 9730}",Overture Maps,17,EPSG:4326,"max_class_share=0.54,fg_share=0.46"
moscow_city_small_17_79234_40993,moscow_city_small,17,79234,40993,images/tiles/moscow_city_small_17_79234_40993.png,masks/tiles/moscow_city_small_17_79234_40993.png,0.513138,"{""0"": 31907, ""3"": 26362, ""4"": 7267}",Overture Maps,17,EPSG:4326,"max_class_share=0.49,fg_share=0.51"
moscow_city_small_17_79235_40993,moscow_city_small,17,79235,40993,images/tiles/moscow_city_small_17_79235_40993.png,masks/tiles/moscow_city_small_17_79235_40993.png,0.591064,"{""0"": 26800, ""2"": 390, ""3"": 26968, ""4"": 11378}",Overture Maps,17,EPSG:4326,"max_class_share=0.41,fg_share=0.59"
moscow_city_small_17_79236_40993,moscow_city_small,17,79236,40993,images/tiles/moscow_city_small_17_79236_40993.png,masks/tiles/moscow_city_small_17_79236_40993.png,0.543396,"{""0"": 29924, ""3"": 26775, ""4"": 8837}",Overture Maps,17,EPSG:4326,"max_class_share=0.46,fg_share=0.54"
moscow_city_small_17_79237_40993,moscow_city_small,17,79237,40993,images/tiles/moscow_city_small_17_79237_40993.png,masks/tiles/moscow_city_small_17_79237_40993.png,0.559113,"{""0"": 28894, ""3"": 28419, ""4"": 8223}",Overture Maps,17,EPSG:4326,"max_class_share=0.44,fg_share=0.56"
moscow_city_small_17_79238_40993,moscow_city_small,17,79238,40993,images/tiles/moscow_city_small_17_79238_40993.png,masks/tiles/moscow_city_small_17_79238_40993.png,0.487518,"{""0"": 33586, ""3"": 25002, ""4"": 6948}",Overture Maps,17,EPSG:4326,"max_class_share=0.51,fg_share=0.49"
moscow_city_small_17_79239_40993,moscow_city_small,17,79239,40993,images/tiles/moscow_city_small_17_79239_40993.png,masks/tiles/moscow_city_small_17_79239_40993.png,0.556564,"{""0"": 29061, ""2"": 1881, ""3"": 23782, ""4"": 10812}",Overture Maps,17,EPSG:4326,"max_class_share=0.44,fg_share=0.56"
moscow_city_small_17_79240_40993,moscow_city_small,17,79240,40993,images/tiles/moscow_city_small_17_79240_40993.png,masks/tiles/moscow_city_small_17_79240_40993.png,0.193161,"{""0"": 52877, ""2"": 1009, ""3"": 8260, ""4"": 3390}",Overture Maps,17,EPSG:4326,"max_class_share=0.81,fg_share=0.19"
moscow_city_small_17_79218_40994,moscow_city_small,17,79218,40994,images/tiles/moscow_city_small_17_79218_40994.png,masks/tiles/moscow_city_small_17_79218_40994.png,0.470642,"{""0"": 34692, ""2"": 14497, ""3"": 8823, ""4"": 7524}",Overture Maps,17,EPSG:4326,"max_class_share=0.53,fg_share=0.47"
moscow_city_small_17_79219_40994,moscow_city_small,17,79219,40994,images/tiles/moscow_city_small_17_79219_40994.png,masks/tiles/moscow_city_small_17_79219_40994.png,0.540924,"{""0"": 30086, ""2"": 9569, ""3"": 18335, ""4"": 7546}",Overture Maps,17,EPSG:4326,"max_class_share=0.46,fg_share=0.54"
moscow_city_small_17_79220_40994,moscow_city_small,17,79220,40994,images/tiles/moscow_city_small_17_79220_40994.png,masks/tiles/moscow_city_small_17_79220_40994.png,0.368958,"{""0"": 41356, ""3"": 17913, ""4"": 6267}",Overture Maps,17,EPSG:4326,"max_class_share=0.63,fg_share=0.37"
moscow_city_small_17_79221_40994,moscow_city_small,17,79221,40994,images/tiles/moscow_city_small_17_79221_40994.png,masks/tiles/moscow_city_small_17_79221_40994.png,0.737305,"{""0"": 17216, ""1"": 38286, ""3"": 2402, ""4"": 7632}",Overture Maps,17,EPSG:4326,"max_class_share=0.58,fg_share=0.74"
moscow_city_small_17_79222_40994,moscow_city_small,17,79222,40994,images/tiles/moscow_city_small_17_79222_40994.png,masks/tiles/moscow_city_small_17_79222_40994.png,1.0,"{""1"": 47420, ""2"": 15283, ""3"": 1570, ""4"": 1263}",Overture Maps,17,EPSG:4326,"max_class_share=0.72,fg_share=1.00"
moscow_city_small_17_79223_40994,moscow_city_small,17,79223,40994,images/tiles/moscow_city_small_17_79223_40994.png,masks/tiles/moscow_city_small_17_79223_40994.png,1.0,"{""1"": 990, ""2"": 47768, ""3"": 11788, ""4"": 4990}",Overture Maps,17,EPSG:4326,"max_class_share=0.73,fg_share=1.00"
moscow_city_small_17_79224_40994,moscow_city_small,17,79224,40994,images/tiles/moscow_city_small_17_79224_40994.png,masks/tiles/moscow_city_small_17_79224_40994.png,1.0,"{""1"": 152, ""2"": 58042, ""3"": 4418, ""4"": 2924}",Overture Maps,17,EPSG:4326,"max_class_share=0.89,fg_share=1.00"
moscow_city_small_17_79225_40994,moscow_city_small,17,79225,40994,images/tiles/moscow_city_small_17_79225_40994.png,masks/tiles/moscow_city_small_17_79225_40994.png,0.885971,"{""0"": 7473, ""2"": 32630, ""3"": 20173, ""4"": 5260}",Overture Maps,17,EPSG:4326,"max_class_share=0.50,fg_share=0.89"
moscow_city_small_17_79226_40994,moscow_city_small,17,79226,40994,images/tiles/moscow_city_small_17_79226_40994.png,masks/tiles/moscow_city_small_17_79226_40994.png,0.829712,"{""0"": 11160, ""2"": 29175, ""3"": 13835, ""4"": 11366}",Overture Maps,17,EPSG:4326,"max_class_share=0.45,fg_share=0.83"
moscow_city_small_17_79227_40994,moscow_city_small,17,79227,40994,images/tiles/moscow_city_small_17_79227_40994.png,masks/tiles/moscow_city_small_17_79227_40994.png,0.38443,"{""0"": 40342, ""2"": 133, ""3"": 16964, ""4"": 8097}",Overture Maps,17,EPSG:4326,"max_class_share=0.62,fg_share=0.38"
moscow_city_small_17_79228_40994,moscow_city_small,17,79228,40994,images/tiles/moscow_city_small_17_79228_40994.png,masks/tiles/moscow_city_small_17_79228_40994.png,0.44548,"{""0"": 36341, ""2"": 444, ""3"": 20294, ""4"": 8457}",Overture Maps,17,EPSG:4326,"max_class_share=0.55,fg_share=0.45"
moscow_city_small_17_79229_40994,moscow_city_small,17,79229,40994,images/tiles/moscow_city_small_17_79229_40994.png,masks/tiles/moscow_city_small_17_79229_40994.png,0.69371,"{""0"": 20073, ""2"": 2272, ""3"": 30370, ""4"": 12821}",Overture Maps,17,EPSG:4326,"max_class_share=0.46,fg_share=0.69"
moscow_city_small_17_79230_40994,moscow_city_small,17,79230,40994,images/tiles/moscow_city_small_17_79230_40994.png,masks/tiles/moscow_city_small_17_79230_40994.png,0.486176,"{""0"": 33674, ""2"": 443, ""3"": 26441, ""4"": 4978}",Overture Maps,17,EPSG:4326,"max_class_share=0.51,fg_share=0.49"
moscow_city_small_17_79231_40994,moscow_city_small,17,79231,40994,images/tiles/moscow_city_small_17_79231_40994.png,masks/tiles/moscow_city_small_17_79231_40994.png,0.521744,"{""0"": 31343, ""3"": 28402, ""4"": 5791}",Overture Maps,17,EPSG:4326,"max_class_share=0.48,fg_share=0.52"
moscow_city_small_17_79232_40994,moscow_city_small,17,79232,40994,images/tiles/moscow_city_small_17_79232_40994.png,masks/tiles/moscow_city_small_17_79232_40994.png,0.495255,"{""0"": 33079, ""3"": 24532, ""4"": 7925}",Overture Maps,17,EPSG:4326,"max_class_share=0.50,fg_share=0.50"
moscow_city_small_17_79233_40994,moscow_city_small,17,79233,40994,images/tiles/moscow_city_small_17_79233_40994.png,masks/tiles/moscow_city_small_17_79233_40994.png,0.389893,"{""0"": 39984, ""2"": 1235, ""3"": 12880, ""4"": 11437}",Overture Maps,17,EPSG:4326,"max_class_share=0.61,fg_share=0.39"
moscow_city_small_17_79234_40994,moscow_city_small,17,79234,40994,images/tiles/moscow_city_small_17_79234_40994.png,masks/tiles/moscow_city_small_17_79234_40994.png,0.503632,"{""0"": 32530, ""2"": 6542, ""3"": 19094, ""4"": 7370}",Overture Maps,17,EPSG:4326,"max_class_share=0.50,fg_share=0.50"
moscow_city_small_17_79235_40994,moscow_city_small,17,79235,40994,images/tiles/moscow_city_small_17_79235_40994.png,masks/tiles/moscow_city_small_17_79235_40994.png,0.55423,"{""0"": 29214, ""2"": 409, ""3"": 23809, ""4"": 12104}",Overture Maps,17,EPSG:4326,"max_class_share=0.45,fg_share=0.55"
moscow_city_small_17_79236_40994,moscow_city_small,17,79236,40994,images/tiles/moscow_city_small_17_79236_40994.png,masks/tiles/moscow_city_small_17_79236_40994.png,0.448166,"{""0"": 36165, ""3"": 20110, ""4"": 9261}",Overture Maps,17,EPSG:4326,"max_class_share=0.55,fg_share=0.45"
moscow_city_small_17_79237_40994,moscow_city_small,17,79237,40994,images/tiles/moscow_city_small_17_79237_40994.png,masks/tiles/moscow_city_small_17_79237_40994.png,0.610153,"{""0"": 25549, ""2"": 3, ""3"": 27969, ""4"": 12015}",Overture Maps,17,EPSG:4326,"max_class_share=0.43,fg_share=0.61"
moscow_city_small_17_79238_40994,moscow_city_small,17,79238,40994,images/tiles/moscow_city_small_17_79238_40994.png,masks/tiles/moscow_city_small_17_79238_40994.png,0.628845,"{""0"": 24324, ""2"": 237, ""3"": 33369, ""4"": 7606}",Overture Maps,17,EPSG:4326,"max_class_share=0.51,fg_share=0.63"
moscow_city_small_17_79239_40994,moscow_city_small,17,79239,40994,images/tiles/moscow_city_small_17_79239_40994.png,masks/tiles/moscow_city_small_17_79239_40994.png,0.703293,"{""0"": 19445, ""2"": 24894, ""3"": 14722, ""4"": 6475}",Overture Maps,17,EPSG:4326,"max_class_share=0.38,fg_share=0.70"
moscow_city_small_17_79240_40994,moscow_city_small,17,79240,40994,images/tiles/moscow_city_small_17_79240_40994.png,masks/tiles/moscow_city_small_17_79240_40994.png,0.203674,"{""0"": 52188, ""3"": 9582, ""4"": 3766}",Overture Maps,17,EPSG:4326,"max_class_share=0.80,fg_share=0.20"
moscow_city_small_17_79218_40995,moscow_city_small,17,79218,40995,images/tiles/moscow_city_small_17_79218_40995.png,masks/tiles/moscow_city_small_17_79218_40995.png,0.393539,"{""0"": 39745, ""2"": 3535, ""3"": 18265, ""4"": 3991}",Overture Maps,17,EPSG:4326,"max_class_share=0.61,fg_share=0.39"
moscow_city_small_17_79219_40995,moscow_city_small,17,79219,40995,images/tiles/moscow_city_small_17_79219_40995.png,masks/tiles/moscow_city_small_17_79219_40995.png,0.559998,"{""0"": 28836, ""2"": 14108, ""3"": 13794, ""4"": 8798}",Overture Maps,17,EPSG:4326,"max_class_share=0.44,fg_share=0.56"
moscow_city_small_17_79220_40995,moscow_city_small,17,79220,40995,images/tiles/moscow_city_small_17_79220_40995.png,masks/tiles/moscow_city_small_17_79220_40995.png,0.598221,"{""0"": 26331, ""1"": 12237, ""2"": 4848, ""3"": 9853, ""4"": 12267}",Overture Maps,17,EPSG:4326,"max_class_share=0.40,fg_share=0.60"
moscow_city_small_17_79221_40995,moscow_city_small,17,79221,40995,images/tiles/moscow_city_small_17_79221_40995.png,masks/tiles/moscow_city_small_17_79221_40995.png,0.987839,"{""0"": 797, ""1"": 61295, ""2"": 3139, ""4"": 305}",Overture Maps,17,EPSG:4326,"max_class_share=0.94,fg_share=0.99"
moscow_city_small_17_79222_40995,moscow_city_small,17,79222,40995,images/tiles/moscow_city_small_17_79222_40995.png,masks/tiles/moscow_city_small_17_79222_40995.png,1.0,"{""1"": 7785, ""2"": 36590, ""3"": 19298, ""4"": 1863}",Overture Maps,17,EPSG:4326,"max_class_share=0.56,fg_share=1.00"
moscow_city_small_17_79223_40995,moscow_city_small,17,79223,40995,images/tiles/moscow_city_small_17_79223_40995.png,masks/tiles/moscow_city_small_17_79223_40995.png,0.969879,"{""0"": 1974, ""2"": 46903, ""3"": 13170, ""4"": 3489}",Overture Maps,17,EPSG:4326,"max_class_share=0.72,fg_share=0.97"
moscow_city_small_17_79224_40995,moscow_city_small,17,79224,40995,images/tiles/moscow_city_small_17_79224_40995.png,masks/tiles/moscow_city_small_17_79224_40995.png,0.772125,"{""0"": 14934, ""2"": 27316, ""3"": 16522, ""4"": 6764}",Overture Maps,17,EPSG:4326,"max_class_share=0.42,fg_share=0.77"
moscow_city_small_17_79225_40995,moscow_city_small,17,79225,40995,images/tiles/moscow_city_small_17_79225_40995.png,masks/tiles/moscow_city_small_17_79225_40995.png,0.914566,"{""0"": 5599, ""2"": 40366, ""3"": 8981, ""4"": 10590}",Overture Maps,17,EPSG:4326,"max_class_share=0.62,fg_share=0.91"
moscow_city_small_17_79226_40995,moscow_city_small,17,79226,40995,images/tiles/moscow_city_small_17_79226_40995.png,masks/tiles/moscow_city_small_17_79226_40995.png,0.614227,"{""0"": 25282, ""2"": 19750, ""3"": 10473, ""4"": 10031}",Overture Maps,17,EPSG:4326,"max_class_share=0.39,fg_share=0.61"
moscow_city_small_17_79227_40995,moscow_city_small,17,79227,40995,images/tiles/moscow_city_small_17_79227_40995.png,masks/tiles/moscow_city_small_17_79227_40995.png,0.394653,"{""0"": 39672, ""2"": 2065, ""3"": 17574, ""4"": 6225}",Overture Maps,17,EPSG:4326,"max_class_share=0.61,fg_share=0.39"
moscow_city_small_17_79228_40995,moscow_city_small,17,79228,40995,images/tiles/moscow_city_small_17_79228_40995.png,masks/tiles/moscow_city_small_17_79228_40995.png,0.367584,"{""0"": 41446, ""2"": 382, ""3"": 16791, ""4"": 6917}",Overture Maps,17,EPSG:4326,"max_class_share=0.63,fg_share=0.37"
moscow_city_small_17_79229_40995,moscow_city_small,17,79229,40995,images/tiles/moscow_city_small_17_79229_40995.png,masks/tiles/moscow_city_small_17_79229_40995.png,0.638474,"{""0"": 23693, ""2"": 8637, ""3"": 20293, ""4"": 12913}",Overture Maps,17,EPSG:4326,"max_class_share=0.36,fg_share=0.64"
moscow_city_small_17_79230_40995,moscow_city_small,17,79230,40995,images/tiles/moscow_city_small_17_79230_40995.png,masks/tiles/moscow_city_small_17_79230_40995.png,0.467987,"{""0"": 34866, ""3"": 24650, ""4"": 6020}",Overture Maps,17,EPSG:4326,"max_class_share=0.53,fg_share=0.47"
moscow_city_small_17_79231_40995,moscow_city_small,17,79231,40995,images/tiles/moscow_city_small_17_79231_40995.png,masks/tiles/moscow_city_small_17_79231_40995.png,0.455994,"{""0"": 35652, ""3"": 22397, ""4"": 7487}",Overture Maps,17,EPSG:4326,"max_class_share=0.54,fg_share=0.46"
moscow_city_small_17_79232_40995,moscow_city_small,17,79232,40995,images/tiles/moscow_city_small_17_79232_40995.png,masks/tiles/moscow_city_small_17_79232_40995.png,0.50621,"{""0"": 32361, ""3"": 23376, ""4"": 9799}",Overture Maps,17,EPSG:4326,"max_class_share=0.49,fg_share=0.51"
moscow_city_small_17_79233_40995,moscow_city_small,17,79233,40995,images/tiles/moscow_city_small_17_79233_40995.png,masks/tiles/moscow_city_small_17_79233_40995.png,0.45517,"{""0"": 35706, ""3"": 18565, ""4"": 11265}",Overture Maps,17,EPSG:4326,"max_class_share=0.54,fg_share=0.46"
moscow_city_small_17_79234_40995,moscow_city_small,17,79234,40995,images/tiles/moscow_city_small_17_79234_40995.png,masks/tiles/moscow_city_small_17_79234_40995.png,0.438141,"{""0"": 36822, ""2"": 2843, ""3"": 15876, ""4"": 9995}",Overture Maps,17,EPSG:4326,"max_class_share=0.56,fg_share=0.44"
moscow_city_small_17_79235_40995,moscow_city_small,17,79235,40995,images/tiles/moscow_city_small_17_79235_40995.png,masks/tiles/moscow_city_small_17_79235_40995.png,0.47818,"{""0"": 34198, ""2"": 1513, ""3"": 14349, ""4"": 15476}",Overture Maps,17,EPSG:4326,"max_class_share=0.52,fg_share=0.48"
moscow_city_small_17_79236_40995,moscow_city_small,17,79236,40995,images/tiles/moscow_city_small_17_79236_40995.png,masks/tiles/moscow_city_small_17_79236_40995.png,0.685394,"{""0"": 20618, ""2"": 17650, ""3"": 17290, ""4"": 9978}",Overture Maps,17,EPSG:4326,"max_class_share=0.31,fg_share=0.69"
moscow_city_small_17_79237_40995,moscow_city_small,17,79237,40995,images/tiles/moscow_city_small_17_79237_40995.png,masks/tiles/moscow_city_small_17_79237_40995.png,0.707352,"{""0"": 19179, ""2"": 8158, ""3"": 32293, ""4"": 5906}",Overture Maps,17,EPSG:4326,"max_class_share=0.49,fg_share=0.71"
moscow_city_small_17_79238_40995,moscow_city_small,17,79238,40995,images/tiles/moscow_city_small_17_79238_40995.png,masks/tiles/moscow_city_small_17_79238_40995.png,0.622818,"{""0"": 24719, ""2"": 49, ""3"": 28758, ""4"": 12010}",Overture Maps,17,EPSG:4326,"max_class_share=0.44,fg_share=0.62"
moscow_city_small_17_79239_40995,moscow_city_small,17,79239,40995,images/tiles/moscow_city_small_17_79239_40995.png,masks/tiles/moscow_city_small_17_79239_40995.png,0.657516,"{""0"": 22445, ""2"": 2982, ""3"": 34348, ""4"": 5761}",Overture Maps,17,EPSG:4326,"max_class_share=0.52,fg_share=0.66"
moscow_city_small_17_79240_40995,moscow_city_small,17,79240,40995,images/tiles/moscow_city_small_17_79240_40995.png,masks/tiles/moscow_city_small_17_79240_40995.png,0.064728,"{""0"": 61294, ""3"": 770, ""4"": 3472}",Overture Maps,17,EPSG:4326,"max_class_share=0.94,fg_share=0.06"
moscow_city_small_17_79218_40996,moscow_city_small,17,79218,40996,images/tiles/moscow_city_small_17_79218_40996.png,masks/tiles/moscow_city_small_17_79218_40996.png,0.373581,"{""0"": 41053, ""2"": 9365, ""3"": 5101, ""4"": 10017}",Overture Maps,17,EPSG:4326,"max_class_share=0.63,fg_share=0.37"
moscow_city_small_17_79219_40996,moscow_city_small,17,79219,40996,images/tiles/moscow_city_small_17_79219_40996.png,masks/tiles/moscow_city_small_17_79219_40996.png,0.391327,"{""0"": 39890, ""1"": 547, ""2"": 2991, ""3"": 11323, ""4"": 10785}",Overture Maps,17,EPSG:4326,"max_class_share=0.61,fg_share=0.39"
moscow_city_small_17_79220_40996,moscow_city_small,17,79220,40996,images/tiles/moscow_city_small_17_79220_40996.png,masks/tiles/moscow_city_small_17_79220_40996.png,0.847824,"{""0"": 9973, ""1"": 50883, ""3"": 329, ""4"": 4351}",Overture Maps,17,EPSG:4326,"max_class_share=0.78,fg_share=0.85"
moscow_city_small_17_79221_40996,moscow_city_small,17,79221,40996,images/tiles/moscow_city_small_17_79221_40996.png,masks/tiles/moscow_city_small_17_79221_40996.png,1.0,"{""1"": 23201, ""2"": 40065, ""4"": 2270}",Overture Maps,17,EPSG:4326,"max_class_share=0.61,fg_share=1.00"
moscow_city_small_17_79223_40996,moscow_city_small,17,79223,40996,images/tiles/moscow_city_small_17_79223_40996.png,masks/tiles/moscow_city_small_17_79223_40996.png,1.0,"{""1"": 960, ""2"": 54778, ""3"": 4958, ""4"": 4840}",Overture Maps,17,EPSG:4326,"max_class_share=0.84,fg_share=1.00"
moscow_city_small_17_79224_40996,moscow_city_small,17,79224,40996,images/tiles/moscow_city_small_17_79224_40996.png,masks/tiles/moscow_city_small_17_79224_40996.png,0.802902,"{""0"": 12917, ""2"": 30428, ""3"": 17268, ""4"": 4923}",Overture Maps,17,EPSG:4326,"max_class_share=0.46,fg_share=0.80"
moscow_city_small_17_79225_40996,moscow_city_small,17,79225,40996,images/tiles/moscow_city_small_17_79225_40996.png,masks/tiles/moscow_city_small_17_79225_40996.png,0.489212,"{""0"": 33475, ""3"": 20699, ""4"": 11362}",Overture Maps,17,EPSG:4326,"max_class_share=0.51,fg_share=0.49"
moscow_city_small_17_79226_40996,moscow_city_small,17,79226,40996,images/tiles/moscow_city_small_17_79226_40996.png,masks/tiles/moscow_city_small_17_79226_40996.png,0.472122,"{""0"": 34595, ""2"": 1450, ""3"": 26000, ""4"": 3491}",Overture Maps,17,EPSG:4326,"max_class_share=0.53,fg_share=0.47"
moscow_city_small_17_79227_40996,moscow_city_small,17,79227,40996,images/tiles/moscow_city_small_17_79227_40996.png,masks/tiles/moscow_city_small_17_79227_40996.png,0.452896,"{""0"": 35855, ""2"": 13168, ""3"": 9080, ""4"": 7433}",Overture Maps,17,EPSG:4326,"max_class_share=0.55,fg_share=0.45"
moscow_city_small_17_79228_40996,moscow_city_small,17,79228,40996,images/tiles/moscow_city_small_17_79228_40996.png,masks/tiles/moscow_city_small_17_79228_40996.png,0.529327,"{""0"": 30846, ""2"": 8713, ""3"": 19860, ""4"": 6117}",Overture Maps,17,EPSG:4326,"max_class_share=0.47,fg_share=0.53"
moscow_city_small_17_79229_40996,moscow_city_small,17,79229,40996,images/tiles/moscow_city_small_17_79229_40996.png,masks/tiles/moscow_city_small_17_79229_40996.png,0.528549,"{""0"": 30897, ""2"": 4225, ""3"": 20654, ""4"": 9760}",Overture Maps,17,EPSG:4326,"max_class_share=0.47,fg_share=0.53"
moscow_city_small_17_79230_40996,moscow_city_small,17,79230,40996,images/tiles/moscow_city_small_17_79230_40996.png,masks/tiles/moscow_city_small_17_79230_40996.png,0.503265,"{""0"": 32554, ""2"": 4040, ""3"": 21343, ""4"": 7599}",Overture Maps,17,EPSG:4326,"max_class_share=0.50,fg_share=0.50"
moscow_city_small_17_79231_40996,moscow_city_small,17,79231,40996,images/tiles/moscow_city_small_17_79231_40996.png,masks/tiles/moscow_city_small_17_79231_40996.png,0.617996,"{""0"": 25035, ""2"": 20808, ""3"": 12107, ""4"": 7586}",Overture Maps,17,EPSG:4326,"max_class_share=0.38,fg_share=0.62"
moscow_city_small_17_79232_40996,moscow_city_small,17,79232,40996,images/tiles/moscow_city_small_17_79232_40996.png,masks/tiles/moscow_city_small_17_79232_40996.png,0.62471,"{""0"": 24595, ""3"": 31241, ""4"": 9700}",Overture Maps,17,EPSG:4326,"max_class_share=0.48,fg_share=0.62"
moscow_city_small_17_79233_40996,moscow_city_small,17,79233,40996,images/tiles/moscow_city_small_17_79233_40996.png,masks/tiles/moscow_city_small_17_79233_40996.png,0.546021,"{""0"": 29752, ""3"": 25871, ""4"": 9913}",Overture Maps,17,EPSG:4326,"max_class_share=0.45,fg_share=0.55"
moscow_city_small_17_79234_40996,moscow_city_small,17,79234,40996,images/tiles/moscow_city_small_17_79234_40996.png,masks/tiles/moscow_city_small_17_79234_40996.png,0.255264,"{""0"": 48807, ""3"": 12754, ""4"": 3975}",Overture Maps,17,EPSG:4326,"max_class_share=0.74,fg_share=0.26"
moscow_city_small_17_79235_40996,moscow_city_small,17,79235,40996,images/tiles/moscow_city_small_17_79235_40996.png,masks/tiles/moscow_city_small_17_79235_40996.png,0.475677,"{""0"": 34362, ""2"": 8509, ""3"": 13747, ""4"": 8918}",Overture Maps,17,EPSG:4326,"max_class_share=0.52,fg_share=0.48"
moscow_city_small_17_79236_40996,moscow_city_small,17,79236,40996,images/tiles/moscow_city_small_17_79236_40996.png,masks/tiles/moscow_city_small_17_79236_40996.png,0.554901,"{""0"": 29170, ""2"": 16193, ""3"": 16484, ""4"": 3689}",Overture Maps,17,EPSG:4326,"max_class_share=0.45,fg_share=0.55"
moscow_city_small_17_79237_40996,moscow_city_small,17,79237,40996,images/tiles/moscow_city_small_17_79237_40996.png,masks/tiles/moscow_city_small_17_79237_40996.png,0.544189,"{""0"": 29872, ""1"": 291, ""3"": 34440, ""4"": 933}",Overture Maps,17,EPSG:4326,"max_class_share=0.53,fg_share=0.54"
moscow_city_small_17_79238_40996,moscow_city_small,17,79238,40996,images/tiles/moscow_city_small_17_79238_40996.png,masks/tiles/moscow_city_small_17_79238_40996.png,0.495316,"{""0"": 33075, ""3"": 26104, ""4"": 6357}",Overture Maps,17,EPSG:4326,"max_class_share=0.50,fg_share=0.50"
moscow_city_small_17_79239_40996,moscow_city_small,17,79239,40996,images/tiles/moscow_city_small_17_79239_40996.png,masks/tiles/moscow_city_small_17_79239_40996.png,0.356903,"{""0"": 42146, ""3"": 22934, ""4"": 456}",Overture Maps,17,EPSG:4326,"max_class_share=0.64,fg_share=0.36"
moscow_city_small_17_79240_40996,moscow_city_small,17,79240,40996,images/tiles/moscow_city_small_17_79240_40996.png,masks/tiles/moscow_city_small_17_79240_40996.png,0.25386,"{""0"": 48899, ""3"": 15064, ""4"": 1573}",Overture Maps,17,EPSG:4326,"max_class_share=0.75,fg_share=0.25"
moscow_suburb_small_17_79294_40840,moscow_suburb_small,17,79294,40840,images/tiles/moscow_suburb_small_17_79294_40840.png,masks/tiles/moscow_suburb_small_17_79294_40840.png,1.0,"{""2"": 58475, ""4"": 7061}",Overture Maps,17,EPSG:4326,"max_class_share=0.89,fg_share=1.00"
moscow_suburb_small_17_79295_40840,moscow_suburb_small,17,79295,40840,images/tiles/moscow_suburb_small_17_79295_40840.png,masks/tiles/moscow_suburb_small_17_79295_40840.png,1.0,"{""2"": 53430, ""3"": 683, ""4"": 11423}",Overture Maps,17,EPSG:4326,"max_class_share=0.82,fg_share=1.00"
moscow_suburb_small_17_79296_40840,moscow_suburb_small,17,79296,40840,images/tiles/moscow_suburb_small_17_79296_40840.png,masks/tiles/moscow_suburb_small_17_79296_40840.png,1.0,"{""2"": 55182, ""4"": 10354}",Overture Maps,17,EPSG:4326,"max_class_share=0.84,fg_share=1.00"
moscow_suburb_small_17_79299_40840,moscow_suburb_small,17,79299,40840,images/tiles/moscow_suburb_small_17_79299_40840.png,masks/tiles/moscow_suburb_small_17_79299_40840.png,1.0,"{""2"": 61376, ""4"": 4160}",Overture Maps,17,EPSG:4326,"max_class_share=0.94,fg_share=1.00"
moscow_suburb_small_17_79301_40840,moscow_suburb_small,17,79301,40840,images/tiles/moscow_suburb_small_17_79301_40840.png,masks/tiles/moscow_suburb_small_17_79301_40840.png,1.0,"{""2"": 60015, ""3"": 350, ""4"": 5171}",Overture Maps,17,EPSG:4326,"max_class_share=0.92,fg_share=1.00"
moscow_suburb_small_17_79302_40840,moscow_suburb_small,17,79302,40840,images/tiles/moscow_suburb_small_17_79302_40840.png,masks/tiles/moscow_suburb_small_17_79302_40840.png,1.0,"{""2"": 61518, ""3"": 642, ""4"": 3376}",Overture Maps,17,EPSG:4326,"max_class_share=0.94,fg_share=1.00"
moscow_suburb_small_17_79303_40840,moscow_suburb_small,17,79303,40840,images/tiles/moscow_suburb_small_17_79303_40840.png,masks/tiles/moscow_suburb_small_17_79303_40840.png,1.0,"{""2"": 61851, ""3"": 1491, ""4"": 2194}",Overture Maps,17,EPSG:4326,"max_class_share=0.94,fg_share=1.00"
moscow_suburb_small_17_79305_40840,moscow_suburb_small,17,79305,40840,images/tiles/moscow_suburb_small_17_79305_40840.png,masks/tiles/moscow_suburb_small_17_79305_40840.png,1.0,"{""2"": 62084, ""3"": 1400, ""4"": 2052}",Overture Maps,17,EPSG:4326,"max_class_share=0.95,fg_share=1.00"
moscow_suburb_small_17_79308_40840,moscow_suburb_small,17,79308,40840,images/tiles/moscow_suburb_small_17_79308_40840.png,masks/tiles/moscow_suburb_small_17_79308_40840.png,1.0,"{""2"": 57518, ""3"": 891, ""4"": 7127}",Overture Maps,17,EPSG:4326,"max_class_share=0.88,fg_share=1.00"
moscow_suburb_small_17_79309_40840,moscow_suburb_small,17,79309,40840,images/tiles/moscow_suburb_small_17_79309_40840.png,masks/tiles/moscow_suburb_small_17_79309_40840.png,1.0,"{""2"": 58108, ""3"": 232, ""4"": 7196}",Overture Maps,17,EPSG:4326,"max_class_share=0.89,fg_share=1.00"
moscow_suburb_small_17_79310_40840,moscow_suburb_small,17,79310,40840,images/tiles/moscow_suburb_small_17_79310_40840.png,masks/tiles/moscow_suburb_small_17_79310_40840.png,1.0,"{""2"": 61858, ""3"": 112, ""4"": 3566}",Overture Maps,17,EPSG:4326,"max_class_share=0.94,fg_share=1.00"
moscow_suburb_small_17_79311_40840,moscow_suburb_small,17,79311,40840,images/tiles/moscow_suburb_small_17_79311_40840.png,masks/tiles/moscow_suburb_small_17_79311_40840.png,1.0,"{""2"": 56628, ""4"": 8908}",Overture Maps,17,EPSG:4326,"max_class_share=0.86,fg_share=1.00"
moscow_suburb_small_17_79294_40841,moscow_suburb_small,17,79294,40841,images/tiles/moscow_suburb_small_17_79294_40841.png,masks/tiles/moscow_suburb_small_17_79294_40841.png,1.0,"{""1"": 256, ""2"": 61468, ""3"": 1231, ""4"": 2581}",Overture Maps,17,EPSG:4326,"max_class_share=0.94,fg_share=1.00"
moscow_suburb_small_17_79295_40841,moscow_suburb_small,17,79295,40841,images/tiles/moscow_suburb_small_17_79295_40841.png,masks/tiles/moscow_suburb_small_17_79295_40841.png,1.0,"{""2"": 53324, ""3"": 6679, ""4"": 5533}",Overture Maps,17,EPSG:4326,"max_class_share=0.81,fg_share=1.00"
moscow_suburb_small_17_79296_40841,moscow_suburb_small,17,79296,40841,images/tiles/moscow_suburb_small_17_79296_40841.png,masks/tiles/moscow_suburb_small_17_79296_40841.png,1.0,"{""2"": 54566, ""3"": 7416, ""4"": 3554}",Overture Maps,17,EPSG:4326,"max_class_share=0.83,fg_share=1.00"
moscow_suburb_small_17_79297_40841,moscow_suburb_small,17,79297,40841,images/tiles/moscow_suburb_small_17_79297_40841.png,masks/tiles/moscow_suburb_small_17_79297_40841.png,1.0,"{""2"": 48711, ""3"": 8082, ""4"": 8743}",Overture Maps,17,EPSG:4326,"max_class_share=0.74,fg_share=1.00"
moscow_suburb_small_17_79298_40841,moscow_suburb_small,17,79298,40841,images/tiles/moscow_suburb_small_17_79298_40841.png,masks/tiles/moscow_suburb_small_17_79298_40841.png,1.0,"{""2"": 52453, ""3"": 2955, ""4"": 10128}",Overture Maps,17,EPSG:4326,"max_class_share=0.80,fg_share=1.00"
moscow_suburb_small_17_79299_40841,moscow_suburb_small,17,79299,40841,images/tiles/moscow_suburb_small_17_79299_40841.png,masks/tiles/moscow_suburb_small_17_79299_40841.png,1.0,"{""2"": 50606, ""3"": 3426, ""4"": 11504}",Overture Maps,17,EPSG:4326,"max_class_share=0.77,fg_share=1.00"
moscow_suburb_small_17_79300_40841,moscow_suburb_small,17,79300,40841,images/tiles/moscow_suburb_small_17_79300_40841.png,masks/tiles/moscow_suburb_small_17_79300_40841.png,1.0,"{""2"": 54109, ""3"": 6530, ""4"": 4897}",Overture Maps,17,EPSG:4326,"max_class_share=0.83,fg_share=1.00"
moscow_suburb_small_17_79301_40841,moscow_suburb_small,17,79301,40841,images/tiles/moscow_suburb_small_17_79301_40841.png,masks/tiles/moscow_suburb_small_17_79301_40841.png,1.0,"{""2"": 51593, ""3"": 7922, ""4"": 6021}",Overture Maps,17,EPSG:4326,"max_class_share=0.79,fg_share=1.00"
moscow_suburb_small_17_79302_40841,moscow_suburb_small,17,79302,40841,images/tiles/moscow_suburb_small_17_79302_40841.png,masks/tiles/moscow_suburb_small_17_79302_40841.png,1.0,"{""1"": 198, ""2"": 52526, ""3"": 9978, ""4"": 2834}",Overture Maps,17,EPSG:4326,"max_class_share=0.80,fg_share=1.00"
moscow_suburb_small_17_79303_40841,moscow_suburb_small,17,79303,40841,images/tiles/moscow_suburb_small_17_79303_40841.png,masks/tiles/moscow_suburb_small_17_79303_40841.png,1.0,"{""1"": 253, ""2"": 43970, ""3"": 17728, ""4"": 3585}",Overture Maps,17,EPSG:4326,"max_class_share=0.67,fg_share=1.00"
moscow_suburb_small_17_79304_40841,moscow_suburb_small,17,79304,40841,images/tiles/moscow_suburb_small_17_79304_40841.png,masks/tiles/moscow_suburb_small_17_79304_40841.png,1.0,"{""1"": 70, ""2"": 42799, ""3"": 17036, ""4"": 5631}",Overture Maps,17,EPSG:4326,"max_class_share=0.65,fg_share=1.00"
moscow_suburb_small_17_79305_40841,moscow_suburb_small,17,79305,40841,images/tiles/moscow_suburb_small_17_79305_40841.png,masks/tiles/moscow_suburb_small_17_79305_40841.png,1.0,"{""2"": 43886, ""3"": 17505, ""4"": 4145}",Overture Maps,17,EPSG:4326,"max_class_share=0.67,fg_share=1.00"
moscow_suburb_small_17_79306_40841,moscow_suburb_small,17,79306,40841,images/tiles/moscow_suburb_small_17_79306_40841.png,masks/tiles/moscow_suburb_small_17_79306_40841.png,1.0,"{""2"": 47391, ""3"": 14163, ""4"": 3982}",Overture Maps,17,EPSG:4326,"max_class_share=0.72,fg_share=1.00"
moscow_suburb_small_17_79307_40841,moscow_suburb_small,17,79307,40841,images/tiles/moscow_suburb_small_17_79307_40841.png,masks/tiles/moscow_suburb_small_17_79307_40841.png,1.0,"{""2"": 36806, ""3"": 17384, ""4"": 11346}",Overture Maps,17,EPSG:4326,"max_class_share=0.56,fg_share=1.00"
moscow_suburb_small_17_79308_40841,moscow_suburb_small,17,79308,40841,images/tiles/moscow_suburb_small_17_79308_40841.png,masks/tiles/moscow_suburb_small_17_79308_40841.png,1.0,"{""2"": 43852, ""3"": 15549, ""4"": 6135}",Overture Maps,17,EPSG:4326,"max_class_share=0.67,fg_share=1.00"
moscow_suburb_small_17_79309_40841,moscow_suburb_small,17,79309,40841,images/tiles/moscow_suburb_small_17_79309_40841.png,masks/tiles/moscow_suburb_small_17_79309_40841.png,1.0,"{""1"": 223, ""2"": 52063, ""3"": 8072, ""4"": 5178}",Overture Maps,17,EPSG:4326,"max_class_share=0.79,fg_share=1.00"
moscow_suburb_small_17_79310_40841,moscow_suburb_small,17,79310,40841,images/tiles/moscow_suburb_small_17_79310_40841.png,masks/tiles/moscow_suburb_small_17_79310_40841.png,1.0,"{""1"": 210, ""2"": 52411, ""3"": 271, ""4"": 12644}",Overture Maps,17,EPSG:4326,"max_class_share=0.80,fg_share=1.00"
moscow_suburb_small_17_79311_40841,moscow_suburb_small,17,79311,40841,images/tiles/moscow_suburb_small_17_79311_40841.png,masks/tiles/moscow_suburb_small_17_79311_40841.png,1.0,"{""1"": 256, ""2"": 56457, ""3"": 5449, ""4"": 3374}",Overture Maps,17,EPSG:4326,"max_class_share=0.86,fg_share=1.00"
moscow_suburb_small_17_79314_40841,moscow_suburb_small,17,79314,40841,images/tiles/moscow_suburb_small_17_79314_40841.png,masks/tiles/moscow_suburb_small_17_79314_40841.png,1.0,"{""1"": 64, ""2"": 61393, ""3"": 3991, ""4"": 88}",Overture Maps,17,EPSG:4326,"max_class_share=0.94,fg_share=1.00"
moscow_suburb_small_17_79315_40841,moscow_suburb_small,17,79315,40841,images/tiles/moscow_suburb_small_17_79315_40841.png,masks/tiles/moscow_suburb_small_17_79315_40841.png,1.0,"{""1"": 774, ""2"": 54771, ""3"": 5035, ""4"": 4956}",Overture Maps,17,EPSG:4326,"max_class_share=0.84,fg_share=1.00"
moscow_suburb_small_17_79316_40841,moscow_suburb_small,17,79316,40841,images/tiles/moscow_suburb_small_17_79316_40841.png,masks/tiles/moscow_suburb_small_17_79316_40841.png,1.0,"{""2"": 56873, ""3"": 2173, ""4"": 6490}",Overture Maps,17,EPSG:4326,"max_class_share=0.87,fg_share=1.00"
moscow_suburb_small_17_79317_40841,moscow_suburb_small,17,79317,40841,images/tiles/moscow_suburb_small_17_79317_40841.png,masks/tiles/moscow_suburb_small_17_79317_40841.png,1.0,"{""2"": 59867, ""3"": 648, ""4"": 5021}",Overture Maps,17,EPSG:4326,"max_class_share=0.91,fg_share=1.00"
moscow_suburb_small_17_79318_40841,moscow_suburb_small,17,79318,40841,images/tiles/moscow_suburb_small_17_79318_40841.png,masks/tiles/moscow_suburb_small_17_79318_40841.png,1.0,"{""2"": 60592, ""3"": 711, ""4"": 4233}",Overture Maps,17,EPSG:4326,"max_class_share=0.92,fg_share=1.00"
moscow_suburb_small_17_79319_40841,moscow_suburb_small,17,79319,40841,images/tiles/moscow_suburb_small_17_79319_40841.png,masks/tiles/moscow_suburb_small_17_79319_40841.png,1.0,"{""2"": 61858, ""3"": 3604, ""4"": 74}",Overture Maps,17,EPSG:4326,"max_class_share=0.94,fg_share=1.00"
moscow_suburb_small_17_79320_40841,moscow_suburb_small,17,79320,40841,images/tiles/moscow_suburb_small_17_79320_40841.png,masks/tiles/moscow_suburb_small_17_79320_40841.png,1.0,"{""2"": 55851, ""3"": 6760, ""4"": 2925}",Overture Maps,17,EPSG:4326,"max_class_share=0.85,fg_share=1.00"
moscow_suburb_small_17_79294_40842,moscow_suburb_small,17,79294,40842,images/tiles/moscow_suburb_small_17_79294_40842.png,masks/tiles/moscow_suburb_small_17_79294_40842.png,1.0,"{""1"": 567, ""2"": 61671, ""4"": 3298}",Overture Maps,17,EPSG:4326,"max_class_share=0.94,fg_share=1.00"
moscow_suburb_small_17_79295_40842,moscow_suburb_small,17,79295,40842,images/tiles/moscow_suburb_small_17_79295_40842.png,masks/tiles/moscow_suburb_small_17_79295_40842.png,1.0,"{""1"": 209, ""2"": 53832, ""3"": 5007, ""4"": 6488}",Overture Maps,17,EPSG:4326,"max_class_share=0.82,fg_share=1.00"
moscow_suburb_small_17_79296_40842,moscow_suburb_small,17,79296,40842,images/tiles/moscow_suburb_small_17_79296_40842.png,masks/tiles/moscow_suburb_small_17_79296_40842.png,1.0,"{""2"": 55513, ""3"": 5710, ""4"": 4313}",Overture Maps,17,EPSG:4326,"max_class_share=0.85,fg_share=1.00"
moscow_suburb_small_17_79297_40842,moscow_suburb_small,17,79297,40842,images/tiles/moscow_suburb_small_17_79297_40842.png,masks/tiles/moscow_suburb_small_17_79297_40842.png,1.0,"{""2"": 46231, ""3"": 14715, ""4"": 4590}",Overture Maps,17,EPSG:4326,"max_class_share=0.71,fg_share=1.00"
moscow_suburb_small_17_79298_40842,moscow_suburb_small,17,79298,40842,images/tiles/moscow_suburb_small_17_79298_40842.png,masks/tiles/moscow_suburb_small_17_79298_40842.png,1.0,"{""2"": 50065, ""3"": 12646, ""4"": 2825}",Overture Maps,17,EPSG:4326,"max_class_share=0.76,fg_share=1.00"
moscow_suburb_small_17_79299_40842,moscow_suburb_small,17,79299,40842,images/tiles/moscow_suburb_small_17_79299_40842.png,masks/tiles/moscow_suburb_small_17_79299_40842.png,1.0,"{""2"": 53888, ""3"": 6102, ""4"": 5546}",Overture Maps,17,EPSG:4326,"max_class_share=0.82,fg_share=1.00"
moscow_suburb_small_17_79300_40842,moscow_suburb_small,17,79300,40842,images/tiles/moscow_suburb_small_17_79300_40842.png,masks/tiles/moscow_suburb_small_17_79300_40842.png,1.0,"{""2"": 51227, ""3"": 2423, ""4"": 11886}",Overture Maps,17,EPSG:4326,"max_class_share=0.78,fg_share=1.00"
moscow_suburb_small_17_79301_40842,moscow_suburb_small,17,79301,40842,images/tiles/moscow_suburb_small_17_79301_40842.png,masks/tiles/moscow_suburb_small_17_79301_40842.png,1.0,"{""1"": 2781, ""2"": 43396, ""3"": 5607, ""4"": 13752}",Overture Maps,17,EPSG:4326,"max_class_share=0.66,fg_share=1.00"
moscow_suburb_small_17_79302_40842,moscow_suburb_small,17,79302,40842,images/tiles/moscow_suburb_small_17_79302_40842.png,masks/tiles/moscow_suburb_small_17_79302_40842.png,1.0,"{""1"": 61, ""2"": 49978, ""3"": 9417, ""4"": 6080}",Overture Maps,17,EPSG:4326,"max_class_share=0.76,fg_share=1.00"
moscow_suburb_small_17_79303_40842,moscow_suburb_small,17,79303,40842,images/tiles/moscow_suburb_small_17_79303_40842.png,masks/tiles/moscow_suburb_small_17_79303_40842.png,1.0,"{""2"": 48163, ""3"": 14386, ""4"": 2987}",Overture Maps,17,EPSG:4326,"max_class_share=0.73,fg_share=1.00"
moscow_suburb_small_17_79304_40842,moscow_suburb_small,17,79304,40842,images/tiles/moscow_suburb_small_17_79304_40842.png,masks/tiles/moscow_suburb_small_17_79304_40842.png,1.0,"{""1"": 3900, ""2"": 55022, ""3"": 4038, ""4"": 2576}",Overture Maps,17,EPSG:4326,"max_class_share=0.84,fg_share=1.00"
moscow_suburb_small_17_79305_40842,moscow_suburb_small,17,79305,40842,images/tiles/moscow_suburb_small_17_79305_40842.png,masks/tiles/moscow_suburb_small_17_79305_40842.png,1.0,"{""1"": 10117, ""2"": 52119, ""3"": 2786, ""4"": 514}",Overture Maps,17,EPSG:4326,"max_class_share=0.80,fg_share=1.00"
moscow_suburb_small_17_79306_40842,moscow_suburb_small,17,79306,40842,images/tiles/moscow_suburb_small_17_79306_40842.png,masks/tiles/moscow_suburb_small_17_79306_40842.png,1.0,"{""1"": 237, ""2"": 45407, ""3"": 10866, ""4"": 9026}",Overture Maps,17,EPSG:4326,"max_class_share=0.69,fg_share=1.00"
moscow_suburb_small_17_79307_40842,moscow_suburb_small,17,79307,40842,images/tiles/moscow_suburb_small_17_79307_40842.png,masks/tiles/moscow_suburb_small_17_79307_40842.png,1.0,"{""1"": 247, ""2"": 44835, ""3"": 14441, ""4"": 6013}",Overture Maps,17,EPSG:4326,"max_class_share=0.68,fg_share=1.00"
moscow_suburb_small_17_79308_40842,moscow_suburb_small,17,79308,40842,images/tiles/moscow_suburb_small_17_79308_40842.png,masks/tiles/moscow_suburb_small_17_79308_40842.png,1.0,"{""1"": 249, ""2"": 52685, ""3"": 9211, ""4"": 3391}",Overture Maps,17,EPSG:4326,"max_class_share=0.80,fg_share=1.00"
moscow_suburb_small_17_79309_40842,moscow_suburb_small,17,79309,40842,images/tiles/moscow_suburb_small_17_79309_40842.png,masks/tiles/moscow_suburb_small_17_79309_40842.png,1.0,"{""1"": 333, ""2"": 58671, ""3"": 1046, ""4"": 5486}",Overture Maps,17,EPSG:4326,"max_class_share=0.90,fg_share=1.00"
moscow_suburb_small_17_79310_40842,moscow_suburb_small,17,79310,40842,images/tiles/moscow_suburb_small_17_79310_40842.png,masks/tiles/moscow_suburb_small_17_79310_40842.png,1.0,"{""2"": 55416, ""4"": 10120}",Overture Maps,17,EPSG:4326,"max_class_share=0.85,fg_share=1.00"
moscow_suburb_small_17_79311_40842,moscow_suburb_small,17,79311,40842,images/tiles/moscow_suburb_small_17_79311_40842.png,masks/tiles/moscow_suburb_small_17_79311_40842.png,1.0,"{""2"": 50607, ""3"": 13066, ""4"": 1863}",Overture Maps,17,EPSG:4326,"max_class_share=0.77,fg_share=1.00"
moscow_suburb_small_17_79312_40842,moscow_suburb_small,17,79312,40842,images/tiles/moscow_suburb_small_17_79312_40842.png,masks/tiles/moscow_suburb_small_17_79312_40842.png,1.0,"{""1"": 86, ""2"": 51562, ""3"": 8720, ""4"": 5168}",Overture Maps,17,EPSG:4326,"max_class_share=0.79,fg_share=1.00"
moscow_suburb_small_17_79313_40842,moscow_suburb_small,17,79313,40842,images/tiles/moscow_suburb_small_17_79313_40842.png,masks/tiles/moscow_suburb_small_17_79313_40842.png,1.0,"{""1"": 40, ""2"": 49921, ""3"": 10691, ""4"": 4884}",Overture Maps,17,EPSG:4326,"max_class_share=0.76,fg_share=1.00"
moscow_suburb_small_17_79314_40842,moscow_suburb_small,17,79314,40842,images/tiles/moscow_suburb_small_17_79314_40842.png,masks/tiles/moscow_suburb_small_17_79314_40842.png,1.0,"{""2"": 48774, ""3"": 9825, ""4"": 6937}",Overture Maps,17,EPSG:4326,"max_class_share=0.74,fg_share=1.00"
moscow_suburb_small_17_79315_40842,moscow_suburb_small,17,79315,40842,images/tiles/moscow_suburb_small_17_79315_40842.png,masks/tiles/moscow_suburb_small_17_79315_40842.png,1.0,"{""2"": 49278, ""3"": 12321, ""4"": 3937}",Overture Maps,17,EPSG:4326,"max_class_share=0.75,fg_share=1.00"
moscow_suburb_small_17_79316_40842,moscow_suburb_small,17,79316,40842,images/tiles/moscow_suburb_small_17_79316_40842.png,masks/tiles/moscow_suburb_small_17_79316_40842.png,1.0,"{""2"": 48924, ""3"": 11935, ""4"": 4677}",Overture Maps,17,EPSG:4326,"max_class_share=0.75,fg_share=1.00"
moscow_suburb_small_17_79317_40842,moscow_suburb_small,17,79317,40842,images/tiles/moscow_suburb_small_17_79317_40842.png,masks/tiles/moscow_suburb_small_17_79317_40842.png,1.0,"{""2"": 59395, ""3"": 3457, ""4"": 2684}",Overture Maps,17,EPSG:4326,"max_class_share=0.91,fg_share=1.00"
moscow_suburb_small_17_79318_40842,moscow_suburb_small,17,79318,40842,images/tiles/moscow_suburb_small_17_79318_40842.png,masks/tiles/moscow_suburb_small_17_79318_40842.png,1.0,"{""2"": 42344, ""3"": 18627, ""4"": 4565}",Overture Maps,17,EPSG:4326,"max_class_share=0.65,fg_share=1.00"
moscow_suburb_small_17_79319_40842,moscow_suburb_small,17,79319,40842,images/tiles/moscow_suburb_small_17_79319_40842.png,masks/tiles/moscow_suburb_small_17_79319_40842.png,1.0,"{""2"": 47636, ""3"": 9531, ""4"": 8369}",Overture Maps,17,EPSG:4326,"max_class_share=0.73,fg_share=1.00"
moscow_suburb_small_17_79320_40842,moscow_suburb_small,17,79320,40842,images/tiles/moscow_suburb_small_17_79320_40842.png,masks/tiles/moscow_suburb_small_17_79320_40842.png,1.0,"{""2"": 51113, ""3"": 7468, ""4"": 6955}",Overture Maps,17,EPSG:4326,"max_class_share=0.78,fg_share=1.00"
moscow_suburb_small_17_79295_40843,moscow_suburb_small,17,79295,40843,images/tiles/moscow_suburb_small_17_79295_40843.png,masks/tiles/moscow_suburb_small_17_79295_40843.png,1.0,"{""1"": 694, ""2"": 56797, ""3"": 1244, ""4"": 6801}",Overture Maps,17,EPSG:4326,"max_class_share=0.87,fg_share=1.00"
moscow_suburb_small_17_79296_40843,moscow_suburb_small,17,79296,40843,images/tiles/moscow_suburb_small_17_79296_40843.png,masks/tiles/moscow_suburb_small_17_79296_40843.png,1.0,"{""1"": 217, ""2"": 52412, ""3"": 6787, ""4"": 6120}",Overture Maps,17,EPSG:4326,"max_class_share=0.80,fg_share=1.00"
moscow_suburb_small_17_79297_40843,moscow_suburb_small,17,79297,40843,images/tiles/moscow_suburb_small_17_79297_40843.png,masks/tiles/moscow_suburb_small_17_79297_40843.png,1.0,"{""1"": 256, ""2"": 49024, ""3"": 9519, ""4"": 6737}",Overture Maps,17,EPSG:4326,"max_class_share=0.75,fg_share=1.00"
moscow_suburb_small_17_79298_40843,moscow_suburb_small,17,79298,40843,images/tiles/moscow_suburb_small_17_79298_40843.png,masks/tiles/moscow_suburb_small_17_79298_40843.png,1.0,"{""1"": 256, ""2"": 52209, ""3"": 8426, ""4"": 4645}",Overture Maps,17,EPSG:4326,"max_class_share=0.80,fg_share=1.00"
moscow_suburb_small_17_79299_40843,moscow_suburb_small,17,79299,40843,images/tiles/moscow_suburb_small_17_79299_40843.png,masks/tiles/moscow_suburb_small_17_79299_40843.png,1.0,"{""1"": 245, ""2"": 55879, ""3"": 6087, ""4"": 3325}",Overture Maps,17,EPSG:4326,"max_class_share=0.85,fg_share=1.00"
moscow_suburb_small_17_79300_40843,moscow_suburb_small,17,79300,40843,images/tiles/moscow_suburb_small_17_79300_40843.png,masks/tiles/moscow_suburb_small_17_79300_40843.png,1.0,"{""1"": 443, ""2"": 56712, ""3"": 2479, ""4"": 5902}",Overture Maps,17,EPSG:4326,"max_class_share=0.87,fg_share=1.00"
moscow_suburb_small_17_79301_40843,moscow_suburb_small,17,79301,40843,images/tiles/moscow_suburb_small_17_79301_40843.png,masks/tiles/moscow_suburb_small_17_79301_40843.png,1.0,"{""1"": 146, ""2"": 50933, ""3"": 10059, ""4"": 4398}",Overture Maps,17,EPSG:4326,"max_class_share=0.78,fg_share=1.00"
moscow_suburb_small_17_79302_40843,moscow_suburb_small,17,79302,40843,images/tiles/moscow_suburb_small_17_79302_40843.png,masks/tiles/moscow_suburb_small_17_79302_40843.png,1.0,"{""2"": 44652, ""3"": 11006, ""4"": 9878}",Overture Maps,17,EPSG:4326,"max_class_share=0.68,fg_share=1.00"
moscow_suburb_small_17_79303_40843,moscow_suburb_small,17,79303,40843,images/tiles/moscow_suburb_small_17_79303_40843.png,masks/tiles/moscow_suburb_small_17_79303_40843.png,1.0,"{""2"": 45265, ""3"": 8318, ""4"": 11953}",Overture Maps,17,EPSG:4326,"max_class_share=0.69,fg_share=1.00"
moscow_suburb_small_17_79304_40843,moscow_suburb_small,17,79304,40843,images/tiles/moscow_suburb_small_17_79304_40843.png,masks/tiles/moscow_suburb_small_17_79304_40843.png,1.0,"{""2"": 56457, ""4"": 9079}",Overture Maps,17,EPSG:4326,"max_class_share=0.86,fg_share=1.00"
moscow_suburb_small_17_79305_40843,moscow_suburb_small,17,79305,40843,images/tiles/moscow_suburb_small_17_79305_40843.png,masks/tiles/moscow_suburb_small_17_79305_40843.png,1.0,"{""2"": 58276, ""3"": 887, ""4"": 6373}",Overture Maps,17,EPSG:4326,"max_class_share=0.89,fg_share=1.00"
moscow_suburb_small_17_79306_40843,moscow_suburb_small,17,79306,40843,images/tiles/moscow_suburb_small_17_79306_40843.png,masks/tiles/moscow_suburb_small_17_79306_40843.png,1.0,"{""2"": 45324, ""3"": 10320, ""4"": 9892}",Overture Maps,17,EPSG:4326,"max_class_share=0.69,fg_share=1.00"
moscow_suburb_small_17_79307_40843,moscow_suburb_small,17,79307,40843,images/tiles/moscow_suburb_small_17_79307_40843.png,masks/tiles/moscow_suburb_small_17_79307_40843.png,1.0,"{""2"": 40362, ""3"": 18710, ""4"": 6464}",Overture Maps,17,EPSG:4326,"max_class_share=0.62,fg_share=1.00"
moscow_suburb_small_17_79308_40843,moscow_suburb_small,17,79308,40843,images/tiles/moscow_suburb_small_17_79308_40843.png,masks/tiles/moscow_suburb_small_17_79308_40843.png,1.0,"{""2"": 54678, ""3"": 8604, ""4"": 2254}",Overture Maps,17,EPSG:4326,"max_class_share=0.83,fg_share=1.00"
moscow_suburb_small_17_79309_40843,moscow_suburb_small,17,79309,40843,images/tiles/moscow_suburb_small_17_79309_40843.png,masks/tiles/moscow_suburb_small_17_79309_40843.png,1.0,"{""1"": 218, ""2"": 51843, ""3"": 470, ""4"": 13005}",Overture Maps,17,EPSG:4326,"max_class_share=0.79,fg_share=1.00"
moscow_suburb_small_17_79311_40843,moscow_suburb_small,17,79311,40843,images/tiles/moscow_suburb_small_17_79311_40843.png,masks/tiles/moscow_suburb_small_17_79311_40843.png,1.0,"{""2"": 59725, ""3"": 3794, ""4"": 2017}",Overture Maps,17,EPSG:4326,"max_class_share=0.91,fg_share=1.00"
moscow_suburb_small_17_79312_40843,moscow_suburb_small,17,79312,40843,images/tiles/moscow_suburb_small_17_79312_40843.png,masks/tiles/moscow_suburb_small_17_79312_40843.png,1.0,"{""2"": 52692, ""3"": 8867, ""4"": 3977}",Overture Maps,17,EPSG:4326,"max_class_share=0.80,fg_share=1.00"
moscow_suburb_small_17_79313_40843,moscow_suburb_small,17,79313,40843,images/tiles/moscow_suburb_small_17_79313_40843.png,masks/tiles/moscow_suburb_small_17_79313_40843.png,1.0,"{""2"": 61002, ""3"": 1983, ""4"": 2551}",Overture Maps,17,EPSG:4326,"max_class_share=0.93,fg_share=1.00"
moscow_suburb_small_17_79314_40843,moscow_suburb_small,17,79314,40843,images/tiles/moscow_suburb_small_17_79314_40843.png,masks/tiles/moscow_suburb_small_17_79314_40843.png,1.0,"{""2"": 48900, ""3"": 10385, ""4"": 6251}",Overture Maps,17,EPSG:4326,"max_class_share=0.75,fg_share=1.00"
moscow_suburb_small_17_79315_40843,moscow_suburb_small,17,79315,40843,images/tiles/moscow_suburb_small_17_79315_40843.png,masks/tiles/moscow_suburb_small_17_79315_40843.png,1.0,"{""2"": 51833, ""3"": 10206, ""4"": 3497}",Overture Maps,17,EPSG:4326,"max_class_share=0.79,fg_share=1.00"
moscow_suburb_small_17_79316_40843,moscow_suburb_small,17,79316,40843,images/tiles/moscow_suburb_small_17_79316_40843.png,masks/tiles/moscow_suburb_small_17_79316_40843.png,1.0,"{""2"": 54515, ""3"": 8173, ""4"": 2848}",Overture Maps,17,EPSG:4326,"max_class_share=0.83,fg_share=1.00"
moscow_suburb_small_17_79317_40843,moscow_suburb_small,17,79317,40843,images/tiles/moscow_suburb_small_17_79317_40843.png,masks/tiles/moscow_suburb_small_17_79317_40843.png,1.0,"{""2"": 57824, ""3"": 4047, ""4"": 3665}",Overture Maps,17,EPSG:4326,"max_class_share=0.88,fg_share=1.00"
moscow_suburb_small_17_79318_40843,moscow_suburb_small,17,79318,40843,images/tiles/moscow_suburb_small_17_79318_40843.png,masks/tiles/moscow_suburb_small_17_79318_40843.png,1.0,"{""2"": 51489, ""3"": 10707, ""4"": 3340}",Overture Maps,17,EPSG:4326,"max_class_share=0.79,fg_share=1.00"
moscow_suburb_small_17_79319_40843,moscow_suburb_small,17,79319,40843,images/tiles/moscow_suburb_small_17_79319_40843.png,masks/tiles/moscow_suburb_small_17_79319_40843.png,1.0,"{""2"": 51302, ""3"": 10380, ""4"": 3854}",Overture Maps,17,EPSG:4326,"max_class_share=0.78,fg_share=1.00"
moscow_suburb_small_17_79320_40843,moscow_suburb_small,17,79320,40843,images/tiles/moscow_suburb_small_17_79320_40843.png,masks/tiles/moscow_suburb_small_17_79320_40843.png,1.0,"{""1"": 127, ""2"": 59264, ""3"": 4451, ""4"": 1694}",Overture Maps,17,EPSG:4326,"max_class_share=0.90,fg_share=1.00"
moscow_suburb_small_17_79295_40844,moscow_suburb_small,17,79295,40844,images/tiles/moscow_suburb_small_17_79295_40844.png,masks/tiles/moscow_suburb_small_17_79295_40844.png,1.0,"{""1"": 275, ""2"": 58929, ""3"": 3652, ""4"": 2680}",Overture Maps,17,EPSG:4326,"max_class_share=0.90,fg_share=1.00"
moscow_suburb_small_17_79296_40844,moscow_suburb_small,17,79296,40844,images/tiles/moscow_suburb_small_17_79296_40844.png,masks/tiles/moscow_suburb_small_17_79296_40844.png,1.0,"{""1"": 803, ""2"": 58343, ""3"": 273, ""4"": 6117}",Overture Maps,17,EPSG:4326,"max_class_share=0.89,fg_share=1.00"
moscow_suburb_small_17_79297_40844,moscow_suburb_small,17,79297,40844,images/tiles/moscow_suburb_small_17_79297_40844.png,masks/tiles/moscow_suburb_small_17_79297_40844.png,1.0,"{""2"": 57892, ""3"": 3615, ""4"": 4029}",Overture Maps,17,EPSG:4326,"max_class_share=0.88,fg_share=1.00"
moscow_suburb_small_17_79298_40844,moscow_suburb_small,17,79298,40844,images/tiles/moscow_suburb_small_17_79298_40844.png,masks/tiles/moscow_suburb_small_17_79298_40844.png,1.0,"{""2"": 56916, ""3"": 5880, ""4"": 2740}",Overture Maps,17,EPSG:4326,"max_class_share=0.87,fg_share=1.00"
moscow_suburb_small_17_79299_40844,moscow_suburb_small,17,79299,40844,images/tiles/moscow_suburb_small_17_79299_40844.png,masks/tiles/moscow_suburb_small_17_79299_40844.png,1.0,"{""2"": 56541, ""3"": 5260, ""4"": 3735}",Overture Maps,17,EPSG:4326,"max_class_share=0.86,fg_share=1.00"
moscow_suburb_small_17_79300_40844,moscow_suburb_small,17,79300,40844,images/tiles/moscow_suburb_small_17_79300_40844.png,masks/tiles/moscow_suburb_small_17_79300_40844.png,1.0,"{""1"": 1985, ""2"": 58872, ""3"": 1033, ""4"": 3646}",Overture Maps,17,EPSG:4326,"max_class_share=0.90,fg_share=1.00"
moscow_suburb_small_17_79301_40844,moscow_suburb_small,17,79301,40844,images/tiles/moscow_suburb_small_17_79301_40844.png,masks/tiles/moscow_suburb_small_17_79301_40844.png,1.0,"{""1"": 2714, ""2"": 52262, ""3"": 5680, ""4"": 4880}",Overture Maps,17,EPSG:4326,"max_class_share=0.80,fg_share=1.00"
moscow_suburb_small_17_79302_40844,moscow_suburb_small,17,79302,40844,images/tiles/moscow_suburb_small_17_79302_40844.png,masks/tiles/moscow_suburb_small_17_79302_40844.png,1.0,"{""2"": 49429, ""3"": 11037, ""4"": 5070}",Overture Maps,17,EPSG:4326,"max_class_share=0.75,fg_share=1.00"
moscow_suburb_small_17_79303_40844,moscow_suburb_small,17,79303,40844,images/tiles/moscow_suburb_small_17_79303_40844.png,masks/tiles/moscow_suburb_small_17_79303_40844.png,1.0,"{""2"": 51461, ""3"": 8707, ""4"": 5368}",Overture Maps,17,EPSG:4326,"max_class_share=0.79,fg_share=1.00"
moscow_suburb_small_17_79305_40844,moscow_suburb_small,17,79305,40844,images/tiles/moscow_suburb_small_17_79305_40844.png,masks/tiles/moscow_suburb_small_17_79305_40844.png,1.0,"{""2"": 53120, ""4"": 12416}",Overture Maps,17,EPSG:4326,"max_class_share=0.81,fg_share=1.00"
moscow_suburb_small_17_79306_40844,moscow_suburb_small,17,79306,40844,images/tiles/moscow_suburb_small_17_79306_40844.png,masks/tiles/moscow_suburb_small_17_79306_40844.png,1.0,"{""2"": 49533, ""3"": 311, ""4"": 15692}",Overture Maps,17,EPSG:4326,"max_class_share=0.76,fg_share=1.00"
moscow_suburb_small_17_79307_40844,moscow_suburb_small,17,79307,40844,images/tiles/moscow_suburb_small_17_79307_40844.png,masks/tiles/moscow_suburb_small_17_79307_40844.png,1.0,"{""2"": 43660, ""3"": 10811, ""4"": 11065}",Overture Maps,17,EPSG:4326,"max_class_share=0.67,fg_share=1.00"
moscow_suburb_small_17_79308_40844,moscow_suburb_small,17,79308,40844,images/tiles/moscow_suburb_small_17_79308_40844.png,masks/tiles/moscow_suburb_small_17_79308_40844.png,1.0,"{""2"": 54380, ""4"": 11156}",Overture Maps,17,EPSG:4326,"max_class_share=0.83,fg_share=1.00"
moscow_suburb_small_17_79309_40844,moscow_suburb_small,17,79309,40844,images/tiles/moscow_suburb_small_17_79309_40844.png,masks/tiles/moscow_suburb_small_17_79309_40844.png,1.0,"{""1"": 69, ""2"": 56964, ""4"": 8503}",Overture Maps,17,EPSG:4326,"max_class_share=0.87,fg_share=1.00"
moscow_suburb_small_17_79312_40844,moscow_suburb_small,17,79312,40844,images/tiles/moscow_suburb_small_17_79312_40844.png,masks/tiles/moscow_suburb_small_17_79312_40844.png,1.0,"{""1"": 105, ""2"": 58134, ""3"": 3955, ""4"": 3342}",Overture Maps,17,EPSG:4326,"max_class_share=0.89,fg_share=1.00"
moscow_suburb_small_17_79313_40844,moscow_suburb_small,17,79313,40844,images/tiles/moscow_suburb_small_17_79313_40844.png,masks/tiles/moscow_suburb_small_17_79313_40844.png,1.0,"{""2"": 54364, ""3"": 6543, ""4"": 4629}",Overture Maps,17,EPSG:4326,"max_class_share=0.83,fg_share=1.00"
moscow_suburb_small_17_79314_40844,moscow_suburb_small,17,79314,40844,images/tiles/moscow_suburb_small_17_79314_40844.png,masks/tiles/moscow_suburb_small_17_79314_40844.png,1.0,"{""2"": 53047, ""3"": 9003, ""4"": 3486}",Overture Maps,17,EPSG:4326,"max_class_share=0.81,fg_share=1.00"
moscow_suburb_small_17_79315_40844,moscow_suburb_small,17,79315,40844,images/tiles/moscow_suburb_small_17_79315_40844.png,masks/tiles/moscow_suburb_small_17_79315_40844.png,1.0,"{""2"": 52468, ""3"": 7799, ""4"": 5269}",Overture Maps,17,EPSG:4326,"max_class_share=0.80,fg_share=1.00"
moscow_suburb_small_17_79316_40844,moscow_suburb_small,17,79316,40844,images/tiles/moscow_suburb_small_17_79316_40844.png,masks/tiles/moscow_suburb_small_17_79316_40844.png,1.0,"{""1"": 4647, ""2"": 50669, ""3"": 7366, ""4"": 2854}",Overture Maps,17,EPSG:4326,"max_class_share=0.77,fg_share=1.00"
moscow_suburb_small_17_79318_40844,moscow_suburb_small,17,79318,40844,images/tiles/moscow_suburb_small_17_79318_40844.png,masks/tiles/moscow_suburb_small_17_79318_40844.png,1.0,"{""2"": 61355, ""3"": 4105, ""4"": 76}",Overture Maps,17,EPSG:4326,"max_class_share=0.94,fg_share=1.00"
moscow_suburb_small_17_79295_40845,moscow_suburb_small,17,79295,40845,images/tiles/moscow_suburb_small_17_79295_40845.png,masks/tiles/moscow_suburb_small_17_79295_40845.png,1.0,"{""2"": 56804, ""3"": 6909, ""4"": 1823}",Overture Maps,17,EPSG:4326,"max_class_share=0.87,fg_share=1.00"
moscow_suburb_small_17_79296_40845,moscow_suburb_small,17,79296,40845,images/tiles/moscow_suburb_small_17_79296_40845.png,masks/tiles/moscow_suburb_small_17_79296_40845.png,1.0,"{""1"": 129, ""2"": 55144, ""3"": 6690, ""4"": 3573}",Overture Maps,17,EPSG:4326,"max_class_share=0.84,fg_share=1.00"
moscow_suburb_small_17_79297_40845,moscow_suburb_small,17,79297,40845,images/tiles/moscow_suburb_small_17_79297_40845.png,masks/tiles/moscow_suburb_small_17_79297_40845.png,1.0,"{""1"": 482, ""2"": 58487, ""3"": 406, ""4"": 6161}",Overture Maps,17,EPSG:4326,"max_class_share=0.89,fg_share=1.00"
moscow_suburb_small_17_79298_40845,moscow_suburb_small,17,79298,40845,images/tiles/moscow_suburb_small_17_79298_40845.png,masks/tiles/moscow_suburb_small_17_79298_40845.png,1.0,"{""2"": 56838, ""3"": 4455, ""4"": 4243}",Overture Maps,17,EPSG:4326,"max_class_share=0.87,fg_share=1.00"
moscow_suburb_small_17_79299_40845,moscow_suburb_small,17,79299,40845,images/tiles/moscow_suburb_small_17_79299_40845.png,masks/tiles/moscow_suburb_small_17_79299_40845.png,1.0,"{""2"": 58648, ""3"": 2865, ""4"": 4023}",Overture Maps,17,EPSG:4326,"max_class_share=0.89,fg_share=1.00"
moscow_suburb_small_17_79300_40845,moscow_suburb_small,17,79300,40845,images/tiles/moscow_suburb_small_17_79300_40845.png,masks/tiles/moscow_suburb_small_17_79300_40845.png,1.0,"{""2"": 58114, ""3"": 4202, ""4"": 3220}",Overture Maps,17,EPSG:4326,"max_class_share=0.89,fg_share=1.00"
moscow_suburb_small_17_79301_40845,moscow_suburb_small,17,79301,40845,images/tiles/moscow_suburb_small_17_79301_40845.png,masks/tiles/moscow_suburb_small_17_79301_40845.png,1.0,"{""2"": 59588, ""3"": 3511, ""4"": 2437}",Overture Maps,17,EPSG:4326,"max_class_share=0.91,fg_share=1.00"
moscow_suburb_small_17_79302_40845,moscow_suburb_small,17,79302,40845,images/tiles/moscow_suburb_small_17_79302_40845.png,masks/tiles/moscow_suburb_small_17_79302_40845.png,1.0,"{""2"": 50732, ""3"": 10383, ""4"": 4421}",Overture Maps,17,EPSG:4326,"max_class_share=0.77,fg_share=1.00"
moscow_suburb_small_17_79303_40845,moscow_suburb_small,17,79303,40845,images/tiles/moscow_suburb_small_17_79303_40845.png,masks/tiles/moscow_suburb_small_17_79303_40845.png,1.0,"{""2"": 58602, ""3"": 4494, ""4"": 2440}",Overture Maps,17,EPSG:4326,"max_class_share=0.89,fg_share=1.00"
moscow_suburb_small_17_79304_40845,moscow_suburb_small,17,79304,40845,images/tiles/moscow_suburb_small_17_79304_40845.png,masks/tiles/moscow_suburb_small_17_79304_40845.png,1.0,"{""2"": 56693, ""3"": 1808, ""4"": 7035}",Overture Maps,17,EPSG:4326,"max_class_share=0.87,fg_share=1.00"
moscow_suburb_small_17_79305_40845,moscow_suburb_small,17,79305,40845,images/tiles/moscow_suburb_small_17_79305_40845.png,masks/tiles/moscow_suburb_small_17_79305_40845.png,1.0,"{""2"": 61951, ""4"": 3585}",Overture Maps,17,EPSG:4326,"max_class_share=0.95,fg_share=1.00"
moscow_suburb_small_17_79306_40845,moscow_suburb_small,17,79306,40845,images/tiles/moscow_suburb_small_17_79306_40845.png,masks/tiles/moscow_suburb_small_17_79306_40845.png,1.0,"{""2"": 59398, ""4"": 6138}",Overture Maps,17,EPSG:4326,"max_class_share=0.91,fg_share=1.00"
moscow_suburb_small_17_79307_40845,moscow_suburb_small,17,79307,40845,images/tiles/moscow_suburb_small_17_79307_40845.png,masks/tiles/moscow_suburb_small_17_79307_40845.png,1.0,"{""2"": 50820, ""4"": 14716}",Overture Maps,17,EPSG:4326,"max_class_share=0.78,fg_share=1.00"
moscow_suburb_small_17_79308_40845,moscow_suburb_small,17,79308,40845,images/tiles/moscow_suburb_small_17_79308_40845.png,masks/tiles/moscow_suburb_small_17_79308_40845.png,1.0,"{""2"": 50892, ""3"": 2, ""4"": 14642}",Overture Maps,17,EPSG:4326,"max_class_share=0.78,fg_share=1.00"
moscow_suburb_small_17_79309_40845,moscow_suburb_small,17,79309,40845,images/tiles/moscow_suburb_small_17_79309_40845.png,masks/tiles/moscow_suburb_small_17_79309_40845.png,1.0,"{""1"": 257, ""2"": 57289, ""3"": 4939, ""4"": 3051}",Overture Maps,17,EPSG:4326,"max_class_share=0.87,fg_share=1.00"
moscow_suburb_small_17_79310_40845,moscow_suburb_small,17,79310,40845,images/tiles/moscow_suburb_small_17_79310_40845.png,masks/tiles/moscow_suburb_small_17_79310_40845.png,1.0,"{""2"": 48075, ""3"": 12892, ""4"": 4569}",Overture Maps,17,EPSG:4326,"max_class_share=0.73,fg_share=1.00"
moscow_suburb_small_17_79311_40845,moscow_suburb_small,17,79311,40845,images/tiles/moscow_suburb_small_17_79311_40845.png,masks/tiles/moscow_suburb_small_17_79311_40845.png,1.0,"{""2"": 50683, ""3"": 10609, ""4"": 4244}",Overture Maps,17,EPSG:4326,"max_class_share=0.77,fg_share=1.00"
moscow_suburb_small_17_79312_40845,moscow_suburb_small,17,79312,40845,images/tiles/moscow_suburb_small_17_79312_40845.png,masks/tiles/moscow_suburb_small_17_79312_40845.png,1.0,"{""1"": 256, ""2"": 61842, ""3"": 691, ""4"": 2747}",Overture Maps,17,EPSG:4326,"max_class_share=0.94,fg_share=1.00"
moscow_suburb_small_17_79313_40845,moscow_suburb_small,17,79313,40845,images/tiles/moscow_suburb_small_17_79313_40845.png,masks/tiles/moscow_suburb_small_17_79313_40845.png,1.0,"{""2"": 56483, ""3"": 4377, ""4"": 4676}",Overture Maps,17,EPSG:4326,"max_class_share=0.86,fg_share=1.00"
moscow_suburb_small_17_79314_40845,moscow_suburb_small,17,79314,40845,images/tiles/moscow_suburb_small_17_79314_40845.png,masks/tiles/moscow_suburb_small_17_79314_40845.png,1.0,"{""2"": 43816, ""3"": 17641, ""4"": 4079}",Overture Maps,17,EPSG:4326,"max_class_share=0.67,fg_share=1.00"
moscow_suburb_small_17_79315_40845,moscow_suburb_small,17,79315,40845,images/tiles/moscow_suburb_small_17_79315_40845.png,masks/tiles/moscow_suburb_small_17_79315_40845.png,1.0,"{""2"": 46166, ""3"": 14061, ""4"": 5309}",Overture Maps,17,EPSG:4326,"max_class_share=0.70,fg_share=1.00"
moscow_suburb_small_17_79316_40845,moscow_suburb_small,17,79316,40845,images/tiles/moscow_suburb_small_17_79316_40845.png,masks/tiles/moscow_suburb_small_17_79316_40845.png,1.0,"{""1"": 16351, ""2"": 46685, ""3"": 399, ""4"": 2101}",Overture Maps,17,EPSG:4326,"max_class_share=0.71,fg_share=1.00"
moscow_suburb_small_17_79295_40846,moscow_suburb_small,17,79295,40846,images/tiles/moscow_suburb_small_17_79295_40846.png,masks/tiles/moscow_suburb_small_17_79295_40846.png,1.0,"{""2"": 56781, ""3"": 3639, ""4"": 5116}",Overture Maps,17,EPSG:4326,"max_class_share=0.87,fg_share=1.00"
moscow_suburb_small_17_79296_40846,moscow_suburb_small,17,79296,40846,images/tiles/moscow_suburb_small_17_79296_40846.png,masks/tiles/moscow_suburb_small_17_79296_40846.png,1.0,"{""1"": 1697, ""2"": 57896, ""3"": 3437, ""4"": 2506}",Overture Maps,17,EPSG:4326,"max_class_share=0.88,fg_share=1.00"
moscow_suburb_small_17_79297_40846,moscow_suburb_small,17,79297,40846,images/tiles/moscow_suburb_small_17_79297_40846.png,masks/tiles/moscow_suburb_small_17_79297_40846.png,1.0,"{""1"": 385, ""2"": 55338, ""3"": 4431, ""4"": 5382}",Overture Maps,17,EPSG:4326,"max_class_share=0.84,fg_share=1.00"
moscow_suburb_small_17_79298_40846,moscow_suburb_small,17,79298,40846,images/tiles/moscow_suburb_small_17_79298_40846.png,masks/tiles/moscow_suburb_small_17_79298_40846.png,1.0,"{""1"": 393, ""2"": 52928, ""3"": 4951, ""4"": 7264}",Overture Maps,17,EPSG:4326,"max_class_share=0.81,fg_share=1.00"
moscow_suburb_small_17_79299_40846,moscow_suburb_small,17,79299,40846,images/tiles/moscow_suburb_small_17_79299_40846.png,masks/tiles/moscow_suburb_small_17_79299_40846.png,1.0,"{""2"": 58309, ""3"": 2193, ""4"": 5034}",Overture Maps,17,EPSG:4326,"max_class_share=0.89,fg_share=1.00"
moscow_suburb_small_17_79300_40846,moscow_suburb_small,17,79300,40846,images/tiles/moscow_suburb_small_17_79300_40846.png,masks/tiles/moscow_suburb_small_17_79300_40846.png,1.0,"{""2"": 55967, ""3"": 4324, ""4"": 5245}",Overture Maps,17,EPSG:4326,"max_class_share=0.85,fg_share=1.00"
moscow_suburb_small_17_79301_40846,moscow_suburb_small,17,79301,40846,images/tiles/moscow_suburb_small_17_79301_40846.png,masks/tiles/moscow_suburb_small_17_79301_40846.png,1.0,"{""2"": 51509, ""3"": 7973, ""4"": 6054}",Overture Maps,17,EPSG:4326,"max_class_share=0.79,fg_share=1.00"
moscow_suburb_small_17_79302_40846,moscow_suburb_small,17,79302,40846,images/tiles/moscow_suburb_small_17_79302_40846.png,masks/tiles/moscow_suburb_small_17_79302_40846.png,1.0,"{""2"": 54404, ""3"": 7795, ""4"": 3337}",Overture Maps,17,EPSG:4326,"max_class_share=0.83,fg_share=1.00"
moscow_suburb_small_17_79304_40846,moscow_suburb_small,17,79304,40846,images/tiles/moscow_suburb_small_17_79304_40846.png,masks/tiles/moscow_suburb_small_17_79304_40846.png,1.0,"{""2"": 59497, ""4"": 6039}",Overture Maps,17,EPSG:4326,"max_class_share=0.91,fg_share=1.00"
moscow_suburb_small_17_79306_40846,moscow_suburb_small,17,79306,40846,images/tiles/moscow_suburb_small_17_79306_40846.png,masks/tiles/moscow_suburb_small_17_79306_40846.png,1.0,"{""2"": 49272, ""4"": 16264}",Overture Maps,17,EPSG:4326,"max_class_share=0.75,fg_share=1.00"
moscow_suburb_small_17_79307_40846,moscow_suburb_small,17,79307,40846,images/tiles/moscow_suburb_small_17_79307_40846.png,masks/tiles/moscow_suburb_small_17_79307_40846.png,1.0,"{""2"": 53207, ""3"": 113, ""4"": 12216}",Overture Maps,17,EPSG:4326,"max_class_share=0.81,fg_share=1.00"
moscow_suburb_small_17_79308_40846,moscow_suburb_small,17,79308,40846,images/tiles/moscow_suburb_small_17_79308_40846.png,masks/tiles/moscow_suburb_small_17_79308_40846.png,1.0,"{""1"": 77, ""2"": 57479, ""4"": 7980}",Overture Maps,17,EPSG:4326,"max_class_share=0.88,fg_share=1.00"
moscow_suburb_small_17_79309_40846,moscow_suburb_small,17,79309,40846,images/tiles/moscow_suburb_small_17_79309_40846.png,masks/tiles/moscow_suburb_small_17_79309_40846.png,1.0,"{""1"": 182, ""2"": 49907, ""3"": 10938, ""4"": 4509}",Overture Maps,17,EPSG:4326,"max_class_share=0.76,fg_share=1.00"
moscow_suburb_small_17_79310_40846,moscow_suburb_small,17,79310,40846,images/tiles/moscow_suburb_small_17_79310_40846.png,masks/tiles/moscow_suburb_small_17_79310_40846.png,1.0,"{""2"": 46784, ""3"": 13580, ""4"": 5172}",Overture Maps,17,EPSG:4326,"max_class_share=0.71,fg_share=1.00"
moscow_suburb_small_17_79311_40846,moscow_suburb_small,17,79311,40846,images/tiles/moscow_suburb_small_17_79311_40846.png,masks/tiles/moscow_suburb_small_17_79311_40846.png,1.0,"{""1"": 105, ""2"": 45526, ""3"": 12064, ""4"": 7841}",Overture Maps,17,EPSG:4326,"max_class_share=0.69,fg_share=1.00"
moscow_suburb_small_17_79312_40846,moscow_suburb_small,17,79312,40846,images/tiles/moscow_suburb_small_17_79312_40846.png,masks/tiles/moscow_suburb_small_17_79312_40846.png,1.0,"{""1"": 161, ""2"": 59092, ""3"": 3121, ""4"": 3162}",Overture Maps,17,EPSG:4326,"max_class_share=0.90,fg_share=1.00"
moscow_suburb_small_17_79316_40846,moscow_suburb_small,17,79316,40846,images/tiles/moscow_suburb_small_17_79316_40846.png,masks/tiles/moscow_suburb_small_17_79316_40846.png,1.0,"{""1"": 274, ""2"": 61367, ""3"": 1311, ""4"": 2584}",Overture Maps,17,EPSG:4326,"max_class_share=0.94,fg_share=1.00"
moscow_suburb_small_17_79317_40846,moscow_suburb_small,17,79317,40846,images/tiles/moscow_suburb_small_17_79317_40846.png,masks/tiles/moscow_suburb_small_17_79317_40846.png,1.0,"{""1"": 3227, ""2"": 53470, ""3"": 4670, ""4"": 4169}",Overture Maps,17,EPSG:4326,"max_class_share=0.82,fg_share=1.00"
moscow_suburb_small_17_79318_40846,moscow_suburb_small,17,79318,40846,images/tiles/moscow_suburb_small_17_79318_40846.png,masks/tiles/moscow_suburb_small_17_79318_40846.png,1.0,"{""2"": 60301, ""3"": 4132, ""4"": 1103}",Overture Maps,17,EPSG:4326,"max_class_share=0.92,fg_share=1.00"
moscow_suburb_small_17_79320_40846,moscow_suburb_small,17,79320,40846,images/tiles/moscow_suburb_small_17_79320_40846.png,masks/tiles/moscow_suburb_small_17_79320_40846.png,1.0,"{""2"": 61553, ""3"": 1477, ""4"": 2506}",Overture Maps,17,EPSG:4326,"max_class_share=0.94,fg_share=1.00"
moscow_suburb_small_17_79295_40847,moscow_suburb_small,17,79295,40847,images/tiles/moscow_suburb_small_17_79295_40847.png,masks/tiles/moscow_suburb_small_17_79295_40847.png,1.0,"{""2"": 59932, ""3"": 3524, ""4"": 2080}",Overture Maps,17,EPSG:4326,"max_class_share=0.91,fg_share=1.00"
moscow_suburb_small_17_79296_40847,moscow_suburb_small,17,79296,40847,images/tiles/moscow_suburb_small_17_79296_40847.png,masks/tiles/moscow_suburb_small_17_79296_40847.png,1.0,"{""2"": 55632, ""3"": 3819, ""4"": 6085}",Overture Maps,17,EPSG:4326,"max_class_share=0.85,fg_share=1.00"
moscow_suburb_small_17_79297_40847,moscow_suburb_small,17,79297,40847,images/tiles/moscow_suburb_small_17_79297_40847.png,masks/tiles/moscow_suburb_small_17_79297_40847.png,1.0,"{""2"": 58844, ""3"": 4587, ""4"": 2105}",Overture Maps,17,EPSG:4326,"max_class_share=0.90,fg_share=1.00"
moscow_suburb_small_17_79298_40847,moscow_suburb_small,17,79298,40847,images/tiles/moscow_suburb_small_17_79298_40847.png,masks/tiles/moscow_suburb_small_17_79298_40847.png,1.0,"{""1"": 341, ""2"": 56093, ""3"": 4567, ""4"": 4535}",Overture Maps,17,EPSG:4326,"max_class_share=0.86,fg_share=1.00"
moscow_suburb_small_17_79299_40847,moscow_suburb_small,17,79299,40847,images/tiles/moscow_suburb_small_17_79299_40847.png,masks/tiles/moscow_suburb_small_17_79299_40847.png,1.0,"{""1"": 203, ""2"": 57383, ""3"": 1888, ""4"": 6062}",Overture Maps,17,EPSG:4326,"max_class_share=0.88,fg_share=1.00"
moscow_suburb_small_17_79300_40847,moscow_suburb_small,17,79300,40847,images/tiles/moscow_suburb_small_17_79300_40847.png,masks/tiles/moscow_suburb_small_17_79300_40847.png,1.0,"{""2"": 55575, ""3"": 3420, ""4"": 6541}",Overture Maps,17,EPSG:4326,"max_class_share=0.85,fg_share=1.00"
moscow_suburb_small_17_79301_40847,moscow_suburb_small,17,79301,40847,images/tiles/moscow_suburb_small_17_79301_40847.png,masks/tiles/moscow_suburb_small_17_79301_40847.png,1.0,"{""2"": 51145, ""3"": 9728, ""4"": 4663}",Overture Maps,17,EPSG:4326,"max_class_share=0.78,fg_share=1.00"
moscow_suburb_small_17_79302_40847,moscow_suburb_small,17,79302,40847,images/tiles/moscow_suburb_small_17_79302_40847.png,masks/tiles/moscow_suburb_small_17_79302_40847.png,1.0,"{""2"": 38036, ""3"": 26510, ""4"": 990}",Overture Maps,17,EPSG:4326,"max_class_share=0.58,fg_share=1.00"
moscow_suburb_small_17_79303_40847,moscow_suburb_small,17,79303,40847,images/tiles/moscow_suburb_small_17_79303_40847.png,masks/tiles/moscow_suburb_small_17_79303_40847.png,1.0,"{""2"": 47810, ""3"": 13829, ""4"": 3897}",Overture Maps,17,EPSG:4326,"max_class_share=0.73,fg_share=1.00"
moscow_suburb_small_17_79304_40847,moscow_suburb_small,17,79304,40847,images/tiles/moscow_suburb_small_17_79304_40847.png,masks/tiles/moscow_suburb_small_17_79304_40847.png,1.0,"{""2"": 59156, ""3"": 134, ""4"": 6246}",Overture Maps,17,EPSG:4326,"max_class_share=0.90,fg_share=1.00"
moscow_suburb_small_17_79305_40847,moscow_suburb_small,17,79305,40847,images/tiles/moscow_suburb_small_17_79305_40847.png,masks/tiles/moscow_suburb_small_17_79305_40847.png,1.0,"{""2"": 53936, ""4"": 11600}",Overture Maps,17,EPSG:4326,"max_class_share=0.82,fg_share=1.00"
moscow_suburb_small_17_79309_40847,moscow_suburb_small,17,79309,40847,images/tiles/moscow_suburb_small_17_79309_40847.png,masks/tiles/moscow_suburb_small_17_79309_40847.png,1.0,"{""2"": 47399, ""3"": 13793, ""4"": 4344}",Overture Maps,17,EPSG:4326,"max_class_share=0.72,fg_share=1.00"
moscow_suburb_small_17_79310_40847,moscow_suburb_small,17,79310,40847,images/tiles/moscow_suburb_small_17_79310_40847.png,masks/tiles/moscow_suburb_small_17_79310_40847.png,1.0,"{""2"": 47884, ""3"": 12776, ""4"": 4876}",Overture Maps,17,EPSG:4326,"max_class_share=0.73,fg_share=1.00"
moscow_suburb_small_17_79311_40847,moscow_suburb_small,17,79311,40847,images/tiles/moscow_suburb_small_17_79311_40847.png,masks/tiles/moscow_suburb_small_17_79311_40847.png,1.0,"{""1"": 44, ""2"": 45991, ""3"": 10652, ""4"": 8849}",Overture Maps,17,EPSG:4326,"max_class_share=0.70,fg_share=1.00"
moscow_suburb_small_17_79312_40847,moscow_suburb_small,17,79312,40847,images/tiles/moscow_suburb_small_17_79312_40847.png,masks/tiles/moscow_suburb_small_17_79312_40847.png,1.0,"{""1"": 256, ""2"": 52564, ""3"": 11929, ""4"": 787}",Overture Maps,17,EPSG:4326,"max_class_share=0.80,fg_share=1.00"
moscow_suburb_small_17_79313_40847,moscow_suburb_small,17,79313,40847,images/tiles/moscow_suburb_small_17_79313_40847.png,masks/tiles/moscow_suburb_small_17_79313_40847.png,1.0,"{""1"": 215, ""2"": 60879, ""3"": 4056, ""4"": 386}",Overture Maps,17,EPSG:4326,"max_class_share=0.93,fg_share=1.00"
moscow_suburb_small_17_79317_40847,moscow_suburb_small,17,79317,40847,images/tiles/moscow_suburb_small_17_79317_40847.png,masks/tiles/moscow_suburb_small_17_79317_40847.png,1.0,"{""2"": 46420, ""3"": 12330, ""4"": 6786}",Overture Maps,17,EPSG:4326,"max_class_share=0.71,fg_share=1.00"
moscow_suburb_small_17_79318_40847,moscow_suburb_small,17,79318,40847,images/tiles/moscow_suburb_small_17_79318_40847.png,masks/tiles/moscow_suburb_small_17_79318_40847.png,1.0,"{""2"": 54048, ""3"": 5007, ""4"": 6481}",Overture Maps,17,EPSG:4326,"max_class_share=0.82,fg_share=1.00"
moscow_suburb_small_17_79319_40847,moscow_suburb_small,17,79319,40847,images/tiles/moscow_suburb_small_17_79319_40847.png,masks/tiles/moscow_suburb_small_17_79319_40847.png,1.0,"{""2"": 57823, ""3"": 5472, ""4"": 2241}",Overture Maps,17,EPSG:4326,"max_class_share=0.88,fg_share=1.00"
moscow_suburb_small_17_79294_40848,moscow_suburb_small,17,79294,40848,images/tiles/moscow_suburb_small_17_79294_40848.png,masks/tiles/moscow_suburb_small_17_79294_40848.png,1.0,"{""2"": 61086, ""3"": 1066, ""4"": 3384}",Overture Maps,17,EPSG:4326,"max_class_share=0.93,fg_share=1.00"
moscow_suburb_small_17_79295_40848,moscow_suburb_small,17,79295,40848,images/tiles/moscow_suburb_small_17_79295_40848.png,masks/tiles/moscow_suburb_small_17_79295_40848.png,1.0,"{""2"": 53370, ""3"": 7227, ""4"": 4939}",Overture Maps,17,EPSG:4326,"max_class_share=0.81,fg_share=1.00"
moscow_suburb_small_17_79296_40848,moscow_suburb_small,17,79296,40848,images/tiles/moscow_suburb_small_17_79296_40848.png,masks/tiles/moscow_suburb_small_17_79296_40848.png,1.0,"{""2"": 59643, ""3"": 4185, ""4"": 1708}",Overture Maps,17,EPSG:4326,"max_class_share=0.91,fg_share=1.00"
moscow_suburb_small_17_79297_40848,moscow_suburb_small,17,79297,40848,images/tiles/moscow_suburb_small_17_79297_40848.png,masks/tiles/moscow_suburb_small_17_79297_40848.png,1.0,"{""2"": 55181, ""3"": 5643, ""4"": 4712}",Overture Maps,17,EPSG:4326,"max_class_share=0.84,fg_share=1.00"
moscow_suburb_small_17_79298_40848,moscow_suburb_small,17,79298,40848,images/tiles/moscow_suburb_small_17_79298_40848.png,masks/tiles/moscow_suburb_small_17_79298_40848.png,1.0,"{""2"": 57949, ""3"": 2655, ""4"": 4932}",Overture Maps,17,EPSG:4326,"max_class_share=0.88,fg_share=1.00"
moscow_suburb_small_17_79300_40848,moscow_suburb_small,17,79300,40848,images/tiles/moscow_suburb_small_17_79300_40848.png,masks/tiles/moscow_suburb_small_17_79300_40848.png,1.0,"{""1"": 113, ""2"": 57104, ""3"": 4303, ""4"": 4016}",Overture Maps,17,EPSG:4326,"max_class_share=0.87,fg_share=1.00"
moscow_suburb_small_17_79301_40848,moscow_suburb_small,17,79301,40848,images/tiles/moscow_suburb_small_17_79301_40848.png,masks/tiles/moscow_suburb_small_17_79301_40848.png,1.0,"{""2"": 48351, ""3"": 11449, ""4"": 5736}",Overture Maps,17,EPSG:4326,"max_class_share=0.74,fg_share=1.00"
moscow_suburb_small_17_79302_40848,moscow_suburb_small,17,79302,40848,images/tiles/moscow_suburb_small_17_79302_40848.png,masks/tiles/moscow_suburb_small_17_79302_40848.png,1.0,"{""2"": 42729, ""3"": 19426, ""4"": 3381}",Overture Maps,17,EPSG:4326,"max_class_share=0.65,fg_share=1.00"
moscow_suburb_small_17_79303_40848,moscow_suburb_small,17,79303,40848,images/tiles/moscow_suburb_small_17_79303_40848.png,masks/tiles/moscow_suburb_small_17_79303_40848.png,1.0,"{""2"": 42389, ""3"": 16514, ""4"": 6633}",Overture Maps,17,EPSG:4326,"max_class_share=0.65,fg_share=1.00"
moscow_suburb_small_17_79304_40848,moscow_suburb_small,17,79304,40848,images/tiles/moscow_suburb_small_17_79304_40848.png,masks/tiles/moscow_suburb_small_17_79304_40848.png,1.0,"{""2"": 49697, ""4"": 15839}",Overture Maps,17,EPSG:4326,"max_class_share=0.76,fg_share=1.00"
moscow_suburb_small_17_79308_40848,moscow_suburb_small,17,79308,40848,images/tiles/moscow_suburb_small_17_79308_40848.png,masks/tiles/moscow_suburb_small_17_79308_40848.png,1.0,"{""1"": 251, ""2"": 52540, ""3"": 12745}",Overture Maps,17,EPSG:4326,"max_class_share=0.80,fg_share=1.00"
moscow_suburb_small_17_79309_40848,moscow_suburb_small,17,79309,40848,images/tiles/moscow_suburb_small_17_79309_40848.png,masks/tiles/moscow_suburb_small_17_79309_40848.png,1.0,"{""2"": 49236, ""3"": 11726, ""4"": 4574}",Overture Maps,17,EPSG:4326,"max_class_share=0.75,fg_share=1.00"
moscow_suburb_small_17_79310_40848,moscow_suburb_small,17,79310,40848,images/tiles/moscow_suburb_small_17_79310_40848.png,masks/tiles/moscow_suburb_small_17_79310_40848.png,1.0,"{""2"": 45435, ""3"": 10782, ""4"": 9319}",Overture Maps,17,EPSG:4326,"max_class_share=0.69,fg_share=1.00"
moscow_suburb_small_17_79311_40848,moscow_suburb_small,17,79311,40848,images/tiles/moscow_suburb_small_17_79311_40848.png,masks/tiles/moscow_suburb_small_17_79311_40848.png,1.0,"{""2"": 42464, ""3"": 16398, ""4"": 6674}",Overture Maps,17,EPSG:4326,"max_class_share=0.65,fg_share=1.00"
moscow_suburb_small_17_79312_40848,moscow_suburb_small,17,79312,40848,images/tiles/moscow_suburb_small_17_79312_40848.png,masks/tiles/moscow_suburb_small_17_79312_40848.png,1.0,"{""2"": 47304, ""3"": 16481, ""4"": 1751}",Overture Maps,17,EPSG:4326,"max_class_share=0.72,fg_share=1.00"
moscow_suburb_small_17_79313_40848,moscow_suburb_small,17,79313,40848,images/tiles/moscow_suburb_small_17_79313_40848.png,masks/tiles/moscow_suburb_small_17_79313_40848.png,1.0,"{""1"": 42, ""2"": 57854, ""3"": 5964, ""4"": 1676}",Overture Maps,17,EPSG:4326,"max_class_share=0.88,fg_share=1.00"
moscow_suburb_small_17_79314_40848,moscow_suburb_small,17,79314,40848,images/tiles/moscow_suburb_small_17_79314_40848.png,masks/tiles/moscow_suburb_small_17_79314_40848.png,1.0,"{""1"": 309, ""2"": 62008, ""3"": 2510, ""4"": 709}",Overture Maps,17,EPSG:4326,"max_class_share=0.95,fg_share=1.00"
moscow_suburb_small_17_79316_40848,moscow_suburb_small,17,79316,40848,images/tiles/moscow_suburb_small_17_79316_40848.png,masks/tiles/moscow_suburb_small_17_79316_40848.png,1.0,"{""1"": 142, ""2"": 55218, ""3"": 7061, ""4"": 3115}",Overture Maps,17,EPSG:4326,"max_class_share=0.84,fg_share=1.00"
moscow_suburb_small_17_79317_40848,moscow_suburb_small,17,79317,40848,images/tiles/moscow_suburb_small_17_79317_40848.png,masks/tiles/moscow_suburb_small_17_79317_40848.png,1.0,"{""2"": 50217, ""3"": 11981, ""4"": 3338}",Overture Maps,17,EPSG:4326,"max_class_share=0.77,fg_share=1.00"
moscow_suburb_small_17_79318_40848,moscow_suburb_small,17,79318,40848,images/tiles/moscow_suburb_small_17_79318_40848.png,masks/tiles/moscow_suburb_small_17_79318_40848.png,1.0,"{""2"": 46824, ""3"": 13373, ""4"": 5339}",Overture Maps,17,EPSG:4326,"max_class_share=0.71,fg_share=1.00"
moscow_suburb_small_17_79319_40848,moscow_suburb_small,17,79319,40848,images/tiles/moscow_suburb_small_17_79319_40848.png,masks/tiles/moscow_suburb_small_17_79319_40848.png,1.0,"{""2"": 56105, ""3"": 5351, ""4"": 4080}",Overture Maps,17,EPSG:4326,"max_class_share=0.86,fg_share=1.00"
moscow_suburb_small_17_79294_40849,moscow_suburb_small,17,79294,40849,images/tiles/moscow_suburb_small_17_79294_40849.png,masks/tiles/moscow_suburb_small_17_79294_40849.png,1.0,"{""2"": 60437, ""3"": 2785, ""4"": 2314}",Overture Maps,17,EPSG:4326,"max_class_share=0.92,fg_share=1.00"
moscow_suburb_small_17_79295_40849,moscow_suburb_small,17,79295,40849,images/tiles/moscow_suburb_small_17_79295_40849.png,masks/tiles/moscow_suburb_small_17_79295_40849.png,1.0,"{""2"": 44764, ""3"": 15603, ""4"": 5169}",Overture Maps,17,EPSG:4326,"max_class_share=0.68,fg_share=1.00"
moscow_suburb_small_17_79296_40849,moscow_suburb_small,17,79296,40849,images/tiles/moscow_suburb_small_17_79296_40849.png,masks/tiles/moscow_suburb_small_17_79296_40849.png,1.0,"{""2"": 53430, ""3"": 8012, ""4"": 4094}",Overture Maps,17,EPSG:4326,"max_class_share=0.82,fg_share=1.00"
moscow_suburb_small_17_79297_40849,moscow_suburb_small,17,79297,40849,images/tiles/moscow_suburb_small_17_79297_40849.png,masks/tiles/moscow_suburb_small_17_79297_40849.png,1.0,"{""2"": 56612, ""3"": 6165, ""4"": 2759}",Overture Maps,17,EPSG:4326,"max_class_share=0.86,fg_share=1.00"
moscow_suburb_small_17_79300_40849,moscow_suburb_small,17,79300,40849,images/tiles/moscow_suburb_small_17_79300_40849.png,masks/tiles/moscow_suburb_small_17_79300_40849.png,1.0,"{""1"": 493, ""2"": 61850, ""3"": 1488, ""4"": 1705}",Overture Maps,17,EPSG:4326,"max_class_share=0.94,fg_share=1.00"
moscow_suburb_small_17_79301_40849,moscow_suburb_small,17,79301,40849,images/tiles/moscow_suburb_small_17_79301_40849.png,masks/tiles/moscow_suburb_small_17_79301_40849.png,1.0,"{""1"": 19, ""2"": 48801, ""3"": 11048, ""4"": 5668}",Overture Maps,17,EPSG:4326,"max_class_share=0.74,fg_share=1.00"
moscow_suburb_small_17_79302_40849,moscow_suburb_small,17,79302,40849,images/tiles/moscow_suburb_small_17_79302_40849.png,masks/tiles/moscow_suburb_small_17_79302_40849.png,1.0,"{""2"": 46085, ""3"": 13280, ""4"": 6171}",Overture Maps,17,EPSG:4326,"max_class_share=0.70,fg_share=1.00"
moscow_suburb_small_17_79303_40849,moscow_suburb_small,17,79303,40849,images/tiles/moscow_suburb_small_17_79303_40849.png,masks/tiles/moscow_suburb_small_17_79303_40849.png,1.0,"{""2"": 43650, ""3"": 9963, ""4"": 11923}",Overture Maps,17,EPSG:4326,"max_class_share=0.67,fg_share=1.00"
moscow_suburb_small_17_79304_40849,moscow_suburb_small,17,79304,40849,images/tiles/moscow_suburb_small_17_79304_40849.png,masks/tiles/moscow_suburb_small_17_79304_40849.png,1.0,"{""2"": 58314, ""3"": 39, ""4"": 7183}",Overture Maps,17,EPSG:4326,"max_class_share=0.89,fg_share=1.00"
moscow_suburb_small_17_79308_40849,moscow_suburb_small,17,79308,40849,images/tiles/moscow_suburb_small_17_79308_40849.png,masks/tiles/moscow_suburb_small_17_79308_40849.png,1.0,"{""1"": 220, ""2"": 42991, ""3"": 17477, ""4"": 4848}",Overture Maps,17,EPSG:4326,"max_class_share=0.66,fg_share=1.00"
moscow_suburb_small_17_79309_40849,moscow_suburb_small,17,79309,40849,images/tiles/moscow_suburb_small_17_79309_40849.png,masks/tiles/moscow_suburb_small_17_79309_40849.png,1.0,"{""2"": 43105, ""3"": 16954, ""4"": 5477}",Overture Maps,17,EPSG:4326,"max_class_share=0.66,fg_share=1.00"
moscow_suburb_small_17_79310_40849,moscow_suburb_small,17,79310,40849,images/tiles/moscow_suburb_small_17_79310_40849.png,masks/tiles/moscow_suburb_small_17_79310_40849.png,1.0,"{""2"": 42511, ""3"": 16727, ""4"": 6298}",Overture Maps,17,EPSG:4326,"max_class_share=0.65,fg_share=1.00"
moscow_suburb_small_17_79311_40849,moscow_suburb_small,17,79311,40849,images/tiles/moscow_suburb_small_17_79311_40849.png,masks/tiles/moscow_suburb_small_17_79311_40849.png,1.0,"{""2"": 47547, ""3"": 8528, ""4"": 9461}",Overture Maps,17,EPSG:4326,"max_class_share=0.73,fg_share=1.00"
moscow_suburb_small_17_79312_40849,moscow_suburb_small,17,79312,40849,images/tiles/moscow_suburb_small_17_79312_40849.png,masks/tiles/moscow_suburb_small_17_79312_40849.png,1.0,"{""2"": 46253, ""3"": 13173, ""4"": 6110}",Overture Maps,17,EPSG:4326,"max_class_share=0.71,fg_share=1.00"
moscow_suburb_small_17_79313_40849,moscow_suburb_small,17,79313,40849,images/tiles/moscow_suburb_small_17_79313_40849.png,masks/tiles/moscow_suburb_small_17_79313_40849.png,1.0,"{""2"": 55488, ""3"": 9379, ""4"": 669}",Overture Maps,17,EPSG:4326,"max_class_share=0.85,fg_share=1.00"
moscow_suburb_small_17_79314_40849,moscow_suburb_small,17,79314,40849,images/tiles/moscow_suburb_small_17_79314_40849.png,masks/tiles/moscow_suburb_small_17_79314_40849.png,1.0,"{""2"": 57351, ""3"": 7576, ""4"": 609}",Overture Maps,17,EPSG:4326,"max_class_share=0.88,fg_share=1.00"
moscow_suburb_small_17_79315_40849,moscow_suburb_small,17,79315,40849,images/tiles/moscow_suburb_small_17_79315_40849.png,masks/tiles/moscow_suburb_small_17_79315_40849.png,1.0,"{""2"": 49346, ""3"": 10767, ""4"": 5423}",Overture Maps,17,EPSG:4326,"max_class_share=0.75,fg_share=1.00"
moscow_suburb_small_17_79316_40849,moscow_suburb_small,17,79316,40849,images/tiles/moscow_suburb_small_17_79316_40849.png,masks/tiles/moscow_suburb_small_17_79316_40849.png,1.0,"{""2"": 50047, ""3"": 11477, ""4"": 4012}",Overture Maps,17,EPSG:4326,"max_class_share=0.76,fg_share=1.00"
moscow_suburb_small_17_79317_40849,moscow_suburb_small,17,79317,40849,images/tiles/moscow_suburb_small_17_79317_40849.png,masks/tiles/moscow_suburb_small_17_79317_40849.png,1.0,"{""2"": 48745, ""3"": 11905, ""4"": 4886}",Overture Maps,17,EPSG:4326,"max_class_share=0.74,fg_share=1.00"
moscow_suburb_small_17_79318_40849,moscow_suburb_small,17,79318,40849,images/tiles/moscow_suburb_small_17_79318_40849.png,masks/tiles/moscow_suburb_small_17_79318_40849.png,1.0,"{""2"": 47775, ""3"": 14370, ""4"": 3391}",Overture Maps,17,EPSG:4326,"max_class_share=0.73,fg_share=1.00"
moscow_suburb_small_17_79319_40849,moscow_suburb_small,17,79319,40849,images/tiles/moscow_suburb_small_17_79319_40849.png,masks/tiles/moscow_suburb_small_17_79319_40849.png,1.0,"{""2"": 47081, ""3"": 12692, ""4"": 5763}",Overture Maps,17,EPSG:4326,"max_class_share=0.72,fg_share=1.00"
moscow_suburb_small_17_79320_40849,moscow_suburb_small,17,79320,40849,images/tiles/moscow_suburb_small_17_79320_40849.png,masks/tiles/moscow_suburb_small_17_79320_40849.png,1.0,"{""2"": 57328, ""3"": 6531, ""4"": 1677}",Overture Maps,17,EPSG:4326,"max_class_share=0.87,fg_share=1.00"
moscow_suburb_small_17_79294_40850,moscow_suburb_small,17,79294,40850,images/tiles/moscow_suburb_small_17_79294_40850.png,masks/tiles/moscow_suburb_small_17_79294_40850.png,1.0,"{""2"": 59937, ""3"": 3141, ""4"": 2458}",Overture Maps,17,EPSG:4326,"max_class_share=0.91,fg_share=1.00"
moscow_suburb_small_17_79295_40850,moscow_suburb_small,17,79295,40850,images/tiles/moscow_suburb_small_17_79295_40850.png,masks/tiles/moscow_suburb_small_17_79295_40850.png,1.0,"{""2"": 39475, ""3"": 20496, ""4"": 5565}",Overture Maps,17,EPSG:4326,"max_class_share=0.60,fg_share=1.00"
moscow_suburb_small_17_79296_40850,moscow_suburb_small,17,79296,40850,images/tiles/moscow_suburb_small_17_79296_40850.png,masks/tiles/moscow_suburb_small_17_79296_40850.png,1.0,"{""2"": 42170, ""3"": 18832, ""4"": 4534}",Overture Maps,17,EPSG:4326,"max_class_share=0.64,fg_share=1.00"
moscow_suburb_small_17_79297_40850,moscow_suburb_small,17,79297,40850,images/tiles/moscow_suburb_small_17_79297_40850.png,masks/tiles/moscow_suburb_small_17_79297_40850.png,1.0,"{""1"": 1851, ""2"": 55069, ""3"": 4340, ""4"": 4276}",Overture Maps,17,EPSG:4326,"max_class_share=0.84,fg_share=1.00"
moscow_suburb_small_17_79298_40850,moscow_suburb_small,17,79298,40850,images/tiles/moscow_suburb_small_17_79298_40850.png,masks/tiles/moscow_suburb_small_17_79298_40850.png,1.0,"{""1"": 11719, ""2"": 53484, ""4"": 333}",Overture Maps,17,EPSG:4326,"max_class_share=0.82,fg_share=1.00"
moscow_suburb_small_17_79301_40850,moscow_suburb_small,17,79301,40850,images/tiles/moscow_suburb_small_17_79301_40850.png,masks/tiles/moscow_suburb_small_17_79301_40850.png,1.0,"{""1"": 486, ""2"": 62226, ""3"": 63, ""4"": 2761}",Overture Maps,17,EPSG:4326,"max_class_share=0.95,fg_share=1.00"
moscow_suburb_small_17_79302_40850,moscow_suburb_small,17,79302,40850,images/tiles/moscow_suburb_small_17_79302_40850.png,masks/tiles/moscow_suburb_small_17_79302_40850.png,1.0,"{""2"": 48855, ""3"": 10138, ""4"": 6543}",Overture Maps,17,EPSG:4326,"max_class_share=0.75,fg_share=1.00"
moscow_suburb_small_17_79303_40850,moscow_suburb_small,17,79303,40850,images/tiles/moscow_suburb_small_17_79303_40850.png,masks/tiles/moscow_suburb_small_17_79303_40850.png,1.0,"{""2"": 44559, ""3"": 6732, ""4"": 14245}",Overture Maps,17,EPSG:4326,"max_class_share=0.68,fg_share=1.00"
moscow_suburb_small_17_79307_40850,moscow_suburb_small,17,79307,40850,images/tiles/moscow_suburb_small_17_79307_40850.png,masks/tiles/moscow_suburb_small_17_79307_40850.png,1.0,"{""2"": 61371, ""3"": 930, ""4"": 3235}",Overture Maps,17,EPSG:4326,"max_class_share=0.94,fg_share=1.00"
moscow_suburb_small_17_79308_40850,moscow_suburb_small,17,79308,40850,images/tiles/moscow_suburb_small_17_79308_40850.png,masks/tiles/moscow_suburb_small_17_79308_40850.png,1.0,"{""1"": 253, ""2"": 45663, ""3"": 9111, ""4"": 10509}",Overture Maps,17,EPSG:4326,"max_class_share=0.70,fg_share=1.00"
moscow_suburb_small_17_79309_40850,moscow_suburb_small,17,79309,40850,images/tiles/moscow_suburb_small_17_79309_40850.png,masks/tiles/moscow_suburb_small_17_79309_40850.png,1.0,"{""2"": 41039, ""3"": 19912, ""4"": 4585}",Overture Maps,17,EPSG:4326,"max_class_share=0.63,fg_share=1.00"
moscow_suburb_small_17_79310_40850,moscow_suburb_small,17,79310,40850,images/tiles/moscow_suburb_small_17_79310_40850.png,masks/tiles/moscow_suburb_small_17_79310_40850.png,1.0,"{""2"": 44401, ""3"": 16650, ""4"": 4485}",Overture Maps,17,EPSG:4326,"max_class_share=0.68,fg_share=1.00"
moscow_suburb_small_17_79311_40850,moscow_suburb_small,17,79311,40850,images/tiles/moscow_suburb_small_17_79311_40850.png,masks/tiles/moscow_suburb_small_17_79311_40850.png,1.0,"{""2"": 52508, ""3"": 9036, ""4"": 3992}",Overture Maps,17,EPSG:4326,"max_class_share=0.80,fg_share=1.00"
moscow_suburb_small_17_79312_40850,moscow_suburb_small,17,79312,40850,images/tiles/moscow_suburb_small_17_79312_40850.png,masks/tiles/moscow_suburb_small_17_79312_40850.png,1.0,"{""2"": 47364, ""3"": 10500, ""4"": 7672}",Overture Maps,17,EPSG:4326,"max_class_share=0.72,fg_share=1.00"
moscow_suburb_small_17_79313_40850,moscow_suburb_small,17,79313,40850,images/tiles/moscow_suburb_small_17_79313_40850.png,masks/tiles/moscow_suburb_small_17_79313_40850.png,1.0,"{""2"": 46341, ""3"": 12848, ""4"": 6347}",Overture Maps,17,EPSG:4326,"max_class_share=0.71,fg_share=1.00"
moscow_suburb_small_17_79314_40850,moscow_suburb_small,17,79314,40850,images/tiles/moscow_suburb_small_17_79314_40850.png,masks/tiles/moscow_suburb_small_17_79314_40850.png,1.0,"{""2"": 54071, ""3"": 8645, ""4"": 2820}",Overture Maps,17,EPSG:4326,"max_class_share=0.83,fg_share=1.00"
moscow_suburb_small_17_79315_40850,moscow_suburb_small,17,79315,40850,images/tiles/moscow_suburb_small_17_79315_40850.png,masks/tiles/moscow_suburb_small_17_79315_40850.png,1.0,"{""2"": 42161, ""3"": 13980, ""4"": 9395}",Overture Maps,17,EPSG:4326,"max_class_share=0.64,fg_share=1.00"
moscow_suburb_small_17_79316_40850,moscow_suburb_small,17,79316,40850,images/tiles/moscow_suburb_small_17_79316_40850.png,masks/tiles/moscow_suburb_small_17_79316_40850.png,1.0,"{""2"": 42634, ""3"": 12878, ""4"": 10024}",Overture Maps,17,EPSG:4326,"max_class_share=0.65,fg_share=1.00"
moscow_suburb_small_17_79317_40850,moscow_suburb_small,17,79317,40850,images/tiles/moscow_suburb_small_17_79317_40850.png,masks/tiles/moscow_suburb_small_17_79317_40850.png,1.0,"{""2"": 48005, ""3"": 12393, ""4"": 5138}",Overture Maps,17,EPSG:4326,"max_class_share=0.73,fg_share=1.00"
moscow_suburb_small_17_79318_40850,moscow_suburb_small,17,79318,40850,images/tiles/moscow_suburb_small_17_79318_40850.png,masks/tiles/moscow_suburb_small_17_79318_40850.png,1.0,"{""2"": 46350, ""3"": 12684, ""4"": 6502}",Overture Maps,17,EPSG:4326,"max_class_share=0.71,fg_share=1.00"
moscow_suburb_small_17_79319_40850,moscow_suburb_small,17,79319,40850,images/tiles/moscow_suburb_small_17_79319_40850.png,masks/tiles/moscow_suburb_small_17_79319_40850.png,1.0,"{""2"": 44188, ""3"": 17520, ""4"": 3828}",Overture Maps,17,EPSG:4326,"max_class_share=0.67,fg_share=1.00"
moscow_suburb_small_17_79320_40850,moscow_suburb_small,17,79320,40850,images/tiles/moscow_suburb_small_17_79320_40850.png,masks/tiles/moscow_suburb_small_17_79320_40850.png,1.0,"{""2"": 54268, ""3"": 7322, ""4"": 3946}",Overture Maps,17,EPSG:4326,"max_class_share=0.83,fg_share=1.00"
moscow_suburb_small_17_79294_40851,moscow_suburb_small,17,79294,40851,images/tiles/moscow_suburb_small_17_79294_40851.png,masks/tiles/moscow_suburb_small_17_79294_40851.png,1.0,"{""2"": 60429, ""3"": 1820, ""4"": 3287}",Overture Maps,17,EPSG:4326,"max_class_share=0.92,fg_share=1.00"
moscow_suburb_small_17_79295_40851,moscow_suburb_small,17,79295,40851,images/tiles/moscow_suburb_small_17_79295_40851.png,masks/tiles/moscow_suburb_small_17_79295_40851.png,1.0,"{""2"": 47809, ""3"": 13048, ""4"": 4679}",Overture Maps,17,EPSG:4326,"max_class_share=0.73,fg_share=1.00"
moscow_suburb_small_17_79296_40851,moscow_suburb_small,17,79296,40851,images/tiles/moscow_suburb_small_17_79296_40851.png,masks/tiles/moscow_suburb_small_17_79296_40851.png,1.0,"{""2"": 49757, ""3"": 12587, ""4"": 3192}",Overture Maps,17,EPSG:4326,"max_class_share=0.76,fg_share=1.00"
moscow_suburb_small_17_79302_40851,moscow_suburb_small,17,79302,40851,images/tiles/moscow_suburb_small_17_79302_40851.png,masks/tiles/moscow_suburb_small_17_79302_40851.png,1.0,"{""1"": 381, ""2"": 59759, ""3"": 2118, ""4"": 3278}",Overture Maps,17,EPSG:4326,"max_class_share=0.91,fg_share=1.00"
moscow_suburb_small_17_79303_40851,moscow_suburb_small,17,79303,40851,images/tiles/moscow_suburb_small_17_79303_40851.png,masks/tiles/moscow_suburb_small_17_79303_40851.png,1.0,"{""2"": 36794, ""3"": 12279, ""4"": 16463}",Overture Maps,17,EPSG:4326,"max_class_share=0.56,fg_share=1.00"
moscow_suburb_small_17_79304_40851,moscow_suburb_small,17,79304,40851,images/tiles/moscow_suburb_small_17_79304_40851.png,masks/tiles/moscow_suburb_small_17_79304_40851.png,1.0,"{""2"": 50705, ""3"": 11599, ""4"": 3232}",Overture Maps,17,EPSG:4326,"max_class_share=0.77,fg_share=1.00"
moscow_suburb_small_17_79307_40851,moscow_suburb_small,17,79307,40851,images/tiles/moscow_suburb_small_17_79307_40851.png,masks/tiles/moscow_suburb_small_17_79307_40851.png,1.0,"{""2"": 58784, ""3"": 3544, ""4"": 3208}",Overture Maps,17,EPSG:4326,"max_class_share=0.90,fg_share=1.00"
moscow_suburb_small_17_79308_40851,moscow_suburb_small,17,79308,40851,images/tiles/moscow_suburb_small_17_79308_40851.png,masks/tiles/moscow_suburb_small_17_79308_40851.png,1.0,"{""1"": 198, ""2"": 50821, ""3"": 6572, ""4"": 7945}",Overture Maps,17,EPSG:4326,"max_class_share=0.78,fg_share=1.00"
moscow_suburb_small_17_79309_40851,moscow_suburb_small,17,79309,40851,images/tiles/moscow_suburb_small_17_79309_40851.png,masks/tiles/moscow_suburb_small_17_79309_40851.png,1.0,"{""2"": 59684, ""3"": 3153, ""4"": 2699}",Overture Maps,17,EPSG:4326,"max_class_share=0.91,fg_share=1.00"
moscow_suburb_small_17_79310_40851,moscow_suburb_small,17,79310,40851,images/tiles/moscow_suburb_small_17_79310_40851.png,masks/tiles/moscow_suburb_small_17_79310_40851.png,1.0,"{""2"": 45513, ""3"": 16234, ""4"": 3789}",Overture Maps,17,EPSG:4326,"max_class_share=0.69,fg_share=1.00"
moscow_suburb_small_17_79311_40851,moscow_suburb_small,17,79311,40851,images/tiles/moscow_suburb_small_17_79311_40851.png,masks/tiles/moscow_suburb_small_17_79311_40851.png,1.0,"{""2"": 52897, ""3"": 8596, ""4"": 4043}",Overture Maps,17,EPSG:4326,"max_class_share=0.81,fg_share=1.00"
moscow_suburb_small_17_79312_40851,moscow_suburb_small,17,79312,40851,images/tiles/moscow_suburb_small_17_79312_40851.png,masks/tiles/moscow_suburb_small_17_79312_40851.png,1.0,"{""2"": 55289, ""3"": 7213, ""4"": 3034}",Overture Maps,17,EPSG:4326,"max_class_share=0.84,fg_share=1.00"
moscow_suburb_small_17_79313_40851,moscow_suburb_small,17,79313,40851,images/tiles/moscow_suburb_small_17_79313_40851.png,masks/tiles/moscow_suburb_small_17_79313_40851.png,1.0,"{""2"": 49944, ""3"": 11391, ""4"": 4201}",Overture Maps,17,EPSG:4326,"max_class_share=0.76,fg_share=1.00"
moscow_suburb_small_17_79314_40851,moscow_suburb_small,17,79314,40851,images/tiles/moscow_suburb_small_17_79314_40851.png,masks/tiles/moscow_suburb_small_17_79314_40851.png,1.0,"{""2"": 42038, ""3"": 15352, ""4"": 8146}",Overture Maps,17,EPSG:4326,"max_class_share=0.64,fg_share=1.00"
moscow_suburb_small_17_79315_40851,moscow_suburb_small,17,79315,40851,images/tiles/moscow_suburb_small_17_79315_40851.png,masks/tiles/moscow_suburb_small_17_79315_40851.png,1.0,"{""2"": 50622, ""3"": 10059, ""4"": 4855}",Overture Maps,17,EPSG:4326,"max_class_share=0.77,fg_share=1.00"
moscow_suburb_small_17_79316_40851,moscow_suburb_small,17,79316,40851,images/tiles/moscow_suburb_small_17_79316_40851.png,masks/tiles/moscow_suburb_small_17_79316_40851.png,1.0,"{""2"": 40189, ""3"": 20187, ""4"": 5160}",Overture Maps,17,EPSG:4326,"max_class_share=0.61,fg_share=1.00"
moscow_suburb_small_17_79317_40851,moscow_suburb_small,17,79317,40851,images/tiles/moscow_suburb_small_17_79317_40851.png,masks/tiles/moscow_suburb_small_17_79317_40851.png,1.0,"{""2"": 37757, ""3"": 20028, ""4"": 7751}",Overture Maps,17,EPSG:4326,"max_class_share=0.58,fg_share=1.00"
moscow_suburb_small_17_79318_40851,moscow_suburb_small,17,79318,40851,images/tiles/moscow_suburb_small_17_79318_40851.png,masks/tiles/moscow_suburb_small_17_79318_40851.png,1.0,"{""2"": 46521, ""3"": 14088, ""4"": 4927}",Overture Maps,17,EPSG:4326,"max_class_share=0.71,fg_share=1.00"
moscow_suburb_small_17_79319_40851,moscow_suburb_small,17,79319,40851,images/tiles/moscow_suburb_small_17_79319_40851.png,masks/tiles/moscow_suburb_small_17_79319_40851.png,1.0,"{""2"": 52565, ""3"": 8965, ""4"": 4006}",Overture Maps,17,EPSG:4326,"max_class_share=0.80,fg_share=1.00"
moscow_suburb_small_17_79320_40851,moscow_suburb_small,17,79320,40851,images/tiles/moscow_suburb_small_17_79320_40851.png,masks/tiles/moscow_suburb_small_17_79320_40851.png,1.0,"{""2"": 58011, ""3"": 5501, ""4"": 2024}",Overture Maps,17,EPSG:4326,"max_class_share=0.89,fg_share=1.00"
moscow_suburb_small_17_79294_40852,moscow_suburb_small,17,79294,40852,images/tiles/moscow_suburb_small_17_79294_40852.png,masks/tiles/moscow_suburb_small_17_79294_40852.png,1.0,"{""2"": 60283, ""3"": 1632, ""4"": 3621}",Overture Maps,17,EPSG:4326,"max_class_share=0.92,fg_share=1.00"
moscow_suburb_small_17_79295_40852,moscow_suburb_small,17,79295,40852,images/tiles/moscow_suburb_small_17_79295_40852.png,masks/tiles/moscow_suburb_small_17_79295_40852.png,1.0,"{""2"": 47803, ""3"": 11832, ""4"": 5901}",Overture Maps,17,EPSG:4326,"max_class_share=0.73,fg_share=1.00"
moscow_suburb_small_17_79303_40852,moscow_suburb_small,17,79303,40852,images/tiles/moscow_suburb_small_17_79303_40852.png,masks/tiles/moscow_suburb_small_17_79303_40852.png,1.0,"{""1"": 183, ""2"": 44317, ""3"": 2918, ""4"": 18118}",Overture Maps,17,EPSG:4326,"max_class_share=0.68,fg_share=1.00"
moscow_suburb_small_17_79304_40852,moscow_suburb_small,17,79304,40852,images/tiles/moscow_suburb_small_17_79304_40852.png,masks/tiles/moscow_suburb_small_17_79304_40852.png,1.0,"{""2"": 50368, ""3"": 9910, ""4"": 5258}",Overture Maps,17,EPSG:4326,"max_class_share=0.77,fg_share=1.00"
moscow_suburb_small_17_79305_40852,moscow_suburb_small,17,79305,40852,images/tiles/moscow_suburb_small_17_79305_40852.png,masks/tiles/moscow_suburb_small_17_79305_40852.png,1.0,"{""2"": 48562, ""3"": 10943, ""4"": 6031}",Overture Maps,17,EPSG:4326,"max_class_share=0.74,fg_share=1.00"
moscow_suburb_small_17_79306_40852,moscow_suburb_small,17,79306,40852,images/tiles/moscow_suburb_small_17_79306_40852.png,masks/tiles/moscow_suburb_small_17_79306_40852.png,1.0,"{""2"": 47394, ""3"": 12666, ""4"": 5476}",Overture Maps,17,EPSG:4326,"max_class_share=0.72,fg_share=1.00"
moscow_suburb_small_17_79307_40852,moscow_suburb_small,17,79307,40852,images/tiles/moscow_suburb_small_17_79307_40852.png,masks/tiles/moscow_suburb_small_17_79307_40852.png,1.0,"{""2"": 51230, ""3"": 6692, ""4"": 7614}",Overture Maps,17,EPSG:4326,"max_class_share=0.78,fg_share=1.00"
moscow_suburb_small_17_79308_40852,moscow_suburb_small,17,79308,40852,images/tiles/moscow_suburb_small_17_79308_40852.png,masks/tiles/moscow_suburb_small_17_79308_40852.png,1.0,"{""1"": 235, ""2"": 60264, ""3"": 562, ""4"": 4475}",Overture Maps,17,EPSG:4326,"max_class_share=0.92,fg_share=1.00"
moscow_suburb_small_17_79309_40852,moscow_suburb_small,17,79309,40852,images/tiles/moscow_suburb_small_17_79309_40852.png,masks/tiles/moscow_suburb_small_17_79309_40852.png,1.0,"{""2"": 62221, ""3"": 425, ""4"": 2890}",Overture Maps,17,EPSG:4326,"max_class_share=0.95,fg_share=1.00"
moscow_suburb_small_17_79310_40852,moscow_suburb_small,17,79310,40852,images/tiles/moscow_suburb_small_17_79310_40852.png,masks/tiles/moscow_suburb_small_17_79310_40852.png,1.0,"{""2"": 43682, ""3"": 18837, ""4"": 3017}",Overture Maps,17,EPSG:4326,"max_class_share=0.67,fg_share=1.00"
moscow_suburb_small_17_79311_40852,moscow_suburb_small,17,79311,40852,images/tiles/moscow_suburb_small_17_79311_40852.png,masks/tiles/moscow_suburb_small_17_79311_40852.png,1.0,"{""2"": 53355, ""3"": 6852, ""4"": 5329}",Overture Maps,17,EPSG:4326,"max_class_share=0.81,fg_share=1.00"
moscow_suburb_small_17_79312_40852,moscow_suburb_small,17,79312,40852,images/tiles/moscow_suburb_small_17_79312_40852.png,masks/tiles/moscow_suburb_small_17_79312_40852.png,1.0,"{""2"": 46114, ""3"": 12243, ""4"": 7179}",Overture Maps,17,EPSG:4326,"max_class_share=0.70,fg_share=1.00"
moscow_suburb_small_17_79313_40852,moscow_suburb_small,17,79313,40852,images/tiles/moscow_suburb_small_17_79313_40852.png,masks/tiles/moscow_suburb_small_17_79313_40852.png,1.0,"{""2"": 44679, ""3"": 13482, ""4"": 7375}",Overture Maps,17,EPSG:4326,"max_class_share=0.68,fg_share=1.00"
moscow_suburb_small_17_79314_40852,moscow_suburb_small,17,79314,40852,images/tiles/moscow_suburb_small_17_79314_40852.png,masks/tiles/moscow_suburb_small_17_79314_40852.png,1.0,"{""2"": 37382, ""3"": 25049, ""4"": 3105}",Overture Maps,17,EPSG:4326,"max_class_share=0.57,fg_share=1.00"
moscow_suburb_small_17_79315_40852,moscow_suburb_small,17,79315,40852,images/tiles/moscow_suburb_small_17_79315_40852.png,masks/tiles/moscow_suburb_small_17_79315_40852.png,1.0,"{""2"": 39540, ""3"": 24600, ""4"": 1396}",Overture Maps,17,EPSG:4326,"max_class_share=0.60,fg_share=1.00"
moscow_suburb_small_17_79316_40852,moscow_suburb_small,17,79316,40852,images/tiles/moscow_suburb_small_17_79316_40852.png,masks/tiles/moscow_suburb_small_17_79316_40852.png,1.0,"{""2"": 35025, ""3"": 27266, ""4"": 3245}",Overture Maps,17,EPSG:4326,"max_class_share=0.53,fg_share=1.00"
moscow_suburb_small_17_79317_40852,moscow_suburb_small,17,79317,40852,images/tiles/moscow_suburb_small_17_79317_40852.png,masks/tiles/moscow_suburb_small_17_79317_40852.png,1.0,"{""2"": 45054, ""3"": 17125, ""4"": 3357}",Overture Maps,17,EPSG:4326,"max_class_share=0.69,fg_share=1.00"
moscow_suburb_small_17_79318_40852,moscow_suburb_small,17,79318,40852,images/tiles/moscow_suburb_small_17_79318_40852.png,masks/tiles/moscow_suburb_small_17_79318_40852.png,1.0,"{""2"": 46506, ""3"": 13199, ""4"": 5831}",Overture Maps,17,EPSG:4326,"max_class_share=0.71,fg_share=1.00"
moscow_suburb_small_17_79319_40852,moscow_suburb_small,17,79319,40852,images/tiles/moscow_suburb_small_17_79319_40852.png,masks/tiles/moscow_suburb_small_17_79319_40852.png,1.0,"{""2"": 53162, ""3"": 8703, ""4"": 3671}",Overture Maps,17,EPSG:4326,"max_class_share=0.81,fg_share=1.00"
moscow_suburb_small_17_79320_40852,moscow_suburb_small,17,79320,40852,images/tiles/moscow_suburb_small_17_79320_40852.png,masks/tiles/moscow_suburb_small_17_79320_40852.png,1.0,"{""2"": 55100, ""3"": 4941, ""4"": 5495}",Overture Maps,17,EPSG:4326,"max_class_share=0.84,fg_share=1.00"
moscow_suburb_small_17_79294_40853,moscow_suburb_small,17,79294,40853,images/tiles/moscow_suburb_small_17_79294_40853.png,masks/tiles/moscow_suburb_small_17_79294_40853.png,1.0,"{""2"": 60644, ""3"": 2234, ""4"": 2658}",Overture Maps,17,EPSG:4326,"max_class_share=0.93,fg_share=1.00"
moscow_suburb_small_17_79295_40853,moscow_suburb_small,17,79295,40853,images/tiles/moscow_suburb_small_17_79295_40853.png,masks/tiles/moscow_suburb_small_17_79295_40853.png,1.0,"{""2"": 51354, ""3"": 8740, ""4"": 5442}",Overture Maps,17,EPSG:4326,"max_class_share=0.78,fg_share=1.00"
moscow_suburb_small_17_79302_40853,moscow_suburb_small,17,79302,40853,images/tiles/moscow_suburb_small_17_79302_40853.png,masks/tiles/moscow_suburb_small_17_79302_40853.png,1.0,"{""2"": 57526, ""3"": 4612, ""4"": 3398}",Overture Maps,17,EPSG:4326,"max_class_share=0.88,fg_share=1.00"
moscow_suburb_small_17_79303_40853,moscow_suburb_small,17,79303,40853,images/tiles/moscow_suburb_small_17_79303_40853.png,masks/tiles/moscow_suburb_small_17_79303_40853.png,1.0,"{""1"": 255, ""2"": 46358, ""3"": 1342, ""4"": 17581}",Overture Maps,17,EPSG:4326,"max_class_share=0.71,fg_share=1.00"
moscow_suburb_small_17_79304_40853,moscow_suburb_small,17,79304,40853,images/tiles/moscow_suburb_small_17_79304_40853.png,masks/tiles/moscow_suburb_small_17_79304_40853.png,1.0,"{""1"": 102, ""2"": 55191, ""3"": 5266, ""4"": 4977}",Overture Maps,17,EPSG:4326,"max_class_share=0.84,fg_share=1.00"
moscow_suburb_small_17_79305_40853,moscow_suburb_small,17,79305,40853,images/tiles/moscow_suburb_small_17_79305_40853.png,masks/tiles/moscow_suburb_small_17_79305_40853.png,1.0,"{""2"": 47753, ""3"": 11623, ""4"": 6160}",Overture Maps,17,EPSG:4326,"max_class_share=0.73,fg_share=1.00"
moscow_suburb_small_17_79306_40853,moscow_suburb_small,17,79306,40853,images/tiles/moscow_suburb_small_17_79306_40853.png,masks/tiles/moscow_suburb_small_17_79306_40853.png,1.0,"{""1"": 5589, ""2"": 48937, ""3"": 6969, ""4"": 4041}",Overture Maps,17,EPSG:4326,"max_class_share=0.75,fg_share=1.00"
moscow_suburb_small_17_79307_40853,moscow_suburb_small,17,79307,40853,images/tiles/moscow_suburb_small_17_79307_40853.png,masks/tiles/moscow_suburb_small_17_79307_40853.png,1.0,"{""1"": 923, ""2"": 49173, ""3"": 8496, ""4"": 6944}",Overture Maps,17,EPSG:4326,"max_class_share=0.75,fg_share=1.00"
moscow_suburb_small_17_79308_40853,moscow_suburb_small,17,79308,40853,images/tiles/moscow_suburb_small_17_79308_40853.png,masks/tiles/moscow_suburb_small_17_79308_40853.png,1.0,"{""1"": 256, ""2"": 45662, ""3"": 15801, ""4"": 3817}",Overture Maps,17,EPSG:4326,"max_class_share=0.70,fg_share=1.00"
moscow_suburb_small_17_79309_40853,moscow_suburb_small,17,79309,40853,images/tiles/moscow_suburb_small_17_79309_40853.png,masks/tiles/moscow_suburb_small_17_79309_40853.png,1.0,"{""2"": 42685, ""3"": 17621, ""4"": 5230}",Overture Maps,17,EPSG:4326,"max_class_share=0.65,fg_share=1.00"
moscow_suburb_small_17_79310_40853,moscow_suburb_small,17,79310,40853,images/tiles/moscow_suburb_small_17_79310_40853.png,masks/tiles/moscow_suburb_small_17_79310_40853.png,1.0,"{""2"": 44754, ""3"": 15617, ""4"": 5165}",Overture Maps,17,EPSG:4326,"max_class_share=0.68,fg_share=1.00"
moscow_suburb_small_17_79311_40853,moscow_suburb_small,17,79311,40853,images/tiles/moscow_suburb_small_17_79311_40853.png,masks/tiles/moscow_suburb_small_17_79311_40853.png,1.0,"{""1"": 10166, ""2"": 44393, ""3"": 5867, ""4"": 5110}",Overture Maps,17,EPSG:4326,"max_class_share=0.68,fg_share=1.00"
moscow_suburb_small_17_79312_40853,moscow_suburb_small,17,79312,40853,images/tiles/moscow_suburb_small_17_79312_40853.png,masks/tiles/moscow_suburb_small_17_79312_40853.png,1.0,"{""1"": 12995, ""2"": 40680, ""3"": 7387, ""4"": 4474}",Overture Maps,17,EPSG:4326,"max_class_share=0.62,fg_share=1.00"
moscow_suburb_small_17_79313_40853,moscow_suburb_small,17,79313,40853,images/tiles/moscow_suburb_small_17_79313_40853.png,masks/tiles/moscow_suburb_small_17_79313_40853.png,1.0,"{""2"": 54660, ""3"": 7263, ""4"": 3613}",Overture Maps,17,EPSG:4326,"max_class_share=0.83,fg_share=1.00"
moscow_suburb_small_17_79314_40853,moscow_suburb_small,17,79314,40853,images/tiles/moscow_suburb_small_17_79314_40853.png,masks/tiles/moscow_suburb_small_17_79314_40853.png,1.0,"{""2"": 40516, ""3"": 23102, ""4"": 1918}",Overture Maps,17,EPSG:4326,"max_class_share=0.62,fg_share=1.00"
moscow_suburb_small_17_79315_40853,moscow_suburb_small,17,79315,40853,images/tiles/moscow_suburb_small_17_79315_40853.png,masks/tiles/moscow_suburb_small_17_79315_40853.png,1.0,"{""2"": 37448, ""3"": 25827, ""4"": 2261}",Overture Maps,17,EPSG:4326,"max_class_share=0.57,fg_share=1.00"
moscow_suburb_small_17_79316_40853,moscow_suburb_small,17,79316,40853,images/tiles/moscow_suburb_small_17_79316_40853.png,masks/tiles/moscow_suburb_small_17_79316_40853.png,1.0,"{""2"": 49985, ""3"": 12676, ""4"": 2875}",Overture Maps,17,EPSG:4326,"max_class_share=0.76,fg_share=1.00"
moscow_suburb_small_17_79317_40853,moscow_suburb_small,17,79317,40853,images/tiles/moscow_suburb_small_17_79317_40853.png,masks/tiles/moscow_suburb_small_17_79317_40853.png,1.0,"{""2"": 46483, ""3"": 17438, ""4"": 1615}",Overture Maps,17,EPSG:4326,"max_class_share=0.71,fg_share=1.00"
moscow_suburb_small_17_79318_40853,moscow_suburb_small,17,79318,40853,images/tiles/moscow_suburb_small_17_79318_40853.png,masks/tiles/moscow_suburb_small_17_79318_40853.png,1.0,"{""2"": 47094, ""3"": 13579, ""4"": 4863}",Overture Maps,17,EPSG:4326,"max_class_share=0.72,fg_share=1.00"
moscow_suburb_small_17_79319_40853,moscow_suburb_small,17,79319,40853,images/tiles/moscow_suburb_small_17_79319_40853.png,masks/tiles/moscow_suburb_small_17_79319_40853.png,1.0,"{""2"": 50780, ""3"": 9468, ""4"": 5288}",Overture Maps,17,EPSG:4326,"max_class_share=0.77,fg_share=1.00"
moscow_suburb_small_17_79320_40853,moscow_suburb_small,17,79320,40853,images/tiles/moscow_suburb_small_17_79320_40853.png,masks/tiles/moscow_suburb_small_17_79320_40853.png,1.0,"{""2"": 55706, ""3"": 5902, ""4"": 3928}",Overture Maps,17,EPSG:4326,"max_class_share=0.85,fg_share=1.00"
moscow_suburb_small_17_79300_40854,moscow_suburb_small,17,79300,40854,images/tiles/moscow_suburb_small_17_79300_40854.png,masks/tiles/moscow_suburb_small_17_79300_40854.png,1.0,"{""2"": 61695, ""3"": 3841}",Overture Maps,17,EPSG:4326,"max_class_share=0.94,fg_share=1.00"
moscow_suburb_small_17_79301_40854,moscow_suburb_small,17,79301,40854,images/tiles/moscow_suburb_small_17_79301_40854.png,masks/tiles/moscow_suburb_small_17_79301_40854.png,1.0,"{""2"": 52930, ""3"": 10510, ""4"": 2096}",Overture Maps,17,EPSG:4326,"max_class_share=0.81,fg_share=1.00"
moscow_suburb_small_17_79302_40854,moscow_suburb_small,17,79302,40854,images/tiles/moscow_suburb_small_17_79302_40854.png,masks/tiles/moscow_suburb_small_17_79302_40854.png,1.0,"{""2"": 49281, ""3"": 5806, ""4"": 10449}",Overture Maps,17,EPSG:4326,"max_class_share=0.75,fg_share=1.00"
moscow_suburb_small_17_79303_40854,moscow_suburb_small,17,79303,40854,images/tiles/moscow_suburb_small_17_79303_40854.png,masks/tiles/moscow_suburb_small_17_79303_40854.png,1.0,"{""2"": 45192, ""3"": 7696, ""4"": 12648}",Overture Maps,17,EPSG:4326,"max_class_share=0.69,fg_share=1.00"
moscow_suburb_small_17_79304_40854,moscow_suburb_small,17,79304,40854,images/tiles/moscow_suburb_small_17_79304_40854.png,masks/tiles/moscow_suburb_small_17_79304_40854.png,1.0,"{""1"": 304, ""2"": 59690, ""3"": 1158, ""4"": 4384}",Overture Maps,17,EPSG:4326,"max_class_share=0.91,fg_share=1.00"
moscow_suburb_small_17_79305_40854,moscow_suburb_small,17,79305,40854,images/tiles/moscow_suburb_small_17_79305_40854.png,masks/tiles/moscow_suburb_small_17_79305_40854.png,1.0,"{""2"": 53600, ""3"": 5696, ""4"": 6240}",Overture Maps,17,EPSG:4326,"max_class_share=0.82,fg_share=1.00"
moscow_suburb_small_17_79306_40854,moscow_suburb_small,17,79306,40854,images/tiles/moscow_suburb_small_17_79306_40854.png,masks/tiles/moscow_suburb_small_17_79306_40854.png,1.0,"{""2"": 52286, ""3"": 8237, ""4"": 5013}",Overture Maps,17,EPSG:4326,"max_class_share=0.80,fg_share=1.00"
moscow_suburb_small_17_79307_40854,moscow_suburb_small,17,79307,40854,images/tiles/moscow_suburb_small_17_79307_40854.png,masks/tiles/moscow_suburb_small_17_79307_40854.png,1.0,"{""2"": 49277, ""3"": 10853, ""4"": 5406}",Overture Maps,17,EPSG:4326,"max_class_share=0.75,fg_share=1.00"
moscow_suburb_small_17_79308_40854,moscow_suburb_small,17,79308,40854,images/tiles/moscow_suburb_small_17_79308_40854.png,masks/tiles/moscow_suburb_small_17_79308_40854.png,1.0,"{""1"": 232, ""2"": 39844, ""3"": 23054, ""4"": 2406}",Overture Maps,17,EPSG:4326,"max_class_share=0.61,fg_share=1.00"
moscow_suburb_small_17_79309_40854,moscow_suburb_small,17,79309,40854,images/tiles/moscow_suburb_small_17_79309_40854.png,masks/tiles/moscow_suburb_small_17_79309_40854.png,1.0,"{""2"": 41988, ""3"": 16963, ""4"": 6585}",Overture Maps,17,EPSG:4326,"max_class_share=0.64,fg_share=1.00"
moscow_suburb_small_17_79310_40854,moscow_suburb_small,17,79310,40854,images/tiles/moscow_suburb_small_17_79310_40854.png,masks/tiles/moscow_suburb_small_17_79310_40854.png,1.0,"{""2"": 51982, ""3"": 8094, ""4"": 5460}",Overture Maps,17,EPSG:4326,"max_class_share=0.79,fg_share=1.00"
moscow_suburb_small_17_79311_40854,moscow_suburb_small,17,79311,40854,images/tiles/moscow_suburb_small_17_79311_40854.png,masks/tiles/moscow_suburb_small_17_79311_40854.png,1.0,"{""1"": 44, ""2"": 57735, ""3"": 4917, ""4"": 2840}",Overture Maps,17,EPSG:4326,"max_class_share=0.88,fg_share=1.00"
moscow_suburb_small_17_79312_40854,moscow_suburb_small,17,79312,40854,images/tiles/moscow_suburb_small_17_79312_40854.png,masks/tiles/moscow_suburb_small_17_79312_40854.png,1.0,"{""2"": 44374, ""3"": 19391, ""4"": 1771}",Overture Maps,17,EPSG:4326,"max_class_share=0.68,fg_share=1.00"
moscow_suburb_small_17_79313_40854,moscow_suburb_small,17,79313,40854,images/tiles/moscow_suburb_small_17_79313_40854.png,masks/tiles/moscow_suburb_small_17_79313_40854.png,1.0,"{""2"": 50379, ""3"": 13588, ""4"": 1569}",Overture Maps,17,EPSG:4326,"max_class_share=0.77,fg_share=1.00"
moscow_suburb_small_17_79314_40854,moscow_suburb_small,17,79314,40854,images/tiles/moscow_suburb_small_17_79314_40854.png,masks/tiles/moscow_suburb_small_17_79314_40854.png,1.0,"{""2"": 54329, ""3"": 11207}",Overture Maps,17,EPSG:4326,"max_class_share=0.83,fg_share=1.00"
moscow_suburb_small_17_79315_40854,moscow_suburb_small,17,79315,40854,images/tiles/moscow_suburb_small_17_79315_40854.png,masks/tiles/moscow_suburb_small_17_79315_40854.png,1.0,"{""2"": 50997, ""3"": 13006, ""4"": 1533}",Overture Maps,17,EPSG:4326,"max_class_share=0.78,fg_share=1.00"
moscow_suburb_small_17_79316_40854,moscow_suburb_small,17,79316,40854,images/tiles/moscow_suburb_small_17_79316_40854.png,masks/tiles/moscow_suburb_small_17_79316_40854.png,1.0,"{""2"": 50631, ""3"": 13248, ""4"": 1657}",Overture Maps,17,EPSG:4326,"max_class_share=0.77,fg_share=1.00"
moscow_suburb_small_17_79317_40854,moscow_suburb_small,17,79317,40854,images/tiles/moscow_suburb_small_17_79317_40854.png,masks/tiles/moscow_suburb_small_17_79317_40854.png,1.0,"{""2"": 52060, ""3"": 9192, ""4"": 4284}",Overture Maps,17,EPSG:4326,"max_class_share=0.79,fg_share=1.00"
moscow_suburb_small_17_79318_40854,moscow_suburb_small,17,79318,40854,images/tiles/moscow_suburb_small_17_79318_40854.png,masks/tiles/moscow_suburb_small_17_79318_40854.png,1.0,"{""2"": 48172, ""3"": 13021, ""4"": 4343}",Overture Maps,17,EPSG:4326,"max_class_share=0.74,fg_share=1.00"
moscow_suburb_small_17_79319_40854,moscow_suburb_small,17,79319,40854,images/tiles/moscow_suburb_small_17_79319_40854.png,masks/tiles/moscow_suburb_small_17_79319_40854.png,1.0,"{""2"": 49156, ""3"": 10809, ""4"": 5571}",Overture Maps,17,EPSG:4326,"max_class_share=0.75,fg_share=1.00"
moscow_suburb_small_17_79320_40854,moscow_suburb_small,17,79320,40854,images/tiles/moscow_suburb_small_17_79320_40854.png,masks/tiles/moscow_suburb_small_17_79320_40854.png,1.0,"{""2"": 55464, ""3"": 7351, ""4"": 2721}",Overture Maps,17,EPSG:4326,"max_class_share=0.85,fg_share=1.00"
moscow_suburb_small_17_79294_40855,moscow_suburb_small,17,79294,40855,images/tiles/moscow_suburb_small_17_79294_40855.png,masks/tiles/moscow_suburb_small_17_79294_40855.png,1.0,"{""2"": 62086, ""3"": 51, ""4"": 3399}",Overture Maps,17,EPSG:4326,"max_class_share=0.95,fg_share=1.00"
moscow_suburb_small_17_79295_40855,moscow_suburb_small,17,79295,40855,images/tiles/moscow_suburb_small_17_79295_40855.png,masks/tiles/moscow_suburb_small_17_79295_40855.png,1.0,"{""2"": 59418, ""3"": 4849, ""4"": 1269}",Overture Maps,17,EPSG:4326,"max_class_share=0.91,fg_share=1.00"
moscow_suburb_small_17_79300_40855,moscow_suburb_small,17,79300,40855,images/tiles/moscow_suburb_small_17_79300_40855.png,masks/tiles/moscow_suburb_small_17_79300_40855.png,1.0,"{""2"": 60258, ""3"": 5262, ""4"": 16}",Overture Maps,17,EPSG:4326,"max_class_share=0.92,fg_share=1.00"
moscow_suburb_small_17_79301_40855,moscow_suburb_small,17,79301,40855,images/tiles/moscow_suburb_small_17_79301_40855.png,masks/tiles/moscow_suburb_small_17_79301_40855.png,1.0,"{""2"": 57669, ""3"": 5019, ""4"": 2848}",Overture Maps,17,EPSG:4326,"max_class_share=0.88,fg_share=1.00"
moscow_suburb_small_17_79302_40855,moscow_suburb_small,17,79302,40855,images/tiles/moscow_suburb_small_17_79302_40855.png,masks/tiles/moscow_suburb_small_17_79302_40855.png,1.0,"{""2"": 45507, ""3"": 3660, ""4"": 16369}",Overture Maps,17,EPSG:4326,"max_class_share=0.69,fg_share=1.00"
moscow_suburb_small_17_79303_40855,moscow_suburb_small,17,79303,40855,images/tiles/moscow_suburb_small_17_79303_40855.png,masks/tiles/moscow_suburb_small_17_79303_40855.png,1.0,"{""2"": 49286, ""3"": 10947, ""4"": 5303}",Overture Maps,17,EPSG:4326,"max_class_share=0.75,fg_share=1.00"
moscow_suburb_small_17_79304_40855,moscow_suburb_small,17,79304,40855,images/tiles/moscow_suburb_small_17_79304_40855.png,masks/tiles/moscow_suburb_small_17_79304_40855.png,1.0,"{""1"": 237, ""2"": 56657, ""3"": 7188, ""4"": 1454}",Overture Maps,17,EPSG:4326,"max_class_share=0.86,fg_share=1.00"
moscow_suburb_small_17_79305_40855,moscow_suburb_small,17,79305,40855,images/tiles/moscow_suburb_small_17_79305_40855.png,masks/tiles/moscow_suburb_small_17_79305_40855.png,1.0,"{""1"": 221, ""2"": 54789, ""3"": 4684, ""4"": 5842}",Overture Maps,17,EPSG:4326,"max_class_share=0.84,fg_share=1.00"
moscow_suburb_small_17_79306_40855,moscow_suburb_small,17,79306,40855,images/tiles/moscow_suburb_small_17_79306_40855.png,masks/tiles/moscow_suburb_small_17_79306_40855.png,1.0,"{""2"": 53668, ""3"": 7473, ""4"": 4395}",Overture Maps,17,EPSG:4326,"max_class_share=0.82,fg_share=1.00"
moscow_suburb_small_17_79307_40855,moscow_suburb_small,17,79307,40855,images/tiles/moscow_suburb_small_17_79307_40855.png,masks/tiles/moscow_suburb_small_17_79307_40855.png,1.0,"{""1"": 119, ""2"": 55026, ""3"": 5617, ""4"": 4774}",Overture Maps,17,EPSG:4326,"max_class_share=0.84,fg_share=1.00"
moscow_suburb_small_17_79308_40855,moscow_suburb_small,17,79308,40855,images/tiles/moscow_suburb_small_17_79308_40855.png,masks/tiles/moscow_suburb_small_17_79308_40855.png,1.0,"{""1"": 135, ""2"": 52913, ""3"": 11095, ""4"": 1393}",Overture Maps,17,EPSG:4326,"max_class_share=0.81,fg_share=1.00"
moscow_suburb_small_17_79309_40855,moscow_suburb_small,17,79309,40855,images/tiles/moscow_suburb_small_17_79309_40855.png,masks/tiles/moscow_suburb_small_17_79309_40855.png,1.0,"{""2"": 39854, ""3"": 17906, ""4"": 7776}",Overture Maps,17,EPSG:4326,"max_class_share=0.61,fg_share=1.00"
moscow_suburb_small_17_79310_40855,moscow_suburb_small,17,79310,40855,images/tiles/moscow_suburb_small_17_79310_40855.png,masks/tiles/moscow_suburb_small_17_79310_40855.png,1.0,"{""2"": 42506, ""3"": 16191, ""4"": 6839}",Overture Maps,17,EPSG:4326,"max_class_share=0.65,fg_share=1.00"
moscow_suburb_small_17_79311_40855,moscow_suburb_small,17,79311,40855,images/tiles/moscow_suburb_small_17_79311_40855.png,masks/tiles/moscow_suburb_small_17_79311_40855.png,1.0,"{""2"": 53262, ""3"": 6567, ""4"": 5707}",Overture Maps,17,EPSG:4326,"max_class_share=0.81,fg_share=1.00"
moscow_suburb_small_17_79312_40855,moscow_suburb_small,17,79312,40855,images/tiles/moscow_suburb_small_17_79312_40855.png,masks/tiles/moscow_suburb_small_17_79312_40855.png,1.0,"{""2"": 45521, ""3"": 15326, ""4"": 4689}",Overture Maps,17,EPSG:4326,"max_class_share=0.69,fg_share=1.00"
moscow_suburb_small_17_79313_40855,moscow_suburb_small,17,79313,40855,images/tiles/moscow_suburb_small_17_79313_40855.png,masks/tiles/moscow_suburb_small_17_79313_40855.png,1.0,"{""2"": 44206, ""3"": 17450, ""4"": 3880}",Overture Maps,17,EPSG:4326,"max_class_share=0.67,fg_share=1.00"
moscow_suburb_small_17_79314_40855,moscow_suburb_small,17,79314,40855,images/tiles/moscow_suburb_small_17_79314_40855.png,masks/tiles/moscow_suburb_small_17_79314_40855.png,1.0,"{""2"": 52809, ""3"": 7409, ""4"": 5318}",Overture Maps,17,EPSG:4326,"max_class_share=0.81,fg_share=1.00"
moscow_suburb_small_17_79315_40855,moscow_suburb_small,17,79315,40855,images/tiles/moscow_suburb_small_17_79315_40855.png,masks/tiles/moscow_suburb_small_17_79315_40855.png,1.0,"{""2"": 52555, ""3"": 9122, ""4"": 3859}",Overture Maps,17,EPSG:4326,"max_class_share=0.80,fg_share=1.00"
moscow_suburb_small_17_79316_40855,moscow_suburb_small,17,79316,40855,images/tiles/moscow_suburb_small_17_79316_40855.png,masks/tiles/moscow_suburb_small_17_79316_40855.png,1.0,"{""2"": 52165, ""3"": 7295, ""4"": 6076}",Overture Maps,17,EPSG:4326,"max_class_share=0.80,fg_share=1.00"
moscow_suburb_small_17_79317_40855,moscow_suburb_small,17,79317,40855,images/tiles/moscow_suburb_small_17_79317_40855.png,masks/tiles/moscow_suburb_small_17_79317_40855.png,1.0,"{""2"": 42525, ""3"": 14237, ""4"": 8774}",Overture Maps,17,EPSG:4326,"max_class_share=0.65,fg_share=1.00"
moscow_suburb_small_17_79318_40855,moscow_suburb_small,17,79318,40855,images/tiles/moscow_suburb_small_17_79318_40855.png,masks/tiles/moscow_suburb_small_17_79318_40855.png,1.0,"{""2"": 36397, ""3"": 21526, ""4"": 7613}",Overture Maps,17,EPSG:4326,"max_class_share=0.56,fg_share=1.00"
moscow_suburb_small_17_79319_40855,moscow_suburb_small,17,79319,40855,images/tiles/moscow_suburb_small_17_79319_40855.png,masks/tiles/moscow_suburb_small_17_79319_40855.png,1.0,"{""2"": 47719, ""3"": 11978, ""4"": 5839}",Overture Maps,17,EPSG:4326,"max_class_share=0.73,fg_share=1.00"
moscow_suburb_small_17_79320_40855,moscow_suburb_small,17,79320,40855,images/tiles/moscow_suburb_small_17_79320_40855.png,masks/tiles/moscow_suburb_small_17_79320_40855.png,1.0,"{""2"": 54437, ""3"": 6347, ""4"": 4752}",Overture Maps,17,EPSG:4326,"max_class_share=0.83,fg_share=1.00"
moscow_suburb_small_17_79294_40856,moscow_suburb_small,17,79294,40856,images/tiles/moscow_suburb_small_17_79294_40856.png,masks/tiles/moscow_suburb_small_17_79294_40856.png,1.0,"{""2"": 61955, ""3"": 585, ""4"": 2996}",Overture Maps,17,EPSG:4326,"max_class_share=0.95,fg_share=1.00"
moscow_suburb_small_17_79295_40856,moscow_suburb_small,17,79295,40856,images/tiles/moscow_suburb_small_17_79295_40856.png,masks/tiles/moscow_suburb_small_17_79295_40856.png,1.0,"{""2"": 54432, ""3"": 6259, ""4"": 4845}",Overture Maps,17,EPSG:4326,"max_class_share=0.83,fg_share=1.00"
moscow_suburb_small_17_79296_40856,moscow_suburb_small,17,79296,40856,images/tiles/moscow_suburb_small_17_79296_40856.png,masks/tiles/moscow_suburb_small_17_79296_40856.png,1.0,"{""2"": 52039, ""3"": 10161, ""4"": 3336}",Overture Maps,17,EPSG:4326,"max_class_share=0.79,fg_share=1.00"
moscow_suburb_small_17_79297_40856,moscow_suburb_small,17,79297,40856,images/tiles/moscow_suburb_small_17_79297_40856.png,masks/tiles/moscow_suburb_small_17_79297_40856.png,1.0,"{""2"": 45956, ""3"": 11088, ""4"": 8492}",Overture Maps,17,EPSG:4326,"max_class_share=0.70,fg_share=1.00"
moscow_suburb_small_17_79298_40856,moscow_suburb_small,17,79298,40856,images/tiles/moscow_suburb_small_17_79298_40856.png,masks/tiles/moscow_suburb_small_17_79298_40856.png,1.0,"{""2"": 49638, ""3"": 10348, ""4"": 5550}",Overture Maps,17,EPSG:4326,"max_class_share=0.76,fg_share=1.00"
moscow_suburb_small_17_79299_40856,moscow_suburb_small,17,79299,40856,images/tiles/moscow_suburb_small_17_79299_40856.png,masks/tiles/moscow_suburb_small_17_79299_40856.png,1.0,"{""2"": 59820, ""3"": 4153, ""4"": 1563}",Overture Maps,17,EPSG:4326,"max_class_share=0.91,fg_share=1.00"
moscow_suburb_small_17_79300_40856,moscow_suburb_small,17,79300,40856,images/tiles/moscow_suburb_small_17_79300_40856.png,masks/tiles/moscow_suburb_small_17_79300_40856.png,1.0,"{""2"": 54461, ""3"": 10030, ""4"": 1045}",Overture Maps,17,EPSG:4326,"max_class_share=0.83,fg_share=1.00"
moscow_suburb_small_17_79301_40856,moscow_suburb_small,17,79301,40856,images/tiles/moscow_suburb_small_17_79301_40856.png,masks/tiles/moscow_suburb_small_17_79301_40856.png,1.0,"{""2"": 59219, ""3"": 6002, ""4"": 315}",Overture Maps,17,EPSG:4326,"max_class_share=0.90,fg_share=1.00"
moscow_suburb_small_17_79302_40856,moscow_suburb_small,17,79302,40856,images/tiles/moscow_suburb_small_17_79302_40856.png,masks/tiles/moscow_suburb_small_17_79302_40856.png,1.0,"{""2"": 44519, ""3"": 6068, ""4"": 14949}",Overture Maps,17,EPSG:4326,"max_class_share=0.68,fg_share=1.00"
moscow_suburb_small_17_79303_40856,moscow_suburb_small,17,79303,40856,images/tiles/moscow_suburb_small_17_79303_40856.png,masks/tiles/moscow_suburb_small_17_79303_40856.png,1.0,"{""2"": 54667, ""3"": 7733, ""4"": 3136}",Overture Maps,17,EPSG:4326,"max_class_share=0.83,fg_share=1.00"
moscow_suburb_small_17_79304_40856,moscow_suburb_small,17,79304,40856,images/tiles/moscow_suburb_small_17_79304_40856.png,masks/tiles/moscow_suburb_small_17_79304_40856.png,1.0,"{""2"": 61995, ""3"": 2303, ""4"": 1238}",Overture Maps,17,EPSG:4326,"max_class_share=0.95,fg_share=1.00"
moscow_suburb_small_17_79305_40856,moscow_suburb_small,17,79305,40856,images/tiles/moscow_suburb_small_17_79305_40856.png,masks/tiles/moscow_suburb_small_17_79305_40856.png,1.0,"{""1"": 313, ""2"": 58644, ""3"": 1058, ""4"": 5521}",Overture Maps,17,EPSG:4326,"max_class_share=0.89,fg_share=1.00"
moscow_suburb_small_17_79306_40856,moscow_suburb_small,17,79306,40856,images/tiles/moscow_suburb_small_17_79306_40856.png,masks/tiles/moscow_suburb_small_17_79306_40856.png,1.0,"{""2"": 53643, ""3"": 6604, ""4"": 5289}",Overture Maps,17,EPSG:4326,"max_class_share=0.82,fg_share=1.00"
moscow_suburb_small_17_79307_40856,moscow_suburb_small,17,79307,40856,images/tiles/moscow_suburb_small_17_79307_40856.png,masks/tiles/moscow_suburb_small_17_79307_40856.png,1.0,"{""1"": 256, ""2"": 53831, ""3"": 8085, ""4"": 3364}",Overture Maps,17,EPSG:4326,"max_class_share=0.82,fg_share=1.00"
moscow_suburb_small_17_79308_40856,moscow_suburb_small,17,79308,40856,images/tiles/moscow_suburb_small_17_79308_40856.png,masks/tiles/moscow_suburb_small_17_79308_40856.png,1.0,"{""2"": 53883, ""3"": 10045, ""4"": 1608}",Overture Maps,17,EPSG:4326,"max_class_share=0.82,fg_share=1.00"
moscow_suburb_small_17_79309_40856,moscow_suburb_small,17,79309,40856,images/tiles/moscow_suburb_small_17_79309_40856.png,masks/tiles/moscow_suburb_small_17_79309_40856.png,1.0,"{""2"": 51909, ""3"": 5021, ""4"": 8606}",Overture Maps,17,EPSG:4326,"max_class_share=0.79,fg_share=1.00"
moscow_suburb_small_17_79311_40856,moscow_suburb_small,17,79311,40856,images/tiles/moscow_suburb_small_17_79311_40856.png,masks/tiles/moscow_suburb_small_17_79311_40856.png,1.0,"{""2"": 54137, ""3"": 8296, ""4"": 3103}",Overture Maps,17,EPSG:4326,"max_class_share=0.83,fg_share=1.00"
moscow_suburb_small_17_79312_40856,moscow_suburb_small,17,79312,40856,images/tiles/moscow_suburb_small_17_79312_40856.png,masks/tiles/moscow_suburb_small_17_79312_40856.png,1.0,"{""2"": 45217, ""3"": 15532, ""4"": 4787}",Overture Maps,17,EPSG:4326,"max_class_share=0.69,fg_share=1.00"
moscow_suburb_small_17_79313_40856,moscow_suburb_small,17,79313,40856,images/tiles/moscow_suburb_small_17_79313_40856.png,masks/tiles/moscow_suburb_small_17_79313_40856.png,1.0,"{""2"": 42961, ""3"": 16958, ""4"": 5617}",Overture Maps,17,EPSG:4326,"max_class_share=0.66,fg_share=1.00"
moscow_suburb_small_17_79314_40856,moscow_suburb_small,17,79314,40856,images/tiles/moscow_suburb_small_17_79314_40856.png,masks/tiles/moscow_suburb_small_17_79314_40856.png,1.0,"{""2"": 51072, ""3"": 7492, ""4"": 6972}",Overture Maps,17,EPSG:4326,"max_class_share=0.78,fg_share=1.00"
moscow_suburb_small_17_79315_40856,moscow_suburb_small,17,79315,40856,images/tiles/moscow_suburb_small_17_79315_40856.png,masks/tiles/moscow_suburb_small_17_79315_40856.png,1.0,"{""2"": 44946, ""3"": 15711, ""4"": 4879}",Overture Maps,17,EPSG:4326,"max_class_share=0.69,fg_share=1.00"
moscow_suburb_small_17_79316_40856,moscow_suburb_small,17,79316,40856,images/tiles/moscow_suburb_small_17_79316_40856.png,masks/tiles/moscow_suburb_small_17_79316_40856.png,1.0,"{""2"": 43408, ""3"": 14716, ""4"": 7412}",Overture Maps,17,EPSG:4326,"max_class_share=0.66,fg_share=1.00"
moscow_suburb_small_17_79317_40856,moscow_suburb_small,17,79317,40856,images/tiles/moscow_suburb_small_17_79317_40856.png,masks/tiles/moscow_suburb_small_17_79317_40856.png,1.0,"{""2"": 39015, ""3"": 21805, ""4"": 4716}",Overture Maps,17,EPSG:4326,"max_class_share=0.60,fg_share=1.00"
moscow_suburb_small_17_79318_40856,moscow_suburb_small,17,79318,40856,images/tiles/moscow_suburb_small_17_79318_40856.png,masks/tiles/moscow_suburb_small_17_79318_40856.png,1.0,"{""2"": 43855, ""3"": 16545, ""4"": 5136}",Overture Maps,17,EPSG:4326,"max_class_share=0.67,fg_share=1.00"
moscow_suburb_small_17_79319_40856,moscow_suburb_small,17,79319,40856,images/tiles/moscow_suburb_small_17_79319_40856.png,masks/tiles/moscow_suburb_small_17_79319_40856.png,1.0,"{""2"": 42253, ""3"": 20111, ""4"": 3172}",Overture Maps,17,EPSG:4326,"max_class_share=0.64,fg_share=1.00"
moscow_suburb_small_17_79320_40856,moscow_suburb_small,17,79320,40856,images/tiles/moscow_suburb_small_17_79320_40856.png,masks/tiles/moscow_suburb_small_17_79320_40856.png,1.0,"{""2"": 52303, ""3"": 8770, ""4"": 4463}",Overture Maps,17,EPSG:4326,"max_class_share=0.80,fg_share=1.00"
moscow_suburb_small_17_79294_40857,moscow_suburb_small,17,79294,40857,images/tiles/moscow_suburb_small_17_79294_40857.png,masks/tiles/moscow_suburb_small_17_79294_40857.png,1.0,"{""2"": 61873, ""3"": 1412, ""4"": 2251}",Overture Maps,17,EPSG:4326,"max_class_share=0.94,fg_share=1.00"
moscow_suburb_small_17_79295_40857,moscow_suburb_small,17,79295,40857,images/tiles/moscow_suburb_small_17_79295_40857.png,masks/tiles/moscow_suburb_small_17_79295_40857.png,1.0,"{""2"": 57703, ""3"": 3952, ""4"": 3881}",Overture Maps,17,EPSG:4326,"max_class_share=0.88,fg_share=1.00"
moscow_suburb_small_17_79296_40857,moscow_suburb_small,17,79296,40857,images/tiles/moscow_suburb_small_17_79296_40857.png,masks/tiles/moscow_suburb_small_17_79296_40857.png,1.0,"{""2"": 56809, ""3"": 6008, ""4"": 2719}",Overture Maps,17,EPSG:4326,"max_class_share=0.87,fg_share=1.00"
moscow_suburb_small_17_79297_40857,moscow_suburb_small,17,79297,40857,images/tiles/moscow_suburb_small_17_79297_40857.png,masks/tiles/moscow_suburb_small_17_79297_40857.png,1.0,"{""2"": 53785, ""3"": 7074, ""4"": 4677}",Overture Maps,17,EPSG:4326,"max_class_share=0.82,fg_share=1.00"
moscow_suburb_small_17_79298_40857,moscow_suburb_small,17,79298,40857,images/tiles/moscow_suburb_small_17_79298_40857.png,masks/tiles/moscow_suburb_small_17_79298_40857.png,1.0,"{""2"": 51329, ""3"": 9700, ""4"": 4507}",Overture Maps,17,EPSG:4326,"max_class_share=0.78,fg_share=1.00"
moscow_suburb_small_17_79299_40857,moscow_suburb_small,17,79299,40857,images/tiles/moscow_suburb_small_17_79299_40857.png,masks/tiles/moscow_suburb_small_17_79299_40857.png,1.0,"{""2"": 47550, ""3"": 12940, ""4"": 5046}",Overture Maps,17,EPSG:4326,"max_class_share=0.73,fg_share=1.00"
moscow_suburb_small_17_79300_40857,moscow_suburb_small,17,79300,40857,images/tiles/moscow_suburb_small_17_79300_40857.png,masks/tiles/moscow_suburb_small_17_79300_40857.png,1.0,"{""2"": 46758, ""3"": 15145, ""4"": 3633}",Overture Maps,17,EPSG:4326,"max_class_share=0.71,fg_share=1.00"
moscow_suburb_small_17_79301_40857,moscow_suburb_small,17,79301,40857,images/tiles/moscow_suburb_small_17_79301_40857.png,masks/tiles/moscow_suburb_small_17_79301_40857.png,1.0,"{""2"": 40944, ""3"": 9443, ""4"": 15149}",Overture Maps,17,EPSG:4326,"max_class_share=0.62,fg_share=1.00"
moscow_suburb_small_17_79302_40857,moscow_suburb_small,17,79302,40857,images/tiles/moscow_suburb_small_17_79302_40857.png,masks/tiles/moscow_suburb_small_17_79302_40857.png,1.0,"{""2"": 47206, ""3"": 13583, ""4"": 4747}",Overture Maps,17,EPSG:4326,"max_class_share=0.72,fg_share=1.00"
moscow_suburb_small_17_79306_40857,moscow_suburb_small,17,79306,40857,images/tiles/moscow_suburb_small_17_79306_40857.png,masks/tiles/moscow_suburb_small_17_79306_40857.png,1.0,"{""1"": 575, ""2"": 53956, ""3"": 6103, ""4"": 4902}",Overture Maps,17,EPSG:4326,"max_class_share=0.82,fg_share=1.00"
moscow_suburb_small_17_79307_40857,moscow_suburb_small,17,79307,40857,images/tiles/moscow_suburb_small_17_79307_40857.png,masks/tiles/moscow_suburb_small_17_79307_40857.png,1.0,"{""1"": 49, ""2"": 56642, ""3"": 5707, ""4"": 3138}",Overture Maps,17,EPSG:4326,"max_class_share=0.86,fg_share=1.00"
moscow_suburb_small_17_79308_40857,moscow_suburb_small,17,79308,40857,images/tiles/moscow_suburb_small_17_79308_40857.png,masks/tiles/moscow_suburb_small_17_79308_40857.png,1.0,"{""2"": 48596, ""3"": 10188, ""4"": 6752}",Overture Maps,17,EPSG:4326,"max_class_share=0.74,fg_share=1.00"
moscow_suburb_small_17_79311_40857,moscow_suburb_small,17,79311,40857,images/tiles/moscow_suburb_small_17_79311_40857.png,masks/tiles/moscow_suburb_small_17_79311_40857.png,1.0,"{""2"": 47170, ""3"": 13436, ""4"": 4930}",Overture Maps,17,EPSG:4326,"max_class_share=0.72,fg_share=1.00"
moscow_suburb_small_17_79312_40857,moscow_suburb_small,17,79312,40857,images/tiles/moscow_suburb_small_17_79312_40857.png,masks/tiles/moscow_suburb_small_17_79312_40857.png,1.0,"{""2"": 46586, ""3"": 12525, ""4"": 6425}",Overture Maps,17,EPSG:4326,"max_class_share=0.71,fg_share=1.00"
moscow_suburb_small_17_79313_40857,moscow_suburb_small,17,79313,40857,images/tiles/moscow_suburb_small_17_79313_40857.png,masks/tiles/moscow_suburb_small_17_79313_40857.png,1.0,"{""2"": 40806, ""3"": 17067, ""4"": 7663}",Overture Maps,17,EPSG:4326,"max_class_share=0.62,fg_share=1.00"
moscow_suburb_small_17_79314_40857,moscow_suburb_small,17,79314,40857,images/tiles/moscow_suburb_small_17_79314_40857.png,masks/tiles/moscow_suburb_small_17_79314_40857.png,1.0,"{""2"": 43247, ""3"": 14514, ""4"": 7775}",Overture Maps,17,EPSG:4326,"max_class_share=0.66,fg_share=1.00"
moscow_suburb_small_17_79315_40857,moscow_suburb_small,17,79315,40857,images/tiles/moscow_suburb_small_17_79315_40857.png,masks/tiles/moscow_suburb_small_17_79315_40857.png,1.0,"{""2"": 52452, ""3"": 9111, ""4"": 3973}",Overture Maps,17,EPSG:4326,"max_class_share=0.80,fg_share=1.00"
moscow_suburb_small_17_79316_40857,moscow_suburb_small,17,79316,40857,images/tiles/moscow_suburb_small_17_79316_40857.png,masks/tiles/moscow_suburb_small_17_79316_40857.png,1.0,"{""2"": 43311, ""3"": 17384, ""4"": 4841}",Overture Maps,17,EPSG:4326,"max_class_share=0.66,fg_share=1.00"
moscow_suburb_small_17_79317_40857,moscow_suburb_small,17,79317,40857,images/tiles/moscow_suburb_small_17_79317_40857.png,masks/tiles/moscow_suburb_small_17_79317_40857.png,1.0,"{""2"": 42061, ""3"": 13645, ""4"": 9830}",Overture Maps,17,EPSG:4326,"max_class_share=0.64,fg_share=1.00"
moscow_suburb_small_17_79318_40857,moscow_suburb_small,17,79318,40857,images/tiles/moscow_suburb_small_17_79318_40857.png,masks/tiles/moscow_suburb_small_17_79318_40857.png,1.0,"{""2"": 45576, ""3"": 11638, ""4"": 8322}",Overture Maps,17,EPSG:4326,"max_class_share=0.70,fg_share=1.00"
moscow_suburb_small_17_79319_40857,moscow_suburb_small,17,79319,40857,images/tiles/moscow_suburb_small_17_79319_40857.png,masks/tiles/moscow_suburb_small_17_79319_40857.png,1.0,"{""2"": 48714, ""3"": 16822}",Overture Maps,17,EPSG:4326,"max_class_share=0.74,fg_share=1.00"
moscow_suburb_small_17_79320_40857,moscow_suburb_small,17,79320,40857,images/tiles/moscow_suburb_small_17_79320_40857.png,masks/tiles/moscow_suburb_small_17_79320_40857.png,1.0,"{""2"": 58205, ""3"": 5912, ""4"": 1419}",Overture Maps,17,EPSG:4326,"max_class_share=0.89,fg_share=1.00"
moscow_suburb_small_17_79294_40858,moscow_suburb_small,17,79294,40858,images/tiles/moscow_suburb_small_17_79294_40858.png,masks/tiles/moscow_suburb_small_17_79294_40858.png,1.0,"{""2"": 60706, ""3"": 1075, ""4"": 3755}",Overture Maps,17,EPSG:4326,"max_class_share=0.93,fg_share=1.00"
moscow_suburb_small_17_79295_40858,moscow_suburb_small,17,79295,40858,images/tiles/moscow_suburb_small_17_79295_40858.png,masks/tiles/moscow_suburb_small_17_79295_40858.png,1.0,"{""2"": 54276, ""3"": 6460, ""4"": 4800}",Overture Maps,17,EPSG:4326,"max_class_share=0.83,fg_share=1.00"
moscow_suburb_small_17_79296_40858,moscow_suburb_small,17,79296,40858,images/tiles/moscow_suburb_small_17_79296_40858.png,masks/tiles/moscow_suburb_small_17_79296_40858.png,1.0,"{""2"": 55504, ""3"": 7734, ""4"": 2298}",Overture Maps,17,EPSG:4326,"max_class_share=0.85,fg_share=1.00"
moscow_suburb_small_17_79297_40858,moscow_suburb_small,17,79297,40858,images/tiles/moscow_suburb_small_17_79297_40858.png,masks/tiles/moscow_suburb_small_17_79297_40858.png,1.0,"{""2"": 52452, ""3"": 7302, ""4"": 5782}",Overture Maps,17,EPSG:4326,"max_class_share=0.80,fg_share=1.00"
moscow_suburb_small_17_79298_40858,moscow_suburb_small,17,79298,40858,images/tiles/moscow_suburb_small_17_79298_40858.png,masks/tiles/moscow_suburb_small_17_79298_40858.png,1.0,"{""2"": 50777, ""3"": 11734, ""4"": 3025}",Overture Maps,17,EPSG:4326,"max_class_share=0.77,fg_share=1.00"
moscow_suburb_small_17_79299_40858,moscow_suburb_small,17,79299,40858,images/tiles/moscow_suburb_small_17_79299_40858.png,masks/tiles/moscow_suburb_small_17_79299_40858.png,1.0,"{""2"": 51886, ""3"": 10541, ""4"": 3109}",Overture Maps,17,EPSG:4326,"max_class_share=0.79,fg_share=1.00"
moscow_suburb_small_17_79300_40858,moscow_suburb_small,17,79300,40858,images/tiles/moscow_suburb_small_17_79300_40858.png,masks/tiles/moscow_suburb_small_17_79300_40858.png,1.0,"{""2"": 41504, ""3"": 11346, ""4"": 12686}",Overture Maps,17,EPSG:4326,"max_class_share=0.63,fg_share=1.00"
moscow_suburb_small_17_79301_40858,moscow_suburb_small,17,79301,40858,images/tiles/moscow_suburb_small_17_79301_40858.png,masks/tiles/moscow_suburb_small_17_79301_40858.png,1.0,"{""2"": 27651, ""3"": 24519, ""4"": 13366}",Overture Maps,17,EPSG:4326,"max_class_share=0.42,fg_share=1.00"
moscow_suburb_small_17_79302_40858,moscow_suburb_small,17,79302,40858,images/tiles/moscow_suburb_small_17_79302_40858.png,masks/tiles/moscow_suburb_small_17_79302_40858.png,1.0,"{""2"": 48498, ""3"": 12347, ""4"": 4691}",Overture Maps,17,EPSG:4326,"max_class_share=0.74,fg_share=1.00"
moscow_suburb_small_17_79306_40858,moscow_suburb_small,17,79306,40858,images/tiles/moscow_suburb_small_17_79306_40858.png,masks/tiles/moscow_suburb_small_17_79306_40858.png,1.0,"{""1"": 730, ""2"": 59916, ""3"": 456, ""4"": 4434}",Overture Maps,17,EPSG:4326,"max_class_share=0.91,fg_share=1.00"
moscow_suburb_small_17_79307_40858,moscow_suburb_small,17,79307,40858,images/tiles/moscow_suburb_small_17_79307_40858.png,masks/tiles/moscow_suburb_small_17_79307_40858.png,1.0,"{""1"": 3174, ""2"": 47537, ""3"": 9158, ""4"": 5667}",Overture Maps,17,EPSG:4326,"max_class_share=0.73,fg_share=1.00"
moscow_suburb_small_17_79308_40858,moscow_suburb_small,17,79308,40858,images/tiles/moscow_suburb_small_17_79308_40858.png,masks/tiles/moscow_suburb_small_17_79308_40858.png,1.0,"{""2"": 58350, ""3"": 3410, ""4"": 3776}",Overture Maps,17,EPSG:4326,"max_class_share=0.89,fg_share=1.00"
moscow_suburb_small_17_79310_40858,moscow_suburb_small,17,79310,40858,images/tiles/moscow_suburb_small_17_79310_40858.png,masks/tiles/moscow_suburb_small_17_79310_40858.png,1.0,"{""2"": 61443, ""3"": 1900, ""4"": 2193}",Overture Maps,17,EPSG:4326,"max_class_share=0.94,fg_share=1.00"
moscow_suburb_small_17_79311_40858,moscow_suburb_small,17,79311,40858,images/tiles/moscow_suburb_small_17_79311_40858.png,masks/tiles/moscow_suburb_small_17_79311_40858.png,1.0,"{""2"": 45280, ""3"": 12748, ""4"": 7508}",Overture Maps,17,EPSG:4326,"max_class_share=0.69,fg_share=1.00"
moscow_suburb_small_17_79312_40858,moscow_suburb_small,17,79312,40858,images/tiles/moscow_suburb_small_17_79312_40858.png,masks/tiles/moscow_suburb_small_17_79312_40858.png,1.0,"{""2"": 48015, ""3"": 11153, ""4"": 6368}",Overture Maps,17,EPSG:4326,"max_class_share=0.73,fg_share=1.00"
moscow_suburb_small_17_79313_40858,moscow_suburb_small,17,79313,40858,images/tiles/moscow_suburb_small_17_79313_40858.png,masks/tiles/moscow_suburb_small_17_79313_40858.png,1.0,"{""2"": 41957, ""3"": 16195, ""4"": 7384}",Overture Maps,17,EPSG:4326,"max_class_share=0.64,fg_share=1.00"
moscow_suburb_small_17_79314_40858,moscow_suburb_small,17,79314,40858,images/tiles/moscow_suburb_small_17_79314_40858.png,masks/tiles/moscow_suburb_small_17_79314_40858.png,1.0,"{""2"": 36661, ""3"": 18304, ""4"": 10571}",Overture Maps,17,EPSG:4326,"max_class_share=0.56,fg_share=1.00"
moscow_suburb_small_17_79315_40858,moscow_suburb_small,17,79315,40858,images/tiles/moscow_suburb_small_17_79315_40858.png,masks/tiles/moscow_suburb_small_17_79315_40858.png,1.0,"{""2"": 51582, ""3"": 7119, ""4"": 6835}",Overture Maps,17,EPSG:4326,"max_class_share=0.79,fg_share=1.00"
moscow_suburb_small_17_79316_40858,moscow_suburb_small,17,79316,40858,images/tiles/moscow_suburb_small_17_79316_40858.png,masks/tiles/moscow_suburb_small_17_79316_40858.png,1.0,"{""2"": 47007, ""3"": 9877, ""4"": 8652}",Overture Maps,17,EPSG:4326,"max_class_share=0.72,fg_share=1.00"
moscow_suburb_small_17_79317_40858,moscow_suburb_small,17,79317,40858,images/tiles/moscow_suburb_small_17_79317_40858.png,masks/tiles/moscow_suburb_small_17_79317_40858.png,1.0,"{""2"": 53887, ""3"": 7124, ""4"": 4525}",Overture Maps,17,EPSG:4326,"max_class_share=0.82,fg_share=1.00"
moscow_suburb_small_17_79318_40858,moscow_suburb_small,17,79318,40858,images/tiles/moscow_suburb_small_17_79318_40858.png,masks/tiles/moscow_suburb_small_17_79318_40858.png,1.0,"{""2"": 53421, ""3"": 7399, ""4"": 4716}",Overture Maps,17,EPSG:4326,"max_class_share=0.82,fg_share=1.00"
moscow_suburb_small_17_79319_40858,moscow_suburb_small,17,79319,40858,images/tiles/moscow_suburb_small_17_79319_40858.png,masks/tiles/moscow_suburb_small_17_79319_40858.png,1.0,"{""2"": 50070, ""3"": 11654, ""4"": 3812}",Overture Maps,17,EPSG:4326,"max_class_share=0.76,fg_share=1.00"
moscow_suburb_small_17_79320_40858,moscow_suburb_small,17,79320,40858,images/tiles/moscow_suburb_small_17_79320_40858.png,masks/tiles/moscow_suburb_small_17_79320_40858.png,1.0,"{""2"": 53629, ""3"": 7500, ""4"": 4407}",Overture Maps,17,EPSG:4326,"max_class_share=0.82,fg_share=1.00"
moscow_suburb_small_17_79294_40859,moscow_suburb_small,17,79294,40859,images/tiles/moscow_suburb_small_17_79294_40859.png,masks/tiles/moscow_suburb_small_17_79294_40859.png,1.0,"{""2"": 60941, ""3"": 2568, ""4"": 2027}",Overture Maps,17,EPSG:4326,"max_class_share=0.93,fg_share=1.00"
moscow_suburb_small_17_79295_40859,moscow_suburb_small,17,79295,40859,images/tiles/moscow_suburb_small_17_79295_40859.png,masks/tiles/moscow_suburb_small_17_79295_40859.png,1.0,"{""2"": 52249, ""3"": 8781, ""4"": 4506}",Overture Maps,17,EPSG:4326,"max_class_share=0.80,fg_share=1.00"
moscow_suburb_small_17_79296_40859,moscow_suburb_small,17,79296,40859,images/tiles/moscow_suburb_small_17_79296_40859.png,masks/tiles/moscow_suburb_small_17_79296_40859.png,1.0,"{""2"": 50627, ""3"": 12612, ""4"": 2297}",Overture Maps,17,EPSG:4326,"max_class_share=0.77,fg_share=1.00"
moscow_suburb_small_17_79297_40859,moscow_suburb_small,17,79297,40859,images/tiles/moscow_suburb_small_17_79297_40859.png,masks/tiles/moscow_suburb_small_17_79297_40859.png,1.0,"{""2"": 49065, ""3"": 9766, ""4"": 6705}",Overture Maps,17,EPSG:4326,"max_class_share=0.75,fg_share=1.00"
moscow_suburb_small_17_79298_40859,moscow_suburb_small,17,79298,40859,images/tiles/moscow_suburb_small_17_79298_40859.png,masks/tiles/moscow_suburb_small_17_79298_40859.png,1.0,"{""2"": 48427, ""3"": 12606, ""4"": 4503}",Overture Maps,17,EPSG:4326,"max_class_share=0.74,fg_share=1.00"
moscow_suburb_small_17_79299_40859,moscow_suburb_small,17,79299,40859,images/tiles/moscow_suburb_small_17_79299_40859.png,masks/tiles/moscow_suburb_small_17_79299_40859.png,1.0,"{""2"": 45591, ""3"": 10394, ""4"": 9551}",Overture Maps,17,EPSG:4326,"max_class_share=0.70,fg_share=1.00"
moscow_suburb_small_17_79300_40859,moscow_suburb_small,17,79300,40859,images/tiles/moscow_suburb_small_17_79300_40859.png,masks/tiles/moscow_suburb_small_17_79300_40859.png,1.0,"{""2"": 41186, ""3"": 2207, ""4"": 22143}",Overture Maps,17,EPSG:4326,"max_class_share=0.63,fg_share=1.00"
moscow_suburb_small_17_79301_40859,moscow_suburb_small,17,79301,40859,images/tiles/moscow_suburb_small_17_79301_40859.png,masks/tiles/moscow_suburb_small_17_79301_40859.png,1.0,"{""2"": 41539, ""3"": 13620, ""4"": 10377}",Overture Maps,17,EPSG:4326,"max_class_share=0.63,fg_share=1.00"
moscow_suburb_small_17_79302_40859,moscow_suburb_small,17,79302,40859,images/tiles/moscow_suburb_small_17_79302_40859.png,masks/tiles/moscow_suburb_small_17_79302_40859.png,1.0,"{""2"": 49263, ""3"": 6994, ""4"": 9279}",Overture Maps,17,EPSG:4326,"max_class_share=0.75,fg_share=1.00"
moscow_suburb_small_17_79303_40859,moscow_suburb_small,17,79303,40859,images/tiles/moscow_suburb_small_17_79303_40859.png,masks/tiles/moscow_suburb_small_17_79303_40859.png,1.0,"{""2"": 51670, ""3"": 6706, ""4"": 7160}",Overture Maps,17,EPSG:4326,"max_class_share=0.79,fg_share=1.00"
moscow_suburb_small_17_79304_40859,moscow_suburb_small,17,79304,40859,images/tiles/moscow_suburb_small_17_79304_40859.png,masks/tiles/moscow_suburb_small_17_79304_40859.png,1.0,"{""2"": 60088, ""3"": 473, ""4"": 4975}",Overture Maps,17,EPSG:4326,"max_class_share=0.92,fg_share=1.00"
moscow_suburb_small_17_79305_40859,moscow_suburb_small,17,79305,40859,images/tiles/moscow_suburb_small_17_79305_40859.png,masks/tiles/moscow_suburb_small_17_79305_40859.png,1.0,"{""1"": 39, ""2"": 57248, ""3"": 2953, ""4"": 5296}",Overture Maps,17,EPSG:4326,"max_class_share=0.87,fg_share=1.00"
moscow_suburb_small_17_79306_40859,moscow_suburb_small,17,79306,40859,images/tiles/moscow_suburb_small_17_79306_40859.png,masks/tiles/moscow_suburb_small_17_79306_40859.png,1.0,"{""1"": 246, ""2"": 60152, ""4"": 5138}",Overture Maps,17,EPSG:4326,"max_class_share=0.92,fg_share=1.00"
moscow_suburb_small_17_79307_40859,moscow_suburb_small,17,79307,40859,images/tiles/moscow_suburb_small_17_79307_40859.png,masks/tiles/moscow_suburb_small_17_79307_40859.png,1.0,"{""1"": 363, ""2"": 51790, ""3"": 4550, ""4"": 8833}",Overture Maps,17,EPSG:4326,"max_class_share=0.79,fg_share=1.00"
moscow_suburb_small_17_79308_40859,moscow_suburb_small,17,79308,40859,images/tiles/moscow_suburb_small_17_79308_40859.png,masks/tiles/moscow_suburb_small_17_79308_40859.png,1.0,"{""2"": 49871, ""3"": 13050, ""4"": 2615}",Overture Maps,17,EPSG:4326,"max_class_share=0.76,fg_share=1.00"
moscow_suburb_small_17_79309_40859,moscow_suburb_small,17,79309,40859,images/tiles/moscow_suburb_small_17_79309_40859.png,masks/tiles/moscow_suburb_small_17_79309_40859.png,1.0,"{""2"": 57950, ""3"": 6672, ""4"": 914}",Overture Maps,17,EPSG:4326,"max_class_share=0.88,fg_share=1.00"
moscow_suburb_small_17_79310_40859,moscow_suburb_small,17,79310,40859,images/tiles/moscow_suburb_small_17_79310_40859.png,masks/tiles/moscow_suburb_small_17_79310_40859.png,1.0,"{""2"": 57159, ""3"": 6448, ""4"": 1929}",Overture Maps,17,EPSG:4326,"max_class_share=0.87,fg_share=1.00"
moscow_suburb_small_17_79311_40859,moscow_suburb_small,17,79311,40859,images/tiles/moscow_suburb_small_17_79311_40859.png,masks/tiles/moscow_suburb_small_17_79311_40859.png,1.0,"{""2"": 51842, ""3"": 7943, ""4"": 5751}",Overture Maps,17,EPSG:4326,"max_class_share=0.79,fg_share=1.00"
moscow_suburb_small_17_79312_40859,moscow_suburb_small,17,79312,40859,images/tiles/moscow_suburb_small_17_79312_40859.png,masks/tiles/moscow_suburb_small_17_79312_40859.png,1.0,"{""2"": 51851, ""3"": 8112, ""4"": 5573}",Overture Maps,17,EPSG:4326,"max_class_share=0.79,fg_share=1.00"
moscow_suburb_small_17_79313_40859,moscow_suburb_small,17,79313,40859,images/tiles/moscow_suburb_small_17_79313_40859.png,masks/tiles/moscow_suburb_small_17_79313_40859.png,1.0,"{""2"": 44065, ""3"": 15389, ""4"": 6082}",Overture Maps,17,EPSG:4326,"max_class_share=0.67,fg_share=1.00"
moscow_suburb_small_17_79314_40859,moscow_suburb_small,17,79314,40859,images/tiles/moscow_suburb_small_17_79314_40859.png,masks/tiles/moscow_suburb_small_17_79314_40859.png,1.0,"{""2"": 37314, ""3"": 19971, ""4"": 8251}",Overture Maps,17,EPSG:4326,"max_class_share=0.57,fg_share=1.00"
moscow_suburb_small_17_79315_40859,moscow_suburb_small,17,79315,40859,images/tiles/moscow_suburb_small_17_79315_40859.png,masks/tiles/moscow_suburb_small_17_79315_40859.png,1.0,"{""2"": 60680, ""3"": 3242, ""4"": 1614}",Overture Maps,17,EPSG:4326,"max_class_share=0.93,fg_share=1.00"
moscow_suburb_small_17_79316_40859,moscow_suburb_small,17,79316,40859,images/tiles/moscow_suburb_small_17_79316_40859.png,masks/tiles/moscow_suburb_small_17_79316_40859.png,1.0,"{""2"": 51319, ""3"": 8822, ""4"": 5395}",Overture Maps,17,EPSG:4326,"max_class_share=0.78,fg_share=1.00"
moscow_suburb_small_17_79317_40859,moscow_suburb_small,17,79317,40859,images/tiles/moscow_suburb_small_17_79317_40859.png,masks/tiles/moscow_suburb_small_17_79317_40859.png,1.0,"{""2"": 42712, ""3"": 13384, ""4"": 9440}",Overture Maps,17,EPSG:4326,"max_class_share=0.65,fg_share=1.00"
moscow_suburb_small_17_79318_40859,moscow_suburb_small,17,79318,40859,images/tiles/moscow_suburb_small_17_79318_40859.png,masks/tiles/moscow_suburb_small_17_79318_40859.png,1.0,"{""2"": 42959, ""3"": 16094, ""4"": 6483}",Overture Maps,17,EPSG:4326,"max_class_share=0.66,fg_share=1.00"
moscow_suburb_small_17_79319_40859,moscow_suburb_small,17,79319,40859,images/tiles/moscow_suburb_small_17_79319_40859.png,masks/tiles/moscow_suburb_small_17_79319_40859.png,1.0,"{""2"": 50261, ""3"": 11420, ""4"": 3855}",Overture Maps,17,EPSG:4326,"max_class_share=0.77,fg_share=1.00"
moscow_suburb_small_17_79320_40859,moscow_suburb_small,17,79320,40859,images/tiles/moscow_suburb_small_17_79320_40859.png,masks/tiles/moscow_suburb_small_17_79320_40859.png,1.0,"{""2"": 57021, ""3"": 4648, ""4"": 3867}",Overture Maps,17,EPSG:4326,"max_class_share=0.87,fg_share=1.00"
moscow_suburb_small_17_79294_40860,moscow_suburb_small,17,79294,40860,images/tiles/moscow_suburb_small_17_79294_40860.png,masks/tiles/moscow_suburb_small_17_79294_40860.png,1.0,"{""2"": 51872, ""3"": 7493, ""4"": 6171}",Overture Maps,17,EPSG:4326,"max_class_share=0.79,fg_share=1.00"
moscow_suburb_small_17_79295_40860,moscow_suburb_small,17,79295,40860,images/tiles/moscow_suburb_small_17_79295_40860.png,masks/tiles/moscow_suburb_small_17_79295_40860.png,1.0,"{""2"": 44359, ""3"": 14272, ""4"": 6905}",Overture Maps,17,EPSG:4326,"max_class_share=0.68,fg_share=1.00"
moscow_suburb_small_17_79296_40860,moscow_suburb_small,17,79296,40860,images/tiles/moscow_suburb_small_17_79296_40860.png,masks/tiles/moscow_suburb_small_17_79296_40860.png,1.0,"{""2"": 45320, ""3"": 12109, ""4"": 8107}",Overture Maps,17,EPSG:4326,"max_class_share=0.69,fg_share=1.00"
moscow_suburb_small_17_79297_40860,moscow_suburb_small,17,79297,40860,images/tiles/moscow_suburb_small_17_79297_40860.png,masks/tiles/moscow_suburb_small_17_79297_40860.png,1.0,"{""2"": 43596, ""3"": 12459, ""4"": 9481}",Overture Maps,17,EPSG:4326,"max_class_share=0.67,fg_share=1.00"
moscow_suburb_small_17_79298_40860,moscow_suburb_small,17,79298,40860,images/tiles/moscow_suburb_small_17_79298_40860.png,masks/tiles/moscow_suburb_small_17_79298_40860.png,1.0,"{""2"": 39850, ""3"": 17252, ""4"": 8434}",Overture Maps,17,EPSG:4326,"max_class_share=0.61,fg_share=1.00"
moscow_suburb_small_17_79299_40860,moscow_suburb_small,17,79299,40860,images/tiles/moscow_suburb_small_17_79299_40860.png,masks/tiles/moscow_suburb_small_17_79299_40860.png,1.0,"{""2"": 43531, ""3"": 2225, ""4"": 19780}",Overture Maps,17,EPSG:4326,"max_class_share=0.66,fg_share=1.00"
moscow_suburb_small_17_79300_40860,moscow_suburb_small,17,79300,40860,images/tiles/moscow_suburb_small_17_79300_40860.png,masks/tiles/moscow_suburb_small_17_79300_40860.png,1.0,"{""2"": 44763, ""3"": 15671, ""4"": 5102}",Overture Maps,17,EPSG:4326,"max_class_share=0.68,fg_share=1.00"
moscow_suburb_small_17_79301_40860,moscow_suburb_small,17,79301,40860,images/tiles/moscow_suburb_small_17_79301_40860.png,masks/tiles/moscow_suburb_small_17_79301_40860.png,1.0,"{""2"": 28404, ""3"": 31353, ""4"": 5779}",Overture Maps,17,EPSG:4326,"max_class_share=0.48,fg_share=1.00"
moscow_suburb_small_17_79302_40860,moscow_suburb_small,17,79302,40860,images/tiles/moscow_suburb_small_17_79302_40860.png,masks/tiles/moscow_suburb_small_17_79302_40860.png,1.0,"{""2"": 38781, ""3"": 23876, ""4"": 2879}",Overture Maps,17,EPSG:4326,"max_class_share=0.59,fg_share=1.00"
moscow_suburb_small_17_79303_40860,moscow_suburb_small,17,79303,40860,images/tiles/moscow_suburb_small_17_79303_40860.png,masks/tiles/moscow_suburb_small_17_79303_40860.png,1.0,"{""2"": 42522, ""3"": 20198, ""4"": 2816}",Overture Maps,17,EPSG:4326,"max_class_share=0.65,fg_share=1.00"
moscow_suburb_small_17_79304_40860,moscow_suburb_small,17,79304,40860,images/tiles/moscow_suburb_small_17_79304_40860.png,masks/tiles/moscow_suburb_small_17_79304_40860.png,1.0,"{""2"": 43198, ""3"": 14594, ""4"": 7744}",Overture Maps,17,EPSG:4326,"max_class_share=0.66,fg_share=1.00"
moscow_suburb_small_17_79305_40860,moscow_suburb_small,17,79305,40860,images/tiles/moscow_suburb_small_17_79305_40860.png,masks/tiles/moscow_suburb_small_17_79305_40860.png,1.0,"{""2"": 41675, ""3"": 16946, ""4"": 6915}",Overture Maps,17,EPSG:4326,"max_class_share=0.64,fg_share=1.00"
moscow_suburb_small_17_79306_40860,moscow_suburb_small,17,79306,40860,images/tiles/moscow_suburb_small_17_79306_40860.png,masks/tiles/moscow_suburb_small_17_79306_40860.png,1.0,"{""2"": 53044, ""3"": 10891, ""4"": 1601}",Overture Maps,17,EPSG:4326,"max_class_share=0.81,fg_share=1.00"
moscow_suburb_small_17_79307_40860,moscow_suburb_small,17,79307,40860,images/tiles/moscow_suburb_small_17_79307_40860.png,masks/tiles/moscow_suburb_small_17_79307_40860.png,1.0,"{""1"": 445, ""2"": 55502, ""3"": 4146, ""4"": 5443}",Overture Maps,17,EPSG:4326,"max_class_share=0.85,fg_share=1.00"
moscow_suburb_small_17_79308_40860,moscow_suburb_small,17,79308,40860,images/tiles/moscow_suburb_small_17_79308_40860.png,masks/tiles/moscow_suburb_small_17_79308_40860.png,1.0,"{""2"": 45085, ""3"": 16906, ""4"": 3545}",Overture Maps,17,EPSG:4326,"max_class_share=0.69,fg_share=1.00"
moscow_suburb_small_17_79309_40860,moscow_suburb_small,17,79309,40860,images/tiles/moscow_suburb_small_17_79309_40860.png,masks/tiles/moscow_suburb_small_17_79309_40860.png,1.0,"{""2"": 35656, ""3"": 23052, ""4"": 6828}",Overture Maps,17,EPSG:4326,"max_class_share=0.54,fg_share=1.00"
moscow_suburb_small_17_79310_40860,moscow_suburb_small,17,79310,40860,images/tiles/moscow_suburb_small_17_79310_40860.png,masks/tiles/moscow_suburb_small_17_79310_40860.png,1.0,"{""2"": 41196, ""3"": 18167, ""4"": 6173}",Overture Maps,17,EPSG:4326,"max_class_share=0.63,fg_share=1.00"
moscow_suburb_small_17_79311_40860,moscow_suburb_small,17,79311,40860,images/tiles/moscow_suburb_small_17_79311_40860.png,masks/tiles/moscow_suburb_small_17_79311_40860.png,1.0,"{""2"": 47605, ""3"": 9725, ""4"": 8206}",Overture Maps,17,EPSG:4326,"max_class_share=0.73,fg_share=1.00"
moscow_suburb_small_17_79312_40860,moscow_suburb_small,17,79312,40860,images/tiles/moscow_suburb_small_17_79312_40860.png,masks/tiles/moscow_suburb_small_17_79312_40860.png,1.0,"{""2"": 53886, ""3"": 5359, ""4"": 6291}",Overture Maps,17,EPSG:4326,"max_class_share=0.82,fg_share=1.00"
moscow_suburb_small_17_79313_40860,moscow_suburb_small,17,79313,40860,images/tiles/moscow_suburb_small_17_79313_40860.png,masks/tiles/moscow_suburb_small_17_79313_40860.png,1.0,"{""2"": 46566, ""3"": 11554, ""4"": 7416}",Overture Maps,17,EPSG:4326,"max_class_share=0.71,fg_share=1.00"
moscow_suburb_small_17_79314_40860,moscow_suburb_small,17,79314,40860,images/tiles/moscow_suburb_small_17_79314_40860.png,masks/tiles/moscow_suburb_small_17_79314_40860.png,1.0,"{""2"": 40682, ""3"": 15390, ""4"": 9464}",Overture Maps,17,EPSG:4326,"max_class_share=0.62,fg_share=1.00"
moscow_suburb_small_17_79315_40860,moscow_suburb_small,17,79315,40860,images/tiles/moscow_suburb_small_17_79315_40860.png,masks/tiles/moscow_suburb_small_17_79315_40860.png,1.0,"{""2"": 55914, ""3"": 4333, ""4"": 5289}",Overture Maps,17,EPSG:4326,"max_class_share=0.85,fg_share=1.00"
moscow_suburb_small_17_79316_40860,moscow_suburb_small,17,79316,40860,images/tiles/moscow_suburb_small_17_79316_40860.png,masks/tiles/moscow_suburb_small_17_79316_40860.png,1.0,"{""2"": 49568, ""3"": 9007, ""4"": 6961}",Overture Maps,17,EPSG:4326,"max_class_share=0.76,fg_share=1.00"
moscow_suburb_small_17_79317_40860,moscow_suburb_small,17,79317,40860,images/tiles/moscow_suburb_small_17_79317_40860.png,masks/tiles/moscow_suburb_small_17_79317_40860.png,1.0,"{""2"": 36555, ""3"": 16642, ""4"": 12339}",Overture Maps,17,EPSG:4326,"max_class_share=0.56,fg_share=1.00"
moscow_suburb_small_17_79318_40860,moscow_suburb_small,17,79318,40860,images/tiles/moscow_suburb_small_17_79318_40860.png,masks/tiles/moscow_suburb_small_17_79318_40860.png,1.0,"{""2"": 40086, ""3"": 17034, ""4"": 8416}",Overture Maps,17,EPSG:4326,"max_class_share=0.61,fg_share=1.00"
moscow_suburb_small_17_79319_40860,moscow_suburb_small,17,79319,40860,images/tiles/moscow_suburb_small_17_79319_40860.png,masks/tiles/moscow_suburb_small_17_79319_40860.png,1.0,"{""2"": 41975, ""3"": 15222, ""4"": 8339}",Overture Maps,17,EPSG:4326,"max_class_share=0.64,fg_share=1.00"
moscow_suburb_small_17_79320_40860,moscow_suburb_small,17,79320,40860,images/tiles/moscow_suburb_small_17_79320_40860.png,masks/tiles/moscow_suburb_small_17_79320_40860.png,1.0,"{""2"": 54448, ""3"": 2634, ""4"": 8454}",Overture Maps,17,EPSG:4326,"max_class_share=0.83,fg_share=1.00"
moscow_suburb_small_17_79294_40861,moscow_suburb_small,17,79294,40861,images/tiles/moscow_suburb_small_17_79294_40861.png,masks/tiles/moscow_suburb_small_17_79294_40861.png,1.0,"{""2"": 61149, ""3"": 290, ""4"": 4097}",Overture Maps,17,EPSG:4326,"max_class_share=0.93,fg_share=1.00"
moscow_suburb_small_17_79295_40861,moscow_suburb_small,17,79295,40861,images/tiles/moscow_suburb_small_17_79295_40861.png,masks/tiles/moscow_suburb_small_17_79295_40861.png,1.0,"{""2"": 55447, ""3"": 6102, ""4"": 3987}",Overture Maps,17,EPSG:4326,"max_class_share=0.85,fg_share=1.00"
moscow_suburb_small_17_79296_40861,moscow_suburb_small,17,79296,40861,images/tiles/moscow_suburb_small_17_79296_40861.png,masks/tiles/moscow_suburb_small_17_79296_40861.png,1.0,"{""2"": 46428, ""3"": 12817, ""4"": 6291}",Overture Maps,17,EPSG:4326,"max_class_share=0.71,fg_share=1.00"
moscow_suburb_small_17_79297_40861,moscow_suburb_small,17,79297,40861,images/tiles/moscow_suburb_small_17_79297_40861.png,masks/tiles/moscow_suburb_small_17_79297_40861.png,1.0,"{""2"": 46556, ""3"": 12949, ""4"": 6031}",Overture Maps,17,EPSG:4326,"max_class_share=0.71,fg_share=1.00"
moscow_suburb_small_17_79298_40861,moscow_suburb_small,17,79298,40861,images/tiles/moscow_suburb_small_17_79298_40861.png,masks/tiles/moscow_suburb_small_17_79298_40861.png,1.0,"{""2"": 42163, ""3"": 14344, ""4"": 9029}",Overture Maps,17,EPSG:4326,"max_class_share=0.64,fg_share=1.00"
moscow_suburb_small_17_79299_40861,moscow_suburb_small,17,79299,40861,images/tiles/moscow_suburb_small_17_79299_40861.png,masks/tiles/moscow_suburb_small_17_79299_40861.png,1.0,"{""2"": 40923, ""3"": 6107, ""4"": 18506}",Overture Maps,17,EPSG:4326,"max_class_share=0.62,fg_share=1.00"
moscow_suburb_small_17_79300_40861,moscow_suburb_small,17,79300,40861,images/tiles/moscow_suburb_small_17_79300_40861.png,masks/tiles/moscow_suburb_small_17_79300_40861.png,1.0,"{""2"": 34988, ""3"": 28793, ""4"": 1755}",Overture Maps,17,EPSG:4326,"max_class_share=0.53,fg_share=1.00"
moscow_suburb_small_17_79301_40861,moscow_suburb_small,17,79301,40861,images/tiles/moscow_suburb_small_17_79301_40861.png,masks/tiles/moscow_suburb_small_17_79301_40861.png,1.0,"{""2"": 22248, ""3"": 40979, ""4"": 2309}",Overture Maps,17,EPSG:4326,"max_class_share=0.63,fg_share=1.00"
moscow_suburb_small_17_79302_40861,moscow_suburb_small,17,79302,40861,images/tiles/moscow_suburb_small_17_79302_40861.png,masks/tiles/moscow_suburb_small_17_79302_40861.png,1.0,"{""2"": 19326, ""3"": 43888, ""4"": 2322}",Overture Maps,17,EPSG:4326,"max_class_share=0.67,fg_share=1.00"
moscow_suburb_small_17_79303_40861,moscow_suburb_small,17,79303,40861,images/tiles/moscow_suburb_small_17_79303_40861.png,masks/tiles/moscow_suburb_small_17_79303_40861.png,1.0,"{""2"": 34308, ""3"": 25031, ""4"": 6197}",Overture Maps,17,EPSG:4326,"max_class_share=0.52,fg_share=1.00"
moscow_suburb_small_17_79304_40861,moscow_suburb_small,17,79304,40861,images/tiles/moscow_suburb_small_17_79304_40861.png,masks/tiles/moscow_suburb_small_17_79304_40861.png,1.0,"{""2"": 42069, ""3"": 14218, ""4"": 9249}",Overture Maps,17,EPSG:4326,"max_class_share=0.64,fg_share=1.00"
moscow_suburb_small_17_79305_40861,moscow_suburb_small,17,79305,40861,images/tiles/moscow_suburb_small_17_79305_40861.png,masks/tiles/moscow_suburb_small_17_79305_40861.png,1.0,"{""2"": 45043, ""3"": 16093, ""4"": 4400}",Overture Maps,17,EPSG:4326,"max_class_share=0.69,fg_share=1.00"
moscow_suburb_small_17_79306_40861,moscow_suburb_small,17,79306,40861,images/tiles/moscow_suburb_small_17_79306_40861.png,masks/tiles/moscow_suburb_small_17_79306_40861.png,1.0,"{""2"": 50411, ""3"": 11100, ""4"": 4025}",Overture Maps,17,EPSG:4326,"max_class_share=0.77,fg_share=1.00"
moscow_suburb_small_17_79307_40861,moscow_suburb_small,17,79307,40861,images/tiles/moscow_suburb_small_17_79307_40861.png,masks/tiles/moscow_suburb_small_17_79307_40861.png,1.0,"{""1"": 293, ""2"": 45108, ""3"": 12348, ""4"": 7787}",Overture Maps,17,EPSG:4326,"max_class_share=0.69,fg_share=1.00"
moscow_suburb_small_17_79308_40861,moscow_suburb_small,17,79308,40861,images/tiles/moscow_suburb_small_17_79308_40861.png,masks/tiles/moscow_suburb_small_17_79308_40861.png,1.0,"{""1"": 213, ""2"": 61653, ""3"": 392, ""4"": 3278}",Overture Maps,17,EPSG:4326,"max_class_share=0.94,fg_share=1.00"
moscow_suburb_small_17_79309_40861,moscow_suburb_small,17,79309,40861,images/tiles/moscow_suburb_small_17_79309_40861.png,masks/tiles/moscow_suburb_small_17_79309_40861.png,1.0,"{""2"": 46070, ""3"": 13836, ""4"": 5630}",Overture Maps,17,EPSG:4326,"max_class_share=0.70,fg_share=1.00"
moscow_suburb_small_17_79310_40861,moscow_suburb_small,17,79310,40861,images/tiles/moscow_suburb_small_17_79310_40861.png,masks/tiles/moscow_suburb_small_17_79310_40861.png,1.0,"{""2"": 54558, ""3"": 5652, ""4"": 5326}",Overture Maps,17,EPSG:4326,"max_class_share=0.83,fg_share=1.00"
moscow_suburb_small_17_79311_40861,moscow_suburb_small,17,79311,40861,images/tiles/moscow_suburb_small_17_79311_40861.png,masks/tiles/moscow_suburb_small_17_79311_40861.png,1.0,"{""2"": 57108, ""3"": 5836, ""4"": 2592}",Overture Maps,17,EPSG:4326,"max_class_share=0.87,fg_share=1.00"
moscow_suburb_small_17_79312_40861,moscow_suburb_small,17,79312,40861,images/tiles/moscow_suburb_small_17_79312_40861.png,masks/tiles/moscow_suburb_small_17_79312_40861.png,1.0,"{""2"": 52387, ""3"": 12697, ""4"": 452}",Overture Maps,17,EPSG:4326,"max_class_share=0.80,fg_share=1.00"
moscow_suburb_small_17_79313_40861,moscow_suburb_small,17,79313,40861,images/tiles/moscow_suburb_small_17_79313_40861.png,masks/tiles/moscow_suburb_small_17_79313_40861.png,1.0,"{""2"": 53086, ""3"": 9955, ""4"": 2495}",Overture Maps,17,EPSG:4326,"max_class_share=0.81,fg_share=1.00"
moscow_suburb_small_17_79314_40861,moscow_suburb_small,17,79314,40861,images/tiles/moscow_suburb_small_17_79314_40861.png,masks/tiles/moscow_suburb_small_17_79314_40861.png,1.0,"{""2"": 39399, ""3"": 22316, ""4"": 3821}",Overture Maps,17,EPSG:4326,"max_class_share=0.60,fg_share=1.00"
moscow_suburb_small_17_79315_40861,moscow_suburb_small,17,79315,40861,images/tiles/moscow_suburb_small_17_79315_40861.png,masks/tiles/moscow_suburb_small_17_79315_40861.png,1.0,"{""2"": 41741, ""3"": 16255, ""4"": 7540}",Overture Maps,17,EPSG:4326,"max_class_share=0.64,fg_share=1.00"
moscow_suburb_small_17_79316_40861,moscow_suburb_small,17,79316,40861,images/tiles/moscow_suburb_small_17_79316_40861.png,masks/tiles/moscow_suburb_small_17_79316_40861.png,1.0,"{""2"": 49381, ""3"": 10159, ""4"": 5996}",Overture Maps,17,EPSG:4326,"max_class_share=0.75,fg_share=1.00"
moscow_suburb_small_17_79317_40861,moscow_suburb_small,17,79317,40861,images/tiles/moscow_suburb_small_17_79317_40861.png,masks/tiles/moscow_suburb_small_17_79317_40861.png,1.0,"{""2"": 36844, ""3"": 17551, ""4"": 11141}",Overture Maps,17,EPSG:4326,"max_class_share=0.56,fg_share=1.00"
moscow_suburb_small_17_79318_40861,moscow_suburb_small,17,79318,40861,images/tiles/moscow_suburb_small_17_79318_40861.png,masks/tiles/moscow_suburb_small_17_79318_40861.png,1.0,"{""2"": 48200, ""3"": 12822, ""4"": 4514}",Overture Maps,17,EPSG:4326,"max_class_share=0.74,fg_share=1.00"
moscow_suburb_small_17_79319_40861,moscow_suburb_small,17,79319,40861,images/tiles/moscow_suburb_small_17_79319_40861.png,masks/tiles/moscow_suburb_small_17_79319_40861.png,1.0,"{""2"": 37282, ""3"": 15941, ""4"": 12313}",Overture Maps,17,EPSG:4326,"max_class_share=0.57,fg_share=1.00"
moscow_suburb_small_17_79320_40861,moscow_suburb_small,17,79320,40861,images/tiles/moscow_suburb_small_17_79320_40861.png,masks/tiles/moscow_suburb_small_17_79320_40861.png,1.0,"{""2"": 55210, ""3"": 4798, ""4"": 5528}",Overture Maps,17,EPSG:4326,"max_class_share=0.84,fg_share=1.00"
moscow_suburb_small_17_79294_40862,moscow_suburb_small,17,79294,40862,images/tiles/moscow_suburb_small_17_79294_40862.png,masks/tiles/moscow_suburb_small_17_79294_40862.png,1.0,"{""2"": 57946, ""3"": 5410, ""4"": 2180}",Overture Maps,17,EPSG:4326,"max_class_share=0.88,fg_share=1.00"
moscow_suburb_small_17_79295_40862,moscow_suburb_small,17,79295,40862,images/tiles/moscow_suburb_small_17_79295_40862.png,masks/tiles/moscow_suburb_small_17_79295_40862.png,1.0,"{""2"": 43664, ""3"": 21670, ""4"": 202}",Overture Maps,17,EPSG:4326,"max_class_share=0.67,fg_share=1.00"
moscow_suburb_small_17_79296_40862,moscow_suburb_small,17,79296,40862,images/tiles/moscow_suburb_small_17_79296_40862.png,masks/tiles/moscow_suburb_small_17_79296_40862.png,1.0,"{""2"": 47602, ""3"": 14057, ""4"": 3877}",Overture Maps,17,EPSG:4326,"max_class_share=0.73,fg_share=1.00"
moscow_suburb_small_17_79297_40862,moscow_suburb_small,17,79297,40862,images/tiles/moscow_suburb_small_17_79297_40862.png,masks/tiles/moscow_suburb_small_17_79297_40862.png,1.0,"{""2"": 40085, ""3"": 17112, ""4"": 8339}",Overture Maps,17,EPSG:4326,"max_class_share=0.61,fg_share=1.00"
moscow_suburb_small_17_79298_40862,moscow_suburb_small,17,79298,40862,images/tiles/moscow_suburb_small_17_79298_40862.png,masks/tiles/moscow_suburb_small_17_79298_40862.png,1.0,"{""2"": 37498, ""3"": 11251, ""4"": 16787}",Overture Maps,17,EPSG:4326,"max_class_share=0.57,fg_share=1.00"
moscow_suburb_small_17_79299_40862,moscow_suburb_small,17,79299,40862,images/tiles/moscow_suburb_small_17_79299_40862.png,masks/tiles/moscow_suburb_small_17_79299_40862.png,1.0,"{""2"": 57563, ""3"": 3532, ""4"": 4441}",Overture Maps,17,EPSG:4326,"max_class_share=0.88,fg_share=1.00"
moscow_suburb_small_17_79300_40862,moscow_suburb_small,17,79300,40862,images/tiles/moscow_suburb_small_17_79300_40862.png,masks/tiles/moscow_suburb_small_17_79300_40862.png,1.0,"{""2"": 40621, ""3"": 23151, ""4"": 1764}",Overture Maps,17,EPSG:4326,"max_class_share=0.62,fg_share=1.00"
moscow_suburb_small_17_79301_40862,moscow_suburb_small,17,79301,40862,images/tiles/moscow_suburb_small_17_79301_40862.png,masks/tiles/moscow_suburb_small_17_79301_40862.png,1.0,"{""2"": 35779, ""3"": 27541, ""4"": 2216}",Overture Maps,17,EPSG:4326,"max_class_share=0.55,fg_share=1.00"
moscow_suburb_small_17_79302_40862,moscow_suburb_small,17,79302,40862,images/tiles/moscow_suburb_small_17_79302_40862.png,masks/tiles/moscow_suburb_small_17_79302_40862.png,1.0,"{""2"": 43367, ""3"": 17470, ""4"": 4699}",Overture Maps,17,EPSG:4326,"max_class_share=0.66,fg_share=1.00"
moscow_suburb_small_17_79303_40862,moscow_suburb_small,17,79303,40862,images/tiles/moscow_suburb_small_17_79303_40862.png,masks/tiles/moscow_suburb_small_17_79303_40862.png,1.0,"{""2"": 42221, ""3"": 14853, ""4"": 8462}",Overture Maps,17,EPSG:4326,"max_class_share=0.64,fg_share=1.00"
moscow_suburb_small_17_79304_40862,moscow_suburb_small,17,79304,40862,images/tiles/moscow_suburb_small_17_79304_40862.png,masks/tiles/moscow_suburb_small_17_79304_40862.png,1.0,"{""2"": 39453, ""3"": 16704, ""4"": 9379}",Overture Maps,17,EPSG:4326,"max_class_share=0.60,fg_share=1.00"
moscow_suburb_small_17_79305_40862,moscow_suburb_small,17,79305,40862,images/tiles/moscow_suburb_small_17_79305_40862.png,masks/tiles/moscow_suburb_small_17_79305_40862.png,1.0,"{""2"": 44484, ""3"": 13567, ""4"": 7485}",Overture Maps,17,EPSG:4326,"max_class_share=0.68,fg_share=1.00"
moscow_suburb_small_17_79306_40862,moscow_suburb_small,17,79306,40862,images/tiles/moscow_suburb_small_17_79306_40862.png,masks/tiles/moscow_suburb_small_17_79306_40862.png,1.0,"{""2"": 41021, ""3"": 16416, ""4"": 8099}",Overture Maps,17,EPSG:4326,"max_class_share=0.63,fg_share=1.00"
moscow_suburb_small_17_79307_40862,moscow_suburb_small,17,79307,40862,images/tiles/moscow_suburb_small_17_79307_40862.png,masks/tiles/moscow_suburb_small_17_79307_40862.png,1.0,"{""2"": 47699, ""3"": 11451, ""4"": 6386}",Overture Maps,17,EPSG:4326,"max_class_share=0.73,fg_share=1.00"
moscow_suburb_small_17_79308_40862,moscow_suburb_small,17,79308,40862,images/tiles/moscow_suburb_small_17_79308_40862.png,masks/tiles/moscow_suburb_small_17_79308_40862.png,1.0,"{""1"": 550, ""2"": 61936, ""3"": 117, ""4"": 2933}",Overture Maps,17,EPSG:4326,"max_class_share=0.95,fg_share=1.00"
moscow_suburb_small_17_79311_40862,moscow_suburb_small,17,79311,40862,images/tiles/moscow_suburb_small_17_79311_40862.png,masks/tiles/moscow_suburb_small_17_79311_40862.png,1.0,"{""2"": 62019, ""3"": 800, ""4"": 2717}",Overture Maps,17,EPSG:4326,"max_class_share=0.95,fg_share=1.00"
moscow_suburb_small_17_79312_40862,moscow_suburb_small,17,79312,40862,images/tiles/moscow_suburb_small_17_79312_40862.png,masks/tiles/moscow_suburb_small_17_79312_40862.png,1.0,"{""2"": 61498, ""3"": 598, ""4"": 3440}",Overture Maps,17,EPSG:4326,"max_class_share=0.94,fg_share=1.00"
moscow_suburb_small_17_79314_40862,moscow_suburb_small,17,79314,40862,images/tiles/moscow_suburb_small_17_79314_40862.png,masks/tiles/moscow_suburb_small_17_79314_40862.png,1.0,"{""2"": 46471, ""3"": 13256, ""4"": 5809}",Overture Maps,17,EPSG:4326,"max_class_share=0.71,fg_share=1.00"
moscow_suburb_small_17_79315_40862,moscow_suburb_small,17,79315,40862,images/tiles/moscow_suburb_small_17_79315_40862.png,masks/tiles/moscow_suburb_small_17_79315_40862.png,1.0,"{""2"": 48075, ""3"": 8262, ""4"": 9199}",Overture Maps,17,EPSG:4326,"max_class_share=0.73,fg_share=1.00"
moscow_suburb_small_17_79316_40862,moscow_suburb_small,17,79316,40862,images/tiles/moscow_suburb_small_17_79316_40862.png,masks/tiles/moscow_suburb_small_17_79316_40862.png,1.0,"{""2"": 49092, ""3"": 8705, ""4"": 7739}",Overture Maps,17,EPSG:4326,"max_class_share=0.75,fg_share=1.00"
moscow_suburb_small_17_79317_40862,moscow_suburb_small,17,79317,40862,images/tiles/moscow_suburb_small_17_79317_40862.png,masks/tiles/moscow_suburb_small_17_79317_40862.png,1.0,"{""2"": 40586, ""3"": 15835, ""4"": 9115}",Overture Maps,17,EPSG:4326,"max_class_share=0.62,fg_share=1.00"
moscow_suburb_small_17_79318_40862,moscow_suburb_small,17,79318,40862,images/tiles/moscow_suburb_small_17_79318_40862.png,masks/tiles/moscow_suburb_small_17_79318_40862.png,1.0,"{""2"": 48641, ""3"": 13760, ""4"": 3135}",Overture Maps,17,EPSG:4326,"max_class_share=0.74,fg_share=1.00"
moscow_suburb_small_17_79319_40862,moscow_suburb_small,17,79319,40862,images/tiles/moscow_suburb_small_17_79319_40862.png,masks/tiles/moscow_suburb_small_17_79319_40862.png,1.0,"{""2"": 33544, ""3"": 19631, ""4"": 12361}",Overture Maps,17,EPSG:4326,"max_class_share=0.51,fg_share=1.00"
moscow_suburb_small_17_79320_40862,moscow_suburb_small,17,79320,40862,images/tiles/moscow_suburb_small_17_79320_40862.png,masks/tiles/moscow_suburb_small_17_79320_40862.png,1.0,"{""2"": 49251, ""3"": 11541, ""4"": 4744}",Overture Maps,17,EPSG:4326,"max_class_share=0.75,fg_share=1.00"
moscow_suburb_small_17_79295_40863,moscow_suburb_small,17,79295,40863,images/tiles/moscow_suburb_small_17_79295_40863.png,masks/tiles/moscow_suburb_small_17_79295_40863.png,1.0,"{""2"": 51406, ""3"": 9909, ""4"": 4221}",Overture Maps,17,EPSG:4326,"max_class_share=0.78,fg_share=1.00"
moscow_suburb_small_17_79296_40863,moscow_suburb_small,17,79296,40863,images/tiles/moscow_suburb_small_17_79296_40863.png,masks/tiles/moscow_suburb_small_17_79296_40863.png,1.0,"{""2"": 50023, ""3"": 12940, ""4"": 2573}",Overture Maps,17,EPSG:4326,"max_class_share=0.76,fg_share=1.00"
moscow_suburb_small_17_79297_40863,moscow_suburb_small,17,79297,40863,images/tiles/moscow_suburb_small_17_79297_40863.png,masks/tiles/moscow_suburb_small_17_79297_40863.png,1.0,"{""2"": 49771, ""3"": 10891, ""4"": 4874}",Overture Maps,17,EPSG:4326,"max_class_share=0.76,fg_share=1.00"
moscow_suburb_small_17_79298_40863,moscow_suburb_small,17,79298,40863,images/tiles/moscow_suburb_small_17_79298_40863.png,masks/tiles/moscow_suburb_small_17_79298_40863.png,1.0,"{""2"": 44446, ""3"": 4608, ""4"": 16482}",Overture Maps,17,EPSG:4326,"max_class_share=0.68,fg_share=1.00"
moscow_suburb_small_17_79299_40863,moscow_suburb_small,17,79299,40863,images/tiles/moscow_suburb_small_17_79299_40863.png,masks/tiles/moscow_suburb_small_17_79299_40863.png,1.0,"{""2"": 53898, ""3"": 9226, ""4"": 2412}",Overture Maps,17,EPSG:4326,"max_class_share=0.82,fg_share=1.00"
moscow_suburb_small_17_79300_40863,moscow_suburb_small,17,79300,40863,images/tiles/moscow_suburb_small_17_79300_40863.png,masks/tiles/moscow_suburb_small_17_79300_40863.png,1.0,"{""2"": 57440, ""3"": 7100, ""4"": 996}",Overture Maps,17,EPSG:4326,"max_class_share=0.88,fg_share=1.00"
moscow_suburb_small_17_79301_40863,moscow_suburb_small,17,79301,40863,images/tiles/moscow_suburb_small_17_79301_40863.png,masks/tiles/moscow_suburb_small_17_79301_40863.png,1.0,"{""2"": 50214, ""3"": 14682, ""4"": 640}",Overture Maps,17,EPSG:4326,"max_class_share=0.77,fg_share=1.00"
moscow_suburb_small_17_79302_40863,moscow_suburb_small,17,79302,40863,images/tiles/moscow_suburb_small_17_79302_40863.png,masks/tiles/moscow_suburb_small_17_79302_40863.png,1.0,"{""2"": 61030, ""3"": 3347, ""4"": 1159}",Overture Maps,17,EPSG:4326,"max_class_share=0.93,fg_share=1.00"
moscow_suburb_small_17_79303_40863,moscow_suburb_small,17,79303,40863,images/tiles/moscow_suburb_small_17_79303_40863.png,masks/tiles/moscow_suburb_small_17_79303_40863.png,1.0,"{""2"": 56991, ""3"": 6656, ""4"": 1889}",Overture Maps,17,EPSG:4326,"max_class_share=0.87,fg_share=1.00"
moscow_suburb_small_17_79304_40863,moscow_suburb_small,17,79304,40863,images/tiles/moscow_suburb_small_17_79304_40863.png,masks/tiles/moscow_suburb_small_17_79304_40863.png,1.0,"{""2"": 41287, ""3"": 18066, ""4"": 6183}",Overture Maps,17,EPSG:4326,"max_class_share=0.63,fg_share=1.00"
moscow_suburb_small_17_79305_40863,moscow_suburb_small,17,79305,40863,images/tiles/moscow_suburb_small_17_79305_40863.png,masks/tiles/moscow_suburb_small_17_79305_40863.png,1.0,"{""2"": 49662, ""3"": 11469, ""4"": 4405}",Overture Maps,17,EPSG:4326,"max_class_share=0.76,fg_share=1.00"
moscow_suburb_small_17_79306_40863,moscow_suburb_small,17,79306,40863,images/tiles/moscow_suburb_small_17_79306_40863.png,masks/tiles/moscow_suburb_small_17_79306_40863.png,1.0,"{""2"": 31397, ""3"": 30239, ""4"": 3900}",Overture Maps,17,EPSG:4326,"max_class_share=0.48,fg_share=1.00"
moscow_suburb_small_17_79307_40863,moscow_suburb_small,17,79307,40863,images/tiles/moscow_suburb_small_17_79307_40863.png,masks/tiles/moscow_suburb_small_17_79307_40863.png,1.0,"{""2"": 38450, ""3"": 22805, ""4"": 4281}",Overture Maps,17,EPSG:4326,"max_class_share=0.59,fg_share=1.00"
moscow_suburb_small_17_79308_40863,moscow_suburb_small,17,79308,40863,images/tiles/moscow_suburb_small_17_79308_40863.png,masks/tiles/moscow_suburb_small_17_79308_40863.png,1.0,"{""1"": 550, ""2"": 51673, ""3"": 11814, ""4"": 1499}",Overture Maps,17,EPSG:4326,"max_class_share=0.79,fg_share=1.00"
moscow_suburb_small_17_79309_40863,moscow_suburb_small,17,79309,40863,images/tiles/moscow_suburb_small_17_79309_40863.png,masks/tiles/moscow_suburb_small_17_79309_40863.png,1.0,"{""2"": 54274, ""3"": 6799, ""4"": 4463}",Overture Maps,17,EPSG:4326,"max_class_share=0.83,fg_share=1.00"
moscow_suburb_small_17_79310_40863,moscow_suburb_small,17,79310,40863,images/tiles/moscow_suburb_small_17_79310_40863.png,masks/tiles/moscow_suburb_small_17_79310_40863.png,1.0,"{""2"": 47946, ""3"": 15063, ""4"": 2527}",Overture Maps,17,EPSG:4326,"max_class_share=0.73,fg_share=1.00"
moscow_suburb_small_17_79311_40863,moscow_suburb_small,17,79311,40863,images/tiles/moscow_suburb_small_17_79311_40863.png,masks/tiles/moscow_suburb_small_17_79311_40863.png,1.0,"{""2"": 49698, ""3"": 14311, ""4"": 1527}",Overture Maps,17,EPSG:4326,"max_class_share=0.76,fg_share=1.00"
moscow_suburb_small_17_79312_40863,moscow_suburb_small,17,79312,40863,images/tiles/moscow_suburb_small_17_79312_40863.png,masks/tiles/moscow_suburb_small_17_79312_40863.png,1.0,"{""2"": 57390, ""3"": 6222, ""4"": 1924}",Overture Maps,17,EPSG:4326,"max_class_share=0.88,fg_share=1.00"
moscow_suburb_small_17_79313_40863,moscow_suburb_small,17,79313,40863,images/tiles/moscow_suburb_small_17_79313_40863.png,masks/tiles/moscow_suburb_small_17_79313_40863.png,1.0,"{""2"": 56592, ""3"": 6062, ""4"": 2882}",Overture Maps,17,EPSG:4326,"max_class_share=0.86,fg_share=1.00"
moscow_suburb_small_17_79314_40863,moscow_suburb_small,17,79314,40863,images/tiles/moscow_suburb_small_17_79314_40863.png,masks/tiles/moscow_suburb_small_17_79314_40863.png,1.0,"{""2"": 41130, ""3"": 21057, ""4"": 3349}",Overture Maps,17,EPSG:4326,"max_class_share=0.63,fg_share=1.00"
moscow_suburb_small_17_79315_40863,moscow_suburb_small,17,79315,40863,images/tiles/moscow_suburb_small_17_79315_40863.png,masks/tiles/moscow_suburb_small_17_79315_40863.png,1.0,"{""2"": 52414, ""3"": 9471, ""4"": 3651}",Overture Maps,17,EPSG:4326,"max_class_share=0.80,fg_share=1.00"
moscow_suburb_small_17_79316_40863,moscow_suburb_small,17,79316,40863,images/tiles/moscow_suburb_small_17_79316_40863.png,masks/tiles/moscow_suburb_small_17_79316_40863.png,1.0,"{""2"": 50442, ""3"": 11033, ""4"": 4061}",Overture Maps,17,EPSG:4326,"max_class_share=0.77,fg_share=1.00"
moscow_suburb_small_17_79317_40863,moscow_suburb_small,17,79317,40863,images/tiles/moscow_suburb_small_17_79317_40863.png,masks/tiles/moscow_suburb_small_17_79317_40863.png,1.0,"{""2"": 51569, ""3"": 8577, ""4"": 5390}",Overture Maps,17,EPSG:4326,"max_class_share=0.79,fg_share=1.00"
moscow_suburb_small_17_79318_40863,moscow_suburb_small,17,79318,40863,images/tiles/moscow_suburb_small_17_79318_40863.png,masks/tiles/moscow_suburb_small_17_79318_40863.png,1.0,"{""2"": 45876, ""3"": 14610, ""4"": 5050}",Overture Maps,17,EPSG:4326,"max_class_share=0.70,fg_share=1.00"
moscow_suburb_small_17_79319_40863,moscow_suburb_small,17,79319,40863,images/tiles/moscow_suburb_small_17_79319_40863.png,masks/tiles/moscow_suburb_small_17_79319_40863.png,1.0,"{""2"": 41589, ""3"": 11912, ""4"": 12035}",Overture Maps,17,EPSG:4326,"max_class_share=0.63,fg_share=1.00"
moscow_suburb_small_17_79320_40863,moscow_suburb_small,17,79320,40863,images/tiles/moscow_suburb_small_17_79320_40863.png,masks/tiles/moscow_suburb_small_17_79320_40863.png,1.0,"{""2"": 57734, ""3"": 4774, ""4"": 3028}",Overture Maps,17,EPSG:4326,"max_class_share=0.88,fg_share=1.00"
moscow_suburb_small_17_79295_40864,moscow_suburb_small,17,79295,40864,images/tiles/moscow_suburb_small_17_79295_40864.png,masks/tiles/moscow_suburb_small_17_79295_40864.png,1.0,"{""2"": 39684, ""3"": 20717, ""4"": 5135}",Overture Maps,17,EPSG:4326,"max_class_share=0.61,fg_share=1.00"
moscow_suburb_small_17_79296_40864,moscow_suburb_small,17,79296,40864,images/tiles/moscow_suburb_small_17_79296_40864.png,masks/tiles/moscow_suburb_small_17_79296_40864.png,1.0,"{""2"": 29596, ""3"": 35940}",Overture Maps,17,EPSG:4326,"max_class_share=0.55,fg_share=1.00"
moscow_suburb_small_17_79297_40864,moscow_suburb_small,17,79297,40864,images/tiles/moscow_suburb_small_17_79297_40864.png,masks/tiles/moscow_suburb_small_17_79297_40864.png,1.0,"{""2"": 38118, ""3"": 17970, ""4"": 9448}",Overture Maps,17,EPSG:4326,"max_class_share=0.58,fg_share=1.00"
moscow_suburb_small_17_79298_40864,moscow_suburb_small,17,79298,40864,images/tiles/moscow_suburb_small_17_79298_40864.png,masks/tiles/moscow_suburb_small_17_79298_40864.png,1.0,"{""2"": 23836, ""3"": 32949, ""4"": 8751}",Overture Maps,17,EPSG:4326,"max_class_share=0.50,fg_share=1.00"
moscow_suburb_small_17_79299_40864,moscow_suburb_small,17,79299,40864,images/tiles/moscow_suburb_small_17_79299_40864.png,masks/tiles/moscow_suburb_small_17_79299_40864.png,1.0,"{""2"": 15290, ""3"": 50184, ""4"": 62}",Overture Maps,17,EPSG:4326,"max_class_share=0.77,fg_share=1.00"
moscow_suburb_small_17_79300_40864,moscow_suburb_small,17,79300,40864,images/tiles/moscow_suburb_small_17_79300_40864.png,masks/tiles/moscow_suburb_small_17_79300_40864.png,1.0,"{""2"": 52057, ""3"": 13479}",Overture Maps,17,EPSG:4326,"max_class_share=0.79,fg_share=1.00"
moscow_suburb_small_17_79301_40864,moscow_suburb_small,17,79301,40864,images/tiles/moscow_suburb_small_17_79301_40864.png,masks/tiles/moscow_suburb_small_17_79301_40864.png,1.0,"{""2"": 44602, ""3"": 18022, ""4"": 2912}",Overture Maps,17,EPSG:4326,"max_class_share=0.68,fg_share=1.00"
moscow_suburb_small_17_79302_40864,moscow_suburb_small,17,79302,40864,images/tiles/moscow_suburb_small_17_79302_40864.png,masks/tiles/moscow_suburb_small_17_79302_40864.png,1.0,"{""2"": 45713, ""3"": 14126, ""4"": 5697}",Overture Maps,17,EPSG:4326,"max_class_share=0.70,fg_share=1.00"
moscow_suburb_small_17_79303_40864,moscow_suburb_small,17,79303,40864,images/tiles/moscow_suburb_small_17_79303_40864.png,masks/tiles/moscow_suburb_small_17_79303_40864.png,1.0,"{""2"": 34718, ""3"": 18074, ""4"": 12744}",Overture Maps,17,EPSG:4326,"max_class_share=0.53,fg_share=1.00"
moscow_suburb_small_17_79304_40864,moscow_suburb_small,17,79304,40864,images/tiles/moscow_suburb_small_17_79304_40864.png,masks/tiles/moscow_suburb_small_17_79304_40864.png,1.0,"{""2"": 39935, ""3"": 18146, ""4"": 7455}",Overture Maps,17,EPSG:4326,"max_class_share=0.61,fg_share=1.00"
moscow_suburb_small_17_79305_40864,moscow_suburb_small,17,79305,40864,images/tiles/moscow_suburb_small_17_79305_40864.png,masks/tiles/moscow_suburb_small_17_79305_40864.png,1.0,"{""2"": 38641, ""3"": 18862, ""4"": 8033}",Overture Maps,17,EPSG:4326,"max_class_share=0.59,fg_share=1.00"
moscow_suburb_small_17_79306_40864,moscow_suburb_small,17,79306,40864,images/tiles/moscow_suburb_small_17_79306_40864.png,masks/tiles/moscow_suburb_small_17_79306_40864.png,1.0,"{""2"": 32838, ""3"": 26266, ""4"": 6432}",Overture Maps,17,EPSG:4326,"max_class_share=0.50,fg_share=1.00"
moscow_suburb_small_17_79307_40864,moscow_suburb_small,17,79307,40864,images/tiles/moscow_suburb_small_17_79307_40864.png,masks/tiles/moscow_suburb_small_17_79307_40864.png,1.0,"{""2"": 37239, ""3"": 19479, ""4"": 8818}",Overture Maps,17,EPSG:4326,"max_class_share=0.57,fg_share=1.00"
moscow_suburb_small_17_79308_40864,moscow_suburb_small,17,79308,40864,images/tiles/moscow_suburb_small_17_79308_40864.png,masks/tiles/moscow_suburb_small_17_79308_40864.png,1.0,"{""1"": 162, ""2"": 40754, ""3"": 16832, ""4"": 7788}",Overture Maps,17,EPSG:4326,"max_class_share=0.62,fg_share=1.00"
moscow_suburb_small_17_79309_40864,moscow_suburb_small,17,79309,40864,images/tiles/moscow_suburb_small_17_79309_40864.png,masks/tiles/moscow_suburb_small_17_79309_40864.png,1.0,"{""1"": 337, ""2"": 49951, ""3"": 8851, ""4"": 6397}",Overture Maps,17,EPSG:4326,"max_class_share=0.76,fg_share=1.00"
moscow_suburb_small_17_79310_40864,moscow_suburb_small,17,79310,40864,images/tiles/moscow_suburb_small_17_79310_40864.png,masks/tiles/moscow_suburb_small_17_79310_40864.png,1.0,"{""2"": 48461, ""3"": 14341, ""4"": 2734}",Overture Maps,17,EPSG:4326,"max_class_share=0.74,fg_share=1.00"
moscow_suburb_small_17_79311_40864,moscow_suburb_small,17,79311,40864,images/tiles/moscow_suburb_small_17_79311_40864.png,masks/tiles/moscow_suburb_small_17_79311_40864.png,1.0,"{""2"": 52539, ""3"": 12043, ""4"": 954}",Overture Maps,17,EPSG:4326,"max_class_share=0.80,fg_share=1.00"
moscow_suburb_small_17_79312_40864,moscow_suburb_small,17,79312,40864,images/tiles/moscow_suburb_small_17_79312_40864.png,masks/tiles/moscow_suburb_small_17_79312_40864.png,1.0,"{""2"": 47848, ""3"": 15932, ""4"": 1756}",Overture Maps,17,EPSG:4326,"max_class_share=0.73,fg_share=1.00"
moscow_suburb_small_17_79313_40864,moscow_suburb_small,17,79313,40864,images/tiles/moscow_suburb_small_17_79313_40864.png,masks/tiles/moscow_suburb_small_17_79313_40864.png,1.0,"{""2"": 45986, ""3"": 17477, ""4"": 2073}",Overture Maps,17,EPSG:4326,"max_class_share=0.70,fg_share=1.00"
moscow_suburb_small_17_79314_40864,moscow_suburb_small,17,79314,40864,images/tiles/moscow_suburb_small_17_79314_40864.png,masks/tiles/moscow_suburb_small_17_79314_40864.png,1.0,"{""2"": 50349, ""3"": 11212, ""4"": 3975}",Overture Maps,17,EPSG:4326,"max_class_share=0.77,fg_share=1.00"
moscow_suburb_small_17_79315_40864,moscow_suburb_small,17,79315,40864,images/tiles/moscow_suburb_small_17_79315_40864.png,masks/tiles/moscow_suburb_small_17_79315_40864.png,1.0,"{""2"": 44423, ""3"": 15821, ""4"": 5292}",Overture Maps,17,EPSG:4326,"max_class_share=0.68,fg_share=1.00"
moscow_suburb_small_17_79316_40864,moscow_suburb_small,17,79316,40864,images/tiles/moscow_suburb_small_17_79316_40864.png,masks/tiles/moscow_suburb_small_17_79316_40864.png,1.0,"{""2"": 42280, ""3"": 21415, ""4"": 1841}",Overture Maps,17,EPSG:4326,"max_class_share=0.65,fg_share=1.00"
moscow_suburb_small_17_79317_40864,moscow_suburb_small,17,79317,40864,images/tiles/moscow_suburb_small_17_79317_40864.png,masks/tiles/moscow_suburb_small_17_79317_40864.png,1.0,"{""2"": 47568, ""3"": 13598, ""4"": 4370}",Overture Maps,17,EPSG:4326,"max_class_share=0.73,fg_share=1.00"
moscow_suburb_small_17_79318_40864,moscow_suburb_small,17,79318,40864,images/tiles/moscow_suburb_small_17_79318_40864.png,masks/tiles/moscow_suburb_small_17_79318_40864.png,1.0,"{""2"": 43521, ""3"": 10567, ""4"": 11448}",Overture Maps,17,EPSG:4326,"max_class_share=0.66,fg_share=1.00"
moscow_suburb_small_17_79319_40864,moscow_suburb_small,17,79319,40864,images/tiles/moscow_suburb_small_17_79319_40864.png,masks/tiles/moscow_suburb_small_17_79319_40864.png,1.0,"{""2"": 39404, ""3"": 10976, ""4"": 15156}",Overture Maps,17,EPSG:4326,"max_class_share=0.60,fg_share=1.00"
moscow_suburb_small_17_79320_40864,moscow_suburb_small,17,79320,40864,images/tiles/moscow_suburb_small_17_79320_40864.png,masks/tiles/moscow_suburb_small_17_79320_40864.png,1.0,"{""2"": 47514, ""3"": 9583, ""4"": 8439}",Overture Maps,17,EPSG:4326,"max_class_share=0.73,fg_share=1.00"
moscow_suburb_small_17_79294_40865,moscow_suburb_small,17,79294,40865,images/tiles/moscow_suburb_small_17_79294_40865.png,masks/tiles/moscow_suburb_small_17_79294_40865.png,1.0,"{""2"": 60556, ""3"": 777, ""4"": 4203}",Overture Maps,17,EPSG:4326,"max_class_share=0.92,fg_share=1.00"
moscow_suburb_small_17_79295_40865,moscow_suburb_small,17,79295,40865,images/tiles/moscow_suburb_small_17_79295_40865.png,masks/tiles/moscow_suburb_small_17_79295_40865.png,1.0,"{""2"": 35164, ""3"": 24444, ""4"": 5928}",Overture Maps,17,EPSG:4326,"max_class_share=0.54,fg_share=1.00"
moscow_suburb_small_17_79296_40865,moscow_suburb_small,17,79296,40865,images/tiles/moscow_suburb_small_17_79296_40865.png,masks/tiles/moscow_suburb_small_17_79296_40865.png,1.0,"{""2"": 26553, ""3"": 35310, ""4"": 3673}",Overture Maps,17,EPSG:4326,"max_class_share=0.54,fg_share=1.00"
moscow_suburb_small_17_79297_40865,moscow_suburb_small,17,79297,40865,images/tiles/moscow_suburb_small_17_79297_40865.png,masks/tiles/moscow_suburb_small_17_79297_40865.png,1.0,"{""2"": 34080, ""3"": 14560, ""4"": 16896}",Overture Maps,17,EPSG:4326,"max_class_share=0.52,fg_share=1.00"
moscow_suburb_small_17_79298_40865,moscow_suburb_small,17,79298,40865,images/tiles/moscow_suburb_small_17_79298_40865.png,masks/tiles/moscow_suburb_small_17_79298_40865.png,1.0,"{""2"": 13517, ""3"": 49944, ""4"": 2075}",Overture Maps,17,EPSG:4326,"max_class_share=0.76,fg_share=1.00"
moscow_suburb_small_17_79299_40865,moscow_suburb_small,17,79299,40865,images/tiles/moscow_suburb_small_17_79299_40865.png,masks/tiles/moscow_suburb_small_17_79299_40865.png,1.0,"{""2"": 22994, ""3"": 42542}",Overture Maps,17,EPSG:4326,"max_class_share=0.65,fg_share=1.00"
moscow_suburb_small_17_79300_40865,moscow_suburb_small,17,79300,40865,images/tiles/moscow_suburb_small_17_79300_40865.png,masks/tiles/moscow_suburb_small_17_79300_40865.png,1.0,"{""2"": 48499, ""3"": 17037}",Overture Maps,17,EPSG:4326,"max_class_share=0.74,fg_share=1.00"
moscow_suburb_small_17_79301_40865,moscow_suburb_small,17,79301,40865,images/tiles/moscow_suburb_small_17_79301_40865.png,masks/tiles/moscow_suburb_small_17_79301_40865.png,1.0,"{""2"": 45749, ""3"": 15160, ""4"": 4627}",Overture Maps,17,EPSG:4326,"max_class_share=0.70,fg_share=1.00"
moscow_suburb_small_17_79302_40865,moscow_suburb_small,17,79302,40865,images/tiles/moscow_suburb_small_17_79302_40865.png,masks/tiles/moscow_suburb_small_17_79302_40865.png,1.0,"{""2"": 38407, ""3"": 16144, ""4"": 10985}",Overture Maps,17,EPSG:4326,"max_class_share=0.59,fg_share=1.00"
moscow_suburb_small_17_79303_40865,moscow_suburb_small,17,79303,40865,images/tiles/moscow_suburb_small_17_79303_40865.png,masks/tiles/moscow_suburb_small_17_79303_40865.png,1.0,"{""2"": 39442, ""3"": 19019, ""4"": 7075}",Overture Maps,17,EPSG:4326,"max_class_share=0.60,fg_share=1.00"
moscow_suburb_small_17_79304_40865,moscow_suburb_small,17,79304,40865,images/tiles/moscow_suburb_small_17_79304_40865.png,masks/tiles/moscow_suburb_small_17_79304_40865.png,1.0,"{""2"": 36904, ""3"": 21896, ""4"": 6736}",Overture Maps,17,EPSG:4326,"max_class_share=0.56,fg_share=1.00"
moscow_suburb_small_17_79305_40865,moscow_suburb_small,17,79305,40865,images/tiles/moscow_suburb_small_17_79305_40865.png,masks/tiles/moscow_suburb_small_17_79305_40865.png,1.0,"{""2"": 42517, ""3"": 16907, ""4"": 6112}",Overture Maps,17,EPSG:4326,"max_class_share=0.65,fg_share=1.00"
moscow_suburb_small_17_79306_40865,moscow_suburb_small,17,79306,40865,images/tiles/moscow_suburb_small_17_79306_40865.png,masks/tiles/moscow_suburb_small_17_79306_40865.png,1.0,"{""2"": 44165, ""3"": 16202, ""4"": 5169}",Overture Maps,17,EPSG:4326,"max_class_share=0.67,fg_share=1.00"
moscow_suburb_small_17_79307_40865,moscow_suburb_small,17,79307,40865,images/tiles/moscow_suburb_small_17_79307_40865.png,masks/tiles/moscow_suburb_small_17_79307_40865.png,1.0,"{""2"": 40305, ""3"": 20400, ""4"": 4831}",Overture Maps,17,EPSG:4326,"max_class_share=0.62,fg_share=1.00"
moscow_suburb_small_17_79308_40865,moscow_suburb_small,17,79308,40865,images/tiles/moscow_suburb_small_17_79308_40865.png,masks/tiles/moscow_suburb_small_17_79308_40865.png,1.0,"{""2"": 34799, ""3"": 24908, ""4"": 5829}",Overture Maps,17,EPSG:4326,"max_class_share=0.53,fg_share=1.00"
moscow_suburb_small_17_79309_40865,moscow_suburb_small,17,79309,40865,images/tiles/moscow_suburb_small_17_79309_40865.png,masks/tiles/moscow_suburb_small_17_79309_40865.png,1.0,"{""1"": 505, ""2"": 54646, ""3"": 6635, ""4"": 3750}",Overture Maps,17,EPSG:4326,"max_class_share=0.83,fg_share=1.00"
moscow_suburb_small_17_79310_40865,moscow_suburb_small,17,79310,40865,images/tiles/moscow_suburb_small_17_79310_40865.png,masks/tiles/moscow_suburb_small_17_79310_40865.png,1.0,"{""2"": 47183, ""3"": 12881, ""4"": 5472}",Overture Maps,17,EPSG:4326,"max_class_share=0.72,fg_share=1.00"
moscow_suburb_small_17_79311_40865,moscow_suburb_small,17,79311,40865,images/tiles/moscow_suburb_small_17_79311_40865.png,masks/tiles/moscow_suburb_small_17_79311_40865.png,1.0,"{""2"": 46586, ""3"": 17875, ""4"": 1075}",Overture Maps,17,EPSG:4326,"max_class_share=0.71,fg_share=1.00"
moscow_suburb_small_17_79312_40865,moscow_suburb_small,17,79312,40865,images/tiles/moscow_suburb_small_17_79312_40865.png,masks/tiles/moscow_suburb_small_17_79312_40865.png,1.0,"{""2"": 43281, ""3"": 19026, ""4"": 3229}",Overture Maps,17,EPSG:4326,"max_class_share=0.66,fg_share=1.00"
moscow_suburb_small_17_79313_40865,moscow_suburb_small,17,79313,40865,images/tiles/moscow_suburb_small_17_79313_40865.png,masks/tiles/moscow_suburb_small_17_79313_40865.png,1.0,"{""2"": 42451, ""3"": 18219, ""4"": 4866}",Overture Maps,17,EPSG:4326,"max_class_share=0.65,fg_share=1.00"
moscow_suburb_small_17_79314_40865,moscow_suburb_small,17,79314,40865,images/tiles/moscow_suburb_small_17_79314_40865.png,masks/tiles/moscow_suburb_small_17_79314_40865.png,1.0,"{""2"": 46773, ""3"": 13645, ""4"": 5118}",Overture Maps,17,EPSG:4326,"max_class_share=0.71,fg_share=1.00"
moscow_suburb_small_17_79315_40865,moscow_suburb_small,17,79315,40865,images/tiles/moscow_suburb_small_17_79315_40865.png,masks/tiles/moscow_suburb_small_17_79315_40865.png,1.0,"{""2"": 44321, ""3"": 13177, ""4"": 8038}",Overture Maps,17,EPSG:4326,"max_class_share=0.68,fg_share=1.00"
moscow_suburb_small_17_79316_40865,moscow_suburb_small,17,79316,40865,images/tiles/moscow_suburb_small_17_79316_40865.png,masks/tiles/moscow_suburb_small_17_79316_40865.png,1.0,"{""2"": 42890, ""3"": 13944, ""4"": 8702}",Overture Maps,17,EPSG:4326,"max_class_share=0.65,fg_share=1.00"
moscow_suburb_small_17_79317_40865,moscow_suburb_small,17,79317,40865,images/tiles/moscow_suburb_small_17_79317_40865.png,masks/tiles/moscow_suburb_small_17_79317_40865.png,1.0,"{""2"": 45037, ""3"": 10925, ""4"": 9574}",Overture Maps,17,EPSG:4326,"max_class_share=0.69,fg_share=1.00"
moscow_suburb_small_17_79318_40865,moscow_suburb_small,17,79318,40865,images/tiles/moscow_suburb_small_17_79318_40865.png,masks/tiles/moscow_suburb_small_17_79318_40865.png,1.0,"{""2"": 36248, ""3"": 16539, ""4"": 12749}",Overture Maps,17,EPSG:4326,"max_class_share=0.55,fg_share=1.00"
moscow_suburb_small_17_79319_40865,moscow_suburb_small,17,79319,40865,images/tiles/moscow_suburb_small_17_79319_40865.png,masks/tiles/moscow_suburb_small_17_79319_40865.png,1.0,"{""2"": 42545, ""3"": 15000, ""4"": 7991}",Overture Maps,17,EPSG:4326,"max_class_share=0.65,fg_share=1.00"
moscow_suburb_small_17_79320_40865,moscow_suburb_small,17,79320,40865,images/tiles/moscow_suburb_small_17_79320_40865.png,masks/tiles/moscow_suburb_small_17_79320_40865.png,1.0,"{""2"": 54574, ""3"": 5497, ""4"": 5465}",Overture Maps,17,EPSG:4326,"max_class_share=0.83,fg_share=1.00"
moscow_suburb_small_17_79294_40866,moscow_suburb_small,17,79294,40866,images/tiles/moscow_suburb_small_17_79294_40866.png,masks/tiles/moscow_suburb_small_17_79294_40866.png,1.0,"{""2"": 54093, ""3"": 10765, ""4"": 678}",Overture Maps,17,EPSG:4326,"max_class_share=0.83,fg_share=1.00"
moscow_suburb_small_17_79295_40866,moscow_suburb_small,17,79295,40866,images/tiles/moscow_suburb_small_17_79295_40866.png,masks/tiles/moscow_suburb_small_17_79295_40866.png,1.0,"{""2"": 22952, ""3"": 39960, ""4"": 2624}",Overture Maps,17,EPSG:4326,"max_class_share=0.61,fg_share=1.00"
moscow_suburb_small_17_79296_40866,moscow_suburb_small,17,79296,40866,images/tiles/moscow_suburb_small_17_79296_40866.png,masks/tiles/moscow_suburb_small_17_79296_40866.png,1.0,"{""2"": 25459, ""3"": 37928, ""4"": 2149}",Overture Maps,17,EPSG:4326,"max_class_share=0.58,fg_share=1.00"
moscow_suburb_small_17_79297_40866,moscow_suburb_small,17,79297,40866,images/tiles/moscow_suburb_small_17_79297_40866.png,masks/tiles/moscow_suburb_small_17_79297_40866.png,1.0,"{""2"": 33192, ""3"": 19896, ""4"": 12448}",Overture Maps,17,EPSG:4326,"max_class_share=0.51,fg_share=1.00"
moscow_suburb_small_17_79298_40866,moscow_suburb_small,17,79298,40866,images/tiles/moscow_suburb_small_17_79298_40866.png,masks/tiles/moscow_suburb_small_17_79298_40866.png,1.0,"{""2"": 22759, ""3"": 40556, ""4"": 2221}",Overture Maps,17,EPSG:4326,"max_class_share=0.62,fg_share=1.00"
moscow_suburb_small_17_79299_40866,moscow_suburb_small,17,79299,40866,images/tiles/moscow_suburb_small_17_79299_40866.png,masks/tiles/moscow_suburb_small_17_79299_40866.png,1.0,"{""2"": 42886, ""3"": 21031, ""4"": 1619}",Overture Maps,17,EPSG:4326,"max_class_share=0.65,fg_share=1.00"
moscow_suburb_small_17_79300_40866,moscow_suburb_small,17,79300,40866,images/tiles/moscow_suburb_small_17_79300_40866.png,masks/tiles/moscow_suburb_small_17_79300_40866.png,1.0,"{""2"": 47692, ""3"": 15302, ""4"": 2542}",Overture Maps,17,EPSG:4326,"max_class_share=0.73,fg_share=1.00"
moscow_suburb_small_17_79301_40866,moscow_suburb_small,17,79301,40866,images/tiles/moscow_suburb_small_17_79301_40866.png,masks/tiles/moscow_suburb_small_17_79301_40866.png,1.0,"{""2"": 48600, ""3"": 11528, ""4"": 5408}",Overture Maps,17,EPSG:4326,"max_class_share=0.74,fg_share=1.00"
moscow_suburb_small_17_79302_40866,moscow_suburb_small,17,79302,40866,images/tiles/moscow_suburb_small_17_79302_40866.png,masks/tiles/moscow_suburb_small_17_79302_40866.png,1.0,"{""2"": 52649, ""3"": 7118, ""4"": 5769}",Overture Maps,17,EPSG:4326,"max_class_share=0.80,fg_share=1.00"
moscow_suburb_small_17_79303_40866,moscow_suburb_small,17,79303,40866,images/tiles/moscow_suburb_small_17_79303_40866.png,masks/tiles/moscow_suburb_small_17_79303_40866.png,1.0,"{""2"": 42284, ""3"": 17283, ""4"": 5969}",Overture Maps,17,EPSG:4326,"max_class_share=0.65,fg_share=1.00"
moscow_suburb_small_17_79304_40866,moscow_suburb_small,17,79304,40866,images/tiles/moscow_suburb_small_17_79304_40866.png,masks/tiles/moscow_suburb_small_17_79304_40866.png,1.0,"{""2"": 36357, ""3"": 21833, ""4"": 7346}",Overture Maps,17,EPSG:4326,"max_class_share=0.55,fg_share=1.00"
moscow_suburb_small_17_79305_40866,moscow_suburb_small,17,79305,40866,images/tiles/moscow_suburb_small_17_79305_40866.png,masks/tiles/moscow_suburb_small_17_79305_40866.png,1.0,"{""2"": 37174, ""3"": 20781, ""4"": 7581}",Overture Maps,17,EPSG:4326,"max_class_share=0.57,fg_share=1.00"
moscow_suburb_small_17_79306_40866,moscow_suburb_small,17,79306,40866,images/tiles/moscow_suburb_small_17_79306_40866.png,masks/tiles/moscow_suburb_small_17_79306_40866.png,1.0,"{""2"": 40032, ""3"": 17411, ""4"": 8093}",Overture Maps,17,EPSG:4326,"max_class_share=0.61,fg_share=1.00"
moscow_suburb_small_17_79307_40866,moscow_suburb_small,17,79307,40866,images/tiles/moscow_suburb_small_17_79307_40866.png,masks/tiles/moscow_suburb_small_17_79307_40866.png,1.0,"{""2"": 48265, ""3"": 13610, ""4"": 3661}",Overture Maps,17,EPSG:4326,"max_class_share=0.74,fg_share=1.00"
moscow_suburb_small_17_79308_40866,moscow_suburb_small,17,79308,40866,images/tiles/moscow_suburb_small_17_79308_40866.png,masks/tiles/moscow_suburb_small_17_79308_40866.png,1.0,"{""2"": 40630, ""3"": 18908, ""4"": 5998}",Overture Maps,17,EPSG:4326,"max_class_share=0.62,fg_share=1.00"
moscow_suburb_small_17_79309_40866,moscow_suburb_small,17,79309,40866,images/tiles/moscow_suburb_small_17_79309_40866.png,masks/tiles/moscow_suburb_small_17_79309_40866.png,1.0,"{""1"": 447, ""2"": 44766, ""3"": 13654, ""4"": 6669}",Overture Maps,17,EPSG:4326,"max_class_share=0.68,fg_share=1.00"
moscow_suburb_small_17_79310_40866,moscow_suburb_small,17,79310,40866,images/tiles/moscow_suburb_small_17_79310_40866.png,masks/tiles/moscow_suburb_small_17_79310_40866.png,1.0,"{""1"": 21, ""2"": 44477, ""3"": 11163, ""4"": 9875}",Overture Maps,17,EPSG:4326,"max_class_share=0.68,fg_share=1.00"
moscow_suburb_small_17_79311_40866,moscow_suburb_small,17,79311,40866,images/tiles/moscow_suburb_small_17_79311_40866.png,masks/tiles/moscow_suburb_small_17_79311_40866.png,1.0,"{""2"": 41865, ""3"": 13160, ""4"": 10511}",Overture Maps,17,EPSG:4326,"max_class_share=0.64,fg_share=1.00"
moscow_suburb_small_17_79312_40866,moscow_suburb_small,17,79312,40866,images/tiles/moscow_suburb_small_17_79312_40866.png,masks/tiles/moscow_suburb_small_17_79312_40866.png,1.0,"{""2"": 35853, ""3"": 21728, ""4"": 7955}",Overture Maps,17,EPSG:4326,"max_class_share=0.55,fg_share=1.00"
moscow_suburb_small_17_79313_40866,moscow_suburb_small,17,79313,40866,images/tiles/moscow_suburb_small_17_79313_40866.png,masks/tiles/moscow_suburb_small_17_79313_40866.png,1.0,"{""2"": 37725, ""3"": 19793, ""4"": 8018}",Overture Maps,17,EPSG:4326,"max_class_share=0.58,fg_share=1.00"
moscow_suburb_small_17_79314_40866,moscow_suburb_small,17,79314,40866,images/tiles/moscow_suburb_small_17_79314_40866.png,masks/tiles/moscow_suburb_small_17_79314_40866.png,1.0,"{""2"": 41490, ""3"": 13169, ""4"": 10877}",Overture Maps,17,EPSG:4326,"max_class_share=0.63,fg_share=1.00"
moscow_suburb_small_17_79315_40866,moscow_suburb_small,17,79315,40866,images/tiles/moscow_suburb_small_17_79315_40866.png,masks/tiles/moscow_suburb_small_17_79315_40866.png,1.0,"{""2"": 41504, ""3"": 15577, ""4"": 8455}",Overture Maps,17,EPSG:4326,"max_class_share=0.63,fg_share=1.00"
moscow_suburb_small_17_79316_40866,moscow_suburb_small,17,79316,40866,images/tiles/moscow_suburb_small_17_79316_40866.png,masks/tiles/moscow_suburb_small_17_79316_40866.png,1.0,"{""2"": 40342, ""3"": 20271, ""4"": 4923}",Overture Maps,17,EPSG:4326,"max_class_share=0.62,fg_share=1.00"
moscow_suburb_small_17_79317_40866,moscow_suburb_small,17,79317,40866,images/tiles/moscow_suburb_small_17_79317_40866.png,masks/tiles/moscow_suburb_small_17_79317_40866.png,1.0,"{""2"": 45326, ""3"": 14411, ""4"": 5799}",Overture Maps,17,EPSG:4326,"max_class_share=0.69,fg_share=1.00"
moscow_suburb_small_17_79318_40866,moscow_suburb_small,17,79318,40866,images/tiles/moscow_suburb_small_17_79318_40866.png,masks/tiles/moscow_suburb_small_17_79318_40866.png,1.0,"{""2"": 43386, ""3"": 13309, ""4"": 8841}",Overture Maps,17,EPSG:4326,"max_class_share=0.66,fg_share=1.00"
moscow_suburb_small_17_79319_40866,moscow_suburb_small,17,79319,40866,images/tiles/moscow_suburb_small_17_79319_40866.png,masks/tiles/moscow_suburb_small_17_79319_40866.png,1.0,"{""2"": 47411, ""3"": 14888, ""4"": 3237}",Overture Maps,17,EPSG:4326,"max_class_share=0.72,fg_share=1.00"
moscow_suburb_small_17_79320_40866,moscow_suburb_small,17,79320,40866,images/tiles/moscow_suburb_small_17_79320_40866.png,masks/tiles/moscow_suburb_small_17_79320_40866.png,1.0,"{""2"": 62009, ""3"": 2080, ""4"": 1447}",Overture Maps,17,EPSG:4326,"max_class_share=0.95,fg_share=1.00"
moscow_suburb_small_17_79295_40867,moscow_suburb_small,17,79295,40867,images/tiles/moscow_suburb_small_17_79295_40867.png,masks/tiles/moscow_suburb_small_17_79295_40867.png,1.0,"{""2"": 39831, ""3"": 23968, ""4"": 1737}",Overture Maps,17,EPSG:4326,"max_class_share=0.61,fg_share=1.00"
moscow_suburb_small_17_79296_40867,moscow_suburb_small,17,79296,40867,images/tiles/moscow_suburb_small_17_79296_40867.png,masks/tiles/moscow_suburb_small_17_79296_40867.png,1.0,"{""2"": 37308, ""3"": 16050, ""4"": 12178}",Overture Maps,17,EPSG:4326,"max_class_share=0.57,fg_share=1.00"
moscow_suburb_small_17_79297_40867,moscow_suburb_small,17,79297,40867,images/tiles/moscow_suburb_small_17_79297_40867.png,masks/tiles/moscow_suburb_small_17_79297_40867.png,1.0,"{""2"": 32748, ""3"": 28068, ""4"": 4720}",Overture Maps,17,EPSG:4326,"max_class_share=0.50,fg_share=1.00"
moscow_suburb_small_17_79298_40867,moscow_suburb_small,17,79298,40867,images/tiles/moscow_suburb_small_17_79298_40867.png,masks/tiles/moscow_suburb_small_17_79298_40867.png,1.0,"{""2"": 22629, ""3"": 42907}",Overture Maps,17,EPSG:4326,"max_class_share=0.65,fg_share=1.00"
moscow_suburb_small_17_79299_40867,moscow_suburb_small,17,79299,40867,images/tiles/moscow_suburb_small_17_79299_40867.png,masks/tiles/moscow_suburb_small_17_79299_40867.png,1.0,"{""2"": 33059, ""3"": 31677, ""4"": 800}",Overture Maps,17,EPSG:4326,"max_class_share=0.50,fg_share=1.00"
moscow_suburb_small_17_79300_40867,moscow_suburb_small,17,79300,40867,images/tiles/moscow_suburb_small_17_79300_40867.png,masks/tiles/moscow_suburb_small_17_79300_40867.png,1.0,"{""2"": 41861, ""3"": 19982, ""4"": 3693}",Overture Maps,17,EPSG:4326,"max_class_share=0.64,fg_share=1.00"
moscow_suburb_small_17_79301_40867,moscow_suburb_small,17,79301,40867,images/tiles/moscow_suburb_small_17_79301_40867.png,masks/tiles/moscow_suburb_small_17_79301_40867.png,1.0,"{""2"": 47141, ""3"": 9736, ""4"": 8659}",Overture Maps,17,EPSG:4326,"max_class_share=0.72,fg_share=1.00"
moscow_suburb_small_17_79302_40867,moscow_suburb_small,17,79302,40867,images/tiles/moscow_suburb_small_17_79302_40867.png,masks/tiles/moscow_suburb_small_17_79302_40867.png,1.0,"{""2"": 43850, ""3"": 17542, ""4"": 4144}",Overture Maps,17,EPSG:4326,"max_class_share=0.67,fg_share=1.00"
moscow_suburb_small_17_79303_40867,moscow_suburb_small,17,79303,40867,images/tiles/moscow_suburb_small_17_79303_40867.png,masks/tiles/moscow_suburb_small_17_79303_40867.png,1.0,"{""2"": 42870, ""3"": 15868, ""4"": 6798}",Overture Maps,17,EPSG:4326,"max_class_share=0.65,fg_share=1.00"
moscow_suburb_small_17_79304_40867,moscow_suburb_small,17,79304,40867,images/tiles/moscow_suburb_small_17_79304_40867.png,masks/tiles/moscow_suburb_small_17_79304_40867.png,1.0,"{""2"": 55527, ""3"": 7331, ""4"": 2678}",Overture Maps,17,EPSG:4326,"max_class_share=0.85,fg_share=1.00"
moscow_suburb_small_17_79305_40867,moscow_suburb_small,17,79305,40867,images/tiles/moscow_suburb_small_17_79305_40867.png,masks/tiles/moscow_suburb_small_17_79305_40867.png,1.0,"{""2"": 43408, ""3"": 14226, ""4"": 7902}",Overture Maps,17,EPSG:4326,"max_class_share=0.66,fg_share=1.00"
moscow_suburb_small_17_79306_40867,moscow_suburb_small,17,79306,40867,images/tiles/moscow_suburb_small_17_79306_40867.png,masks/tiles/moscow_suburb_small_17_79306_40867.png,1.0,"{""2"": 49127, ""3"": 9637, ""4"": 6772}",Overture Maps,17,EPSG:4326,"max_class_share=0.75,fg_share=1.00"
moscow_suburb_small_17_79307_40867,moscow_suburb_small,17,79307,40867,images/tiles/moscow_suburb_small_17_79307_40867.png,masks/tiles/moscow_suburb_small_17_79307_40867.png,1.0,"{""2"": 46630, ""3"": 11457, ""4"": 7449}",Overture Maps,17,EPSG:4326,"max_class_share=0.71,fg_share=1.00"
moscow_suburb_small_17_79308_40867,moscow_suburb_small,17,79308,40867,images/tiles/moscow_suburb_small_17_79308_40867.png,masks/tiles/moscow_suburb_small_17_79308_40867.png,1.0,"{""2"": 36154, ""3"": 24240, ""4"": 5142}",Overture Maps,17,EPSG:4326,"max_class_share=0.55,fg_share=1.00"
moscow_suburb_small_17_79309_40867,moscow_suburb_small,17,79309,40867,images/tiles/moscow_suburb_small_17_79309_40867.png,masks/tiles/moscow_suburb_small_17_79309_40867.png,1.0,"{""1"": 55, ""2"": 59406, ""3"": 2092, ""4"": 3983}",Overture Maps,17,EPSG:4326,"max_class_share=0.91,fg_share=1.00"
moscow_suburb_small_17_79311_40867,moscow_suburb_small,17,79311,40867,images/tiles/moscow_suburb_small_17_79311_40867.png,masks/tiles/moscow_suburb_small_17_79311_40867.png,1.0,"{""2"": 48454, ""3"": 14118, ""4"": 2964}",Overture Maps,17,EPSG:4326,"max_class_share=0.74,fg_share=1.00"
moscow_suburb_small_17_79312_40867,moscow_suburb_small,17,79312,40867,images/tiles/moscow_suburb_small_17_79312_40867.png,masks/tiles/moscow_suburb_small_17_79312_40867.png,1.0,"{""2"": 47542, ""3"": 11064, ""4"": 6930}",Overture Maps,17,EPSG:4326,"max_class_share=0.73,fg_share=1.00"
moscow_suburb_small_17_79313_40867,moscow_suburb_small,17,79313,40867,images/tiles/moscow_suburb_small_17_79313_40867.png,masks/tiles/moscow_suburb_small_17_79313_40867.png,1.0,"{""2"": 42621, ""3"": 17030, ""4"": 5885}",Overture Maps,17,EPSG:4326,"max_class_share=0.65,fg_share=1.00"
moscow_suburb_small_17_79314_40867,moscow_suburb_small,17,79314,40867,images/tiles/moscow_suburb_small_17_79314_40867.png,masks/tiles/moscow_suburb_small_17_79314_40867.png,1.0,"{""2"": 45877, ""3"": 10716, ""4"": 8943}",Overture Maps,17,EPSG:4326,"max_class_share=0.70,fg_share=1.00"
moscow_suburb_small_17_79315_40867,moscow_suburb_small,17,79315,40867,images/tiles/moscow_suburb_small_17_79315_40867.png,masks/tiles/moscow_suburb_small_17_79315_40867.png,1.0,"{""2"": 41947, ""3"": 15326, ""4"": 8263}",Overture Maps,17,EPSG:4326,"max_class_share=0.64,fg_share=1.00"
moscow_suburb_small_17_79316_40867,moscow_suburb_small,17,79316,40867,images/tiles/moscow_suburb_small_17_79316_40867.png,masks/tiles/moscow_suburb_small_17_79316_40867.png,1.0,"{""2"": 43774, ""3"": 15807, ""4"": 5955}",Overture Maps,17,EPSG:4326,"max_class_share=0.67,fg_share=1.00"
moscow_suburb_small_17_79317_40867,moscow_suburb_small,17,79317,40867,images/tiles/moscow_suburb_small_17_79317_40867.png,masks/tiles/moscow_suburb_small_17_79317_40867.png,1.0,"{""2"": 40857, ""3"": 12777, ""4"": 11902}",Overture Maps,17,EPSG:4326,"max_class_share=0.62,fg_share=1.00"
moscow_suburb_small_17_79318_40867,moscow_suburb_small,17,79318,40867,images/tiles/moscow_suburb_small_17_79318_40867.png,masks/tiles/moscow_suburb_small_17_79318_40867.png,1.0,"{""2"": 41171, ""3"": 17405, ""4"": 6960}",Overture Maps,17,EPSG:4326,"max_class_share=0.63,fg_share=1.00"
moscow_suburb_small_17_79319_40867,moscow_suburb_small,17,79319,40867,images/tiles/moscow_suburb_small_17_79319_40867.png,masks/tiles/moscow_suburb_small_17_79319_40867.png,1.0,"{""2"": 42359, ""3"": 15754, ""4"": 7423}",Overture Maps,17,EPSG:4326,"max_class_share=0.65,fg_share=1.00"
moscow_suburb_small_17_79320_40867,moscow_suburb_small,17,79320,40867,images/tiles/moscow_suburb_small_17_79320_40867.png,masks/tiles/moscow_suburb_small_17_79320_40867.png,1.0,"{""2"": 54943, ""3"": 8268, ""4"": 2325}",Overture Maps,17,EPSG:4326,"max_class_share=0.84,fg_share=1.00"
moscow_suburb_small_17_79295_40868,moscow_suburb_small,17,79295,40868,images/tiles/moscow_suburb_small_17_79295_40868.png,masks/tiles/moscow_suburb_small_17_79295_40868.png,1.0,"{""2"": 45780, ""3"": 16504, ""4"": 3252}",Overture Maps,17,EPSG:4326,"max_class_share=0.70,fg_share=1.00"
moscow_suburb_small_17_79296_40868,moscow_suburb_small,17,79296,40868,images/tiles/moscow_suburb_small_17_79296_40868.png,masks/tiles/moscow_suburb_small_17_79296_40868.png,1.0,"{""2"": 38994, ""3"": 15550, ""4"": 10992}",Overture Maps,17,EPSG:4326,"max_class_share=0.60,fg_share=1.00"
moscow_suburb_small_17_79297_40868,moscow_suburb_small,17,79297,40868,images/tiles/moscow_suburb_small_17_79297_40868.png,masks/tiles/moscow_suburb_small_17_79297_40868.png,1.0,"{""2"": 14935, ""3"": 48867, ""4"": 1734}",Overture Maps,17,EPSG:4326,"max_class_share=0.75,fg_share=1.00"
moscow_suburb_small_17_79298_40868,moscow_suburb_small,17,79298,40868,images/tiles/moscow_suburb_small_17_79298_40868.png,masks/tiles/moscow_suburb_small_17_79298_40868.png,1.0,"{""2"": 33982, ""3"": 28383, ""4"": 3171}",Overture Maps,17,EPSG:4326,"max_class_share=0.52,fg_share=1.00"
moscow_suburb_small_17_79299_40868,moscow_suburb_small,17,79299,40868,images/tiles/moscow_suburb_small_17_79299_40868.png,masks/tiles/moscow_suburb_small_17_79299_40868.png,1.0,"{""2"": 43349, ""3"": 17146, ""4"": 5041}",Overture Maps,17,EPSG:4326,"max_class_share=0.66,fg_share=1.00"
moscow_suburb_small_17_79300_40868,moscow_suburb_small,17,79300,40868,images/tiles/moscow_suburb_small_17_79300_40868.png,masks/tiles/moscow_suburb_small_17_79300_40868.png,1.0,"{""2"": 38692, ""3"": 19725, ""4"": 7119}",Overture Maps,17,EPSG:4326,"max_class_share=0.59,fg_share=1.00"
moscow_suburb_small_17_79301_40868,moscow_suburb_small,17,79301,40868,images/tiles/moscow_suburb_small_17_79301_40868.png,masks/tiles/moscow_suburb_small_17_79301_40868.png,1.0,"{""2"": 39033, ""3"": 19938, ""4"": 6565}",Overture Maps,17,EPSG:4326,"max_class_share=0.60,fg_share=1.00"
moscow_suburb_small_17_79302_40868,moscow_suburb_small,17,79302,40868,images/tiles/moscow_suburb_small_17_79302_40868.png,masks/tiles/moscow_suburb_small_17_79302_40868.png,1.0,"{""2"": 48115, ""3"": 13834, ""4"": 3587}",Overture Maps,17,EPSG:4326,"max_class_share=0.73,fg_share=1.00"
moscow_suburb_small_17_79303_40868,moscow_suburb_small,17,79303,40868,images/tiles/moscow_suburb_small_17_79303_40868.png,masks/tiles/moscow_suburb_small_17_79303_40868.png,1.0,"{""2"": 46418, ""3"": 14204, ""4"": 4914}",Overture Maps,17,EPSG:4326,"max_class_share=0.71,fg_share=1.00"
moscow_suburb_small_17_79304_40868,moscow_suburb_small,17,79304,40868,images/tiles/moscow_suburb_small_17_79304_40868.png,masks/tiles/moscow_suburb_small_17_79304_40868.png,1.0,"{""2"": 59161, ""3"": 6375}",Overture Maps,17,EPSG:4326,"max_class_share=0.90,fg_share=1.00"
moscow_suburb_small_17_79307_40868,moscow_suburb_small,17,79307,40868,images/tiles/moscow_suburb_small_17_79307_40868.png,masks/tiles/moscow_suburb_small_17_79307_40868.png,1.0,"{""2"": 53558, ""3"": 6170, ""4"": 5808}",Overture Maps,17,EPSG:4326,"max_class_share=0.82,fg_share=1.00"
moscow_suburb_small_17_79308_40868,moscow_suburb_small,17,79308,40868,images/tiles/moscow_suburb_small_17_79308_40868.png,masks/tiles/moscow_suburb_small_17_79308_40868.png,1.0,"{""2"": 46233, ""3"": 14758, ""4"": 4545}",Overture Maps,17,EPSG:4326,"max_class_share=0.71,fg_share=1.00"
moscow_suburb_small_17_79309_40868,moscow_suburb_small,17,79309,40868,images/tiles/moscow_suburb_small_17_79309_40868.png,masks/tiles/moscow_suburb_small_17_79309_40868.png,1.0,"{""2"": 48730, ""3"": 9546, ""4"": 7260}",Overture Maps,17,EPSG:4326,"max_class_share=0.74,fg_share=1.00"
moscow_suburb_small_17_79311_40868,moscow_suburb_small,17,79311,40868,images/tiles/moscow_suburb_small_17_79311_40868.png,masks/tiles/moscow_suburb_small_17_79311_40868.png,1.0,"{""2"": 51710, ""3"": 7840, ""4"": 5986}",Overture Maps,17,EPSG:4326,"max_class_share=0.79,fg_share=1.00"
moscow_suburb_small_17_79312_40868,moscow_suburb_small,17,79312,40868,images/tiles/moscow_suburb_small_17_79312_40868.png,masks/tiles/moscow_suburb_small_17_79312_40868.png,1.0,"{""2"": 49757, ""3"": 11154, ""4"": 4625}",Overture Maps,17,EPSG:4326,"max_class_share=0.76,fg_share=1.00"
moscow_suburb_small_17_79313_40868,moscow_suburb_small,17,79313,40868,images/tiles/moscow_suburb_small_17_79313_40868.png,masks/tiles/moscow_suburb_small_17_79313_40868.png,1.0,"{""2"": 49935, ""3"": 9629, ""4"": 5972}",Overture Maps,17,EPSG:4326,"max_class_share=0.76,fg_share=1.00"
moscow_suburb_small_17_79314_40868,moscow_suburb_small,17,79314,40868,images/tiles/moscow_suburb_small_17_79314_40868.png,masks/tiles/moscow_suburb_small_17_79314_40868.png,1.0,"{""2"": 42210, ""3"": 13099, ""4"": 10227}",Overture Maps,17,EPSG:4326,"max_class_share=0.64,fg_share=1.00"
moscow_suburb_small_17_79315_40868,moscow_suburb_small,17,79315,40868,images/tiles/moscow_suburb_small_17_79315_40868.png,masks/tiles/moscow_suburb_small_17_79315_40868.png,1.0,"{""2"": 42791, ""3"": 12966, ""4"": 9779}",Overture Maps,17,EPSG:4326,"max_class_share=0.65,fg_share=1.00"
moscow_suburb_small_17_79316_40868,moscow_suburb_small,17,79316,40868,images/tiles/moscow_suburb_small_17_79316_40868.png,masks/tiles/moscow_suburb_small_17_79316_40868.png,1.0,"{""2"": 45225, ""3"": 13928, ""4"": 6383}",Overture Maps,17,EPSG:4326,"max_class_share=0.69,fg_share=1.00"
moscow_suburb_small_17_79317_40868,moscow_suburb_small,17,79317,40868,images/tiles/moscow_suburb_small_17_79317_40868.png,masks/tiles/moscow_suburb_small_17_79317_40868.png,1.0,"{""2"": 42399, ""3"": 11532, ""4"": 11605}",Overture Maps,17,EPSG:4326,"max_class_share=0.65,fg_share=1.00"
moscow_suburb_small_17_79318_40868,moscow_suburb_small,17,79318,40868,images/tiles/moscow_suburb_small_17_79318_40868.png,masks/tiles/moscow_suburb_small_17_79318_40868.png,1.0,"{""2"": 45851, ""3"": 14809, ""4"": 4876}",Overture Maps,17,EPSG:4326,"max_class_share=0.70,fg_share=1.00"
moscow_suburb_small_17_79319_40868,moscow_suburb_small,17,79319,40868,images/tiles/moscow_suburb_small_17_79319_40868.png,masks/tiles/moscow_suburb_small_17_79319_40868.png,1.0,"{""2"": 45541, ""3"": 17269, ""4"": 2726}",Overture Maps,17,EPSG:4326,"max_class_share=0.69,fg_share=1.00"
moscow_suburb_small_17_79320_40868,moscow_suburb_small,17,79320,40868,images/tiles/moscow_suburb_small_17_79320_40868.png,masks/tiles/moscow_suburb_small_17_79320_40868.png,1.0,"{""2"": 61690, ""3"": 3267, ""4"": 579}",Overture Maps,17,EPSG:4326,"max_class_share=0.94,fg_share=1.00"
moscow_suburb_small_17_79294_40869,moscow_suburb_small,17,79294,40869,images/tiles/moscow_suburb_small_17_79294_40869.png,masks/tiles/moscow_suburb_small_17_79294_40869.png,1.0,"{""2"": 61729, ""3"": 1258, ""4"": 2549}",Overture Maps,17,EPSG:4326,"max_class_share=0.94,fg_share=1.00"
moscow_suburb_small_17_79295_40869,moscow_suburb_small,17,79295,40869,images/tiles/moscow_suburb_small_17_79295_40869.png,masks/tiles/moscow_suburb_small_17_79295_40869.png,1.0,"{""2"": 44885, ""3"": 7147, ""4"": 13504}",Overture Maps,17,EPSG:4326,"max_class_share=0.68,fg_share=1.00"
moscow_suburb_small_17_79296_40869,moscow_suburb_small,17,79296,40869,images/tiles/moscow_suburb_small_17_79296_40869.png,masks/tiles/moscow_suburb_small_17_79296_40869.png,1.0,"{""2"": 27975, ""3"": 36664, ""4"": 897}",Overture Maps,17,EPSG:4326,"max_class_share=0.56,fg_share=1.00"
moscow_suburb_small_17_79297_40869,moscow_suburb_small,17,79297,40869,images/tiles/moscow_suburb_small_17_79297_40869.png,masks/tiles/moscow_suburb_small_17_79297_40869.png,1.0,"{""2"": 31219, ""3"": 33345, ""4"": 972}",Overture Maps,17,EPSG:4326,"max_class_share=0.51,fg_share=1.00"
moscow_suburb_small_17_79298_40869,moscow_suburb_small,17,79298,40869,images/tiles/moscow_suburb_small_17_79298_40869.png,masks/tiles/moscow_suburb_small_17_79298_40869.png,1.0,"{""2"": 39117, ""3"": 22579, ""4"": 3840}",Overture Maps,17,EPSG:4326,"max_class_share=0.60,fg_share=1.00"
moscow_suburb_small_17_79299_40869,moscow_suburb_small,17,79299,40869,images/tiles/moscow_suburb_small_17_79299_40869.png,masks/tiles/moscow_suburb_small_17_79299_40869.png,1.0,"{""2"": 46604, ""3"": 14265, ""4"": 4667}",Overture Maps,17,EPSG:4326,"max_class_share=0.71,fg_share=1.00"
moscow_suburb_small_17_79300_40869,moscow_suburb_small,17,79300,40869,images/tiles/moscow_suburb_small_17_79300_40869.png,masks/tiles/moscow_suburb_small_17_79300_40869.png,1.0,"{""2"": 40638, ""3"": 20522, ""4"": 4376}",Overture Maps,17,EPSG:4326,"max_class_share=0.62,fg_share=1.00"
moscow_suburb_small_17_79301_40869,moscow_suburb_small,17,79301,40869,images/tiles/moscow_suburb_small_17_79301_40869.png,masks/tiles/moscow_suburb_small_17_79301_40869.png,1.0,"{""2"": 43168, ""3"": 16998, ""4"": 5370}",Overture Maps,17,EPSG:4326,"max_class_share=0.66,fg_share=1.00"
moscow_suburb_small_17_79302_40869,moscow_suburb_small,17,79302,40869,images/tiles/moscow_suburb_small_17_79302_40869.png,masks/tiles/moscow_suburb_small_17_79302_40869.png,1.0,"{""2"": 41345, ""3"": 20247, ""4"": 3944}",Overture Maps,17,EPSG:4326,"max_class_share=0.63,fg_share=1.00"
moscow_suburb_small_17_79303_40869,moscow_suburb_small,17,79303,40869,images/tiles/moscow_suburb_small_17_79303_40869.png,masks/tiles/moscow_suburb_small_17_79303_40869.png,1.0,"{""2"": 41402, ""3"": 16405, ""4"": 7729}",Overture Maps,17,EPSG:4326,"max_class_share=0.63,fg_share=1.00"
moscow_suburb_small_17_79304_40869,moscow_suburb_small,17,79304,40869,images/tiles/moscow_suburb_small_17_79304_40869.png,masks/tiles/moscow_suburb_small_17_79304_40869.png,1.0,"{""2"": 40813, ""3"": 15881, ""4"": 8842}",Overture Maps,17,EPSG:4326,"max_class_share=0.62,fg_share=1.00"
moscow_suburb_small_17_79305_40869,moscow_suburb_small,17,79305,40869,images/tiles/moscow_suburb_small_17_79305_40869.png,masks/tiles/moscow_suburb_small_17_79305_40869.png,1.0,"{""2"": 43037, ""3"": 16818, ""4"": 5681}",Overture Maps,17,EPSG:4326,"max_class_share=0.66,fg_share=1.00"
moscow_suburb_small_17_79306_40869,moscow_suburb_small,17,79306,40869,images/tiles/moscow_suburb_small_17_79306_40869.png,masks/tiles/moscow_suburb_small_17_79306_40869.png,1.0,"{""2"": 48623, ""3"": 11234, ""4"": 5679}",Overture Maps,17,EPSG:4326,"max_class_share=0.74,fg_share=1.00"
moscow_suburb_small_17_79307_40869,moscow_suburb_small,17,79307,40869,images/tiles/moscow_suburb_small_17_79307_40869.png,masks/tiles/moscow_suburb_small_17_79307_40869.png,1.0,"{""2"": 55315, ""3"": 4005, ""4"": 6216}",Overture Maps,17,EPSG:4326,"max_class_share=0.84,fg_share=1.00"
moscow_suburb_small_17_79308_40869,moscow_suburb_small,17,79308,40869,images/tiles/moscow_suburb_small_17_79308_40869.png,masks/tiles/moscow_suburb_small_17_79308_40869.png,1.0,"{""2"": 57559, ""3"": 6513, ""4"": 1464}",Overture Maps,17,EPSG:4326,"max_class_share=0.88,fg_share=1.00"
moscow_suburb_small_17_79309_40869,moscow_suburb_small,17,79309,40869,images/tiles/moscow_suburb_small_17_79309_40869.png,masks/tiles/moscow_suburb_small_17_79309_40869.png,1.0,"{""2"": 49317, ""3"": 12903, ""4"": 3316}",Overture Maps,17,EPSG:4326,"max_class_share=0.75,fg_share=1.00"
moscow_suburb_small_17_79311_40869,moscow_suburb_small,17,79311,40869,images/tiles/moscow_suburb_small_17_79311_40869.png,masks/tiles/moscow_suburb_small_17_79311_40869.png,1.0,"{""1"": 96, ""2"": 58463, ""3"": 4148, ""4"": 2829}",Overture Maps,17,EPSG:4326,"max_class_share=0.89,fg_share=1.00"
moscow_suburb_small_17_79312_40869,moscow_suburb_small,17,79312,40869,images/tiles/moscow_suburb_small_17_79312_40869.png,masks/tiles/moscow_suburb_small_17_79312_40869.png,1.0,"{""2"": 33963, ""3"": 31541, ""4"": 32}",Overture Maps,17,EPSG:4326,"max_class_share=0.52,fg_share=1.00"
moscow_suburb_small_17_79313_40869,moscow_suburb_small,17,79313,40869,images/tiles/moscow_suburb_small_17_79313_40869.png,masks/tiles/moscow_suburb_small_17_79313_40869.png,1.0,"{""2"": 57508, ""3"": 5521, ""4"": 2507}",Overture Maps,17,EPSG:4326,"max_class_share=0.88,fg_share=1.00"
moscow_suburb_small_17_79314_40869,moscow_suburb_small,17,79314,40869,images/tiles/moscow_suburb_small_17_79314_40869.png,masks/tiles/moscow_suburb_small_17_79314_40869.png,1.0,"{""2"": 43879, ""3"": 15388, ""4"": 6269}",Overture Maps,17,EPSG:4326,"max_class_share=0.67,fg_share=1.00"
moscow_suburb_small_17_79315_40869,moscow_suburb_small,17,79315,40869,images/tiles/moscow_suburb_small_17_79315_40869.png,masks/tiles/moscow_suburb_small_17_79315_40869.png,1.0,"{""2"": 10033, ""3"": 52138, ""4"": 3365}",Overture Maps,17,EPSG:4326,"max_class_share=0.80,fg_share=1.00"
moscow_suburb_small_17_79316_40869,moscow_suburb_small,17,79316,40869,images/tiles/moscow_suburb_small_17_79316_40869.png,masks/tiles/moscow_suburb_small_17_79316_40869.png,1.0,"{""2"": 43754, ""3"": 8470, ""4"": 13312}",Overture Maps,17,EPSG:4326,"max_class_share=0.67,fg_share=1.00"
moscow_suburb_small_17_79317_40869,moscow_suburb_small,17,79317,40869,images/tiles/moscow_suburb_small_17_79317_40869.png,masks/tiles/moscow_suburb_small_17_79317_40869.png,1.0,"{""2"": 45946, ""3"": 11514, ""4"": 8076}",Overture Maps,17,EPSG:4326,"max_class_share=0.70,fg_share=1.00"
moscow_suburb_small_17_79318_40869,moscow_suburb_small,17,79318,40869,images/tiles/moscow_suburb_small_17_79318_40869.png,masks/tiles/moscow_suburb_small_17_79318_40869.png,1.0,"{""2"": 46108, ""3"": 12840, ""4"": 6588}",Overture Maps,17,EPSG:4326,"max_class_share=0.70,fg_share=1.00"
moscow_suburb_small_17_79319_40869,moscow_suburb_small,17,79319,40869,images/tiles/moscow_suburb_small_17_79319_40869.png,masks/tiles/moscow_suburb_small_17_79319_40869.png,1.0,"{""2"": 50295, ""3"": 9121, ""4"": 6120}",Overture Maps,17,EPSG:4326,"max_class_share=0.77,fg_share=1.00"
moscow_suburb_small_17_79320_40869,moscow_suburb_small,17,79320,40869,images/tiles/moscow_suburb_small_17_79320_40869.png,masks/tiles/moscow_suburb_small_17_79320_40869.png,1.0,"{""2"": 61715, ""3"": 2281, ""4"": 1540}",Overture Maps,17,EPSG:4326,"max_class_share=0.94,fg_share=1.00"
moscow_suburb_small_17_79294_40870,moscow_suburb_small,17,79294,40870,images/tiles/moscow_suburb_small_17_79294_40870.png,masks/tiles/moscow_suburb_small_17_79294_40870.png,1.0,"{""2"": 42720, ""4"": 22816}",Overture Maps,17,EPSG:4326,"max_class_share=0.65,fg_share=1.00"
moscow_suburb_small_17_79295_40870,moscow_suburb_small,17,79295,40870,images/tiles/moscow_suburb_small_17_79295_40870.png,masks/tiles/moscow_suburb_small_17_79295_40870.png,1.0,"{""2"": 27312, ""3"": 22802, ""4"": 15422}",Overture Maps,17,EPSG:4326,"max_class_share=0.42,fg_share=1.00"
moscow_suburb_small_17_79296_40870,moscow_suburb_small,17,79296,40870,images/tiles/moscow_suburb_small_17_79296_40870.png,masks/tiles/moscow_suburb_small_17_79296_40870.png,1.0,"{""2"": 28523, ""3"": 26687, ""4"": 10326}",Overture Maps,17,EPSG:4326,"max_class_share=0.44,fg_share=1.00"
moscow_suburb_small_17_79297_40870,moscow_suburb_small,17,79297,40870,images/tiles/moscow_suburb_small_17_79297_40870.png,masks/tiles/moscow_suburb_small_17_79297_40870.png,1.0,"{""2"": 38180, ""3"": 14354, ""4"": 13002}",Overture Maps,17,EPSG:4326,"max_class_share=0.58,fg_share=1.00"
moscow_suburb_small_17_79298_40870,moscow_suburb_small,17,79298,40870,images/tiles/moscow_suburb_small_17_79298_40870.png,masks/tiles/moscow_suburb_small_17_79298_40870.png,1.0,"{""2"": 28831, ""3"": 25490, ""4"": 11215}",Overture Maps,17,EPSG:4326,"max_class_share=0.44,fg_share=1.00"
moscow_suburb_small_17_79299_40870,moscow_suburb_small,17,79299,40870,images/tiles/moscow_suburb_small_17_79299_40870.png,masks/tiles/moscow_suburb_small_17_79299_40870.png,1.0,"{""2"": 34170, ""3"": 20651, ""4"": 10715}",Overture Maps,17,EPSG:4326,"max_class_share=0.52,fg_share=1.00"
moscow_suburb_small_17_79300_40870,moscow_suburb_small,17,79300,40870,images/tiles/moscow_suburb_small_17_79300_40870.png,masks/tiles/moscow_suburb_small_17_79300_40870.png,1.0,"{""2"": 32919, ""3"": 20870, ""4"": 11747}",Overture Maps,17,EPSG:4326,"max_class_share=0.50,fg_share=1.00"
moscow_suburb_small_17_79301_40870,moscow_suburb_small,17,79301,40870,images/tiles/moscow_suburb_small_17_79301_40870.png,masks/tiles/moscow_suburb_small_17_79301_40870.png,1.0,"{""2"": 38300, ""3"": 15867, ""4"": 11369}",Overture Maps,17,EPSG:4326,"max_class_share=0.58,fg_share=1.00"
moscow_suburb_small_17_79302_40870,moscow_suburb_small,17,79302,40870,images/tiles/moscow_suburb_small_17_79302_40870.png,masks/tiles/moscow_suburb_small_17_79302_40870.png,1.0,"{""2"": 42772, ""3"": 10927, ""4"": 11837}",Overture Maps,17,EPSG:4326,"max_class_share=0.65,fg_share=1.00"
moscow_suburb_small_17_79303_40870,moscow_suburb_small,17,79303,40870,images/tiles/moscow_suburb_small_17_79303_40870.png,masks/tiles/moscow_suburb_small_17_79303_40870.png,1.0,"{""2"": 41735, ""3"": 14442, ""4"": 9359}",Overture Maps,17,EPSG:4326,"max_class_share=0.64,fg_share=1.00"
moscow_suburb_small_17_79304_40870,moscow_suburb_small,17,79304,40870,images/tiles/moscow_suburb_small_17_79304_40870.png,masks/tiles/moscow_suburb_small_17_79304_40870.png,1.0,"{""2"": 43619, ""3"": 17618, ""4"": 4299}",Overture Maps,17,EPSG:4326,"max_class_share=0.67,fg_share=1.00"
moscow_suburb_small_17_79305_40870,moscow_suburb_small,17,79305,40870,images/tiles/moscow_suburb_small_17_79305_40870.png,masks/tiles/moscow_suburb_small_17_79305_40870.png,1.0,"{""2"": 44649, ""3"": 16772, ""4"": 4115}",Overture Maps,17,EPSG:4326,"max_class_share=0.68,fg_share=1.00"
moscow_suburb_small_17_79306_40870,moscow_suburb_small,17,79306,40870,images/tiles/moscow_suburb_small_17_79306_40870.png,masks/tiles/moscow_suburb_small_17_79306_40870.png,1.0,"{""2"": 44741, ""3"": 14848, ""4"": 5947}",Overture Maps,17,EPSG:4326,"max_class_share=0.68,fg_share=1.00"
moscow_suburb_small_17_79307_40870,moscow_suburb_small,17,79307,40870,images/tiles/moscow_suburb_small_17_79307_40870.png,masks/tiles/moscow_suburb_small_17_79307_40870.png,1.0,"{""2"": 55499, ""3"": 5011, ""4"": 5026}",Overture Maps,17,EPSG:4326,"max_class_share=0.85,fg_share=1.00"
moscow_suburb_small_17_79308_40870,moscow_suburb_small,17,79308,40870,images/tiles/moscow_suburb_small_17_79308_40870.png,masks/tiles/moscow_suburb_small_17_79308_40870.png,1.0,"{""2"": 48869, ""3"": 10103, ""4"": 6564}",Overture Maps,17,EPSG:4326,"max_class_share=0.75,fg_share=1.00"
moscow_suburb_small_17_79309_40870,moscow_suburb_small,17,79309,40870,images/tiles/moscow_suburb_small_17_79309_40870.png,masks/tiles/moscow_suburb_small_17_79309_40870.png,1.0,"{""2"": 53603, ""3"": 7698, ""4"": 4235}",Overture Maps,17,EPSG:4326,"max_class_share=0.82,fg_share=1.00"
moscow_suburb_small_17_79312_40870,moscow_suburb_small,17,79312,40870,images/tiles/moscow_suburb_small_17_79312_40870.png,masks/tiles/moscow_suburb_small_17_79312_40870.png,1.0,"{""2"": 27749, ""3"": 35792, ""4"": 1995}",Overture Maps,17,EPSG:4326,"max_class_share=0.55,fg_share=1.00"
moscow_suburb_small_17_79313_40870,moscow_suburb_small,17,79313,40870,images/tiles/moscow_suburb_small_17_79313_40870.png,masks/tiles/moscow_suburb_small_17_79313_40870.png,1.0,"{""2"": 48466, ""3"": 15163, ""4"": 1907}",Overture Maps,17,EPSG:4326,"max_class_share=0.74,fg_share=1.00"
moscow_suburb_small_17_79314_40870,moscow_suburb_small,17,79314,40870,images/tiles/moscow_suburb_small_17_79314_40870.png,masks/tiles/moscow_suburb_small_17_79314_40870.png,1.0,"{""2"": 56687, ""3"": 1289, ""4"": 7560}",Overture Maps,17,EPSG:4326,"max_class_share=0.86,fg_share=1.00"
moscow_suburb_small_17_79315_40870,moscow_suburb_small,17,79315,40870,images/tiles/moscow_suburb_small_17_79315_40870.png,masks/tiles/moscow_suburb_small_17_79315_40870.png,1.0,"{""2"": 44347, ""3"": 25, ""4"": 21164}",Overture Maps,17,EPSG:4326,"max_class_share=0.68,fg_share=1.00"
moscow_suburb_small_17_79316_40870,moscow_suburb_small,17,79316,40870,images/tiles/moscow_suburb_small_17_79316_40870.png,masks/tiles/moscow_suburb_small_17_79316_40870.png,1.0,"{""2"": 40383, ""3"": 11259, ""4"": 13894}",Overture Maps,17,EPSG:4326,"max_class_share=0.62,fg_share=1.00"
moscow_suburb_small_17_79317_40870,moscow_suburb_small,17,79317,40870,images/tiles/moscow_suburb_small_17_79317_40870.png,masks/tiles/moscow_suburb_small_17_79317_40870.png,1.0,"{""2"": 49075, ""3"": 10524, ""4"": 5937}",Overture Maps,17,EPSG:4326,"max_class_share=0.75,fg_share=1.00"
moscow_suburb_small_17_79318_40870,moscow_suburb_small,17,79318,40870,images/tiles/moscow_suburb_small_17_79318_40870.png,masks/tiles/moscow_suburb_small_17_79318_40870.png,1.0,"{""2"": 57519, ""3"": 6412, ""4"": 1605}",Overture Maps,17,EPSG:4326,"max_class_share=0.88,fg_share=1.00"
moscow_suburb_small_17_79319_40870,moscow_suburb_small,17,79319,40870,images/tiles/moscow_suburb_small_17_79319_40870.png,masks/tiles/moscow_suburb_small_17_79319_40870.png,1.0,"{""2"": 46418, ""3"": 11813, ""4"": 7305}",Overture Maps,17,EPSG:4326,"max_class_share=0.71,fg_share=1.00"
moscow_suburb_small_17_79320_40870,moscow_suburb_small,17,79320,40870,images/tiles/moscow_suburb_small_17_79320_40870.png,masks/tiles/moscow_suburb_small_17_79320_40870.png,1.0,"{""2"": 54226, ""3"": 9651, ""4"": 1659}",Overture Maps,17,EPSG:4326,"max_class_share=0.83,fg_share=1.00"
moscow_suburb_small_17_79294_40871,moscow_suburb_small,17,79294,40871,images/tiles/moscow_suburb_small_17_79294_40871.png,masks/tiles/moscow_suburb_small_17_79294_40871.png,1.0,"{""2"": 59130, ""3"": 4895, ""4"": 1511}",Overture Maps,17,EPSG:4326,"max_class_share=0.90,fg_share=1.00"
moscow_suburb_small_17_79295_40871,moscow_suburb_small,17,79295,40871,images/tiles/moscow_suburb_small_17_79295_40871.png,masks/tiles/moscow_suburb_small_17_79295_40871.png,1.0,"{""2"": 42051, ""3"": 23485}",Overture Maps,17,EPSG:4326,"max_class_share=0.64,fg_share=1.00"
moscow_suburb_small_17_79296_40871,moscow_suburb_small,17,79296,40871,images/tiles/moscow_suburb_small_17_79296_40871.png,masks/tiles/moscow_suburb_small_17_79296_40871.png,1.0,"{""2"": 35459, ""3"": 29167, ""4"": 910}",Overture Maps,17,EPSG:4326,"max_class_share=0.54,fg_share=1.00"
moscow_suburb_small_17_79297_40871,moscow_suburb_small,17,79297,40871,images/tiles/moscow_suburb_small_17_79297_40871.png,masks/tiles/moscow_suburb_small_17_79297_40871.png,1.0,"{""2"": 38130, ""3"": 24834, ""4"": 2572}",Overture Maps,17,EPSG:4326,"max_class_share=0.58,fg_share=1.00"
moscow_suburb_small_17_79298_40871,moscow_suburb_small,17,79298,40871,images/tiles/moscow_suburb_small_17_79298_40871.png,masks/tiles/moscow_suburb_small_17_79298_40871.png,1.0,"{""2"": 36475, ""3"": 26769, ""4"": 2292}",Overture Maps,17,EPSG:4326,"max_class_share=0.56,fg_share=1.00"
moscow_suburb_small_17_79299_40871,moscow_suburb_small,17,79299,40871,images/tiles/moscow_suburb_small_17_79299_40871.png,masks/tiles/moscow_suburb_small_17_79299_40871.png,1.0,"{""2"": 36718, ""3"": 23379, ""4"": 5439}",Overture Maps,17,EPSG:4326,"max_class_share=0.56,fg_share=1.00"
moscow_suburb_small_17_79300_40871,moscow_suburb_small,17,79300,40871,images/tiles/moscow_suburb_small_17_79300_40871.png,masks/tiles/moscow_suburb_small_17_79300_40871.png,1.0,"{""2"": 42019, ""3"": 15266, ""4"": 8251}",Overture Maps,17,EPSG:4326,"max_class_share=0.64,fg_share=1.00"
moscow_suburb_small_17_79301_40871,moscow_suburb_small,17,79301,40871,images/tiles/moscow_suburb_small_17_79301_40871.png,masks/tiles/moscow_suburb_small_17_79301_40871.png,1.0,"{""2"": 45321, ""3"": 16716, ""4"": 3499}",Overture Maps,17,EPSG:4326,"max_class_share=0.69,fg_share=1.00"
moscow_suburb_small_17_79302_40871,moscow_suburb_small,17,79302,40871,images/tiles/moscow_suburb_small_17_79302_40871.png,masks/tiles/moscow_suburb_small_17_79302_40871.png,1.0,"{""2"": 35322, ""3"": 27347, ""4"": 2867}",Overture Maps,17,EPSG:4326,"max_class_share=0.54,fg_share=1.00"
moscow_suburb_small_17_79303_40871,moscow_suburb_small,17,79303,40871,images/tiles/moscow_suburb_small_17_79303_40871.png,masks/tiles/moscow_suburb_small_17_79303_40871.png,1.0,"{""2"": 38141, ""3"": 22415, ""4"": 4980}",Overture Maps,17,EPSG:4326,"max_class_share=0.58,fg_share=1.00"
moscow_suburb_small_17_79304_40871,moscow_suburb_small,17,79304,40871,images/tiles/moscow_suburb_small_17_79304_40871.png,masks/tiles/moscow_suburb_small_17_79304_40871.png,1.0,"{""2"": 43750, ""3"": 13446, ""4"": 8340}",Overture Maps,17,EPSG:4326,"max_class_share=0.67,fg_share=1.00"
moscow_suburb_small_17_79305_40871,moscow_suburb_small,17,79305,40871,images/tiles/moscow_suburb_small_17_79305_40871.png,masks/tiles/moscow_suburb_small_17_79305_40871.png,1.0,"{""2"": 41856, ""3"": 14615, ""4"": 9065}",Overture Maps,17,EPSG:4326,"max_class_share=0.64,fg_share=1.00"
moscow_suburb_small_17_79306_40871,moscow_suburb_small,17,79306,40871,images/tiles/moscow_suburb_small_17_79306_40871.png,masks/tiles/moscow_suburb_small_17_79306_40871.png,1.0,"{""2"": 43059, ""3"": 13930, ""4"": 8547}",Overture Maps,17,EPSG:4326,"max_class_share=0.66,fg_share=1.00"
moscow_suburb_small_17_79307_40871,moscow_suburb_small,17,79307,40871,images/tiles/moscow_suburb_small_17_79307_40871.png,masks/tiles/moscow_suburb_small_17_79307_40871.png,1.0,"{""2"": 43802, ""3"": 14278, ""4"": 7456}",Overture Maps,17,EPSG:4326,"max_class_share=0.67,fg_share=1.00"
moscow_suburb_small_17_79308_40871,moscow_suburb_small,17,79308,40871,images/tiles/moscow_suburb_small_17_79308_40871.png,masks/tiles/moscow_suburb_small_17_79308_40871.png,1.0,"{""2"": 38634, ""3"": 19132, ""4"": 7770}",Overture Maps,17,EPSG:4326,"max_class_share=0.59,fg_share=1.00"
moscow_suburb_small_17_79309_40871,moscow_suburb_small,17,79309,40871,images/tiles/moscow_suburb_small_17_79309_40871.png,masks/tiles/moscow_suburb_small_17_79309_40871.png,1.0,"{""2"": 49973, ""3"": 6391, ""4"": 9172}",Overture Maps,17,EPSG:4326,"max_class_share=0.76,fg_share=1.00"
moscow_suburb_small_17_79310_40871,moscow_suburb_small,17,79310,40871,images/tiles/moscow_suburb_small_17_79310_40871.png,masks/tiles/moscow_suburb_small_17_79310_40871.png,1.0,"{""2"": 61770, ""3"": 571, ""4"": 3195}",Overture Maps,17,EPSG:4326,"max_class_share=0.94,fg_share=1.00"
moscow_suburb_small_17_79311_40871,moscow_suburb_small,17,79311,40871,images/tiles/moscow_suburb_small_17_79311_40871.png,masks/tiles/moscow_suburb_small_17_79311_40871.png,1.0,"{""1"": 442, ""2"": 58104, ""3"": 1664, ""4"": 5326}",Overture Maps,17,EPSG:4326,"max_class_share=0.89,fg_share=1.00"
moscow_suburb_small_17_79312_40871,moscow_suburb_small,17,79312,40871,images/tiles/moscow_suburb_small_17_79312_40871.png,masks/tiles/moscow_suburb_small_17_79312_40871.png,1.0,"{""2"": 43161, ""3"": 13521, ""4"": 8854}",Overture Maps,17,EPSG:4326,"max_class_share=0.66,fg_share=1.00"
moscow_suburb_small_17_79313_40871,moscow_suburb_small,17,79313,40871,images/tiles/moscow_suburb_small_17_79313_40871.png,masks/tiles/moscow_suburb_small_17_79313_40871.png,1.0,"{""2"": 39505, ""3"": 17524, ""4"": 8507}",Overture Maps,17,EPSG:4326,"max_class_share=0.60,fg_share=1.00"
moscow_suburb_small_17_79314_40871,moscow_suburb_small,17,79314,40871,images/tiles/moscow_suburb_small_17_79314_40871.png,masks/tiles/moscow_suburb_small_17_79314_40871.png,1.0,"{""2"": 41972, ""3"": 17345, ""4"": 6219}",Overture Maps,17,EPSG:4326,"max_class_share=0.64,fg_share=1.00"
moscow_suburb_small_17_79315_40871,moscow_suburb_small,17,79315,40871,images/tiles/moscow_suburb_small_17_79315_40871.png,masks/tiles/moscow_suburb_small_17_79315_40871.png,1.0,"{""2"": 35777, ""3"": 21775, ""4"": 7984}",Overture Maps,17,EPSG:4326,"max_class_share=0.55,fg_share=1.00"
moscow_suburb_small_17_79316_40871,moscow_suburb_small,17,79316,40871,images/tiles/moscow_suburb_small_17_79316_40871.png,masks/tiles/moscow_suburb_small_17_79316_40871.png,1.0,"{""2"": 28825, ""3"": 32298, ""4"": 4413}",Overture Maps,17,EPSG:4326,"max_class_share=0.49,fg_share=1.00"
moscow_suburb_small_17_79317_40871,moscow_suburb_small,17,79317,40871,images/tiles/moscow_suburb_small_17_79317_40871.png,masks/tiles/moscow_suburb_small_17_79317_40871.png,1.0,"{""1"": 1540, ""2"": 44202, ""3"": 10891, ""4"": 8903}",Overture Maps,17,EPSG:4326,"max_class_share=0.67,fg_share=1.00"
moscow_suburb_small_17_79318_40871,moscow_suburb_small,17,79318,40871,images/tiles/moscow_suburb_small_17_79318_40871.png,masks/tiles/moscow_suburb_small_17_79318_40871.png,1.0,"{""2"": 48975, ""3"": 7681, ""4"": 8880}",Overture Maps,17,EPSG:4326,"max_class_share=0.75,fg_share=1.00"
moscow_suburb_small_17_79319_40871,moscow_suburb_small,17,79319,40871,images/tiles/moscow_suburb_small_17_79319_40871.png,masks/tiles/moscow_suburb_small_17_79319_40871.png,1.0,"{""2"": 35879, ""3"": 17284, ""4"": 12373}",Overture Maps,17,EPSG:4326,"max_class_share=0.55,fg_share=1.00"
moscow_suburb_small_17_79320_40871,moscow_suburb_small,17,79320,40871,images/tiles/moscow_suburb_small_17_79320_40871.png,masks/tiles/moscow_suburb_small_17_79320_40871.png,1.0,"{""2"": 50847, ""3"": 8127, ""4"": 6562}",Overture Maps,17,EPSG:4326,"max_class_share=0.78,fg_share=1.00"
moscow_suburb_small_17_79294_40872,moscow_suburb_small,17,79294,40872,images/tiles/moscow_suburb_small_17_79294_40872.png,masks/tiles/moscow_suburb_small_17_79294_40872.png,1.0,"{""2"": 56880, ""3"": 6343, ""4"": 2313}",Overture Maps,17,EPSG:4326,"max_class_share=0.87,fg_share=1.00"
moscow_suburb_small_17_79295_40872,moscow_suburb_small,17,79295,40872,images/tiles/moscow_suburb_small_17_79295_40872.png,masks/tiles/moscow_suburb_small_17_79295_40872.png,1.0,"{""2"": 45380, ""3"": 20156}",Overture Maps,17,EPSG:4326,"max_class_share=0.69,fg_share=1.00"
moscow_suburb_small_17_79296_40872,moscow_suburb_small,17,79296,40872,images/tiles/moscow_suburb_small_17_79296_40872.png,masks/tiles/moscow_suburb_small_17_79296_40872.png,1.0,"{""2"": 48068, ""3"": 15243, ""4"": 2225}",Overture Maps,17,EPSG:4326,"max_class_share=0.73,fg_share=1.00"
moscow_suburb_small_17_79297_40872,moscow_suburb_small,17,79297,40872,images/tiles/moscow_suburb_small_17_79297_40872.png,masks/tiles/moscow_suburb_small_17_79297_40872.png,1.0,"{""2"": 39037, ""3"": 23141, ""4"": 3358}",Overture Maps,17,EPSG:4326,"max_class_share=0.60,fg_share=1.00"
moscow_suburb_small_17_79298_40872,moscow_suburb_small,17,79298,40872,images/tiles/moscow_suburb_small_17_79298_40872.png,masks/tiles/moscow_suburb_small_17_79298_40872.png,1.0,"{""2"": 45643, ""3"": 17769, ""4"": 2124}",Overture Maps,17,EPSG:4326,"max_class_share=0.70,fg_share=1.00"
moscow_suburb_small_17_79299_40872,moscow_suburb_small,17,79299,40872,images/tiles/moscow_suburb_small_17_79299_40872.png,masks/tiles/moscow_suburb_small_17_79299_40872.png,1.0,"{""2"": 47327, ""3"": 16357, ""4"": 1852}",Overture Maps,17,EPSG:4326,"max_class_share=0.72,fg_share=1.00"
moscow_suburb_small_17_79300_40872,moscow_suburb_small,17,79300,40872,images/tiles/moscow_suburb_small_17_79300_40872.png,masks/tiles/moscow_suburb_small_17_79300_40872.png,1.0,"{""2"": 43179, ""3"": 20614, ""4"": 1743}",Overture Maps,17,EPSG:4326,"max_class_share=0.66,fg_share=1.00"
moscow_suburb_small_17_79301_40872,moscow_suburb_small,17,79301,40872,images/tiles/moscow_suburb_small_17_79301_40872.png,masks/tiles/moscow_suburb_small_17_79301_40872.png,1.0,"{""2"": 34147, ""3"": 31389}",Overture Maps,17,EPSG:4326,"max_class_share=0.52,fg_share=1.00"
moscow_suburb_small_17_79302_40872,moscow_suburb_small,17,79302,40872,images/tiles/moscow_suburb_small_17_79302_40872.png,masks/tiles/moscow_suburb_small_17_79302_40872.png,1.0,"{""2"": 44849, ""3"": 14664, ""4"": 6023}",Overture Maps,17,EPSG:4326,"max_class_share=0.68,fg_share=1.00"
moscow_suburb_small_17_79303_40872,moscow_suburb_small,17,79303,40872,images/tiles/moscow_suburb_small_17_79303_40872.png,masks/tiles/moscow_suburb_small_17_79303_40872.png,1.0,"{""2"": 46672, ""3"": 12193, ""4"": 6671}",Overture Maps,17,EPSG:4326,"max_class_share=0.71,fg_share=1.00"
moscow_suburb_small_17_79304_40872,moscow_suburb_small,17,79304,40872,images/tiles/moscow_suburb_small_17_79304_40872.png,masks/tiles/moscow_suburb_small_17_79304_40872.png,1.0,"{""2"": 54556, ""3"": 7081, ""4"": 3899}",Overture Maps,17,EPSG:4326,"max_class_share=0.83,fg_share=1.00"
moscow_suburb_small_17_79305_40872,moscow_suburb_small,17,79305,40872,images/tiles/moscow_suburb_small_17_79305_40872.png,masks/tiles/moscow_suburb_small_17_79305_40872.png,1.0,"{""2"": 38197, ""3"": 18356, ""4"": 8983}",Overture Maps,17,EPSG:4326,"max_class_share=0.58,fg_share=1.00"
moscow_suburb_small_17_79306_40872,moscow_suburb_small,17,79306,40872,images/tiles/moscow_suburb_small_17_79306_40872.png,masks/tiles/moscow_suburb_small_17_79306_40872.png,1.0,"{""2"": 40862, ""3"": 13956, ""4"": 10718}",Overture Maps,17,EPSG:4326,"max_class_share=0.62,fg_share=1.00"
moscow_suburb_small_17_79307_40872,moscow_suburb_small,17,79307,40872,images/tiles/moscow_suburb_small_17_79307_40872.png,masks/tiles/moscow_suburb_small_17_79307_40872.png,1.0,"{""2"": 21401, ""3"": 41813, ""4"": 2322}",Overture Maps,17,EPSG:4326,"max_class_share=0.64,fg_share=1.00"
moscow_suburb_small_17_79308_40872,moscow_suburb_small,17,79308,40872,images/tiles/moscow_suburb_small_17_79308_40872.png,masks/tiles/moscow_suburb_small_17_79308_40872.png,1.0,"{""2"": 40955, ""3"": 16302, ""4"": 8279}",Overture Maps,17,EPSG:4326,"max_class_share=0.62,fg_share=1.00"
moscow_suburb_small_17_79309_40872,moscow_suburb_small,17,79309,40872,images/tiles/moscow_suburb_small_17_79309_40872.png,masks/tiles/moscow_suburb_small_17_79309_40872.png,1.0,"{""2"": 50283, ""3"": 5758, ""4"": 9495}",Overture Maps,17,EPSG:4326,"max_class_share=0.77,fg_share=1.00"
moscow_suburb_small_17_79311_40872,moscow_suburb_small,17,79311,40872,images/tiles/moscow_suburb_small_17_79311_40872.png,masks/tiles/moscow_suburb_small_17_79311_40872.png,1.0,"{""1"": 281, ""2"": 58102, ""3"": 3100, ""4"": 4053}",Overture Maps,17,EPSG:4326,"max_class_share=0.89,fg_share=1.00"
moscow_suburb_small_17_79312_40872,moscow_suburb_small,17,79312,40872,images/tiles/moscow_suburb_small_17_79312_40872.png,masks/tiles/moscow_suburb_small_17_79312_40872.png,1.0,"{""1"": 229, ""2"": 55790, ""3"": 7734, ""4"": 1783}",Overture Maps,17,EPSG:4326,"max_class_share=0.85,fg_share=1.00"
moscow_suburb_small_17_79313_40872,moscow_suburb_small,17,79313,40872,images/tiles/moscow_suburb_small_17_79313_40872.png,masks/tiles/moscow_suburb_small_17_79313_40872.png,1.0,"{""2"": 44775, ""3"": 16694, ""4"": 4067}",Overture Maps,17,EPSG:4326,"max_class_share=0.68,fg_share=1.00"
moscow_suburb_small_17_79314_40872,moscow_suburb_small,17,79314,40872,images/tiles/moscow_suburb_small_17_79314_40872.png,masks/tiles/moscow_suburb_small_17_79314_40872.png,1.0,"{""2"": 41454, ""3"": 20105, ""4"": 3977}",Overture Maps,17,EPSG:4326,"max_class_share=0.63,fg_share=1.00"
moscow_suburb_small_17_79315_40872,moscow_suburb_small,17,79315,40872,images/tiles/moscow_suburb_small_17_79315_40872.png,masks/tiles/moscow_suburb_small_17_79315_40872.png,1.0,"{""2"": 36731, ""3"": 25963, ""4"": 2842}",Overture Maps,17,EPSG:4326,"max_class_share=0.56,fg_share=1.00"
moscow_suburb_small_17_79316_40872,moscow_suburb_small,17,79316,40872,images/tiles/moscow_suburb_small_17_79316_40872.png,masks/tiles/moscow_suburb_small_17_79316_40872.png,1.0,"{""2"": 36255, ""3"": 27275, ""4"": 2006}",Overture Maps,17,EPSG:4326,"max_class_share=0.55,fg_share=1.00"
moscow_suburb_small_17_79317_40872,moscow_suburb_small,17,79317,40872,images/tiles/moscow_suburb_small_17_79317_40872.png,masks/tiles/moscow_suburb_small_17_79317_40872.png,1.0,"{""1"": 15011, ""2"": 28516, ""3"": 18468, ""4"": 3541}",Overture Maps,17,EPSG:4326,"max_class_share=0.44,fg_share=1.00"
moscow_suburb_small_17_79318_40872,moscow_suburb_small,17,79318,40872,images/tiles/moscow_suburb_small_17_79318_40872.png,masks/tiles/moscow_suburb_small_17_79318_40872.png,1.0,"{""2"": 52214, ""3"": 7428, ""4"": 5894}",Overture Maps,17,EPSG:4326,"max_class_share=0.80,fg_share=1.00"
moscow_suburb_small_17_79319_40872,moscow_suburb_small,17,79319,40872,images/tiles/moscow_suburb_small_17_79319_40872.png,masks/tiles/moscow_suburb_small_17_79319_40872.png,1.0,"{""2"": 41375, ""3"": 17913, ""4"": 6248}",Overture Maps,17,EPSG:4326,"max_class_share=0.63,fg_share=1.00"
moscow_suburb_small_17_79320_40872,moscow_suburb_small,17,79320,40872,images/tiles/moscow_suburb_small_17_79320_40872.png,masks/tiles/moscow_suburb_small_17_79320_40872.png,1.0,"{""2"": 52825, ""3"": 8777, ""4"": 3934}",Overture Maps,17,EPSG:4326,"max_class_share=0.81,fg_share=1.00"
moscow_suburb_small_17_79294_40873,moscow_suburb_small,17,79294,40873,images/tiles/moscow_suburb_small_17_79294_40873.png,masks/tiles/moscow_suburb_small_17_79294_40873.png,1.0,"{""2"": 58549, ""3"": 4691, ""4"": 2296}",Overture Maps,17,EPSG:4326,"max_class_share=0.89,fg_share=1.00"
moscow_suburb_small_17_79295_40873,moscow_suburb_small,17,79295,40873,images/tiles/moscow_suburb_small_17_79295_40873.png,masks/tiles/moscow_suburb_small_17_79295_40873.png,1.0,"{""2"": 45878, ""3"": 19658}",Overture Maps,17,EPSG:4326,"max_class_share=0.70,fg_share=1.00"
moscow_suburb_small_17_79296_40873,moscow_suburb_small,17,79296,40873,images/tiles/moscow_suburb_small_17_79296_40873.png,masks/tiles/moscow_suburb_small_17_79296_40873.png,1.0,"{""2"": 54413, ""3"": 8551, ""4"": 2572}",Overture Maps,17,EPSG:4326,"max_class_share=0.83,fg_share=1.00"
moscow_suburb_small_17_79297_40873,moscow_suburb_small,17,79297,40873,images/tiles/moscow_suburb_small_17_79297_40873.png,masks/tiles/moscow_suburb_small_17_79297_40873.png,1.0,"{""2"": 32642, ""3"": 30310, ""4"": 2584}",Overture Maps,17,EPSG:4326,"max_class_share=0.50,fg_share=1.00"
moscow_suburb_small_17_79298_40873,moscow_suburb_small,17,79298,40873,images/tiles/moscow_suburb_small_17_79298_40873.png,masks/tiles/moscow_suburb_small_17_79298_40873.png,1.0,"{""2"": 9021, ""3"": 55313, ""4"": 1202}",Overture Maps,17,EPSG:4326,"max_class_share=0.84,fg_share=1.00"
moscow_suburb_small_17_79299_40873,moscow_suburb_small,17,79299,40873,images/tiles/moscow_suburb_small_17_79299_40873.png,masks/tiles/moscow_suburb_small_17_79299_40873.png,1.0,"{""2"": 37170, ""3"": 28366}",Overture Maps,17,EPSG:4326,"max_class_share=0.57,fg_share=1.00"
moscow_suburb_small_17_79300_40873,moscow_suburb_small,17,79300,40873,images/tiles/moscow_suburb_small_17_79300_40873.png,masks/tiles/moscow_suburb_small_17_79300_40873.png,1.0,"{""2"": 39034, ""3"": 24976, ""4"": 1526}",Overture Maps,17,EPSG:4326,"max_class_share=0.60,fg_share=1.00"
moscow_suburb_small_17_79301_40873,moscow_suburb_small,17,79301,40873,images/tiles/moscow_suburb_small_17_79301_40873.png,masks/tiles/moscow_suburb_small_17_79301_40873.png,1.0,"{""2"": 41855, ""3"": 23681}",Overture Maps,17,EPSG:4326,"max_class_share=0.64,fg_share=1.00"
moscow_suburb_small_17_79302_40873,moscow_suburb_small,17,79302,40873,images/tiles/moscow_suburb_small_17_79302_40873.png,masks/tiles/moscow_suburb_small_17_79302_40873.png,1.0,"{""2"": 56199, ""3"": 4696, ""4"": 4641}",Overture Maps,17,EPSG:4326,"max_class_share=0.86,fg_share=1.00"
moscow_suburb_small_17_79304_40873,moscow_suburb_small,17,79304,40873,images/tiles/moscow_suburb_small_17_79304_40873.png,masks/tiles/moscow_suburb_small_17_79304_40873.png,1.0,"{""2"": 62226, ""4"": 3310}",Overture Maps,17,EPSG:4326,"max_class_share=0.95,fg_share=1.00"
moscow_suburb_small_17_79305_40873,moscow_suburb_small,17,79305,40873,images/tiles/moscow_suburb_small_17_79305_40873.png,masks/tiles/moscow_suburb_small_17_79305_40873.png,1.0,"{""2"": 45160, ""3"": 12795, ""4"": 7581}",Overture Maps,17,EPSG:4326,"max_class_share=0.69,fg_share=1.00"
moscow_suburb_small_17_79306_40873,moscow_suburb_small,17,79306,40873,images/tiles/moscow_suburb_small_17_79306_40873.png,masks/tiles/moscow_suburb_small_17_79306_40873.png,1.0,"{""2"": 42990, ""3"": 15307, ""4"": 7239}",Overture Maps,17,EPSG:4326,"max_class_share=0.66,fg_share=1.00"
moscow_suburb_small_17_79307_40873,moscow_suburb_small,17,79307,40873,images/tiles/moscow_suburb_small_17_79307_40873.png,masks/tiles/moscow_suburb_small_17_79307_40873.png,1.0,"{""2"": 44714, ""3"": 15295, ""4"": 5527}",Overture Maps,17,EPSG:4326,"max_class_share=0.68,fg_share=1.00"
moscow_suburb_small_17_79308_40873,moscow_suburb_small,17,79308,40873,images/tiles/moscow_suburb_small_17_79308_40873.png,masks/tiles/moscow_suburb_small_17_79308_40873.png,1.0,"{""2"": 43435, ""3"": 14946, ""4"": 7155}",Overture Maps,17,EPSG:4326,"max_class_share=0.66,fg_share=1.00"
moscow_suburb_small_17_79309_40873,moscow_suburb_small,17,79309,40873,images/tiles/moscow_suburb_small_17_79309_40873.png,masks/tiles/moscow_suburb_small_17_79309_40873.png,1.0,"{""2"": 46499, ""3"": 14081, ""4"": 4956}",Overture Maps,17,EPSG:4326,"max_class_share=0.71,fg_share=1.00"
moscow_suburb_small_17_79310_40873,moscow_suburb_small,17,79310,40873,images/tiles/moscow_suburb_small_17_79310_40873.png,masks/tiles/moscow_suburb_small_17_79310_40873.png,1.0,"{""2"": 59457, ""3"": 3819, ""4"": 2260}",Overture Maps,17,EPSG:4326,"max_class_share=0.91,fg_share=1.00"
moscow_suburb_small_17_79311_40873,moscow_suburb_small,17,79311,40873,images/tiles/moscow_suburb_small_17_79311_40873.png,masks/tiles/moscow_suburb_small_17_79311_40873.png,1.0,"{""2"": 51768, ""3"": 9370, ""4"": 4398}",Overture Maps,17,EPSG:4326,"max_class_share=0.79,fg_share=1.00"
moscow_suburb_small_17_79312_40873,moscow_suburb_small,17,79312,40873,images/tiles/moscow_suburb_small_17_79312_40873.png,masks/tiles/moscow_suburb_small_17_79312_40873.png,1.0,"{""1"": 512, ""2"": 61030, ""3"": 684, ""4"": 3310}",Overture Maps,17,EPSG:4326,"max_class_share=0.93,fg_share=1.00"
moscow_suburb_small_17_79313_40873,moscow_suburb_small,17,79313,40873,images/tiles/moscow_suburb_small_17_79313_40873.png,masks/tiles/moscow_suburb_small_17_79313_40873.png,1.0,"{""2"": 36992, ""3"": 27385, ""4"": 1159}",Overture Maps,17,EPSG:4326,"max_class_share=0.56,fg_share=1.00"
moscow_suburb_small_17_79314_40873,moscow_suburb_small,17,79314,40873,images/tiles/moscow_suburb_small_17_79314_40873.png,masks/tiles/moscow_suburb_small_17_79314_40873.png,1.0,"{""2"": 39377, ""3"": 21715, ""4"": 4444}",Overture Maps,17,EPSG:4326,"max_class_share=0.60,fg_share=1.00"
moscow_suburb_small_17_79315_40873,moscow_suburb_small,17,79315,40873,images/tiles/moscow_suburb_small_17_79315_40873.png,masks/tiles/moscow_suburb_small_17_79315_40873.png,1.0,"{""2"": 41619, ""3"": 21248, ""4"": 2669}",Overture Maps,17,EPSG:4326,"max_class_share=0.64,fg_share=1.00"
moscow_suburb_small_17_79316_40873,moscow_suburb_small,17,79316,40873,images/tiles/moscow_suburb_small_17_79316_40873.png,masks/tiles/moscow_suburb_small_17_79316_40873.png,1.0,"{""2"": 25093, ""3"": 37057, ""4"": 3386}",Overture Maps,17,EPSG:4326,"max_class_share=0.57,fg_share=1.00"
moscow_suburb_small_17_79317_40873,moscow_suburb_small,17,79317,40873,images/tiles/moscow_suburb_small_17_79317_40873.png,masks/tiles/moscow_suburb_small_17_79317_40873.png,1.0,"{""2"": 21586, ""3"": 39144, ""4"": 4806}",Overture Maps,17,EPSG:4326,"max_class_share=0.60,fg_share=1.00"
moscow_suburb_small_17_79318_40873,moscow_suburb_small,17,79318,40873,images/tiles/moscow_suburb_small_17_79318_40873.png,masks/tiles/moscow_suburb_small_17_79318_40873.png,1.0,"{""2"": 41029, ""3"": 19379, ""4"": 5128}",Overture Maps,17,EPSG:4326,"max_class_share=0.63,fg_share=1.00"
moscow_suburb_small_17_79319_40873,moscow_suburb_small,17,79319,40873,images/tiles/moscow_suburb_small_17_79319_40873.png,masks/tiles/moscow_suburb_small_17_79319_40873.png,1.0,"{""2"": 53168, ""3"": 8696, ""4"": 3672}",Overture Maps,17,EPSG:4326,"max_class_share=0.81,fg_share=1.00"
moscow_suburb_small_17_79320_40873,moscow_suburb_small,17,79320,40873,images/tiles/moscow_suburb_small_17_79320_40873.png,masks/tiles/moscow_suburb_small_17_79320_40873.png,1.0,"{""2"": 48748, ""3"": 13041, ""4"": 3747}",Overture Maps,17,EPSG:4326,"max_class_share=0.74,fg_share=1.00"
moscow_suburb_small_17_79295_40874,moscow_suburb_small,17,79295,40874,images/tiles/moscow_suburb_small_17_79295_40874.png,masks/tiles/moscow_suburb_small_17_79295_40874.png,1.0,"{""2"": 58648, ""3"": 6888}",Overture Maps,17,EPSG:4326,"max_class_share=0.89,fg_share=1.00"
moscow_suburb_small_17_79296_40874,moscow_suburb_small,17,79296,40874,images/tiles/moscow_suburb_small_17_79296_40874.png,masks/tiles/moscow_suburb_small_17_79296_40874.png,1.0,"{""2"": 47330, ""3"": 17976, ""4"": 230}",Overture Maps,17,EPSG:4326,"max_class_share=0.72,fg_share=1.00"
moscow_suburb_small_17_79297_40874,moscow_suburb_small,17,79297,40874,images/tiles/moscow_suburb_small_17_79297_40874.png,masks/tiles/moscow_suburb_small_17_79297_40874.png,1.0,"{""2"": 51392, ""3"": 12616, ""4"": 1528}",Overture Maps,17,EPSG:4326,"max_class_share=0.78,fg_share=1.00"
moscow_suburb_small_17_79298_40874,moscow_suburb_small,17,79298,40874,images/tiles/moscow_suburb_small_17_79298_40874.png,masks/tiles/moscow_suburb_small_17_79298_40874.png,1.0,"{""2"": 52110, ""3"": 13426}",Overture Maps,17,EPSG:4326,"max_class_share=0.80,fg_share=1.00"
moscow_suburb_small_17_79299_40874,moscow_suburb_small,17,79299,40874,images/tiles/moscow_suburb_small_17_79299_40874.png,masks/tiles/moscow_suburb_small_17_79299_40874.png,1.0,"{""2"": 43434, ""3"": 22102}",Overture Maps,17,EPSG:4326,"max_class_share=0.66,fg_share=1.00"
moscow_suburb_small_17_79300_40874,moscow_suburb_small,17,79300,40874,images/tiles/moscow_suburb_small_17_79300_40874.png,masks/tiles/moscow_suburb_small_17_79300_40874.png,1.0,"{""2"": 56366, ""3"": 8229, ""4"": 941}",Overture Maps,17,EPSG:4326,"max_class_share=0.86,fg_share=1.00"
moscow_suburb_small_17_79301_40874,moscow_suburb_small,17,79301,40874,images/tiles/moscow_suburb_small_17_79301_40874.png,masks/tiles/moscow_suburb_small_17_79301_40874.png,1.0,"{""2"": 19965, ""3"": 45571}",Overture Maps,17,EPSG:4326,"max_class_share=0.70,fg_share=1.00"
moscow_suburb_small_17_79305_40874,moscow_suburb_small,17,79305,40874,images/tiles/moscow_suburb_small_17_79305_40874.png,masks/tiles/moscow_suburb_small_17_79305_40874.png,1.0,"{""2"": 45189, ""3"": 13187, ""4"": 7160}",Overture Maps,17,EPSG:4326,"max_class_share=0.69,fg_share=1.00"
moscow_suburb_small_17_79306_40874,moscow_suburb_small,17,79306,40874,images/tiles/moscow_suburb_small_17_79306_40874.png,masks/tiles/moscow_suburb_small_17_79306_40874.png,1.0,"{""2"": 43310, ""3"": 16859, ""4"": 5367}",Overture Maps,17,EPSG:4326,"max_class_share=0.66,fg_share=1.00"
moscow_suburb_small_17_79307_40874,moscow_suburb_small,17,79307,40874,images/tiles/moscow_suburb_small_17_79307_40874.png,masks/tiles/moscow_suburb_small_17_79307_40874.png,1.0,"{""2"": 43912, ""3"": 16104, ""4"": 5520}",Overture Maps,17,EPSG:4326,"max_class_share=0.67,fg_share=1.00"
moscow_suburb_small_17_79308_40874,moscow_suburb_small,17,79308,40874,images/tiles/moscow_suburb_small_17_79308_40874.png,masks/tiles/moscow_suburb_small_17_79308_40874.png,1.0,"{""2"": 42544, ""3"": 14316, ""4"": 8676}",Overture Maps,17,EPSG:4326,"max_class_share=0.65,fg_share=1.00"
moscow_suburb_small_17_79309_40874,moscow_suburb_small,17,79309,40874,images/tiles/moscow_suburb_small_17_79309_40874.png,masks/tiles/moscow_suburb_small_17_79309_40874.png,1.0,"{""2"": 49156, ""3"": 10218, ""4"": 6162}",Overture Maps,17,EPSG:4326,"max_class_share=0.75,fg_share=1.00"
moscow_suburb_small_17_79312_40874,moscow_suburb_small,17,79312,40874,images/tiles/moscow_suburb_small_17_79312_40874.png,masks/tiles/moscow_suburb_small_17_79312_40874.png,1.0,"{""1"": 507, ""2"": 60970, ""4"": 4059}",Overture Maps,17,EPSG:4326,"max_class_share=0.93,fg_share=1.00"
moscow_suburb_small_17_79313_40874,moscow_suburb_small,17,79313,40874,images/tiles/moscow_suburb_small_17_79313_40874.png,masks/tiles/moscow_suburb_small_17_79313_40874.png,1.0,"{""2"": 54577, ""3"": 7551, ""4"": 3408}",Overture Maps,17,EPSG:4326,"max_class_share=0.83,fg_share=1.00"
moscow_suburb_small_17_79314_40874,moscow_suburb_small,17,79314,40874,images/tiles/moscow_suburb_small_17_79314_40874.png,masks/tiles/moscow_suburb_small_17_79314_40874.png,1.0,"{""2"": 53734, ""3"": 9476, ""4"": 2326}",Overture Maps,17,EPSG:4326,"max_class_share=0.82,fg_share=1.00"
moscow_suburb_small_17_79315_40874,moscow_suburb_small,17,79315,40874,images/tiles/moscow_suburb_small_17_79315_40874.png,masks/tiles/moscow_suburb_small_17_79315_40874.png,1.0,"{""2"": 36373, ""3"": 23467, ""4"": 5696}",Overture Maps,17,EPSG:4326,"max_class_share=0.56,fg_share=1.00"
moscow_suburb_small_17_79316_40874,moscow_suburb_small,17,79316,40874,images/tiles/moscow_suburb_small_17_79316_40874.png,masks/tiles/moscow_suburb_small_17_79316_40874.png,1.0,"{""2"": 33520, ""3"": 28113, ""4"": 3903}",Overture Maps,17,EPSG:4326,"max_class_share=0.51,fg_share=1.00"
moscow_suburb_small_17_79317_40874,moscow_suburb_small,17,79317,40874,images/tiles/moscow_suburb_small_17_79317_40874.png,masks/tiles/moscow_suburb_small_17_79317_40874.png,1.0,"{""2"": 41951, ""3"": 16742, ""4"": 6843}",Overture Maps,17,EPSG:4326,"max_class_share=0.64,fg_share=1.00"
moscow_suburb_small_17_79318_40874,moscow_suburb_small,17,79318,40874,images/tiles/moscow_suburb_small_17_79318_40874.png,masks/tiles/moscow_suburb_small_17_79318_40874.png,1.0,"{""2"": 54719, ""3"": 7684, ""4"": 3133}",Overture Maps,17,EPSG:4326,"max_class_share=0.83,fg_share=1.00"
moscow_suburb_small_17_79319_40874,moscow_suburb_small,17,79319,40874,images/tiles/moscow_suburb_small_17_79319_40874.png,masks/tiles/moscow_suburb_small_17_79319_40874.png,1.0,"{""2"": 48213, ""3"": 15887, ""4"": 1436}",Overture Maps,17,EPSG:4326,"max_class_share=0.74,fg_share=1.00"
moscow_suburb_small_17_79320_40874,moscow_suburb_small,17,79320,40874,images/tiles/moscow_suburb_small_17_79320_40874.png,masks/tiles/moscow_suburb_small_17_79320_40874.png,1.0,"{""2"": 56281, ""3"": 7554, ""4"": 1701}",Overture Maps,17,EPSG:4326,"max_class_share=0.86,fg_share=1.00"
moscow_suburb_small_17_79294_40875,moscow_suburb_small,17,79294,40875,images/tiles/moscow_suburb_small_17_79294_40875.png,masks/tiles/moscow_suburb_small_17_79294_40875.png,1.0,"{""2"": 58353, ""3"": 4022, ""4"": 3161}",Overture Maps,17,EPSG:4326,"max_class_share=0.89,fg_share=1.00"
moscow_suburb_small_17_79295_40875,moscow_suburb_small,17,79295,40875,images/tiles/moscow_suburb_small_17_79295_40875.png,masks/tiles/moscow_suburb_small_17_79295_40875.png,1.0,"{""2"": 35891, ""3"": 27109, ""4"": 2536}",Overture Maps,17,EPSG:4326,"max_class_share=0.55,fg_share=1.00"
moscow_suburb_small_17_79296_40875,moscow_suburb_small,17,79296,40875,images/tiles/moscow_suburb_small_17_79296_40875.png,masks/tiles/moscow_suburb_small_17_79296_40875.png,1.0,"{""2"": 50784, ""3"": 14752}",Overture Maps,17,EPSG:4326,"max_class_share=0.77,fg_share=1.00"
moscow_suburb_small_17_79297_40875,moscow_suburb_small,17,79297,40875,images/tiles/moscow_suburb_small_17_79297_40875.png,masks/tiles/moscow_suburb_small_17_79297_40875.png,1.0,"{""2"": 29217, ""3"": 31361, ""4"": 4958}",Overture Maps,17,EPSG:4326,"max_class_share=0.48,fg_share=1.00"
moscow_suburb_small_17_79298_40875,moscow_suburb_small,17,79298,40875,images/tiles/moscow_suburb_small_17_79298_40875.png,masks/tiles/moscow_suburb_small_17_79298_40875.png,1.0,"{""2"": 47542, ""3"": 17547, ""4"": 447}",Overture Maps,17,EPSG:4326,"max_class_share=0.73,fg_share=1.00"
moscow_suburb_small_17_79299_40875,moscow_suburb_small,17,79299,40875,images/tiles/moscow_suburb_small_17_79299_40875.png,masks/tiles/moscow_suburb_small_17_79299_40875.png,1.0,"{""2"": 46738, ""3"": 18798}",Overture Maps,17,EPSG:4326,"max_class_share=0.71,fg_share=1.00"
moscow_suburb_small_17_79300_40875,moscow_suburb_small,17,79300,40875,images/tiles/moscow_suburb_small_17_79300_40875.png,masks/tiles/moscow_suburb_small_17_79300_40875.png,1.0,"{""2"": 50450, ""3"": 15086}",Overture Maps,17,EPSG:4326,"max_class_share=0.77,fg_share=1.00"
moscow_suburb_small_17_79301_40875,moscow_suburb_small,17,79301,40875,images/tiles/moscow_suburb_small_17_79301_40875.png,masks/tiles/moscow_suburb_small_17_79301_40875.png,1.0,"{""2"": 47098, ""3"": 18438}",Overture Maps,17,EPSG:4326,"max_class_share=0.72,fg_share=1.00"
moscow_suburb_small_17_79302_40875,moscow_suburb_small,17,79302,40875,images/tiles/moscow_suburb_small_17_79302_40875.png,masks/tiles/moscow_suburb_small_17_79302_40875.png,1.0,"{""2"": 48457, ""3"": 14297, ""4"": 2782}",Overture Maps,17,EPSG:4326,"max_class_share=0.74,fg_share=1.00"
moscow_suburb_small_17_79303_40875,moscow_suburb_small,17,79303,40875,images/tiles/moscow_suburb_small_17_79303_40875.png,masks/tiles/moscow_suburb_small_17_79303_40875.png,1.0,"{""2"": 44432, ""3"": 19803, ""4"": 1301}",Overture Maps,17,EPSG:4326,"max_class_share=0.68,fg_share=1.00"
moscow_suburb_small_17_79304_40875,moscow_suburb_small,17,79304,40875,images/tiles/moscow_suburb_small_17_79304_40875.png,masks/tiles/moscow_suburb_small_17_79304_40875.png,1.0,"{""2"": 44413, ""3"": 18900, ""4"": 2223}",Overture Maps,17,EPSG:4326,"max_class_share=0.68,fg_share=1.00"
moscow_suburb_small_17_79305_40875,moscow_suburb_small,17,79305,40875,images/tiles/moscow_suburb_small_17_79305_40875.png,masks/tiles/moscow_suburb_small_17_79305_40875.png,1.0,"{""2"": 48034, ""3"": 10666, ""4"": 6836}",Overture Maps,17,EPSG:4326,"max_class_share=0.73,fg_share=1.00"
moscow_suburb_small_17_79306_40875,moscow_suburb_small,17,79306,40875,images/tiles/moscow_suburb_small_17_79306_40875.png,masks/tiles/moscow_suburb_small_17_79306_40875.png,1.0,"{""2"": 50365, ""3"": 10290, ""4"": 4881}",Overture Maps,17,EPSG:4326,"max_class_share=0.77,fg_share=1.00"
moscow_suburb_small_17_79307_40875,moscow_suburb_small,17,79307,40875,images/tiles/moscow_suburb_small_17_79307_40875.png,masks/tiles/moscow_suburb_small_17_79307_40875.png,1.0,"{""2"": 46082, ""3"": 13695, ""4"": 5759}",Overture Maps,17,EPSG:4326,"max_class_share=0.70,fg_share=1.00"
moscow_suburb_small_17_79308_40875,moscow_suburb_small,17,79308,40875,images/tiles/moscow_suburb_small_17_79308_40875.png,masks/tiles/moscow_suburb_small_17_79308_40875.png,1.0,"{""2"": 42892, ""3"": 12929, ""4"": 9715}",Overture Maps,17,EPSG:4326,"max_class_share=0.65,fg_share=1.00"
moscow_suburb_small_17_79309_40875,moscow_suburb_small,17,79309,40875,images/tiles/moscow_suburb_small_17_79309_40875.png,masks/tiles/moscow_suburb_small_17_79309_40875.png,1.0,"{""2"": 49796, ""3"": 6759, ""4"": 8981}",Overture Maps,17,EPSG:4326,"max_class_share=0.76,fg_share=1.00"
moscow_suburb_small_17_79310_40875,moscow_suburb_small,17,79310,40875,images/tiles/moscow_suburb_small_17_79310_40875.png,masks/tiles/moscow_suburb_small_17_79310_40875.png,1.0,"{""2"": 59886, ""3"": 859, ""4"": 4791}",Overture Maps,17,EPSG:4326,"max_class_share=0.91,fg_share=1.00"
moscow_suburb_small_17_79311_40875,moscow_suburb_small,17,79311,40875,images/tiles/moscow_suburb_small_17_79311_40875.png,masks/tiles/moscow_suburb_small_17_79311_40875.png,1.0,"{""2"": 60078, ""3"": 141, ""4"": 5317}",Overture Maps,17,EPSG:4326,"max_class_share=0.92,fg_share=1.00"
moscow_suburb_small_17_79312_40875,moscow_suburb_small,17,79312,40875,images/tiles/moscow_suburb_small_17_79312_40875.png,masks/tiles/moscow_suburb_small_17_79312_40875.png,1.0,"{""1"": 145, ""2"": 59308, ""4"": 6083}",Overture Maps,17,EPSG:4326,"max_class_share=0.90,fg_share=1.00"
moscow_suburb_small_17_79313_40875,moscow_suburb_small,17,79313,40875,images/tiles/moscow_suburb_small_17_79313_40875.png,masks/tiles/moscow_suburb_small_17_79313_40875.png,1.0,"{""1"": 331, ""2"": 57775, ""4"": 7430}",Overture Maps,17,EPSG:4326,"max_class_share=0.88,fg_share=1.00"
moscow_suburb_small_17_79314_40875,moscow_suburb_small,17,79314,40875,images/tiles/moscow_suburb_small_17_79314_40875.png,masks/tiles/moscow_suburb_small_17_79314_40875.png,1.0,"{""2"": 48233, ""3"": 13732, ""4"": 3571}",Overture Maps,17,EPSG:4326,"max_class_share=0.74,fg_share=1.00"
moscow_suburb_small_17_79315_40875,moscow_suburb_small,17,79315,40875,images/tiles/moscow_suburb_small_17_79315_40875.png,masks/tiles/moscow_suburb_small_17_79315_40875.png,1.0,"{""2"": 42868, ""3"": 18875, ""4"": 3793}",Overture Maps,17,EPSG:4326,"max_class_share=0.65,fg_share=1.00"
moscow_suburb_small_17_79316_40875,moscow_suburb_small,17,79316,40875,images/tiles/moscow_suburb_small_17_79316_40875.png,masks/tiles/moscow_suburb_small_17_79316_40875.png,1.0,"{""2"": 46617, ""3"": 15103, ""4"": 3816}",Overture Maps,17,EPSG:4326,"max_class_share=0.71,fg_share=1.00"
moscow_suburb_small_17_79317_40875,moscow_suburb_small,17,79317,40875,images/tiles/moscow_suburb_small_17_79317_40875.png,masks/tiles/moscow_suburb_small_17_79317_40875.png,1.0,"{""2"": 52554, ""3"": 9545, ""4"": 3437}",Overture Maps,17,EPSG:4326,"max_class_share=0.80,fg_share=1.00"
moscow_suburb_small_17_79318_40875,moscow_suburb_small,17,79318,40875,images/tiles/moscow_suburb_small_17_79318_40875.png,masks/tiles/moscow_suburb_small_17_79318_40875.png,1.0,"{""2"": 51376, ""3"": 7291, ""4"": 6869}",Overture Maps,17,EPSG:4326,"max_class_share=0.78,fg_share=1.00"
moscow_suburb_small_17_79319_40875,moscow_suburb_small,17,79319,40875,images/tiles/moscow_suburb_small_17_79319_40875.png,masks/tiles/moscow_suburb_small_17_79319_40875.png,1.0,"{""2"": 50947, ""3"": 7578, ""4"": 7011}",Overture Maps,17,EPSG:4326,"max_class_share=0.78,fg_share=1.00"
moscow_suburb_small_17_79320_40875,moscow_suburb_small,17,79320,40875,images/tiles/moscow_suburb_small_17_79320_40875.png,masks/tiles/moscow_suburb_small_17_79320_40875.png,1.0,"{""2"": 56439, ""3"": 4149, ""4"": 4948}",Overture Maps,17,EPSG:4326,"max_class_share=0.86,fg_share=1.00"
moscow_suburb_small_17_79294_40876,moscow_suburb_small,17,79294,40876,images/tiles/moscow_suburb_small_17_79294_40876.png,masks/tiles/moscow_suburb_small_17_79294_40876.png,1.0,"{""2"": 60242, ""3"": 2933, ""4"": 2361}",Overture Maps,17,EPSG:4326,"max_class_share=0.92,fg_share=1.00"
moscow_suburb_small_17_79295_40876,moscow_suburb_small,17,79295,40876,images/tiles/moscow_suburb_small_17_79295_40876.png,masks/tiles/moscow_suburb_small_17_79295_40876.png,1.0,"{""2"": 56198, ""3"": 8396, ""4"": 942}",Overture Maps,17,EPSG:4326,"max_class_share=0.86,fg_share=1.00"
moscow_suburb_small_17_79296_40876,moscow_suburb_small,17,79296,40876,images/tiles/moscow_suburb_small_17_79296_40876.png,masks/tiles/moscow_suburb_small_17_79296_40876.png,1.0,"{""2"": 40775, ""3"": 23924, ""4"": 837}",Overture Maps,17,EPSG:4326,"max_class_share=0.62,fg_share=1.00"
moscow_suburb_small_17_79297_40876,moscow_suburb_small,17,79297,40876,images/tiles/moscow_suburb_small_17_79297_40876.png,masks/tiles/moscow_suburb_small_17_79297_40876.png,1.0,"{""2"": 17842, ""3"": 43079, ""4"": 4615}",Overture Maps,17,EPSG:4326,"max_class_share=0.66,fg_share=1.00"
moscow_suburb_small_17_79298_40876,moscow_suburb_small,17,79298,40876,images/tiles/moscow_suburb_small_17_79298_40876.png,masks/tiles/moscow_suburb_small_17_79298_40876.png,1.0,"{""2"": 50126, ""3"": 13303, ""4"": 2107}",Overture Maps,17,EPSG:4326,"max_class_share=0.76,fg_share=1.00"
moscow_suburb_small_17_79299_40876,moscow_suburb_small,17,79299,40876,images/tiles/moscow_suburb_small_17_79299_40876.png,masks/tiles/moscow_suburb_small_17_79299_40876.png,1.0,"{""2"": 37053, ""3"": 28483}",Overture Maps,17,EPSG:4326,"max_class_share=0.57,fg_share=1.00"
moscow_suburb_small_17_79300_40876,moscow_suburb_small,17,79300,40876,images/tiles/moscow_suburb_small_17_79300_40876.png,masks/tiles/moscow_suburb_small_17_79300_40876.png,1.0,"{""2"": 44934, ""3"": 20602}",Overture Maps,17,EPSG:4326,"max_class_share=0.69,fg_share=1.00"
moscow_suburb_small_17_79301_40876,moscow_suburb_small,17,79301,40876,images/tiles/moscow_suburb_small_17_79301_40876.png,masks/tiles/moscow_suburb_small_17_79301_40876.png,1.0,"{""2"": 59394, ""3"": 6142}",Overture Maps,17,EPSG:4326,"max_class_share=0.91,fg_share=1.00"
moscow_suburb_small_17_79302_40876,moscow_suburb_small,17,79302,40876,images/tiles/moscow_suburb_small_17_79302_40876.png,masks/tiles/moscow_suburb_small_17_79302_40876.png,1.0,"{""2"": 39083, ""3"": 25002, ""4"": 1451}",Overture Maps,17,EPSG:4326,"max_class_share=0.60,fg_share=1.00"
moscow_suburb_small_17_79303_40876,moscow_suburb_small,17,79303,40876,images/tiles/moscow_suburb_small_17_79303_40876.png,masks/tiles/moscow_suburb_small_17_79303_40876.png,1.0,"{""2"": 26066, ""3"": 38704, ""4"": 766}",Overture Maps,17,EPSG:4326,"max_class_share=0.59,fg_share=1.00"
moscow_suburb_small_17_79304_40876,moscow_suburb_small,17,79304,40876,images/tiles/moscow_suburb_small_17_79304_40876.png,masks/tiles/moscow_suburb_small_17_79304_40876.png,1.0,"{""2"": 31889, ""3"": 32879, ""4"": 768}",Overture Maps,17,EPSG:4326,"max_class_share=0.50,fg_share=1.00"
moscow_suburb_small_17_79305_40876,moscow_suburb_small,17,79305,40876,images/tiles/moscow_suburb_small_17_79305_40876.png,masks/tiles/moscow_suburb_small_17_79305_40876.png,1.0,"{""2"": 60724, ""3"": 542, ""4"": 4270}",Overture Maps,17,EPSG:4326,"max_class_share=0.93,fg_share=1.00"
moscow_suburb_small_17_79313_40876,moscow_suburb_small,17,79313,40876,images/tiles/moscow_suburb_small_17_79313_40876.png,masks/tiles/moscow_suburb_small_17_79313_40876.png,1.0,"{""1"": 512, ""2"": 62094, ""4"": 2930}",Overture Maps,17,EPSG:4326,"max_class_share=0.95,fg_share=1.00"
moscow_suburb_small_17_79314_40876,moscow_suburb_small,17,79314,40876,images/tiles/moscow_suburb_small_17_79314_40876.png,masks/tiles/moscow_suburb_small_17_79314_40876.png,1.0,"{""2"": 41039, ""3"": 14968, ""4"": 9529}",Overture Maps,17,EPSG:4326,"max_class_share=0.63,fg_share=1.00"
moscow_suburb_small_17_79315_40876,moscow_suburb_small,17,79315,40876,images/tiles/moscow_suburb_small_17_79315_40876.png,masks/tiles/moscow_suburb_small_17_79315_40876.png,1.0,"{""2"": 44294, ""3"": 16243, ""4"": 4999}",Overture Maps,17,EPSG:4326,"max_class_share=0.68,fg_share=1.00"
moscow_suburb_small_17_79316_40876,moscow_suburb_small,17,79316,40876,images/tiles/moscow_suburb_small_17_79316_40876.png,masks/tiles/moscow_suburb_small_17_79316_40876.png,1.0,"{""2"": 44991, ""3"": 13148, ""4"": 7397}",Overture Maps,17,EPSG:4326,"max_class_share=0.69,fg_share=1.00"
moscow_suburb_small_17_79317_40876,moscow_suburb_small,17,79317,40876,images/tiles/moscow_suburb_small_17_79317_40876.png,masks/tiles/moscow_suburb_small_17_79317_40876.png,1.0,"{""2"": 42843, ""3"": 19340, ""4"": 3353}",Overture Maps,17,EPSG:4326,"max_class_share=0.65,fg_share=1.00"
moscow_suburb_small_17_79318_40876,moscow_suburb_small,17,79318,40876,images/tiles/moscow_suburb_small_17_79318_40876.png,masks/tiles/moscow_suburb_small_17_79318_40876.png,1.0,"{""2"": 50947, ""3"": 10884, ""4"": 3705}",Overture Maps,17,EPSG:4326,"max_class_share=0.78,fg_share=1.00"
moscow_suburb_small_17_79319_40876,moscow_suburb_small,17,79319,40876,images/tiles/moscow_suburb_small_17_79319_40876.png,masks/tiles/moscow_suburb_small_17_79319_40876.png,1.0,"{""2"": 54911, ""3"": 7477, ""4"": 3148}",Overture Maps,17,EPSG:4326,"max_class_share=0.84,fg_share=1.00"
moscow_suburb_small_17_79320_40876,moscow_suburb_small,17,79320,40876,images/tiles/moscow_suburb_small_17_79320_40876.png,masks/tiles/moscow_suburb_small_17_79320_40876.png,1.0,"{""2"": 57055, ""3"": 6003, ""4"": 2478}",Overture Maps,17,EPSG:4326,"max_class_share=0.87,fg_share=1.00"
moscow_suburb_small_17_79295_40877,moscow_suburb_small,17,79295,40877,images/tiles/moscow_suburb_small_17_79295_40877.png,masks/tiles/moscow_suburb_small_17_79295_40877.png,1.0,"{""2"": 39023, ""3"": 24850, ""4"": 1663}",Overture Maps,17,EPSG:4326,"max_class_share=0.60,fg_share=1.00"
moscow_suburb_small_17_79296_40877,moscow_suburb_small,17,79296,40877,images/tiles/moscow_suburb_small_17_79296_40877.png,masks/tiles/moscow_suburb_small_17_79296_40877.png,1.0,"{""2"": 42645, ""3"": 22891}",Overture Maps,17,EPSG:4326,"max_class_share=0.65,fg_share=1.00"
moscow_suburb_small_17_79297_40877,moscow_suburb_small,17,79297,40877,images/tiles/moscow_suburb_small_17_79297_40877.png,masks/tiles/moscow_suburb_small_17_79297_40877.png,1.0,"{""2"": 12477, ""3"": 49730, ""4"": 3329}",Overture Maps,17,EPSG:4326,"max_class_share=0.76,fg_share=1.00"
moscow_suburb_small_17_79298_40877,moscow_suburb_small,17,79298,40877,images/tiles/moscow_suburb_small_17_79298_40877.png,masks/tiles/moscow_suburb_small_17_79298_40877.png,1.0,"{""2"": 40643, ""3"": 23422, ""4"": 1471}",Overture Maps,17,EPSG:4326,"max_class_share=0.62,fg_share=1.00"
moscow_suburb_small_17_79299_40877,moscow_suburb_small,17,79299,40877,images/tiles/moscow_suburb_small_17_79299_40877.png,masks/tiles/moscow_suburb_small_17_79299_40877.png,1.0,"{""2"": 60901, ""3"": 4635}",Overture Maps,17,EPSG:4326,"max_class_share=0.93,fg_share=1.00"
moscow_suburb_small_17_79304_40877,moscow_suburb_small,17,79304,40877,images/tiles/moscow_suburb_small_17_79304_40877.png,masks/tiles/moscow_suburb_small_17_79304_40877.png,1.0,"{""1"": 3545, ""2"": 58241, ""3"": 2285, ""4"": 1465}",Overture Maps,17,EPSG:4326,"max_class_share=0.89,fg_share=1.00"
moscow_suburb_small_17_79305_40877,moscow_suburb_small,17,79305,40877,images/tiles/moscow_suburb_small_17_79305_40877.png,masks/tiles/moscow_suburb_small_17_79305_40877.png,1.0,"{""2"": 60864, ""3"": 265, ""4"": 4407}",Overture Maps,17,EPSG:4326,"max_class_share=0.93,fg_share=1.00"
moscow_suburb_small_17_79313_40877,moscow_suburb_small,17,79313,40877,images/tiles/moscow_suburb_small_17_79313_40877.png,masks/tiles/moscow_suburb_small_17_79313_40877.png,1.0,"{""1"": 482, ""2"": 61074, ""4"": 3980}",Overture Maps,17,EPSG:4326,"max_class_share=0.93,fg_share=1.00"
moscow_suburb_small_17_79314_40877,moscow_suburb_small,17,79314,40877,images/tiles/moscow_suburb_small_17_79314_40877.png,masks/tiles/moscow_suburb_small_17_79314_40877.png,1.0,"{""1"": 23, ""2"": 54698, ""3"": 6847, ""4"": 3968}",Overture Maps,17,EPSG:4326,"max_class_share=0.83,fg_share=1.00"
moscow_suburb_small_17_79315_40877,moscow_suburb_small,17,79315,40877,images/tiles/moscow_suburb_small_17_79315_40877.png,masks/tiles/moscow_suburb_small_17_79315_40877.png,1.0,"{""2"": 54851, ""3"": 6639, ""4"": 4046}",Overture Maps,17,EPSG:4326,"max_class_share=0.84,fg_share=1.00"
moscow_suburb_small_17_79316_40877,moscow_suburb_small,17,79316,40877,images/tiles/moscow_suburb_small_17_79316_40877.png,masks/tiles/moscow_suburb_small_17_79316_40877.png,1.0,"{""2"": 45872, ""3"": 13418, ""4"": 6246}",Overture Maps,17,EPSG:4326,"max_class_share=0.70,fg_share=1.00"
moscow_suburb_small_17_79317_40877,moscow_suburb_small,17,79317,40877,images/tiles/moscow_suburb_small_17_79317_40877.png,masks/tiles/moscow_suburb_small_17_79317_40877.png,1.0,"{""2"": 45864, ""3"": 17761, ""4"": 1911}",Overture Maps,17,EPSG:4326,"max_class_share=0.70,fg_share=1.00"
moscow_suburb_small_17_79318_40877,moscow_suburb_small,17,79318,40877,images/tiles/moscow_suburb_small_17_79318_40877.png,masks/tiles/moscow_suburb_small_17_79318_40877.png,1.0,"{""2"": 60614, ""3"": 4009, ""4"": 913}",Overture Maps,17,EPSG:4326,"max_class_share=0.92,fg_share=1.00"
moscow_suburb_small_17_79319_40877,moscow_suburb_small,17,79319,40877,images/tiles/moscow_suburb_small_17_79319_40877.png,masks/tiles/moscow_suburb_small_17_79319_40877.png,1.0,"{""2"": 59441, ""3"": 3743, ""4"": 2352}",Overture Maps,17,EPSG:4326,"max_class_share=0.91,fg_share=1.00"
moscow_suburb_small_17_79320_40877,moscow_suburb_small,17,79320,40877,images/tiles/moscow_suburb_small_17_79320_40877.png,masks/tiles/moscow_suburb_small_17_79320_40877.png,1.0,"{""2"": 51286, ""3"": 8074, ""4"": 6176}",Overture Maps,17,EPSG:4326,"max_class_share=0.78,fg_share=1.00"
moscow_suburb_small_17_79295_40878,moscow_suburb_small,17,79295,40878,images/tiles/moscow_suburb_small_17_79295_40878.png,masks/tiles/moscow_suburb_small_17_79295_40878.png,1.0,"{""2"": 49125, ""3"": 13039, ""4"": 3372}",Overture Maps,17,EPSG:4326,"max_class_share=0.75,fg_share=1.00"
moscow_suburb_small_17_79296_40878,moscow_suburb_small,17,79296,40878,images/tiles/moscow_suburb_small_17_79296_40878.png,masks/tiles/moscow_suburb_small_17_79296_40878.png,1.0,"{""2"": 43423, ""3"": 18218, ""4"": 3895}",Overture Maps,17,EPSG:4326,"max_class_share=0.66,fg_share=1.00"
moscow_suburb_small_17_79297_40878,moscow_suburb_small,17,79297,40878,images/tiles/moscow_suburb_small_17_79297_40878.png,masks/tiles/moscow_suburb_small_17_79297_40878.png,1.0,"{""2"": 47687, ""3"": 15774, ""4"": 2075}",Overture Maps,17,EPSG:4326,"max_class_share=0.73,fg_share=1.00"
moscow_suburb_small_17_79298_40878,moscow_suburb_small,17,79298,40878,images/tiles/moscow_suburb_small_17_79298_40878.png,masks/tiles/moscow_suburb_small_17_79298_40878.png,1.0,"{""2"": 53365, ""3"": 11896, ""4"": 275}",Overture Maps,17,EPSG:4326,"max_class_share=0.81,fg_share=1.00"
moscow_suburb_small_17_79305_40878,moscow_suburb_small,17,79305,40878,images/tiles/moscow_suburb_small_17_79305_40878.png,masks/tiles/moscow_suburb_small_17_79305_40878.png,1.0,"{""2"": 60633, ""4"": 4903}",Overture Maps,17,EPSG:4326,"max_class_share=0.93,fg_share=1.00"
moscow_suburb_small_17_79308_40878,moscow_suburb_small,17,79308,40878,images/tiles/moscow_suburb_small_17_79308_40878.png,masks/tiles/moscow_suburb_small_17_79308_40878.png,1.0,"{""2"": 62129, ""4"": 3407}",Overture Maps,17,EPSG:4326,"max_class_share=0.95,fg_share=1.00"
moscow_suburb_small_17_79314_40878,moscow_suburb_small,17,79314,40878,images/tiles/moscow_suburb_small_17_79314_40878.png,masks/tiles/moscow_suburb_small_17_79314_40878.png,1.0,"{""1"": 579, ""2"": 60966, ""4"": 3991}",Overture Maps,17,EPSG:4326,"max_class_share=0.93,fg_share=1.00"
moscow_suburb_small_17_79315_40878,moscow_suburb_small,17,79315,40878,images/tiles/moscow_suburb_small_17_79315_40878.png,masks/tiles/moscow_suburb_small_17_79315_40878.png,1.0,"{""1"": 454, ""2"": 61723, ""4"": 3359}",Overture Maps,17,EPSG:4326,"max_class_share=0.94,fg_share=1.00"
moscow_suburb_small_17_79316_40878,moscow_suburb_small,17,79316,40878,images/tiles/moscow_suburb_small_17_79316_40878.png,masks/tiles/moscow_suburb_small_17_79316_40878.png,1.0,"{""1"": 53, ""2"": 45554, ""3"": 16142, ""4"": 3787}",Overture Maps,17,EPSG:4326,"max_class_share=0.70,fg_share=1.00"
moscow_suburb_small_17_79317_40878,moscow_suburb_small,17,79317,40878,images/tiles/moscow_suburb_small_17_79317_40878.png,masks/tiles/moscow_suburb_small_17_79317_40878.png,1.0,"{""2"": 49739, ""3"": 12787, ""4"": 3010}",Overture Maps,17,EPSG:4326,"max_class_share=0.76,fg_share=1.00"
moscow_suburb_small_17_79318_40878,moscow_suburb_small,17,79318,40878,images/tiles/moscow_suburb_small_17_79318_40878.png,masks/tiles/moscow_suburb_small_17_79318_40878.png,1.0,"{""2"": 62118, ""3"": 987, ""4"": 2431}",Overture Maps,17,EPSG:4326,"max_class_share=0.95,fg_share=1.00"
moscow_suburb_small_17_79295_40879,moscow_suburb_small,17,79295,40879,images/tiles/moscow_suburb_small_17_79295_40879.png,masks/tiles/moscow_suburb_small_17_79295_40879.png,1.0,"{""2"": 61779, ""3"": 1854, ""4"": 1903}",Overture Maps,17,EPSG:4326,"max_class_share=0.94,fg_share=1.00"
moscow_suburb_small_17_79296_40879,moscow_suburb_small,17,79296,40879,images/tiles/moscow_suburb_small_17_79296_40879.png,masks/tiles/moscow_suburb_small_17_79296_40879.png,1.0,"{""2"": 44382, ""3"": 19351, ""4"": 1803}",Overture Maps,17,EPSG:4326,"max_class_share=0.68,fg_share=1.00"
moscow_suburb_small_17_79305_40879,moscow_suburb_small,17,79305,40879,images/tiles/moscow_suburb_small_17_79305_40879.png,masks/tiles/moscow_suburb_small_17_79305_40879.png,1.0,"{""2"": 61329, ""4"": 4207}",Overture Maps,17,EPSG:4326,"max_class_share=0.94,fg_share=1.00"
moscow_suburb_small_17_79316_40879,moscow_suburb_small,17,79316,40879,images/tiles/moscow_suburb_small_17_79316_40879.png,masks/tiles/moscow_suburb_small_17_79316_40879.png,1.0,"{""1"": 540, ""2"": 61619, ""3"": 989, ""4"": 2388}",Overture Maps,17,EPSG:4326,"max_class_share=0.94,fg_share=1.00"
moscow_suburb_small_17_79317_40879,moscow_suburb_small,17,79317,40879,images/tiles/moscow_suburb_small_17_79317_40879.png,masks/tiles/moscow_suburb_small_17_79317_40879.png,1.0,"{""1"": 501, ""2"": 61908, ""3"": 94, ""4"": 3033}",Overture Maps,17,EPSG:4326,"max_class_share=0.94,fg_share=1.00"
moscow_suburb_small_17_79318_40879,moscow_suburb_small,17,79318,40879,images/tiles/moscow_suburb_small_17_79318_40879.png,masks/tiles/moscow_suburb_small_17_79318_40879.png,1.0,"{""1"": 498, ""2"": 59362, ""4"": 5676}",Overture Maps,17,EPSG:4326,"max_class_share=0.91,fg_share=1.00"
moscow_suburb_small_17_79319_40879,moscow_suburb_small,17,79319,40879,images/tiles/moscow_suburb_small_17_79319_40879.png,masks/tiles/moscow_suburb_small_17_79319_40879.png,1.0,"{""1"": 107, ""2"": 59569, ""3"": 343, ""4"": 5517}",Overture Maps,17,EPSG:4326,"max_class_share=0.91,fg_share=1.00"
karelia_forest_small_17_76712_36699,karelia_forest_small,17,76712,36699,images/tiles/karelia_forest_small_17_76712_36699.png,masks/tiles/karelia_forest_small_17_76712_36699.png,1.0,"{""1"": 50457, ""2"": 15079}",Overture Maps,17,EPSG:4326,"max_class_share=0.77,fg_share=1.00"
karelia_forest_small_17_76713_36699,karelia_forest_small,17,76713,36699,images/tiles/karelia_forest_small_17_76713_36699.png,masks/tiles/karelia_forest_small_17_76713_36699.png,1.0,"{""1"": 53443, ""2"": 12093}",Overture Maps,17,EPSG:4326,"max_class_share=0.82,fg_share=1.00"
karelia_forest_small_17_76714_36699,karelia_forest_small,17,76714,36699,images/tiles/karelia_forest_small_17_76714_36699.png,masks/tiles/karelia_forest_small_17_76714_36699.png,1.0,"{""1"": 18981, ""2"": 46555}",Overture Maps,17,EPSG:4326,"max_class_share=0.71,fg_share=1.00"
karelia_forest_small_17_76711_36700,karelia_forest_small,17,76711,36700,images/tiles/karelia_forest_small_17_76711_36700.png,masks/tiles/karelia_forest_small_17_76711_36700.png,1.0,"{""1"": 18780, ""2"": 46756}",Overture Maps,17,EPSG:4326,"max_class_share=0.71,fg_share=1.00"
karelia_forest_small_17_76714_36700,karelia_forest_small,17,76714,36700,images/tiles/karelia_forest_small_17_76714_36700.png,masks/tiles/karelia_forest_small_17_76714_36700.png,1.0,"{""1"": 40111, ""2"": 25425}",Overture Maps,17,EPSG:4326,"max_class_share=0.61,fg_share=1.00"
karelia_forest_small_17_76712_36701,karelia_forest_small,17,76712,36701,images/tiles/karelia_forest_small_17_76712_36701.png,masks/tiles/karelia_forest_small_17_76712_36701.png,1.0,"{""1"": 36093, ""2"": 29443}",Overture Maps,17,EPSG:4326,"max_class_share=0.55,fg_share=1.00"
karelia_forest_small_17_76715_36701,karelia_forest_small,17,76715,36701,images/tiles/karelia_forest_small_17_76715_36701.png,masks/tiles/karelia_forest_small_17_76715_36701.png,1.0,"{""1"": 13031, ""2"": 52505}",Overture Maps,17,EPSG:4326,"max_class_share=0.80,fg_share=1.00"
karelia_forest_small_17_76723_36701,karelia_forest_small,17,76723,36701,images/tiles/karelia_forest_small_17_76723_36701.png,masks/tiles/karelia_forest_small_17_76723_36701.png,1.0,"{""1"": 9523, ""2"": 56013}",Overture Maps,17,EPSG:4326,"max_class_share=0.85,fg_share=1.00"
karelia_forest_small_17_76724_36701,karelia_forest_small,17,76724,36701,images/tiles/karelia_forest_small_17_76724_36701.png,masks/tiles/karelia_forest_small_17_76724_36701.png,1.0,"{""1"": 46448, ""2"": 19088}",Overture Maps,17,EPSG:4326,"max_class_share=0.71,fg_share=1.00"
karelia_forest_small_17_76725_36701,karelia_forest_small,17,76725,36701,images/tiles/karelia_forest_small_17_76725_36701.png,masks/tiles/karelia_forest_small_17_76725_36701.png,1.0,"{""1"": 4236, ""2"": 61300}",Overture Maps,17,EPSG:4326,"max_class_share=0.94,fg_share=1.00"
karelia_forest_small_17_76713_36702,karelia_forest_small,17,76713,36702,images/tiles/karelia_forest_small_17_76713_36702.png,masks/tiles/karelia_forest_small_17_76713_36702.png,1.0,"{""1"": 17562, ""2"": 47974}",Overture Maps,17,EPSG:4326,"max_class_share=0.73,fg_share=1.00"
karelia_forest_small_17_76714_36702,karelia_forest_small,17,76714,36702,images/tiles/karelia_forest_small_17_76714_36702.png,masks/tiles/karelia_forest_small_17_76714_36702.png,1.0,"{""1"": 26496, ""2"": 39040}",Overture Maps,17,EPSG:4326,"max_class_share=0.60,fg_share=1.00"
karelia_forest_small_17_76715_36702,karelia_forest_small,17,76715,36702,images/tiles/karelia_forest_small_17_76715_36702.png,masks/tiles/karelia_forest_small_17_76715_36702.png,1.0,"{""1"": 32360, ""2"": 32133, ""4"": 1043}",Overture Maps,17,EPSG:4326,"max_class_share=0.49,fg_share=1.00"
karelia_forest_small_17_76714_36704,karelia_forest_small,17,76714,36704,images/tiles/karelia_forest_small_17_76714_36704.png,masks/tiles/karelia_forest_small_17_76714_36704.png,1.0,"{""1"": 21306, ""2"": 42459, ""4"": 1771}",Overture Maps,17,EPSG:4326,"max_class_share=0.65,fg_share=1.00"
karelia_forest_small_17_76715_36704,karelia_forest_small,17,76715,36704,images/tiles/karelia_forest_small_17_76715_36704.png,masks/tiles/karelia_forest_small_17_76715_36704.png,1.0,"{""1"": 18132, ""2"": 47404}",Overture Maps,17,EPSG:4326,"max_class_share=0.72,fg_share=1.00"
karelia_forest_small_17_76714_36705,karelia_forest_small,17,76714,36705,images/tiles/karelia_forest_small_17_76714_36705.png,masks/tiles/karelia_forest_small_17_76714_36705.png,1.0,"{""1"": 19704, ""2"": 45821, ""4"": 11}",Overture Maps,17,EPSG:4326,"max_class_share=0.70,fg_share=1.00"
karelia_forest_small_17_76715_36705,karelia_forest_small,17,76715,36705,images/tiles/karelia_forest_small_17_76715_36705.png,masks/tiles/karelia_forest_small_17_76715_36705.png,1.0,"{""1"": 44256, ""2"": 21280}",Overture Maps,17,EPSG:4326,"max_class_share=0.68,fg_share=1.00"
karelia_forest_small_17_76716_36705,karelia_forest_small,17,76716,36705,images/tiles/karelia_forest_small_17_76716_36705.png,masks/tiles/karelia_forest_small_17_76716_36705.png,1.0,"{""1"": 7894, ""2"": 57642}",Overture Maps,17,EPSG:4326,"max_class_share=0.88,fg_share=1.00"
karelia_forest_small_17_76708_36709,karelia_forest_small,17,76708,36709,images/tiles/karelia_forest_small_17_76708_36709.png,masks/tiles/karelia_forest_small_17_76708_36709.png,1.0,"{""2"": 61750, ""3"": 2286, ""4"": 1500}",Overture Maps,17,EPSG:4326,"max_class_share=0.94,fg_share=1.00"
karelia_forest_small_17_76721_36714,karelia_forest_small,17,76721,36714,images/tiles/karelia_forest_small_17_76721_36714.png,masks/tiles/karelia_forest_small_17_76721_36714.png,1.0,"{""1"": 13164, ""2"": 52372}",Overture Maps,17,EPSG:4326,"max_class_share=0.80,fg_share=1.00"
karelia_forest_small_17_76722_36714,karelia_forest_small,17,76722,36714,images/tiles/karelia_forest_small_17_76722_36714.png,masks/tiles/karelia_forest_small_17_76722_36714.png,1.0,"{""1"": 21331, ""2"": 44205}",Overture Maps,17,EPSG:4326,"max_class_share=0.67,fg_share=1.00"
karelia_forest_small_17_76729_36714,karelia_forest_small,17,76729,36714,images/tiles/karelia_forest_small_17_76729_36714.png,masks/tiles/karelia_forest_small_17_76729_36714.png,1.0,"{""2"": 62254, ""4"": 3282}",Overture Maps,17,EPSG:4326,"max_class_share=0.95,fg_share=1.00"
karelia_forest_small_17_76720_36715,karelia_forest_small,17,76720,36715,images/tiles/karelia_forest_small_17_76720_36715.png,masks/tiles/karelia_forest_small_17_76720_36715.png,1.0,"{""1"": 18531, ""2"": 47005}",Overture Maps,17,EPSG:4326,"max_class_share=0.72,fg_share=1.00"
karelia_forest_small_17_76721_36715,karelia_forest_small,17,76721,36715,images/tiles/karelia_forest_small_17_76721_36715.png,masks/tiles/karelia_forest_small_17_76721_36715.png,1.0,"{""1"": 47887, ""2"": 17649}",Overture Maps,17,EPSG:4326,"max_class_share=0.73,fg_share=1.00"
karelia_forest_small_17_76722_36715,karelia_forest_small,17,76722,36715,images/tiles/karelia_forest_small_17_76722_36715.png,masks/tiles/karelia_forest_small_17_76722_36715.png,1.0,"{""1"": 59093, ""2"": 6443}",Overture Maps,17,EPSG:4326,"max_class_share=0.90,fg_share=1.00"
karelia_forest_small_17_76724_36715,karelia_forest_small,17,76724,36715,images/tiles/karelia_forest_small_17_76724_36715.png,masks/tiles/karelia_forest_small_17_76724_36715.png,1.0,"{""1"": 48082, ""2"": 17454}",Overture Maps,17,EPSG:4326,"max_class_share=0.73,fg_share=1.00"
karelia_forest_small_17_76725_36715,karelia_forest_small,17,76725,36715,images/tiles/karelia_forest_small_17_76725_36715.png,masks/tiles/karelia_forest_small_17_76725_36715.png,1.0,"{""1"": 28623, ""2"": 36877, ""4"": 36}",Overture Maps,17,EPSG:4326,"max_class_share=0.56,fg_share=1.00"
karelia_forest_small_17_76726_36715,karelia_forest_small,17,76726,36715,images/tiles/karelia_forest_small_17_76726_36715.png,masks/tiles/karelia_forest_small_17_76726_36715.png,1.0,"{""1"": 6189, ""2"": 58599, ""4"": 748}",Overture Maps,17,EPSG:4326,"max_class_share=0.89,fg_share=1.00"
karelia_forest_small_17_76723_36716,karelia_forest_small,17,76723,36716,images/tiles/karelia_forest_small_17_76723_36716.png,masks/tiles/karelia_forest_small_17_76723_36716.png,1.0,"{""1"": 5562, ""2"": 59974}",Overture Maps,17,EPSG:4326,"max_class_share=0.92,fg_share=1.00"
karelia_forest_small_17_76724_36716,karelia_forest_small,17,76724,36716,images/tiles/karelia_forest_small_17_76724_36716.png,masks/tiles/karelia_forest_small_17_76724_36716.png,1.0,"{""1"": 49517, ""2"": 16019}",Overture Maps,17,EPSG:4326,"max_class_share=0.76,fg_share=1.00"
karelia_forest_small_17_76726_36716,karelia_forest_small,17,76726,36716,images/tiles/karelia_forest_small_17_76726_36716.png,masks/tiles/karelia_forest_small_17_76726_36716.png,1.0,"{""1"": 26125, ""2"": 39100, ""4"": 311}",Overture Maps,17,EPSG:4326,"max_class_share=0.60,fg_share=1.00"
karelia_forest_small_17_76727_36716,karelia_forest_small,17,76727,36716,images/tiles/karelia_forest_small_17_76727_36716.png,masks/tiles/karelia_forest_small_17_76727_36716.png,1.0,"{""1"": 27246, ""2"": 37656, ""4"": 634}",Overture Maps,17,EPSG:4326,"max_class_share=0.57,fg_share=1.00"
karelia_forest_small_17_76728_36716,karelia_forest_small,17,76728,36716,images/tiles/karelia_forest_small_17_76728_36716.png,masks/tiles/karelia_forest_small_17_76728_36716.png,1.0,"{""1"": 15754, ""2"": 46331, ""4"": 3451}",Overture Maps,17,EPSG:4326,"max_class_share=0.71,fg_share=1.00"
karelia_forest_small_17_76729_36716,karelia_forest_small,17,76729,36716,images/tiles/karelia_forest_small_17_76729_36716.png,masks/tiles/karelia_forest_small_17_76729_36716.png,1.0,"{""1"": 25264, ""2"": 39066, ""4"": 1206}",Overture Maps,17,EPSG:4326,"max_class_share=0.60,fg_share=1.00"
karelia_forest_small_17_76730_36716,karelia_forest_small,17,76730,36716,images/tiles/karelia_forest_small_17_76730_36716.png,masks/tiles/karelia_forest_small_17_76730_36716.png,1.0,"{""1"": 23477, ""2"": 42059}",Overture Maps,17,EPSG:4326,"max_class_share=0.64,fg_share=1.00"
karelia_forest_small_17_76731_36716,karelia_forest_small,17,76731,36716,images/tiles/karelia_forest_small_17_76731_36716.png,masks/tiles/karelia_forest_small_17_76731_36716.png,1.0,"{""1"": 16990, ""2"": 48546}",Overture Maps,17,EPSG:4326,"max_class_share=0.74,fg_share=1.00"
karelia_forest_small_17_76724_36717,karelia_forest_small,17,76724,36717,images/tiles/karelia_forest_small_17_76724_36717.png,masks/tiles/karelia_forest_small_17_76724_36717.png,1.0,"{""1"": 10937, ""2"": 53573, ""4"": 1026}",Overture Maps,17,EPSG:4326,"max_class_share=0.82,fg_share=1.00"
karelia_forest_small_17_76725_36717,karelia_forest_small,17,76725,36717,images/tiles/karelia_forest_small_17_76725_36717.png,masks/tiles/karelia_forest_small_17_76725_36717.png,1.0,"{""1"": 30515, ""2"": 35021}",Overture Maps,17,EPSG:4326,"max_class_share=0.53,fg_share=1.00"
karelia_forest_small_17_76726_36717,karelia_forest_small,17,76726,36717,images/tiles/karelia_forest_small_17_76726_36717.png,masks/tiles/karelia_forest_small_17_76726_36717.png,1.0,"{""1"": 14390, ""2"": 50904, ""4"": 242}",Overture Maps,17,EPSG:4326,"max_class_share=0.78,fg_share=1.00"
karelia_forest_small_17_76728_36717,karelia_forest_small,17,76728,36717,images/tiles/karelia_forest_small_17_76728_36717.png,masks/tiles/karelia_forest_small_17_76728_36717.png,1.0,"{""1"": 1789, ""2"": 61809, ""4"": 1938}",Overture Maps,17,EPSG:4326,"max_class_share=0.94,fg_share=1.00"
karelia_forest_small_17_76729_36717,karelia_forest_small,17,76729,36717,images/tiles/karelia_forest_small_17_76729_36717.png,masks/tiles/karelia_forest_small_17_76729_36717.png,1.0,"{""1"": 58082, ""2"": 7454}",Overture Maps,17,EPSG:4326,"max_class_share=0.89,fg_share=1.00"
karelia_forest_small_17_76730_36717,karelia_forest_small,17,76730,36717,images/tiles/karelia_forest_small_17_76730_36717.png,masks/tiles/karelia_forest_small_17_76730_36717.png,1.0,"{""1"": 61255, ""2"": 4281}",Overture Maps,17,EPSG:4326,"max_class_share=0.93,fg_share=1.00"
karelia_forest_small_17_76729_36718,karelia_forest_small,17,76729,36718,images/tiles/karelia_forest_small_17_76729_36718.png,masks/tiles/karelia_forest_small_17_76729_36718.png,1.0,"{""1"": 3507, ""2"": 60651, ""4"": 1378}",Overture Maps,17,EPSG:4326,"max_class_share=0.93,fg_share=1.00"
karelia_forest_small_17_76730_36718,karelia_forest_small,17,76730,36718,images/tiles/karelia_forest_small_17_76730_36718.png,masks/tiles/karelia_forest_small_17_76730_36718.png,1.0,"{""1"": 5245, ""2"": 59383, ""4"": 908}",Overture Maps,17,EPSG:4326,"max_class_share=0.91,fg_share=1.00"
karelia_forest_small_17_76731_36718,karelia_forest_small,17,76731,36718,images/tiles/karelia_forest_small_17_76731_36718.png,masks/tiles/karelia_forest_small_17_76731_36718.png,1.0,"{""1"": 7724, ""2"": 57812}",Overture Maps,17,EPSG:4326,"max_class_share=0.88,fg_share=1.00"
karelia_forest_small_17_76711_36721,karelia_forest_small,17,76711,36721,images/tiles/karelia_forest_small_17_76711_36721.png,masks/tiles/karelia_forest_small_17_76711_36721.png,1.0,"{""1"": 3780, ""2"": 61756}",Overture Maps,17,EPSG:4326,"max_class_share=0.94,fg_share=1.00"
karelia_forest_small_17_76712_36721,karelia_forest_small,17,76712,36721,images/tiles/karelia_forest_small_17_76712_36721.png,masks/tiles/karelia_forest_small_17_76712_36721.png,1.0,"{""1"": 5209, ""2"": 60327}",Overture Maps,17,EPSG:4326,"max_class_share=0.92,fg_share=1.00"
karelia_forest_small_17_76711_36722,karelia_forest_small,17,76711,36722,images/tiles/karelia_forest_small_17_76711_36722.png,masks/tiles/karelia_forest_small_17_76711_36722.png,1.0,"{""1"": 34413, ""2"": 31123}",Overture Maps,17,EPSG:4326,"max_class_share=0.53,fg_share=1.00"
karelia_forest_small_17_76712_36722,karelia_forest_small,17,76712,36722,images/tiles/karelia_forest_small_17_76712_36722.png,masks/tiles/karelia_forest_small_17_76712_36722.png,1.0,"{""1"": 14371, ""2"": 51165}",Overture Maps,17,EPSG:4326,"max_class_share=0.78,fg_share=1.00"
karelia_forest_small_17_76723_36722,karelia_forest_small,17,76723,36722,images/tiles/karelia_forest_small_17_76723_36722.png,masks/tiles/karelia_forest_small_17_76723_36722.png,1.0,"{""1"": 40355, ""2"": 25114, ""4"": 67}",Overture Maps,17,EPSG:4326,"max_class_share=0.62,fg_share=1.00"
karelia_forest_small_17_76711_36723,karelia_forest_small,17,76711,36723,images/tiles/karelia_forest_small_17_76711_36723.png,masks/tiles/karelia_forest_small_17_76711_36723.png,1.0,"{""1"": 6608, ""2"": 58928}",Overture Maps,17,EPSG:4326,"max_class_share=0.90,fg_share=1.00"
karelia_forest_small_17_76712_36723,karelia_forest_small,17,76712,36723,images/tiles/karelia_forest_small_17_76712_36723.png,masks/tiles/karelia_forest_small_17_76712_36723.png,1.0,"{""1"": 32336, ""2"": 33200}",Overture Maps,17,EPSG:4326,"max_class_share=0.51,fg_share=1.00"
karelia_forest_small_17_76712_36724,karelia_forest_small,17,76712,36724,images/tiles/karelia_forest_small_17_76712_36724.png,masks/tiles/karelia_forest_small_17_76712_36724.png,1.0,"{""1"": 12363, ""2"": 53173}",Overture Maps,17,EPSG:4326,"max_class_share=0.81,fg_share=1.00"
karelia_forest_small_17_76706_36725,karelia_forest_small,17,76706,36725,images/tiles/karelia_forest_small_17_76706_36725.png,masks/tiles/karelia_forest_small_17_76706_36725.png,1.0,"{""2"": 61399, ""3"": 3184, ""4"": 953}",Overture Maps,17,EPSG:4326,"max_class_share=0.94,fg_share=1.00"
karelia_forest_small_17_76708_36725,karelia_forest_small,17,76708,36725,images/tiles/karelia_forest_small_17_76708_36725.png,masks/tiles/karelia_forest_small_17_76708_36725.png,1.0,"{""2"": 61976, ""3"": 1166, ""4"": 2394}",Overture Maps,17,EPSG:4326,"max_class_share=0.95,fg_share=1.00"
karelia_forest_small_17_76706_36726,karelia_forest_small,17,76706,36726,images/tiles/karelia_forest_small_17_76706_36726.png,masks/tiles/karelia_forest_small_17_76706_36726.png,1.0,"{""2"": 60781, ""3"": 2445, ""4"": 2310}",Overture Maps,17,EPSG:4326,"max_class_share=0.93,fg_share=1.00"
karelia_forest_small_17_76707_36726,karelia_forest_small,17,76707,36726,images/tiles/karelia_forest_small_17_76707_36726.png,masks/tiles/karelia_forest_small_17_76707_36726.png,1.0,"{""2"": 58408, ""3"": 3752, ""4"": 3376}",Overture Maps,17,EPSG:4326,"max_class_share=0.89,fg_share=1.00"
karelia_forest_small_17_76708_36726,karelia_forest_small,17,76708,36726,images/tiles/karelia_forest_small_17_76708_36726.png,masks/tiles/karelia_forest_small_17_76708_36726.png,1.0,"{""2"": 57533, ""3"": 6023, ""4"": 1980}",Overture Maps,17,EPSG:4326,"max_class_share=0.88,fg_share=1.00"
karelia_forest_small_17_76729_36726,karelia_forest_small,17,76729,36726,images/tiles/karelia_forest_small_17_76729_36726.png,masks/tiles/karelia_forest_small_17_76729_36726.png,1.0,"{""1"": 44, ""2"": 59224, ""3"": 4270, ""4"": 1998}",Overture Maps,17,EPSG:4326,"max_class_share=0.90,fg_share=1.00"
karelia_forest_small_17_76705_36727,karelia_forest_small,17,76705,36727,images/tiles/karelia_forest_small_17_76705_36727.png,masks/tiles/karelia_forest_small_17_76705_36727.png,1.0,"{""2"": 61272, ""3"": 2809, ""4"": 1455}",Overture Maps,17,EPSG:4326,"max_class_share=0.93,fg_share=1.00"
karelia_forest_small_17_76707_36727,karelia_forest_small,17,76707,36727,images/tiles/karelia_forest_small_17_76707_36727.png,masks/tiles/karelia_forest_small_17_76707_36727.png,1.0,"{""2"": 58316, ""3"": 6160, ""4"": 1060}",Overture Maps,17,EPSG:4326,"max_class_share=0.89,fg_share=1.00"
karelia_forest_small_17_76709_36727,karelia_forest_small,17,76709,36727,images/tiles/karelia_forest_small_17_76709_36727.png,masks/tiles/karelia_forest_small_17_76709_36727.png,1.0,"{""2"": 60310, ""4"": 5226}",Overture Maps,17,EPSG:4326,"max_class_share=0.92,fg_share=1.00"
karelia_forest_small_17_76731_36727,karelia_forest_small,17,76731,36727,images/tiles/karelia_forest_small_17_76731_36727.png,masks/tiles/karelia_forest_small_17_76731_36727.png,1.0,"{""1"": 135, ""2"": 58607, ""4"": 6794}",Overture Maps,17,EPSG:4326,"max_class_share=0.89,fg_share=1.00"
karelia_forest_small_17_76710_36728,karelia_forest_small,17,76710,36728,images/tiles/karelia_forest_small_17_76710_36728.png,masks/tiles/karelia_forest_small_17_76710_36728.png,1.0,"{""2"": 62040, ""4"": 3496}",Overture Maps,17,EPSG:4326,"max_class_share=0.95,fg_share=1.00"
karelia_forest_small_17_76711_36728,karelia_forest_small,17,76711,36728,images/tiles/karelia_forest_small_17_76711_36728.png,masks/tiles/karelia_forest_small_17_76711_36728.png,1.0,"{""2"": 61727, ""4"": 3809}",Overture Maps,17,EPSG:4326,"max_class_share=0.94,fg_share=1.00"
karelia_forest_small_17_76730_36728,karelia_forest_small,17,76730,36728,images/tiles/karelia_forest_small_17_76730_36728.png,masks/tiles/karelia_forest_small_17_76730_36728.png,1.0,"{""1"": 2692, ""2"": 55950, ""4"": 6894}",Overture Maps,17,EPSG:4326,"max_class_share=0.85,fg_share=1.00"
karelia_forest_small_17_76731_36728,karelia_forest_small,17,76731,36728,images/tiles/karelia_forest_small_17_76731_36728.png,masks/tiles/karelia_forest_small_17_76731_36728.png,1.0,"{""1"": 39889, ""2"": 24123, ""4"": 1524}",Overture Maps,17,EPSG:4326,"max_class_share=0.61,fg_share=1.00"
karelia_forest_small_17_76712_36729,karelia_forest_small,17,76712,36729,images/tiles/karelia_forest_small_17_76712_36729.png,masks/tiles/karelia_forest_small_17_76712_36729.png,1.0,"{""2"": 61024, ""3"": 1670, ""4"": 2842}",Overture Maps,17,EPSG:4326,"max_class_share=0.93,fg_share=1.00"
karelia_forest_small_17_76729_36729,karelia_forest_small,17,76729,36729,images/tiles/karelia_forest_small_17_76729_36729.png,masks/tiles/karelia_forest_small_17_76729_36729.png,1.0,"{""1"": 186, ""2"": 57978, ""4"": 7372}",Overture Maps,17,EPSG:4326,"max_class_share=0.88,fg_share=1.00"
karelia_forest_small_17_76730_36729,karelia_forest_small,17,76730,36729,images/tiles/karelia_forest_small_17_76730_36729.png,masks/tiles/karelia_forest_small_17_76730_36729.png,1.0,"{""1"": 40881, ""2"": 24460, ""4"": 195}",Overture Maps,17,EPSG:4326,"max_class_share=0.62,fg_share=1.00"
karelia_forest_small_17_76728_36730,karelia_forest_small,17,76728,36730,images/tiles/karelia_forest_small_17_76728_36730.png,masks/tiles/karelia_forest_small_17_76728_36730.png,1.0,"{""2"": 59788, ""4"": 5748}",Overture Maps,17,EPSG:4326,"max_class_share=0.91,fg_share=1.00"
karelia_forest_small_17_76729_36730,karelia_forest_small,17,76729,36730,images/tiles/karelia_forest_small_17_76729_36730.png,masks/tiles/karelia_forest_small_17_76729_36730.png,1.0,"{""1"": 432, ""2"": 58128, ""3"": 302, ""4"": 6674}",Overture Maps,17,EPSG:4326,"max_class_share=0.89,fg_share=1.00"
karelia_forest_small_17_76730_36730,karelia_forest_small,17,76730,36730,images/tiles/karelia_forest_small_17_76730_36730.png,masks/tiles/karelia_forest_small_17_76730_36730.png,1.0,"{""1"": 10606, ""2"": 51809, ""3"": 2052, ""4"": 1069}",Overture Maps,17,EPSG:4326,"max_class_share=0.79,fg_share=1.00"
karelia_forest_small_17_76731_36730,karelia_forest_small,17,76731,36730,images/tiles/karelia_forest_small_17_76731_36730.png,masks/tiles/karelia_forest_small_17_76731_36730.png,1.0,"{""1"": 28601, ""2"": 34078, ""3"": 456, ""4"": 2401}",Overture Maps,17,EPSG:4326,"max_class_share=0.52,fg_share=1.00"
karelia_forest_small_17_76708_36731,karelia_forest_small,17,76708,36731,images/tiles/karelia_forest_small_17_76708_36731.png,masks/tiles/karelia_forest_small_17_76708_36731.png,1.0,"{""2"": 60878, ""4"": 4658}",Overture Maps,17,EPSG:4326,"max_class_share=0.93,fg_share=1.00"
karelia_forest_small_17_76727_36731,karelia_forest_small,17,76727,36731,images/tiles/karelia_forest_small_17_76727_36731.png,masks/tiles/karelia_forest_small_17_76727_36731.png,1.0,"{""1"": 409, ""2"": 57972, ""4"": 7155}",Overture Maps,17,EPSG:4326,"max_class_share=0.88,fg_share=1.00"
karelia_forest_small_17_76704_36732,karelia_forest_small,17,76704,36732,images/tiles/karelia_forest_small_17_76704_36732.png,masks/tiles/karelia_forest_small_17_76704_36732.png,1.0,"{""2"": 59983, ""4"": 5553}",Overture Maps,17,EPSG:4326,"max_class_share=0.92,fg_share=1.00"
karelia_forest_small_17_76705_36732,karelia_forest_small,17,76705,36732,images/tiles/karelia_forest_small_17_76705_36732.png,masks/tiles/karelia_forest_small_17_76705_36732.png,1.0,"{""2"": 59977, ""4"": 5559}",Overture Maps,17,EPSG:4326,"max_class_share=0.92,fg_share=1.00"
karelia_forest_small_17_76706_36732,karelia_forest_small,17,76706,36732,images/tiles/karelia_forest_small_17_76706_36732.png,masks/tiles/karelia_forest_small_17_76706_36732.png,1.0,"{""2"": 59951, ""4"": 5585}",Overture Maps,17,EPSG:4326,"max_class_share=0.91,fg_share=1.00"
karelia_forest_small_17_76707_36732,karelia_forest_small,17,76707,36732,images/tiles/karelia_forest_small_17_76707_36732.png,masks/tiles/karelia_forest_small_17_76707_36732.png,1.0,"{""2"": 59984, ""4"": 5552}",Overture Maps,17,EPSG:4326,"max_class_share=0.92,fg_share=1.00"
karelia_forest_small_17_76709_36732,karelia_forest_small,17,76709,36732,images/tiles/karelia_forest_small_17_76709_36732.png,masks/tiles/karelia_forest_small_17_76709_36732.png,1.0,"{""2"": 62066, ""4"": 3470}",Overture Maps,17,EPSG:4326,"max_class_share=0.95,fg_share=1.00"
karelia_forest_small_17_76710_36732,karelia_forest_small,17,76710,36732,images/tiles/karelia_forest_small_17_76710_36732.png,masks/tiles/karelia_forest_small_17_76710_36732.png,1.0,"{""2"": 60082, ""4"": 5454}",Overture Maps,17,EPSG:4326,"max_class_share=0.92,fg_share=1.00"
karelia_forest_small_17_76711_36732,karelia_forest_small,17,76711,36732,images/tiles/karelia_forest_small_17_76711_36732.png,masks/tiles/karelia_forest_small_17_76711_36732.png,1.0,"{""2"": 60067, ""4"": 5469}",Overture Maps,17,EPSG:4326,"max_class_share=0.92,fg_share=1.00"
karelia_forest_small_17_76712_36732,karelia_forest_small,17,76712,36732,images/tiles/karelia_forest_small_17_76712_36732.png,masks/tiles/karelia_forest_small_17_76712_36732.png,1.0,"{""2"": 59943, ""4"": 5593}",Overture Maps,17,EPSG:4326,"max_class_share=0.91,fg_share=1.00"
karelia_forest_small_17_76713_36732,karelia_forest_small,17,76713,36732,images/tiles/karelia_forest_small_17_76713_36732.png,masks/tiles/karelia_forest_small_17_76713_36732.png,1.0,"{""2"": 59904, ""4"": 5632}",Overture Maps,17,EPSG:4326,"max_class_share=0.91,fg_share=1.00"
karelia_forest_small_17_76714_36732,karelia_forest_small,17,76714,36732,images/tiles/karelia_forest_small_17_76714_36732.png,masks/tiles/karelia_forest_small_17_76714_36732.png,1.0,"{""2"": 60589, ""4"": 4947}",Overture Maps,17,EPSG:4326,"max_class_share=0.92,fg_share=1.00"
karelia_forest_small_17_76726_36732,karelia_forest_small,17,76726,36732,images/tiles/karelia_forest_small_17_76726_36732.png,masks/tiles/karelia_forest_small_17_76726_36732.png,1.0,"{""1"": 242, ""2"": 58546, ""4"": 6748}",Overture Maps,17,EPSG:4326,"max_class_share=0.89,fg_share=1.00"
karelia_forest_small_17_76702_36733,karelia_forest_small,17,76702,36733,images/tiles/karelia_forest_small_17_76702_36733.png,masks/tiles/karelia_forest_small_17_76702_36733.png,1.0,"{""2"": 59919, ""4"": 5617}",Overture Maps,17,EPSG:4326,"max_class_share=0.91,fg_share=1.00"
karelia_forest_small_17_76703_36733,karelia_forest_small,17,76703,36733,images/tiles/karelia_forest_small_17_76703_36733.png,masks/tiles/karelia_forest_small_17_76703_36733.png,1.0,"{""2"": 60911, ""4"": 4625}",Overture Maps,17,EPSG:4326,"max_class_share=0.93,fg_share=1.00"
karelia_forest_small_17_76715_36733,karelia_forest_small,17,76715,36733,images/tiles/karelia_forest_small_17_76715_36733.png,masks/tiles/karelia_forest_small_17_76715_36733.png,1.0,"{""2"": 59946, ""4"": 5590}",Overture Maps,17,EPSG:4326,"max_class_share=0.91,fg_share=1.00"
karelia_forest_small_17_76716_36733,karelia_forest_small,17,76716,36733,images/tiles/karelia_forest_small_17_76716_36733.png,masks/tiles/karelia_forest_small_17_76716_36733.png,1.0,"{""2"": 59976, ""4"": 5560}",Overture Maps,17,EPSG:4326,"max_class_share=0.92,fg_share=1.00"
karelia_forest_small_17_76717_36733,karelia_forest_small,17,76717,36733,images/tiles/karelia_forest_small_17_76717_36733.png,masks/tiles/karelia_forest_small_17_76717_36733.png,1.0,"{""2"": 59978, ""4"": 5558}",Overture Maps,17,EPSG:4326,"max_class_share=0.92,fg_share=1.00"
karelia_forest_small_17_76718_36733,karelia_forest_small,17,76718,36733,images/tiles/karelia_forest_small_17_76718_36733.png,masks/tiles/karelia_forest_small_17_76718_36733.png,1.0,"{""2"": 59978, ""4"": 5558}",Overture Maps,17,EPSG:4326,"max_class_share=0.92,fg_share=1.00"
karelia_forest_small_17_76721_36733,karelia_forest_small,17,76721,36733,images/tiles/karelia_forest_small_17_76721_36733.png,masks/tiles/karelia_forest_small_17_76721_36733.png,1.0,"{""2"": 59990, ""4"": 5546}",Overture Maps,17,EPSG:4326,"max_class_share=0.92,fg_share=1.00"
karelia_forest_small_17_76722_36733,karelia_forest_small,17,76722,36733,images/tiles/karelia_forest_small_17_76722_36733.png,masks/tiles/karelia_forest_small_17_76722_36733.png,1.0,"{""2"": 60095, ""4"": 5441}",Overture Maps,17,EPSG:4326,"max_class_share=0.92,fg_share=1.00"
karelia_forest_small_17_76723_36733,karelia_forest_small,17,76723,36733,images/tiles/karelia_forest_small_17_76723_36733.png,masks/tiles/karelia_forest_small_17_76723_36733.png,1.0,"{""2"": 60100, ""4"": 5436}",Overture Maps,17,EPSG:4326,"max_class_share=0.92,fg_share=1.00"
karelia_forest_small_17_76724_36733,karelia_forest_small,17,76724,36733,images/tiles/karelia_forest_small_17_76724_36733.png,masks/tiles/karelia_forest_small_17_76724_36733.png,1.0,"{""2"": 60040, ""4"": 5496}",Overture Maps,17,EPSG:4326,"max_class_share=0.92,fg_share=1.00"
karelia_forest_small_17_76725_36733,karelia_forest_small,17,76725,36733,images/tiles/karelia_forest_small_17_76725_36733.png,masks/tiles/karelia_forest_small_17_76725_36733.png,1.0,"{""2"": 59031, ""4"": 6505}",Overture Maps,17,EPSG:4326,"max_class_share=0.90,fg_share=1.00"
karelia_forest_small_17_76712_36734,karelia_forest_small,17,76712,36734,images/tiles/karelia_forest_small_17_76712_36734.png,masks/tiles/karelia_forest_small_17_76712_36734.png,1.0,"{""1"": 9182, ""2"": 56354}",Overture Maps,17,EPSG:4326,"max_class_share=0.86,fg_share=1.00"
karelia_forest_small_17_76713_36734,karelia_forest_small,17,76713,36734,images/tiles/karelia_forest_small_17_76713_36734.png,masks/tiles/karelia_forest_small_17_76713_36734.png,1.0,"{""1"": 5443, ""2"": 60093}",Overture Maps,17,EPSG:4326,"max_class_share=0.92,fg_share=1.00"
karelia_forest_small_17_76719_36734,karelia_forest_small,17,76719,36734,images/tiles/karelia_forest_small_17_76719_36734.png,masks/tiles/karelia_forest_small_17_76719_36734.png,1.0,"{""2"": 61545, ""4"": 3991}",Overture Maps,17,EPSG:4326,"max_class_share=0.94,fg_share=1.00"
karelia_forest_small_17_76720_36734,karelia_forest_small,17,76720,36734,images/tiles/karelia_forest_small_17_76720_36734.png,masks/tiles/karelia_forest_small_17_76720_36734.png,1.0,"{""2"": 58382, ""4"": 7154}",Overture Maps,17,EPSG:4326,"max_class_share=0.89,fg_share=1.00"
karelia_forest_small_17_76711_36735,karelia_forest_small,17,76711,36735,images/tiles/karelia_forest_small_17_76711_36735.png,masks/tiles/karelia_forest_small_17_76711_36735.png,1.0,"{""1"": 58860, ""2"": 6676}",Overture Maps,17,EPSG:4326,"max_class_share=0.90,fg_share=1.00"
karelia_forest_small_17_76712_36735,karelia_forest_small,17,76712,36735,images/tiles/karelia_forest_small_17_76712_36735.png,masks/tiles/karelia_forest_small_17_76712_36735.png,1.0,"{""1"": 60515, ""2"": 5021}",Overture Maps,17,EPSG:4326,"max_class_share=0.92,fg_share=1.00"
karelia_forest_small_17_76713_36735,karelia_forest_small,17,76713,36735,images/tiles/karelia_forest_small_17_76713_36735.png,masks/tiles/karelia_forest_small_17_76713_36735.png,1.0,"{""1"": 60277, ""2"": 5259}",Overture Maps,17,EPSG:4326,"max_class_share=0.92,fg_share=1.00"
karelia_forest_small_17_76714_36735,karelia_forest_small,17,76714,36735,images/tiles/karelia_forest_small_17_76714_36735.png,masks/tiles/karelia_forest_small_17_76714_36735.png,1.0,"{""1"": 51527, ""2"": 14009}",Overture Maps,17,EPSG:4326,"max_class_share=0.79,fg_share=1.00"
karelia_forest_small_17_76715_36735,karelia_forest_small,17,76715,36735,images/tiles/karelia_forest_small_17_76715_36735.png,masks/tiles/karelia_forest_small_17_76715_36735.png,1.0,"{""1"": 23082, ""2"": 42454}",Overture Maps,17,EPSG:4326,"max_class_share=0.65,fg_share=1.00"
karelia_forest_small_17_76711_36736,karelia_forest_small,17,76711,36736,images/tiles/karelia_forest_small_17_76711_36736.png,masks/tiles/karelia_forest_small_17_76711_36736.png,1.0,"{""1"": 3798, ""2"": 61220, ""4"": 518}",Overture Maps,17,EPSG:4326,"max_class_share=0.93,fg_share=1.00"
karelia_forest_small_17_76712_36736,karelia_forest_small,17,76712,36736,images/tiles/karelia_forest_small_17_76712_36736.png,masks/tiles/karelia_forest_small_17_76712_36736.png,1.0,"{""1"": 2827, ""2"": 61747, ""4"": 962}",Overture Maps,17,EPSG:4326,"max_class_share=0.94,fg_share=1.00"
karelia_forest_small_17_76725_36738,karelia_forest_small,17,76725,36738,images/tiles/karelia_forest_small_17_76725_36738.png,masks/tiles/karelia_forest_small_17_76725_36738.png,1.0,"{""1"": 26442, ""2"": 39094}",Overture Maps,17,EPSG:4326,"max_class_share=0.60,fg_share=1.00"
karelia_forest_small_17_76726_36738,karelia_forest_small,17,76726,36738,images/tiles/karelia_forest_small_17_76726_36738.png,masks/tiles/karelia_forest_small_17_76726_36738.png,1.0,"{""1"": 26268, ""2"": 39268}",Overture Maps,17,EPSG:4326,"max_class_share=0.60,fg_share=1.00"
karelia_forest_small_17_76727_36738,karelia_forest_small,17,76727,36738,images/tiles/karelia_forest_small_17_76727_36738.png,masks/tiles/karelia_forest_small_17_76727_36738.png,1.0,"{""1"": 4050, ""2"": 61486}",Overture Maps,17,EPSG:4326,"max_class_share=0.94,fg_share=1.00"
karelia_forest_small_17_76719_36739,karelia_forest_small,17,76719,36739,images/tiles/karelia_forest_small_17_76719_36739.png,masks/tiles/karelia_forest_small_17_76719_36739.png,1.0,"{""1"": 15626, ""2"": 49910}",Overture Maps,17,EPSG:4326,"max_class_share=0.76,fg_share=1.00"
karelia_forest_small_17_76725_36739,karelia_forest_small,17,76725,36739,images/tiles/karelia_forest_small_17_76725_36739.png,masks/tiles/karelia_forest_small_17_76725_36739.png,1.0,"{""1"": 22574, ""2"": 42962}",Overture Maps,17,EPSG:4326,"max_class_share=0.66,fg_share=1.00"
karelia_forest_small_17_76726_36739,karelia_forest_small,17,76726,36739,images/tiles/karelia_forest_small_17_76726_36739.png,masks/tiles/karelia_forest_small_17_76726_36739.png,1.0,"{""1"": 57878, ""2"": 7658}",Overture Maps,17,EPSG:4326,"max_class_share=0.88,fg_share=1.00"
karelia_forest_small_17_76727_36739,karelia_forest_small,17,76727,36739,images/tiles/karelia_forest_small_17_76727_36739.png,masks/tiles/karelia_forest_small_17_76727_36739.png,1.0,"{""1"": 15349, ""2"": 50187}",Overture Maps,17,EPSG:4326,"max_class_share=0.77,fg_share=1.00"
karelia_forest_small_17_76720_36742,karelia_forest_small,17,76720,36742,images/tiles/karelia_forest_small_17_76720_36742.png,masks/tiles/karelia_forest_small_17_76720_36742.png,1.0,"{""1"": 6666, ""2"": 58870}",Overture Maps,17,EPSG:4326,"max_class_share=0.90,fg_share=1.00"
karelia_forest_small_17_76721_36742,karelia_forest_small,17,76721,36742,images/tiles/karelia_forest_small_17_76721_36742.png,masks/tiles/karelia_forest_small_17_76721_36742.png,1.0,"{""1"": 20696, ""2"": 44840}",Overture Maps,17,EPSG:4326,"max_class_share=0.68,fg_share=1.00"
karelia_forest_small_17_76722_36742,karelia_forest_small,17,76722,36742,images/tiles/karelia_forest_small_17_76722_36742.png,masks/tiles/karelia_forest_small_17_76722_36742.png,1.0,"{""1"": 31717, ""2"": 33819}",Overture Maps,17,EPSG:4326,"max_class_share=0.52,fg_share=1.00"
karelia_forest_small_17_76723_36742,karelia_forest_small,17,76723,36742,images/tiles/karelia_forest_small_17_76723_36742.png,masks/tiles/karelia_forest_small_17_76723_36742.png,1.0,"{""1"": 35351, ""2"": 30185}",Overture Maps,17,EPSG:4326,"max_class_share=0.54,fg_share=1.00"
karelia_forest_small_17_76724_36742,karelia_forest_small,17,76724,36742,images/tiles/karelia_forest_small_17_76724_36742.png,masks/tiles/karelia_forest_small_17_76724_36742.png,1.0,"{""1"": 26370, ""2"": 39166}",Overture Maps,17,EPSG:4326,"max_class_share=0.60,fg_share=1.00"
karelia_forest_small_17_76724_36743,karelia_forest_small,17,76724,36743,images/tiles/karelia_forest_small_17_76724_36743.png,masks/tiles/karelia_forest_small_17_76724_36743.png,1.0,"{""1"": 19042, ""2"": 46494}",Overture Maps,17,EPSG:4326,"max_class_share=0.71,fg_share=1.00"
karelia_forest_small_17_76725_36743,karelia_forest_small,17,76725,36743,images/tiles/karelia_forest_small_17_76725_36743.png,masks/tiles/karelia_forest_small_17_76725_36743.png,1.0,"{""1"": 5188, ""2"": 60348}",Overture Maps,17,EPSG:4326,"max_class_share=0.92,fg_share=1.00"
karelia_forest_small_17_76713_36745,karelia_forest_small,17,76713,36745,images/tiles/karelia_forest_small_17_76713_36745.png,masks/tiles/karelia_forest_small_17_76713_36745.png,1.0,"{""1"": 14219, ""2"": 51073, ""4"": 244}",Overture Maps,17,EPSG:4326,"max_class_share=0.78,fg_share=1.00"
karelia_forest_small_17_76714_36745,karelia_forest_small,17,76714,36745,images/tiles/karelia_forest_small_17_76714_36745.png,masks/tiles/karelia_forest_small_17_76714_36745.png,1.0,"{""1"": 27683, ""2"": 37853}",Overture Maps,17,EPSG:4326,"max_class_share=0.58,fg_share=1.00"
karelia_forest_small_17_76715_36745,karelia_forest_small,17,76715,36745,images/tiles/karelia_forest_small_17_76715_36745.png,masks/tiles/karelia_forest_small_17_76715_36745.png,1.0,"{""1"": 45297, ""2"": 20239}",Overture Maps,17,EPSG:4326,"max_class_share=0.69,fg_share=1.00"
karelia_forest_small_17_76716_36745,karelia_forest_small,17,76716,36745,images/tiles/karelia_forest_small_17_76716_36745.png,masks/tiles/karelia_forest_small_17_76716_36745.png,1.0,"{""1"": 48263, ""2"": 17273}",Overture Maps,17,EPSG:4326,"max_class_share=0.74,fg_share=1.00"
karelia_forest_small_17_76717_36745,karelia_forest_small,17,76717,36745,images/tiles/karelia_forest_small_17_76717_36745.png,masks/tiles/karelia_forest_small_17_76717_36745.png,1.0,"{""1"": 33766, ""2"": 31770}",Overture Maps,17,EPSG:4326,"max_class_share=0.52,fg_share=1.00"
karelia_forest_small_17_76713_36746,karelia_forest_small,17,76713,36746,images/tiles/karelia_forest_small_17_76713_36746.png,masks/tiles/karelia_forest_small_17_76713_36746.png,1.0,"{""1"": 24907, ""2"": 40629}",Overture Maps,17,EPSG:4326,"max_class_share=0.62,fg_share=1.00"
karelia_forest_small_17_76716_36746,karelia_forest_small,17,76716,36746,images/tiles/karelia_forest_small_17_76716_36746.png,masks/tiles/karelia_forest_small_17_76716_36746.png,1.0,"{""1"": 57115, ""2"": 8421}",Overture Maps,17,EPSG:4326,"max_class_share=0.87,fg_share=1.00"
karelia_forest_small_17_76717_36746,karelia_forest_small,17,76717,36746,images/tiles/karelia_forest_small_17_76717_36746.png,masks/tiles/karelia_forest_small_17_76717_36746.png,1.0,"{""1"": 36395, ""2"": 29141}",Overture Maps,17,EPSG:4326,"max_class_share=0.56,fg_share=1.00"
karelia_forest_small_17_76718_36746,karelia_forest_small,17,76718,36746,images/tiles/karelia_forest_small_17_76718_36746.png,masks/tiles/karelia_forest_small_17_76718_36746.png,1.0,"{""1"": 30815, ""2"": 34721}",Overture Maps,17,EPSG:4326,"max_class_share=0.53,fg_share=1.00"
krasnodar_fields_small_17_79650_46776,krasnodar_fields_small,17,79650,46776,images/tiles/krasnodar_fields_small_17_79650_46776.png,masks/tiles/krasnodar_fields_small_17_79650_46776.png,1.0,"{""1"": 54414, ""2"": 11122}",Overture Maps,17,EPSG:4326,"max_class_share=0.83,fg_share=1.00"
krasnodar_fields_small_17_79651_46776,krasnodar_fields_small,17,79651,46776,images/tiles/krasnodar_fields_small_17_79651_46776.png,masks/tiles/krasnodar_fields_small_17_79651_46776.png,1.0,"{""1"": 15285, ""2"": 50251}",Overture Maps,17,EPSG:4326,"max_class_share=0.77,fg_share=1.00"
krasnodar_fields_small_17_79671_46776,krasnodar_fields_small,17,79671,46776,images/tiles/krasnodar_fields_small_17_79671_46776.png,masks/tiles/krasnodar_fields_small_17_79671_46776.png,1.0,"{""2"": 61714, ""4"": 3822}",Overture Maps,17,EPSG:4326,"max_class_share=0.94,fg_share=1.00"
krasnodar_fields_small_17_79648_46777,krasnodar_fields_small,17,79648,46777,images/tiles/krasnodar_fields_small_17_79648_46777.png,masks/tiles/krasnodar_fields_small_17_79648_46777.png,1.0,"{""2"": 58994, ""3"": 3275, ""4"": 3267}",Overture Maps,17,EPSG:4326,"max_class_share=0.90,fg_share=1.00"
krasnodar_fields_small_17_79649_46777,krasnodar_fields_small,17,79649,46777,images/tiles/krasnodar_fields_small_17_79649_46777.png,masks/tiles/krasnodar_fields_small_17_79649_46777.png,1.0,"{""1"": 4187, ""2"": 61314, ""3"": 35}",Overture Maps,17,EPSG:4326,"max_class_share=0.94,fg_share=1.00"
krasnodar_fields_small_17_79651_46777,krasnodar_fields_small,17,79651,46777,images/tiles/krasnodar_fields_small_17_79651_46777.png,masks/tiles/krasnodar_fields_small_17_79651_46777.png,1.0,"{""1"": 28145, ""2"": 37391}",Overture Maps,17,EPSG:4326,"max_class_share=0.57,fg_share=1.00"
krasnodar_fields_small_17_79648_46778,krasnodar_fields_small,17,79648,46778,images/tiles/krasnodar_fields_small_17_79648_46778.png,masks/tiles/krasnodar_fields_small_17_79648_46778.png,1.0,"{""1"": 174, ""2"": 60854, ""3"": 1975, ""4"": 2533}",Overture Maps,17,EPSG:4326,"max_class_share=0.93,fg_share=1.00"
krasnodar_fields_small_17_79649_46778,krasnodar_fields_small,17,79649,46778,images/tiles/krasnodar_fields_small_17_79649_46778.png,masks/tiles/krasnodar_fields_small_17_79649_46778.png,1.0,"{""1"": 41337, ""2"": 24164, ""3"": 35}",Overture Maps,17,EPSG:4326,"max_class_share=0.63,fg_share=1.00"
krasnodar_fields_small_17_79651_46778,krasnodar_fields_small,17,79651,46778,images/tiles/krasnodar_fields_small_17_79651_46778.png,masks/tiles/krasnodar_fields_small_17_79651_46778.png,1.0,"{""1"": 9760, ""2"": 55776}",Overture Maps,17,EPSG:4326,"max_class_share=0.85,fg_share=1.00"
krasnodar_fields_small_17_79672_46778,krasnodar_fields_small,17,79672,46778,images/tiles/krasnodar_fields_small_17_79672_46778.png,masks/tiles/krasnodar_fields_small_17_79672_46778.png,1.0,"{""2"": 62139, ""4"": 3397}",Overture Maps,17,EPSG:4326,"max_class_share=0.95,fg_share=1.00"
krasnodar_fields_small_17_79649_46779,krasnodar_fields_small,17,79649,46779,images/tiles/krasnodar_fields_small_17_79649_46779.png,masks/tiles/krasnodar_fields_small_17_79649_46779.png,1.0,"{""1"": 43933, ""2"": 21603}",Overture Maps,17,EPSG:4326,"max_class_share=0.67,fg_share=1.00"
krasnodar_fields_small_17_79651_46779,krasnodar_fields_small,17,79651,46779,images/tiles/krasnodar_fields_small_17_79651_46779.png,masks/tiles/krasnodar_fields_small_17_79651_46779.png,1.0,"{""1"": 6140, ""2"": 59396}",Overture Maps,17,EPSG:4326,"max_class_share=0.91,fg_share=1.00"
krasnodar_fields_small_17_79655_46779,krasnodar_fields_small,17,79655,46779,images/tiles/krasnodar_fields_small_17_79655_46779.png,masks/tiles/krasnodar_fields_small_17_79655_46779.png,1.0,"{""1"": 8226, ""2"": 57310}",Overture Maps,17,EPSG:4326,"max_class_share=0.87,fg_share=1.00"
krasnodar_fields_small_17_79656_46779,krasnodar_fields_small,17,79656,46779,images/tiles/krasnodar_fields_small_17_79656_46779.png,masks/tiles/krasnodar_fields_small_17_79656_46779.png,1.0,"{""1"": 8161, ""2"": 57375}",Overture Maps,17,EPSG:4326,"max_class_share=0.88,fg_share=1.00"
krasnodar_fields_small_17_79649_46780,krasnodar_fields_small,17,79649,46780,images/tiles/krasnodar_fields_small_17_79649_46780.png,masks/tiles/krasnodar_fields_small_17_79649_46780.png,1.0,"{""1"": 42240, ""2"": 23296}",Overture Maps,17,EPSG:4326,"max_class_share=0.64,fg_share=1.00"
krasnodar_fields_small_17_79650_46780,krasnodar_fields_small,17,79650,46780,images/tiles/krasnodar_fields_small_17_79650_46780.png,masks/tiles/krasnodar_fields_small_17_79650_46780.png,1.0,"{""1"": 34320, ""2"": 31216}",Overture Maps,17,EPSG:4326,"max_class_share=0.52,fg_share=1.00"
krasnodar_fields_small_17_79652_46780,krasnodar_fields_small,17,79652,46780,images/tiles/krasnodar_fields_small_17_79652_46780.png,masks/tiles/krasnodar_fields_small_17_79652_46780.png,1.0,"{""1"": 13558, ""2"": 51978}",Overture Maps,17,EPSG:4326,"max_class_share=0.79,fg_share=1.00"
krasnodar_fields_small_17_79653_46780,krasnodar_fields_small,17,79653,46780,images/tiles/krasnodar_fields_small_17_79653_46780.png,masks/tiles/krasnodar_fields_small_17_79653_46780.png,1.0,"{""1"": 32655, ""2"": 32881}",Overture Maps,17,EPSG:4326,"max_class_share=0.50,fg_share=1.00"
krasnodar_fields_small_17_79654_46780,krasnodar_fields_small,17,79654,46780,images/tiles/krasnodar_fields_small_17_79654_46780.png,masks/tiles/krasnodar_fields_small_17_79654_46780.png,1.0,"{""1"": 14746, ""2"": 50790}",Overture Maps,17,EPSG:4326,"max_class_share=0.77,fg_share=1.00"
krasnodar_fields_small_17_79655_46780,krasnodar_fields_small,17,79655,46780,images/tiles/krasnodar_fields_small_17_79655_46780.png,masks/tiles/krasnodar_fields_small_17_79655_46780.png,1.0,"{""1"": 43096, ""2"": 22440}",Overture Maps,17,EPSG:4326,"max_class_share=0.66,fg_share=1.00"
krasnodar_fields_small_17_79656_46780,krasnodar_fields_small,17,79656,46780,images/tiles/krasnodar_fields_small_17_79656_46780.png,masks/tiles/krasnodar_fields_small_17_79656_46780.png,1.0,"{""1"": 5962, ""2"": 59574}",Overture Maps,17,EPSG:4326,"max_class_share=0.91,fg_share=1.00"
krasnodar_fields_small_17_79649_46781,krasnodar_fields_small,17,79649,46781,images/tiles/krasnodar_fields_small_17_79649_46781.png,masks/tiles/krasnodar_fields_small_17_79649_46781.png,1.0,"{""1"": 25676, ""2"": 39860}",Overture Maps,17,EPSG:4326,"max_class_share=0.61,fg_share=1.00"
krasnodar_fields_small_17_79655_46781,krasnodar_fields_small,17,79655,46781,images/tiles/krasnodar_fields_small_17_79655_46781.png,masks/tiles/krasnodar_fields_small_17_79655_46781.png,1.0,"{""1"": 39620, ""2"": 25916}",Overture Maps,17,EPSG:4326,"max_class_share=0.60,fg_share=1.00"
krasnodar_fields_small_17_79656_46781,krasnodar_fields_small,17,79656,46781,images/tiles/krasnodar_fields_small_17_79656_46781.png,masks/tiles/krasnodar_fields_small_17_79656_46781.png,1.0,"{""1"": 10796, ""2"": 54740}",Overture Maps,17,EPSG:4326,"max_class_share=0.84,fg_share=1.00"
krasnodar_fields_small_17_79657_46781,krasnodar_fields_small,17,79657,46781,images/tiles/krasnodar_fields_small_17_79657_46781.png,masks/tiles/krasnodar_fields_small_17_79657_46781.png,1.0,"{""1"": 35666, ""2"": 29870}",Overture Maps,17,EPSG:4326,"max_class_share=0.54,fg_share=1.00"
krasnodar_fields_small_17_79659_46781,krasnodar_fields_small,17,79659,46781,images/tiles/krasnodar_fields_small_17_79659_46781.png,masks/tiles/krasnodar_fields_small_17_79659_46781.png,1.0,"{""1"": 18847, ""2"": 46415, ""3"": 87, ""4"": 187}",Overture Maps,17,EPSG:4326,"max_class_share=0.71,fg_share=1.00"
krasnodar_fields_small_17_79673_46781,krasnodar_fields_small,17,79673,46781,images/tiles/krasnodar_fields_small_17_79673_46781.png,masks/tiles/krasnodar_fields_small_17_79673_46781.png,1.0,"{""2"": 60738, ""3"": 267, ""4"": 4531}",Overture Maps,17,EPSG:4326,"max_class_share=0.93,fg_share=1.00"
krasnodar_fields_small_17_79649_46782,krasnodar_fields_small,17,79649,46782,images/tiles/krasnodar_fields_small_17_79649_46782.png,masks/tiles/krasnodar_fields_small_17_79649_46782.png,1.0,"{""1"": 42787, ""2"": 21832, ""4"": 917}",Overture Maps,17,EPSG:4326,"max_class_share=0.65,fg_share=1.00"
krasnodar_fields_small_17_79656_46782,krasnodar_fields_small,17,79656,46782,images/tiles/krasnodar_fields_small_17_79656_46782.png,masks/tiles/krasnodar_fields_small_17_79656_46782.png,1.0,"{""1"": 60585, ""2"": 4951}",Overture Maps,17,EPSG:4326,"max_class_share=0.92,fg_share=1.00"
krasnodar_fields_small_17_79657_46782,krasnodar_fields_small,17,79657,46782,images/tiles/krasnodar_fields_small_17_79657_46782.png,masks/tiles/krasnodar_fields_small_17_79657_46782.png,1.0,"{""1"": 14197, ""2"": 51151, ""3"": 188}",Overture Maps,17,EPSG:4326,"max_class_share=0.78,fg_share=1.00"
krasnodar_fields_small_17_79660_46782,krasnodar_fields_small,17,79660,46782,images/tiles/krasnodar_fields_small_17_79660_46782.png,masks/tiles/krasnodar_fields_small_17_79660_46782.png,1.0,"{""1"": 4286, ""2"": 60540, ""4"": 710}",Overture Maps,17,EPSG:4326,"max_class_share=0.92,fg_share=1.00"
krasnodar_fields_small_17_79666_46782,krasnodar_fields_small,17,79666,46782,images/tiles/krasnodar_fields_small_17_79666_46782.png,masks/tiles/krasnodar_fields_small_17_79666_46782.png,1.0,"{""2"": 61720, ""3"": 993, ""4"": 2823}",Overture Maps,17,EPSG:4326,"max_class_share=0.94,fg_share=1.00"
krasnodar_fields_small_17_79667_46782,krasnodar_fields_small,17,79667,46782,images/tiles/krasnodar_fields_small_17_79667_46782.png,masks/tiles/krasnodar_fields_small_17_79667_46782.png,1.0,"{""2"": 61780, ""3"": 957, ""4"": 2799}",Overture Maps,17,EPSG:4326,"max_class_share=0.94,fg_share=1.00"
krasnodar_fields_small_17_79668_46782,krasnodar_fields_small,17,79668,46782,images/tiles/krasnodar_fields_small_17_79668_46782.png,masks/tiles/krasnodar_fields_small_17_79668_46782.png,1.0,"{""2"": 61031, ""3"": 1700, ""4"": 2805}",Overture Maps,17,EPSG:4326,"max_class_share=0.93,fg_share=1.00"
krasnodar_fields_small_17_79670_46782,krasnodar_fields_small,17,79670,46782,images/tiles/krasnodar_fields_small_17_79670_46782.png,masks/tiles/krasnodar_fields_small_17_79670_46782.png,1.0,"{""2"": 62202, ""3"": 1115, ""4"": 2219}",Overture Maps,17,EPSG:4326,"max_class_share=0.95,fg_share=1.00"
krasnodar_fields_small_17_79671_46782,krasnodar_fields_small,17,79671,46782,images/tiles/krasnodar_fields_small_17_79671_46782.png,masks/tiles/krasnodar_fields_small_17_79671_46782.png,1.0,"{""2"": 62101, ""3"": 1467, ""4"": 1968}",Overture Maps,17,EPSG:4326,"max_class_share=0.95,fg_share=1.00"
krasnodar_fields_small_17_79649_46783,krasnodar_fields_small,17,79649,46783,images/tiles/krasnodar_fields_small_17_79649_46783.png,masks/tiles/krasnodar_fields_small_17_79649_46783.png,1.0,"{""1"": 50533, ""2"": 14842, ""4"": 161}",Overture Maps,17,EPSG:4326,"max_class_share=0.77,fg_share=1.00"
krasnodar_fields_small_17_79654_46783,krasnodar_fields_small,17,79654,46783,images/tiles/krasnodar_fields_small_17_79654_46783.png,masks/tiles/krasnodar_fields_small_17_79654_46783.png,1.0,"{""1"": 50060, ""2"": 15476}",Overture Maps,17,EPSG:4326,"max_class_share=0.76,fg_share=1.00"
krasnodar_fields_small_17_79655_46783,krasnodar_fields_small,17,79655,46783,images/tiles/krasnodar_fields_small_17_79655_46783.png,masks/tiles/krasnodar_fields_small_17_79655_46783.png,1.0,"{""1"": 10978, ""2"": 54558}",Overture Maps,17,EPSG:4326,"max_class_share=0.83,fg_share=1.00"
krasnodar_fields_small_17_79656_46783,krasnodar_fields_small,17,79656,46783,images/tiles/krasnodar_fields_small_17_79656_46783.png,masks/tiles/krasnodar_fields_small_17_79656_46783.png,1.0,"{""1"": 5489, ""2"": 60047}",Overture Maps,17,EPSG:4326,"max_class_share=0.92,fg_share=1.00"
krasnodar_fields_small_17_79660_46783,krasnodar_fields_small,17,79660,46783,images/tiles/krasnodar_fields_small_17_79660_46783.png,masks/tiles/krasnodar_fields_small_17_79660_46783.png,1.0,"{""1"": 29322, ""2"": 35290, ""4"": 924}",Overture Maps,17,EPSG:4326,"max_class_share=0.54,fg_share=1.00"
krasnodar_fields_small_17_79674_46783,krasnodar_fields_small,17,79674,46783,images/tiles/krasnodar_fields_small_17_79674_46783.png,masks/tiles/krasnodar_fields_small_17_79674_46783.png,1.0,"{""1"": 244, ""2"": 60725, ""4"": 4567}",Overture Maps,17,EPSG:4326,"max_class_share=0.93,fg_share=1.00"
krasnodar_fields_small_17_79648_46784,krasnodar_fields_small,17,79648,46784,images/tiles/krasnodar_fields_small_17_79648_46784.png,masks/tiles/krasnodar_fields_small_17_79648_46784.png,1.0,"{""1"": 17903, ""2"": 46778, ""4"": 855}",Overture Maps,17,EPSG:4326,"max_class_share=0.71,fg_share=1.00"
krasnodar_fields_small_17_79649_46784,krasnodar_fields_small,17,79649,46784,images/tiles/krasnodar_fields_small_17_79649_46784.png,masks/tiles/krasnodar_fields_small_17_79649_46784.png,1.0,"{""1"": 58261, ""2"": 7275}",Overture Maps,17,EPSG:4326,"max_class_share=0.89,fg_share=1.00"
krasnodar_fields_small_17_79650_46784,krasnodar_fields_small,17,79650,46784,images/tiles/krasnodar_fields_small_17_79650_46784.png,masks/tiles/krasnodar_fields_small_17_79650_46784.png,1.0,"{""1"": 43316, ""2"": 22220}",Overture Maps,17,EPSG:4326,"max_class_share=0.66,fg_share=1.00"
krasnodar_fields_small_17_79651_46784,krasnodar_fields_small,17,79651,46784,images/tiles/krasnodar_fields_small_17_79651_46784.png,masks/tiles/krasnodar_fields_small_17_79651_46784.png,1.0,"{""1"": 20108, ""2"": 45428}",Overture Maps,17,EPSG:4326,"max_class_share=0.69,fg_share=1.00"
krasnodar_fields_small_17_79652_46784,krasnodar_fields_small,17,79652,46784,images/tiles/krasnodar_fields_small_17_79652_46784.png,masks/tiles/krasnodar_fields_small_17_79652_46784.png,1.0,"{""1"": 40917, ""2"": 24619}",Overture Maps,17,EPSG:4326,"max_class_share=0.62,fg_share=1.00"
krasnodar_fields_small_17_79653_46784,krasnodar_fields_small,17,79653,46784,images/tiles/krasnodar_fields_small_17_79653_46784.png,masks/tiles/krasnodar_fields_small_17_79653_46784.png,1.0,"{""1"": 44371, ""2"": 21165}",Overture Maps,17,EPSG:4326,"max_class_share=0.68,fg_share=1.00"
krasnodar_fields_small_17_79654_46784,krasnodar_fields_small,17,79654,46784,images/tiles/krasnodar_fields_small_17_79654_46784.png,masks/tiles/krasnodar_fields_small_17_79654_46784.png,1.0,"{""1"": 6918, ""2"": 58618}",Overture Maps,17,EPSG:4326,"max_class_share=0.89,fg_share=1.00"
krasnodar_fields_small_17_79659_46784,krasnodar_fields_small,17,79659,46784,images/tiles/krasnodar_fields_small_17_79659_46784.png,masks/tiles/krasnodar_fields_small_17_79659_46784.png,1.0,"{""1"": 6473, ""2"": 57806, ""4"": 1257}",Overture Maps,17,EPSG:4326,"max_class_share=0.88,fg_share=1.00"
krasnodar_fields_small_17_79660_46784,krasnodar_fields_small,17,79660,46784,images/tiles/krasnodar_fields_small_17_79660_46784.png,masks/tiles/krasnodar_fields_small_17_79660_46784.png,1.0,"{""1"": 8367, ""2"": 57065, ""4"": 104}",Overture Maps,17,EPSG:4326,"max_class_share=0.87,fg_share=1.00"
krasnodar_fields_small_17_79669_46784,krasnodar_fields_small,17,79669,46784,images/tiles/krasnodar_fields_small_17_79669_46784.png,masks/tiles/krasnodar_fields_small_17_79669_46784.png,1.0,"{""2"": 60032, ""3"": 2277, ""4"": 3227}",Overture Maps,17,EPSG:4326,"max_class_share=0.92,fg_share=1.00"
krasnodar_fields_small_17_79670_46784,krasnodar_fields_small,17,79670,46784,images/tiles/krasnodar_fields_small_17_79670_46784.png,masks/tiles/krasnodar_fields_small_17_79670_46784.png,1.0,"{""2"": 59925, ""3"": 2309, ""4"": 3302}",Overture Maps,17,EPSG:4326,"max_class_share=0.91,fg_share=1.00"
krasnodar_fields_small_17_79671_46784,krasnodar_fields_small,17,79671,46784,images/tiles/krasnodar_fields_small_17_79671_46784.png,masks/tiles/krasnodar_fields_small_17_79671_46784.png,1.0,"{""2"": 53793, ""3"": 9856, ""4"": 1887}",Overture Maps,17,EPSG:4326,"max_class_share=0.82,fg_share=1.00"
krasnodar_fields_small_17_79674_46784,krasnodar_fields_small,17,79674,46784,images/tiles/krasnodar_fields_small_17_79674_46784.png,masks/tiles/krasnodar_fields_small_17_79674_46784.png,1.0,"{""2"": 61906, ""4"": 3630}",Overture Maps,17,EPSG:4326,"max_class_share=0.94,fg_share=1.00"
krasnodar_fields_small_17_79648_46785,krasnodar_fields_small,17,79648,46785,images/tiles/krasnodar_fields_small_17_79648_46785.png,masks/tiles/krasnodar_fields_small_17_79648_46785.png,1.0,"{""1"": 6260, ""2"": 58107, ""4"": 1169}",Overture Maps,17,EPSG:4326,"max_class_share=0.89,fg_share=1.00"
krasnodar_fields_small_17_79649_46785,krasnodar_fields_small,17,79649,46785,images/tiles/krasnodar_fields_small_17_79649_46785.png,masks/tiles/krasnodar_fields_small_17_79649_46785.png,1.0,"{""1"": 8870, ""2"": 56666}",Overture Maps,17,EPSG:4326,"max_class_share=0.86,fg_share=1.00"
krasnodar_fields_small_17_79652_46785,krasnodar_fields_small,17,79652,46785,images/tiles/krasnodar_fields_small_17_79652_46785.png,masks/tiles/krasnodar_fields_small_17_79652_46785.png,1.0,"{""1"": 24528, ""2"": 41008}",Overture Maps,17,EPSG:4326,"max_class_share=0.63,fg_share=1.00"
krasnodar_fields_small_17_79653_46785,krasnodar_fields_small,17,79653,46785,images/tiles/krasnodar_fields_small_17_79653_46785.png,masks/tiles/krasnodar_fields_small_17_79653_46785.png,1.0,"{""1"": 16319, ""2"": 49217}",Overture Maps,17,EPSG:4326,"max_class_share=0.75,fg_share=1.00"
krasnodar_fields_small_17_79654_46785,krasnodar_fields_small,17,79654,46785,images/tiles/krasnodar_fields_small_17_79654_46785.png,masks/tiles/krasnodar_fields_small_17_79654_46785.png,1.0,"{""1"": 46407, ""2"": 19129}",Overture Maps,17,EPSG:4326,"max_class_share=0.71,fg_share=1.00"
krasnodar_fields_small_17_79659_46785,krasnodar_fields_small,17,79659,46785,images/tiles/krasnodar_fields_small_17_79659_46785.png,masks/tiles/krasnodar_fields_small_17_79659_46785.png,1.0,"{""1"": 10414, ""2"": 54402, ""4"": 720}",Overture Maps,17,EPSG:4326,"max_class_share=0.83,fg_share=1.00"
krasnodar_fields_small_17_79652_46786,krasnodar_fields_small,17,79652,46786,images/tiles/krasnodar_fields_small_17_79652_46786.png,masks/tiles/krasnodar_fields_small_17_79652_46786.png,1.0,"{""1"": 10263, ""2"": 55273}",Overture Maps,17,EPSG:4326,"max_class_share=0.84,fg_share=1.00"
krasnodar_fields_small_17_79653_46786,krasnodar_fields_small,17,79653,46786,images/tiles/krasnodar_fields_small_17_79653_46786.png,masks/tiles/krasnodar_fields_small_17_79653_46786.png,1.0,"{""1"": 36307, ""2"": 29229}",Overture Maps,17,EPSG:4326,"max_class_share=0.55,fg_share=1.00"
krasnodar_fields_small_17_79655_46786,krasnodar_fields_small,17,79655,46786,images/tiles/krasnodar_fields_small_17_79655_46786.png,masks/tiles/krasnodar_fields_small_17_79655_46786.png,1.0,"{""1"": 10813, ""2"": 54723}",Overture Maps,17,EPSG:4326,"max_class_share=0.84,fg_share=1.00"
krasnodar_fields_small_17_79659_46786,krasnodar_fields_small,17,79659,46786,images/tiles/krasnodar_fields_small_17_79659_46786.png,masks/tiles/krasnodar_fields_small_17_79659_46786.png,1.0,"{""1"": 2526, ""2"": 62047, ""4"": 963}",Overture Maps,17,EPSG:4326,"max_class_share=0.95,fg_share=1.00"
krasnodar_fields_small_17_79653_46787,krasnodar_fields_small,17,79653,46787,images/tiles/krasnodar_fields_small_17_79653_46787.png,masks/tiles/krasnodar_fields_small_17_79653_46787.png,1.0,"{""1"": 32078, ""2"": 33368, ""3"": 90}",Overture Maps,17,EPSG:4326,"max_class_share=0.51,fg_share=1.00"
krasnodar_fields_small_17_79655_46787,krasnodar_fields_small,17,79655,46787,images/tiles/krasnodar_fields_small_17_79655_46787.png,masks/tiles/krasnodar_fields_small_17_79655_46787.png,1.0,"{""1"": 50891, ""2"": 14645}",Overture Maps,17,EPSG:4326,"max_class_share=0.78,fg_share=1.00"
krasnodar_fields_small_17_79656_46787,krasnodar_fields_small,17,79656,46787,images/tiles/krasnodar_fields_small_17_79656_46787.png,masks/tiles/krasnodar_fields_small_17_79656_46787.png,1.0,"{""1"": 37357, ""2"": 28179}",Overture Maps,17,EPSG:4326,"max_class_share=0.57,fg_share=1.00"
krasnodar_fields_small_17_79657_46787,krasnodar_fields_small,17,79657,46787,images/tiles/krasnodar_fields_small_17_79657_46787.png,masks/tiles/krasnodar_fields_small_17_79657_46787.png,1.0,"{""1"": 43760, ""2"": 21776}",Overture Maps,17,EPSG:4326,"max_class_share=0.67,fg_share=1.00"
krasnodar_fields_small_17_79658_46787,krasnodar_fields_small,17,79658,46787,images/tiles/krasnodar_fields_small_17_79658_46787.png,masks/tiles/krasnodar_fields_small_17_79658_46787.png,1.0,"{""1"": 10003, ""2"": 54101, ""4"": 1432}",Overture Maps,17,EPSG:4326,"max_class_share=0.83,fg_share=1.00"
krasnodar_fields_small_17_79652_46788,krasnodar_fields_small,17,79652,46788,images/tiles/krasnodar_fields_small_17_79652_46788.png,masks/tiles/krasnodar_fields_small_17_79652_46788.png,1.0,"{""2"": 59640, ""3"": 3935, ""4"": 1961}",Overture Maps,17,EPSG:4326,"max_class_share=0.91,fg_share=1.00"
krasnodar_fields_small_17_79653_46788,krasnodar_fields_small,17,79653,46788,images/tiles/krasnodar_fields_small_17_79653_46788.png,masks/tiles/krasnodar_fields_small_17_79653_46788.png,1.0,"{""1"": 14336, ""2"": 46611, ""3"": 2809, ""4"": 1780}",Overture Maps,17,EPSG:4326,"max_class_share=0.71,fg_share=1.00"
krasnodar_fields_small_17_79658_46788,krasnodar_fields_small,17,79658,46788,images/tiles/krasnodar_fields_small_17_79658_46788.png,masks/tiles/krasnodar_fields_small_17_79658_46788.png,1.0,"{""1"": 58739, ""2"": 6326, ""4"": 471}",Overture Maps,17,EPSG:4326,"max_class_share=0.90,fg_share=1.00"
krasnodar_fields_small_17_79651_46789,krasnodar_fields_small,17,79651,46789,images/tiles/krasnodar_fields_small_17_79651_46789.png,masks/tiles/krasnodar_fields_small_17_79651_46789.png,1.0,"{""2"": 58801, ""3"": 2870, ""4"": 3865}",Overture Maps,17,EPSG:4326,"max_class_share=0.90,fg_share=1.00"
krasnodar_fields_small_17_79653_46789,krasnodar_fields_small,17,79653,46789,images/tiles/krasnodar_fields_small_17_79653_46789.png,masks/tiles/krasnodar_fields_small_17_79653_46789.png,1.0,"{""1"": 16654, ""2"": 43291, ""3"": 3662, ""4"": 1929}",Overture Maps,17,EPSG:4326,"max_class_share=0.66,fg_share=1.00"
krasnodar_fields_small_17_79659_46789,krasnodar_fields_small,17,79659,46789,images/tiles/krasnodar_fields_small_17_79659_46789.png,masks/tiles/krasnodar_fields_small_17_79659_46789.png,1.0,"{""1"": 15539, ""2"": 48668, ""4"": 1329}",Overture Maps,17,EPSG:4326,"max_class_share=0.74,fg_share=1.00"
krasnodar_fields_small_17_79652_46790,krasnodar_fields_small,17,79652,46790,images/tiles/krasnodar_fields_small_17_79652_46790.png,masks/tiles/krasnodar_fields_small_17_79652_46790.png,1.0,"{""2"": 53190, ""3"": 8397, ""4"": 3949}",Overture Maps,17,EPSG:4326,"max_class_share=0.81,fg_share=1.00"
krasnodar_fields_small_17_79653_46790,krasnodar_fields_small,17,79653,46790,images/tiles/krasnodar_fields_small_17_79653_46790.png,masks/tiles/krasnodar_fields_small_17_79653_46790.png,1.0,"{""1"": 952, ""2"": 61390, ""3"": 2830, ""4"": 364}",Overture Maps,17,EPSG:4326,"max_class_share=0.94,fg_share=1.00"
krasnodar_fields_small_17_79654_46790,krasnodar_fields_small,17,79654,46790,images/tiles/krasnodar_fields_small_17_79654_46790.png,masks/tiles/krasnodar_fields_small_17_79654_46790.png,1.0,"{""1"": 50014, ""2"": 13969, ""3"": 1350, ""4"": 203}",Overture Maps,17,EPSG:4326,"max_class_share=0.76,fg_share=1.00"
krasnodar_fields_small_17_79659_46790,krasnodar_fields_small,17,79659,46790,images/tiles/krasnodar_fields_small_17_79659_46790.png,masks/tiles/krasnodar_fields_small_17_79659_46790.png,1.0,"{""1"": 48333, ""2"": 17203}",Overture Maps,17,EPSG:4326,"max_class_share=0.74,fg_share=1.00"
krasnodar_fields_small_17_79660_46790,krasnodar_fields_small,17,79660,46790,images/tiles/krasnodar_fields_small_17_79660_46790.png,masks/tiles/krasnodar_fields_small_17_79660_46790.png,1.0,"{""1"": 41576, ""2"": 23100, ""4"": 860}",Overture Maps,17,EPSG:4326,"max_class_share=0.63,fg_share=1.00"
krasnodar_fields_small_17_79661_46790,krasnodar_fields_small,17,79661,46790,images/tiles/krasnodar_fields_small_17_79661_46790.png,masks/tiles/krasnodar_fields_small_17_79661_46790.png,1.0,"{""1"": 26701, ""2"": 37902, ""4"": 933}",Overture Maps,17,EPSG:4326,"max_class_share=0.58,fg_share=1.00"
krasnodar_fields_small_17_79665_46790,krasnodar_fields_small,17,79665,46790,images/tiles/krasnodar_fields_small_17_79665_46790.png,masks/tiles/krasnodar_fields_small_17_79665_46790.png,1.0,"{""1"": 15579, ""2"": 48988, ""4"": 969}",Overture Maps,17,EPSG:4326,"max_class_share=0.75,fg_share=1.00"
krasnodar_fields_small_17_79666_46790,krasnodar_fields_small,17,79666,46790,images/tiles/krasnodar_fields_small_17_79666_46790.png,masks/tiles/krasnodar_fields_small_17_79666_46790.png,1.0,"{""1"": 13104, ""2"": 51463, ""4"": 969}",Overture Maps,17,EPSG:4326,"max_class_share=0.79,fg_share=1.00"
krasnodar_fields_small_17_79667_46790,krasnodar_fields_small,17,79667,46790,images/tiles/krasnodar_fields_small_17_79667_46790.png,masks/tiles/krasnodar_fields_small_17_79667_46790.png,1.0,"{""1"": 11165, ""2"": 53397, ""4"": 974}",Overture Maps,17,EPSG:4326,"max_class_share=0.81,fg_share=1.00"
krasnodar_fields_small_17_79653_46791,krasnodar_fields_small,17,79653,46791,images/tiles/krasnodar_fields_small_17_79653_46791.png,masks/tiles/krasnodar_fields_small_17_79653_46791.png,1.0,"{""2"": 58530, ""3"": 3512, ""4"": 3494}",Overture Maps,17,EPSG:4326,"max_class_share=0.89,fg_share=1.00"
krasnodar_fields_small_17_79655_46791,krasnodar_fields_small,17,79655,46791,images/tiles/krasnodar_fields_small_17_79655_46791.png,masks/tiles/krasnodar_fields_small_17_79655_46791.png,1.0,"{""1"": 12199, ""2"": 51039, ""3"": 1386, ""4"": 912}",Overture Maps,17,EPSG:4326,"max_class_share=0.78,fg_share=1.00"
krasnodar_fields_small_17_79656_46791,krasnodar_fields_small,17,79656,46791,images/tiles/krasnodar_fields_small_17_79656_46791.png,masks/tiles/krasnodar_fields_small_17_79656_46791.png,1.0,"{""1"": 58704, ""2"": 6832}",Overture Maps,17,EPSG:4326,"max_class_share=0.90,fg_share=1.00"
krasnodar_fields_small_17_79657_46791,krasnodar_fields_small,17,79657,46791,images/tiles/krasnodar_fields_small_17_79657_46791.png,masks/tiles/krasnodar_fields_small_17_79657_46791.png,1.0,"{""1"": 35580, ""2"": 29956}",Overture Maps,17,EPSG:4326,"max_class_share=0.54,fg_share=1.00"
krasnodar_fields_small_17_79658_46791,krasnodar_fields_small,17,79658,46791,images/tiles/krasnodar_fields_small_17_79658_46791.png,masks/tiles/krasnodar_fields_small_17_79658_46791.png,1.0,"{""1"": 56137, ""2"": 9399}",Overture Maps,17,EPSG:4326,"max_class_share=0.86,fg_share=1.00"
krasnodar_fields_small_17_79659_46791,krasnodar_fields_small,17,79659,46791,images/tiles/krasnodar_fields_small_17_79659_46791.png,masks/tiles/krasnodar_fields_small_17_79659_46791.png,1.0,"{""1"": 57409, ""2"": 8127}",Overture Maps,17,EPSG:4326,"max_class_share=0.88,fg_share=1.00"
krasnodar_fields_small_17_79660_46791,krasnodar_fields_small,17,79660,46791,images/tiles/krasnodar_fields_small_17_79660_46791.png,masks/tiles/krasnodar_fields_small_17_79660_46791.png,1.0,"{""1"": 16052, ""2"": 49484}",Overture Maps,17,EPSG:4326,"max_class_share=0.76,fg_share=1.00"
krasnodar_fields_small_17_79661_46791,krasnodar_fields_small,17,79661,46791,images/tiles/krasnodar_fields_small_17_79661_46791.png,masks/tiles/krasnodar_fields_small_17_79661_46791.png,1.0,"{""1"": 18790, ""2"": 46746}",Overture Maps,17,EPSG:4326,"max_class_share=0.71,fg_share=1.00"
krasnodar_fields_small_17_79662_46791,krasnodar_fields_small,17,79662,46791,images/tiles/krasnodar_fields_small_17_79662_46791.png,masks/tiles/krasnodar_fields_small_17_79662_46791.png,1.0,"{""1"": 43471, ""2"": 22065}",Overture Maps,17,EPSG:4326,"max_class_share=0.66,fg_share=1.00"
krasnodar_fields_small_17_79667_46791,krasnodar_fields_small,17,79667,46791,images/tiles/krasnodar_fields_small_17_79667_46791.png,masks/tiles/krasnodar_fields_small_17_79667_46791.png,1.0,"{""1"": 11004, ""2"": 54455, ""4"": 77}",Overture Maps,17,EPSG:4326,"max_class_share=0.83,fg_share=1.00"
krasnodar_fields_small_17_79668_46791,krasnodar_fields_small,17,79668,46791,images/tiles/krasnodar_fields_small_17_79668_46791.png,masks/tiles/krasnodar_fields_small_17_79668_46791.png,1.0,"{""1"": 13641, ""2"": 50792, ""4"": 1103}",Overture Maps,17,EPSG:4326,"max_class_share=0.78,fg_share=1.00"
krasnodar_fields_small_17_79654_46792,krasnodar_fields_small,17,79654,46792,images/tiles/krasnodar_fields_small_17_79654_46792.png,masks/tiles/krasnodar_fields_small_17_79654_46792.png,1.0,"{""2"": 59012, ""3"": 3585, ""4"": 2939}",Overture Maps,17,EPSG:4326,"max_class_share=0.90,fg_share=1.00"
krasnodar_fields_small_17_79655_46792,krasnodar_fields_small,17,79655,46792,images/tiles/krasnodar_fields_small_17_79655_46792.png,masks/tiles/krasnodar_fields_small_17_79655_46792.png,1.0,"{""1"": 12321, ""2"": 49958, ""3"": 1797, ""4"": 1460}",Overture Maps,17,EPSG:4326,"max_class_share=0.76,fg_share=1.00"
krasnodar_fields_small_17_79656_46792,krasnodar_fields_small,17,79656,46792,images/tiles/krasnodar_fields_small_17_79656_46792.png,masks/tiles/krasnodar_fields_small_17_79656_46792.png,1.0,"{""1"": 23351, ""2"": 42185}",Overture Maps,17,EPSG:4326,"max_class_share=0.64,fg_share=1.00"
krasnodar_fields_small_17_79658_46792,krasnodar_fields_small,17,79658,46792,images/tiles/krasnodar_fields_small_17_79658_46792.png,masks/tiles/krasnodar_fields_small_17_79658_46792.png,1.0,"{""1"": 20783, ""2"": 44753}",Overture Maps,17,EPSG:4326,"max_class_share=0.68,fg_share=1.00"
krasnodar_fields_small_17_79659_46792,krasnodar_fields_small,17,79659,46792,images/tiles/krasnodar_fields_small_17_79659_46792.png,masks/tiles/krasnodar_fields_small_17_79659_46792.png,1.0,"{""1"": 47536, ""2"": 18000}",Overture Maps,17,EPSG:4326,"max_class_share=0.73,fg_share=1.00"
krasnodar_fields_small_17_79660_46792,krasnodar_fields_small,17,79660,46792,images/tiles/krasnodar_fields_small_17_79660_46792.png,masks/tiles/krasnodar_fields_small_17_79660_46792.png,1.0,"{""1"": 17512, ""2"": 48024}",Overture Maps,17,EPSG:4326,"max_class_share=0.73,fg_share=1.00"
krasnodar_fields_small_17_79662_46792,krasnodar_fields_small,17,79662,46792,images/tiles/krasnodar_fields_small_17_79662_46792.png,masks/tiles/krasnodar_fields_small_17_79662_46792.png,1.0,"{""1"": 20311, ""2"": 45225}",Overture Maps,17,EPSG:4326,"max_class_share=0.69,fg_share=1.00"
krasnodar_fields_small_17_79663_46792,krasnodar_fields_small,17,79663,46792,images/tiles/krasnodar_fields_small_17_79663_46792.png,masks/tiles/krasnodar_fields_small_17_79663_46792.png,1.0,"{""1"": 30373, ""2"": 35163}",Overture Maps,17,EPSG:4326,"max_class_share=0.54,fg_share=1.00"
krasnodar_fields_small_17_79669_46792,krasnodar_fields_small,17,79669,46792,images/tiles/krasnodar_fields_small_17_79669_46792.png,masks/tiles/krasnodar_fields_small_17_79669_46792.png,1.0,"{""1"": 11211, ""2"": 51850, ""3"": 1830, ""4"": 645}",Overture Maps,17,EPSG:4326,"max_class_share=0.79,fg_share=1.00"
krasnodar_fields_small_17_79670_46792,krasnodar_fields_small,17,79670,46792,images/tiles/krasnodar_fields_small_17_79670_46792.png,masks/tiles/krasnodar_fields_small_17_79670_46792.png,1.0,"{""2"": 60566, ""3"": 3105, ""4"": 1865}",Overture Maps,17,EPSG:4326,"max_class_share=0.92,fg_share=1.00"
krasnodar_fields_small_17_79671_46792,krasnodar_fields_small,17,79671,46792,images/tiles/krasnodar_fields_small_17_79671_46792.png,masks/tiles/krasnodar_fields_small_17_79671_46792.png,1.0,"{""2"": 61605, ""3"": 2007, ""4"": 1924}",Overture Maps,17,EPSG:4326,"max_class_share=0.94,fg_share=1.00"
krasnodar_fields_small_17_79675_46792,krasnodar_fields_small,17,79675,46792,images/tiles/krasnodar_fields_small_17_79675_46792.png,masks/tiles/krasnodar_fields_small_17_79675_46792.png,1.0,"{""2"": 57422, ""3"": 3443, ""4"": 4671}",Overture Maps,17,EPSG:4326,"max_class_share=0.88,fg_share=1.00"
krasnodar_fields_small_17_79676_46792,krasnodar_fields_small,17,79676,46792,images/tiles/krasnodar_fields_small_17_79676_46792.png,masks/tiles/krasnodar_fields_small_17_79676_46792.png,1.0,"{""1"": 2115, ""2"": 54760, ""3"": 6625, ""4"": 2036}",Overture Maps,17,EPSG:4326,"max_class_share=0.84,fg_share=1.00"
krasnodar_fields_small_17_79677_46792,krasnodar_fields_small,17,79677,46792,images/tiles/krasnodar_fields_small_17_79677_46792.png,masks/tiles/krasnodar_fields_small_17_79677_46792.png,1.0,"{""1"": 1679, ""2"": 61276, ""3"": 1750, ""4"": 831}",Overture Maps,17,EPSG:4326,"max_class_share=0.93,fg_share=1.00"
krasnodar_fields_small_17_79654_46793,krasnodar_fields_small,17,79654,46793,images/tiles/krasnodar_fields_small_17_79654_46793.png,masks/tiles/krasnodar_fields_small_17_79654_46793.png,1.0,"{""2"": 61723, ""3"": 1618, ""4"": 2195}",Overture Maps,17,EPSG:4326,"max_class_share=0.94,fg_share=1.00"
krasnodar_fields_small_17_79655_46793,krasnodar_fields_small,17,79655,46793,images/tiles/krasnodar_fields_small_17_79655_46793.png,masks/tiles/krasnodar_fields_small_17_79655_46793.png,1.0,"{""1"": 58, ""2"": 57503, ""3"": 4387, ""4"": 3588}",Overture Maps,17,EPSG:4326,"max_class_share=0.88,fg_share=1.00"
krasnodar_fields_small_17_79656_46793,krasnodar_fields_small,17,79656,46793,images/tiles/krasnodar_fields_small_17_79656_46793.png,masks/tiles/krasnodar_fields_small_17_79656_46793.png,1.0,"{""1"": 24208, ""2"": 41097, ""3"": 99, ""4"": 132}",Overture Maps,17,EPSG:4326,"max_class_share=0.63,fg_share=1.00"
krasnodar_fields_small_17_79657_46793,krasnodar_fields_small,17,79657,46793,images/tiles/krasnodar_fields_small_17_79657_46793.png,masks/tiles/krasnodar_fields_small_17_79657_46793.png,1.0,"{""1"": 18902, ""2"": 46634}",Overture Maps,17,EPSG:4326,"max_class_share=0.71,fg_share=1.00"
krasnodar_fields_small_17_79659_46793,krasnodar_fields_small,17,79659,46793,images/tiles/krasnodar_fields_small_17_79659_46793.png,masks/tiles/krasnodar_fields_small_17_79659_46793.png,1.0,"{""1"": 26250, ""2"": 39286}",Overture Maps,17,EPSG:4326,"max_class_share=0.60,fg_share=1.00"
krasnodar_fields_small_17_79660_46793,krasnodar_fields_small,17,79660,46793,images/tiles/krasnodar_fields_small_17_79660_46793.png,masks/tiles/krasnodar_fields_small_17_79660_46793.png,1.0,"{""1"": 16256, ""2"": 49280}",Overture Maps,17,EPSG:4326,"max_class_share=0.75,fg_share=1.00"
krasnodar_fields_small_17_79663_46793,krasnodar_fields_small,17,79663,46793,images/tiles/krasnodar_fields_small_17_79663_46793.png,masks/tiles/krasnodar_fields_small_17_79663_46793.png,1.0,"{""1"": 50645, ""2"": 14891}",Overture Maps,17,EPSG:4326,"max_class_share=0.77,fg_share=1.00"
krasnodar_fields_small_17_79672_46793,krasnodar_fields_small,17,79672,46793,images/tiles/krasnodar_fields_small_17_79672_46793.png,masks/tiles/krasnodar_fields_small_17_79672_46793.png,1.0,"{""2"": 61751, ""3"": 1891, ""4"": 1894}",Overture Maps,17,EPSG:4326,"max_class_share=0.94,fg_share=1.00"
krasnodar_fields_small_17_79673_46793,krasnodar_fields_small,17,79673,46793,images/tiles/krasnodar_fields_small_17_79673_46793.png,masks/tiles/krasnodar_fields_small_17_79673_46793.png,1.0,"{""2"": 59693, ""3"": 3240, ""4"": 2603}",Overture Maps,17,EPSG:4326,"max_class_share=0.91,fg_share=1.00"
krasnodar_fields_small_17_79674_46793,krasnodar_fields_small,17,79674,46793,images/tiles/krasnodar_fields_small_17_79674_46793.png,masks/tiles/krasnodar_fields_small_17_79674_46793.png,1.0,"{""2"": 58741, ""3"": 2544, ""4"": 4251}",Overture Maps,17,EPSG:4326,"max_class_share=0.90,fg_share=1.00"
krasnodar_fields_small_17_79675_46793,krasnodar_fields_small,17,79675,46793,images/tiles/krasnodar_fields_small_17_79675_46793.png,masks/tiles/krasnodar_fields_small_17_79675_46793.png,1.0,"{""2"": 61333, ""3"": 1771, ""4"": 2432}",Overture Maps,17,EPSG:4326,"max_class_share=0.94,fg_share=1.00"
krasnodar_fields_small_17_79676_46793,krasnodar_fields_small,17,79676,46793,images/tiles/krasnodar_fields_small_17_79676_46793.png,masks/tiles/krasnodar_fields_small_17_79676_46793.png,1.0,"{""1"": 1435, ""2"": 62147, ""4"": 1954}",Overture Maps,17,EPSG:4326,"max_class_share=0.95,fg_share=1.00"
krasnodar_fields_small_17_79655_46794,krasnodar_fields_small,17,79655,46794,images/tiles/krasnodar_fields_small_17_79655_46794.png,masks/tiles/krasnodar_fields_small_17_79655_46794.png,1.0,"{""2"": 58483, ""3"": 4000, ""4"": 3053}",Overture Maps,17,EPSG:4326,"max_class_share=0.89,fg_share=1.00"
krasnodar_fields_small_17_79656_46794,krasnodar_fields_small,17,79656,46794,images/tiles/krasnodar_fields_small_17_79656_46794.png,masks/tiles/krasnodar_fields_small_17_79656_46794.png,1.0,"{""1"": 936, ""2"": 59101, ""3"": 3595, ""4"": 1904}",Overture Maps,17,EPSG:4326,"max_class_share=0.90,fg_share=1.00"
krasnodar_fields_small_17_79657_46794,krasnodar_fields_small,17,79657,46794,images/tiles/krasnodar_fields_small_17_79657_46794.png,masks/tiles/krasnodar_fields_small_17_79657_46794.png,1.0,"{""1"": 34608, ""2"": 30928}",Overture Maps,17,EPSG:4326,"max_class_share=0.53,fg_share=1.00"
krasnodar_fields_small_17_79659_46794,krasnodar_fields_small,17,79659,46794,images/tiles/krasnodar_fields_small_17_79659_46794.png,masks/tiles/krasnodar_fields_small_17_79659_46794.png,1.0,"{""1"": 40559, ""2"": 24977}",Overture Maps,17,EPSG:4326,"max_class_share=0.62,fg_share=1.00"
krasnodar_fields_small_17_79660_46794,krasnodar_fields_small,17,79660,46794,images/tiles/krasnodar_fields_small_17_79660_46794.png,masks/tiles/krasnodar_fields_small_17_79660_46794.png,1.0,"{""1"": 10850, ""2"": 54686}",Overture Maps,17,EPSG:4326,"max_class_share=0.83,fg_share=1.00"
krasnodar_fields_small_17_79663_46794,krasnodar_fields_small,17,79663,46794,images/tiles/krasnodar_fields_small_17_79663_46794.png,masks/tiles/krasnodar_fields_small_17_79663_46794.png,1.0,"{""1"": 57869, ""2"": 7667}",Overture Maps,17,EPSG:4326,"max_class_share=0.88,fg_share=1.00"
krasnodar_fields_small_17_79666_46794,krasnodar_fields_small,17,79666,46794,images/tiles/krasnodar_fields_small_17_79666_46794.png,masks/tiles/krasnodar_fields_small_17_79666_46794.png,1.0,"{""1"": 18292, ""2"": 47244}",Overture Maps,17,EPSG:4326,"max_class_share=0.72,fg_share=1.00"
krasnodar_fields_small_17_79671_46794,krasnodar_fields_small,17,79671,46794,images/tiles/krasnodar_fields_small_17_79671_46794.png,masks/tiles/krasnodar_fields_small_17_79671_46794.png,1.0,"{""2"": 58335, ""3"": 3428, ""4"": 3773}",Overture Maps,17,EPSG:4326,"max_class_share=0.89,fg_share=1.00"
krasnodar_fields_small_17_79672_46794,krasnodar_fields_small,17,79672,46794,images/tiles/krasnodar_fields_small_17_79672_46794.png,masks/tiles/krasnodar_fields_small_17_79672_46794.png,1.0,"{""2"": 60652, ""3"": 3036, ""4"": 1848}",Overture Maps,17,EPSG:4326,"max_class_share=0.93,fg_share=1.00"
krasnodar_fields_small_17_79673_46794,krasnodar_fields_small,17,79673,46794,images/tiles/krasnodar_fields_small_17_79673_46794.png,masks/tiles/krasnodar_fields_small_17_79673_46794.png,1.0,"{""2"": 58696, ""3"": 4989, ""4"": 1851}",Overture Maps,17,EPSG:4326,"max_class_share=0.90,fg_share=1.00"
krasnodar_fields_small_17_79674_46794,krasnodar_fields_small,17,79674,46794,images/tiles/krasnodar_fields_small_17_79674_46794.png,masks/tiles/krasnodar_fields_small_17_79674_46794.png,1.0,"{""2"": 55265, ""3"": 6891, ""4"": 3380}",Overture Maps,17,EPSG:4326,"max_class_share=0.84,fg_share=1.00"
krasnodar_fields_small_17_79675_46794,krasnodar_fields_small,17,79675,46794,images/tiles/krasnodar_fields_small_17_79675_46794.png,masks/tiles/krasnodar_fields_small_17_79675_46794.png,1.0,"{""2"": 59518, ""3"": 3229, ""4"": 2789}",Overture Maps,17,EPSG:4326,"max_class_share=0.91,fg_share=1.00"
krasnodar_fields_small_17_79676_46794,krasnodar_fields_small,17,79676,46794,images/tiles/krasnodar_fields_small_17_79676_46794.png,masks/tiles/krasnodar_fields_small_17_79676_46794.png,1.0,"{""2"": 61154, ""4"": 4382}",Overture Maps,17,EPSG:4326,"max_class_share=0.93,fg_share=1.00"
krasnodar_fields_small_17_79656_46795,krasnodar_fields_small,17,79656,46795,images/tiles/krasnodar_fields_small_17_79656_46795.png,masks/tiles/krasnodar_fields_small_17_79656_46795.png,1.0,"{""2"": 56859, ""3"": 4952, ""4"": 3725}",Overture Maps,17,EPSG:4326,"max_class_share=0.87,fg_share=1.00"
krasnodar_fields_small_17_79657_46795,krasnodar_fields_small,17,79657,46795,images/tiles/krasnodar_fields_small_17_79657_46795.png,masks/tiles/krasnodar_fields_small_17_79657_46795.png,1.0,"{""1"": 10611, ""2"": 53106, ""3"": 1549, ""4"": 270}",Overture Maps,17,EPSG:4326,"max_class_share=0.81,fg_share=1.00"
krasnodar_fields_small_17_79658_46795,krasnodar_fields_small,17,79658,46795,images/tiles/krasnodar_fields_small_17_79658_46795.png,masks/tiles/krasnodar_fields_small_17_79658_46795.png,1.0,"{""1"": 28001, ""2"": 37535}",Overture Maps,17,EPSG:4326,"max_class_share=0.57,fg_share=1.00"
krasnodar_fields_small_17_79659_46795,krasnodar_fields_small,17,79659,46795,images/tiles/krasnodar_fields_small_17_79659_46795.png,masks/tiles/krasnodar_fields_small_17_79659_46795.png,1.0,"{""1"": 4089, ""2"": 61447}",Overture Maps,17,EPSG:4326,"max_class_share=0.94,fg_share=1.00"
krasnodar_fields_small_17_79663_46795,krasnodar_fields_small,17,79663,46795,images/tiles/krasnodar_fields_small_17_79663_46795.png,masks/tiles/krasnodar_fields_small_17_79663_46795.png,1.0,"{""1"": 45077, ""2"": 19727, ""4"": 732}",Overture Maps,17,EPSG:4326,"max_class_share=0.69,fg_share=1.00"
krasnodar_fields_small_17_79664_46795,krasnodar_fields_small,17,79664,46795,images/tiles/krasnodar_fields_small_17_79664_46795.png,masks/tiles/krasnodar_fields_small_17_79664_46795.png,1.0,"{""1"": 12942, ""2"": 52594}",Overture Maps,17,EPSG:4326,"max_class_share=0.80,fg_share=1.00"
krasnodar_fields_small_17_79665_46795,krasnodar_fields_small,17,79665,46795,images/tiles/krasnodar_fields_small_17_79665_46795.png,masks/tiles/krasnodar_fields_small_17_79665_46795.png,1.0,"{""1"": 10255, ""2"": 55281}",Overture Maps,17,EPSG:4326,"max_class_share=0.84,fg_share=1.00"
krasnodar_fields_small_17_79666_46795,krasnodar_fields_small,17,79666,46795,images/tiles/krasnodar_fields_small_17_79666_46795.png,masks/tiles/krasnodar_fields_small_17_79666_46795.png,1.0,"{""1"": 61360, ""2"": 4176}",Overture Maps,17,EPSG:4326,"max_class_share=0.94,fg_share=1.00"
krasnodar_fields_small_17_79667_46795,krasnodar_fields_small,17,79667,46795,images/tiles/krasnodar_fields_small_17_79667_46795.png,masks/tiles/krasnodar_fields_small_17_79667_46795.png,1.0,"{""1"": 39292, ""2"": 26244}",Overture Maps,17,EPSG:4326,"max_class_share=0.60,fg_share=1.00"
krasnodar_fields_small_17_79668_46795,krasnodar_fields_small,17,79668,46795,images/tiles/krasnodar_fields_small_17_79668_46795.png,masks/tiles/krasnodar_fields_small_17_79668_46795.png,1.0,"{""1"": 40049, ""2"": 25487}",Overture Maps,17,EPSG:4326,"max_class_share=0.61,fg_share=1.00"
krasnodar_fields_small_17_79669_46795,krasnodar_fields_small,17,79669,46795,images/tiles/krasnodar_fields_small_17_79669_46795.png,masks/tiles/krasnodar_fields_small_17_79669_46795.png,1.0,"{""1"": 44855, ""2"": 20546, ""3"": 135}",Overture Maps,17,EPSG:4326,"max_class_share=0.68,fg_share=1.00"
krasnodar_fields_small_17_79670_46795,krasnodar_fields_small,17,79670,46795,images/tiles/krasnodar_fields_small_17_79670_46795.png,masks/tiles/krasnodar_fields_small_17_79670_46795.png,1.0,"{""2"": 61587, ""3"": 1149, ""4"": 2800}",Overture Maps,17,EPSG:4326,"max_class_share=0.94,fg_share=1.00"
krasnodar_fields_small_17_79671_46795,krasnodar_fields_small,17,79671,46795,images/tiles/krasnodar_fields_small_17_79671_46795.png,masks/tiles/krasnodar_fields_small_17_79671_46795.png,1.0,"{""1"": 14007, ""2"": 51085, ""3"": 444}",Overture Maps,17,EPSG:4326,"max_class_share=0.78,fg_share=1.00"
krasnodar_fields_small_17_79672_46795,krasnodar_fields_small,17,79672,46795,images/tiles/krasnodar_fields_small_17_79672_46795.png,masks/tiles/krasnodar_fields_small_17_79672_46795.png,1.0,"{""1"": 27457, ""2"": 38054, ""3"": 25}",Overture Maps,17,EPSG:4326,"max_class_share=0.58,fg_share=1.00"
krasnodar_fields_small_17_79676_46795,krasnodar_fields_small,17,79676,46795,images/tiles/krasnodar_fields_small_17_79676_46795.png,masks/tiles/krasnodar_fields_small_17_79676_46795.png,1.0,"{""2"": 61166, ""3"": 1566, ""4"": 2804}",Overture Maps,17,EPSG:4326,"max_class_share=0.93,fg_share=1.00"
krasnodar_fields_small_17_79657_46796,krasnodar_fields_small,17,79657,46796,images/tiles/krasnodar_fields_small_17_79657_46796.png,masks/tiles/krasnodar_fields_small_17_79657_46796.png,1.0,"{""2"": 55647, ""3"": 6867, ""4"": 3022}",Overture Maps,17,EPSG:4326,"max_class_share=0.85,fg_share=1.00"
krasnodar_fields_small_17_79658_46796,krasnodar_fields_small,17,79658,46796,images/tiles/krasnodar_fields_small_17_79658_46796.png,masks/tiles/krasnodar_fields_small_17_79658_46796.png,1.0,"{""1"": 12246, ""2"": 49258, ""3"": 3224, ""4"": 808}",Overture Maps,17,EPSG:4326,"max_class_share=0.75,fg_share=1.00"
krasnodar_fields_small_17_79659_46796,krasnodar_fields_small,17,79659,46796,images/tiles/krasnodar_fields_small_17_79659_46796.png,masks/tiles/krasnodar_fields_small_17_79659_46796.png,1.0,"{""1"": 16925, ""2"": 48611}",Overture Maps,17,EPSG:4326,"max_class_share=0.74,fg_share=1.00"
krasnodar_fields_small_17_79663_46796,krasnodar_fields_small,17,79663,46796,images/tiles/krasnodar_fields_small_17_79663_46796.png,masks/tiles/krasnodar_fields_small_17_79663_46796.png,1.0,"{""1"": 16228, ""2"": 48247, ""4"": 1061}",Overture Maps,17,EPSG:4326,"max_class_share=0.74,fg_share=1.00"
krasnodar_fields_small_17_79667_46796,krasnodar_fields_small,17,79667,46796,images/tiles/krasnodar_fields_small_17_79667_46796.png,masks/tiles/krasnodar_fields_small_17_79667_46796.png,1.0,"{""1"": 4833, ""2"": 60703}",Overture Maps,17,EPSG:4326,"max_class_share=0.93,fg_share=1.00"
krasnodar_fields_small_17_79669_46796,krasnodar_fields_small,17,79669,46796,images/tiles/krasnodar_fields_small_17_79669_46796.png,masks/tiles/krasnodar_fields_small_17_79669_46796.png,1.0,"{""1"": 50499, ""2"": 15037}",Overture Maps,17,EPSG:4326,"max_class_share=0.77,fg_share=1.00"
krasnodar_fields_small_17_79676_46796,krasnodar_fields_small,17,79676,46796,images/tiles/krasnodar_fields_small_17_79676_46796.png,masks/tiles/krasnodar_fields_small_17_79676_46796.png,1.0,"{""1"": 13989, ""2"": 51311, ""3"": 236}",Overture Maps,17,EPSG:4326,"max_class_share=0.78,fg_share=1.00"
krasnodar_fields_small_17_79658_46797,krasnodar_fields_small,17,79658,46797,images/tiles/krasnodar_fields_small_17_79658_46797.png,masks/tiles/krasnodar_fields_small_17_79658_46797.png,1.0,"{""2"": 61819, ""3"": 1487, ""4"": 2230}",Overture Maps,17,EPSG:4326,"max_class_share=0.94,fg_share=1.00"
krasnodar_fields_small_17_79663_46797,krasnodar_fields_small,17,79663,46797,images/tiles/krasnodar_fields_small_17_79663_46797.png,masks/tiles/krasnodar_fields_small_17_79663_46797.png,1.0,"{""2"": 61330, ""3"": 2287, ""4"": 1919}",Overture Maps,17,EPSG:4326,"max_class_share=0.94,fg_share=1.00"
krasnodar_fields_small_17_79664_46797,krasnodar_fields_small,17,79664,46797,images/tiles/krasnodar_fields_small_17_79664_46797.png,masks/tiles/krasnodar_fields_small_17_79664_46797.png,1.0,"{""1"": 43849, ""2"": 21687}",Overture Maps,17,EPSG:4326,"max_class_share=0.67,fg_share=1.00"
krasnodar_fields_small_17_79667_46797,krasnodar_fields_small,17,79667,46797,images/tiles/krasnodar_fields_small_17_79667_46797.png,masks/tiles/krasnodar_fields_small_17_79667_46797.png,1.0,"{""1"": 10474, ""2"": 55062}",Overture Maps,17,EPSG:4326,"max_class_share=0.84,fg_share=1.00"
krasnodar_fields_small_17_79669_46797,krasnodar_fields_small,17,79669,46797,images/tiles/krasnodar_fields_small_17_79669_46797.png,masks/tiles/krasnodar_fields_small_17_79669_46797.png,1.0,"{""1"": 35006, ""2"": 30530}",Overture Maps,17,EPSG:4326,"max_class_share=0.53,fg_share=1.00"
krasnodar_fields_small_17_79663_46798,krasnodar_fields_small,17,79663,46798,images/tiles/krasnodar_fields_small_17_79663_46798.png,masks/tiles/krasnodar_fields_small_17_79663_46798.png,1.0,"{""2"": 61344, ""3"": 762, ""4"": 3430}",Overture Maps,17,EPSG:4326,"max_class_share=0.94,fg_share=1.00"
krasnodar_fields_small_17_79664_46798,krasnodar_fields_small,17,79664,46798,images/tiles/krasnodar_fields_small_17_79664_46798.png,masks/tiles/krasnodar_fields_small_17_79664_46798.png,1.0,"{""1"": 15664, ""2"": 49479, ""3"": 393}",Overture Maps,17,EPSG:4326,"max_class_share=0.75,fg_share=1.00"
krasnodar_fields_small_17_79667_46798,krasnodar_fields_small,17,79667,46798,images/tiles/krasnodar_fields_small_17_79667_46798.png,masks/tiles/krasnodar_fields_small_17_79667_46798.png,1.0,"{""1"": 19561, ""2"": 45975}",Overture Maps,17,EPSG:4326,"max_class_share=0.70,fg_share=1.00"
krasnodar_fields_small_17_79669_46798,krasnodar_fields_small,17,79669,46798,images/tiles/krasnodar_fields_small_17_79669_46798.png,masks/tiles/krasnodar_fields_small_17_79669_46798.png,1.0,"{""1"": 54454, ""2"": 10647, ""3"": 69, ""4"": 366}",Overture Maps,17,EPSG:4326,"max_class_share=0.83,fg_share=1.00"
krasnodar_fields_small_17_79664_46799,krasnodar_fields_small,17,79664,46799,images/tiles/krasnodar_fields_small_17_79664_46799.png,masks/tiles/krasnodar_fields_small_17_79664_46799.png,1.0,"{""1"": 156, ""2"": 60724, ""3"": 3141, ""4"": 1515}",Overture Maps,17,EPSG:4326,"max_class_share=0.93,fg_share=1.00"
krasnodar_fields_small_17_79665_46799,krasnodar_fields_small,17,79665,46799,images/tiles/krasnodar_fields_small_17_79665_46799.png,masks/tiles/krasnodar_fields_small_17_79665_46799.png,1.0,"{""1"": 58728, ""2"": 6808}",Overture Maps,17,EPSG:4326,"max_class_share=0.90,fg_share=1.00"
krasnodar_fields_small_17_79666_46799,krasnodar_fields_small,17,79666,46799,images/tiles/krasnodar_fields_small_17_79666_46799.png,masks/tiles/krasnodar_fields_small_17_79666_46799.png,1.0,"{""1"": 59501, ""2"": 6035}",Overture Maps,17,EPSG:4326,"max_class_share=0.91,fg_share=1.00"
krasnodar_fields_small_17_79667_46799,krasnodar_fields_small,17,79667,46799,images/tiles/krasnodar_fields_small_17_79667_46799.png,masks/tiles/krasnodar_fields_small_17_79667_46799.png,1.0,"{""1"": 7294, ""2"": 58242}",Overture Maps,17,EPSG:4326,"max_class_share=0.89,fg_share=1.00"
krasnodar_fields_small_17_79670_46799,krasnodar_fields_small,17,79670,46799,images/tiles/krasnodar_fields_small_17_79670_46799.png,masks/tiles/krasnodar_fields_small_17_79670_46799.png,1.0,"{""1"": 18425, ""2"": 46726, ""4"": 385}",Overture Maps,17,EPSG:4326,"max_class_share=0.71,fg_share=1.00"
krasnodar_fields_small_17_79665_46800,krasnodar_fields_small,17,79665,46800,images/tiles/krasnodar_fields_small_17_79665_46800.png,masks/tiles/krasnodar_fields_small_17_79665_46800.png,1.0,"{""1"": 47469, ""2"": 18067}",Overture Maps,17,EPSG:4326,"max_class_share=0.72,fg_share=1.00"
krasnodar_fields_small_17_79666_46800,krasnodar_fields_small,17,79666,46800,images/tiles/krasnodar_fields_small_17_79666_46800.png,masks/tiles/krasnodar_fields_small_17_79666_46800.png,1.0,"{""1"": 53436, ""2"": 12100}",Overture Maps,17,EPSG:4326,"max_class_share=0.82,fg_share=1.00"
krasnodar_fields_small_17_79676_46800,krasnodar_fields_small,17,79676,46800,images/tiles/krasnodar_fields_small_17_79676_46800.png,masks/tiles/krasnodar_fields_small_17_79676_46800.png,1.0,"{""1"": 39268, ""2"": 25908, ""3"": 360}",Overture Maps,17,EPSG:4326,"max_class_share=0.60,fg_share=1.00"
krasnodar_fields_small_17_79677_46800,krasnodar_fields_small,17,79677,46800,images/tiles/krasnodar_fields_small_17_79677_46800.png,masks/tiles/krasnodar_fields_small_17_79677_46800.png,1.0,"{""1"": 6393, ""2"": 56559, ""3"": 541, ""4"": 2043}",Overture Maps,17,EPSG:4326,"max_class_share=0.86,fg_share=1.00"
krasnodar_fields_small_17_79665_46801,krasnodar_fields_small,17,79665,46801,images/tiles/krasnodar_fields_small_17_79665_46801.png,masks/tiles/krasnodar_fields_small_17_79665_46801.png,1.0,"{""1"": 13756, ""2"": 51420, ""4"": 360}",Overture Maps,17,EPSG:4326,"max_class_share=0.78,fg_share=1.00"
krasnodar_fields_small_17_79666_46801,krasnodar_fields_small,17,79666,46801,images/tiles/krasnodar_fields_small_17_79666_46801.png,masks/tiles/krasnodar_fields_small_17_79666_46801.png,1.0,"{""1"": 8953, ""2"": 56583}",Overture Maps,17,EPSG:4326,"max_class_share=0.86,fg_share=1.00"
krasnodar_fields_small_17_79668_46801,krasnodar_fields_small,17,79668,46801,images/tiles/krasnodar_fields_small_17_79668_46801.png,masks/tiles/krasnodar_fields_small_17_79668_46801.png,1.0,"{""2"": 60312, ""3"": 1630, ""4"": 3594}",Overture Maps,17,EPSG:4326,"max_class_share=0.92,fg_share=1.00"
krasnodar_fields_small_17_79669_46801,krasnodar_fields_small,17,79669,46801,images/tiles/krasnodar_fields_small_17_79669_46801.png,masks/tiles/krasnodar_fields_small_17_79669_46801.png,1.0,"{""2"": 56789, ""3"": 5498, ""4"": 3249}",Overture Maps,17,EPSG:4326,"max_class_share=0.87,fg_share=1.00"
krasnodar_fields_small_17_79670_46801,krasnodar_fields_small,17,79670,46801,images/tiles/krasnodar_fields_small_17_79670_46801.png,masks/tiles/krasnodar_fields_small_17_79670_46801.png,1.0,"{""2"": 55206, ""3"": 5482, ""4"": 4848}",Overture Maps,17,EPSG:4326,"max_class_share=0.84,fg_share=1.00"
krasnodar_fields_small_17_79671_46801,krasnodar_fields_small,17,79671,46801,images/tiles/krasnodar_fields_small_17_79671_46801.png,masks/tiles/krasnodar_fields_small_17_79671_46801.png,1.0,"{""1"": 173, ""2"": 61836, ""3"": 224, ""4"": 3303}",Overture Maps,17,EPSG:4326,"max_class_share=0.94,fg_share=1.00"
krasnodar_fields_small_17_79672_46801,krasnodar_fields_small,17,79672,46801,images/tiles/krasnodar_fields_small_17_79672_46801.png,masks/tiles/krasnodar_fields_small_17_79672_46801.png,1.0,"{""1"": 45133, ""2"": 17889, ""4"": 2514}",Overture Maps,17,EPSG:4326,"max_class_share=0.69,fg_share=1.00"
krasnodar_fields_small_17_79674_46801,krasnodar_fields_small,17,79674,46801,images/tiles/krasnodar_fields_small_17_79674_46801.png,masks/tiles/krasnodar_fields_small_17_79674_46801.png,1.0,"{""1"": 1668, ""2"": 61396, ""4"": 2472}",Overture Maps,17,EPSG:4326,"max_class_share=0.94,fg_share=1.00"
krasnodar_fields_small_17_79676_46801,krasnodar_fields_small,17,79676,46801,images/tiles/krasnodar_fields_small_17_79676_46801.png,masks/tiles/krasnodar_fields_small_17_79676_46801.png,1.0,"{""1"": 1511, ""2"": 60250, ""3"": 478, ""4"": 3297}",Overture Maps,17,EPSG:4326,"max_class_share=0.92,fg_share=1.00"
krasnodar_fields_small_17_79667_46802,krasnodar_fields_small,17,79667,46802,images/tiles/krasnodar_fields_small_17_79667_46802.png,masks/tiles/krasnodar_fields_small_17_79667_46802.png,1.0,"{""2"": 60476, ""3"": 1518, ""4"": 3542}",Overture Maps,17,EPSG:4326,"max_class_share=0.92,fg_share=1.00"
krasnodar_fields_small_17_79668_46802,krasnodar_fields_small,17,79668,46802,images/tiles/krasnodar_fields_small_17_79668_46802.png,masks/tiles/krasnodar_fields_small_17_79668_46802.png,1.0,"{""2"": 56968, ""3"": 6645, ""4"": 1923}",Overture Maps,17,EPSG:4326,"max_class_share=0.87,fg_share=1.00"
krasnodar_fields_small_17_79670_46802,krasnodar_fields_small,17,79670,46802,images/tiles/krasnodar_fields_small_17_79670_46802.png,masks/tiles/krasnodar_fields_small_17_79670_46802.png,1.0,"{""2"": 51439, ""3"": 7599, ""4"": 6498}",Overture Maps,17,EPSG:4326,"max_class_share=0.78,fg_share=1.00"
krasnodar_fields_small_17_79671_46802,krasnodar_fields_small,17,79671,46802,images/tiles/krasnodar_fields_small_17_79671_46802.png,masks/tiles/krasnodar_fields_small_17_79671_46802.png,1.0,"{""1"": 30675, ""2"": 30821, ""3"": 1302, ""4"": 2738}",Overture Maps,17,EPSG:4326,"max_class_share=0.47,fg_share=1.00"
krasnodar_fields_small_17_79653_46803,krasnodar_fields_small,17,79653,46803,images/tiles/krasnodar_fields_small_17_79653_46803.png,masks/tiles/krasnodar_fields_small_17_79653_46803.png,1.0,"{""2"": 60803, ""3"": 4176, ""4"": 557}",Overture Maps,17,EPSG:4326,"max_class_share=0.93,fg_share=1.00"
krasnodar_fields_small_17_79668_46803,krasnodar_fields_small,17,79668,46803,images/tiles/krasnodar_fields_small_17_79668_46803.png,masks/tiles/krasnodar_fields_small_17_79668_46803.png,1.0,"{""2"": 56918, ""3"": 4244, ""4"": 4374}",Overture Maps,17,EPSG:4326,"max_class_share=0.87,fg_share=1.00"
krasnodar_fields_small_17_79669_46803,krasnodar_fields_small,17,79669,46803,images/tiles/krasnodar_fields_small_17_79669_46803.png,masks/tiles/krasnodar_fields_small_17_79669_46803.png,1.0,"{""2"": 58070, ""3"": 4487, ""4"": 2979}",Overture Maps,17,EPSG:4326,"max_class_share=0.89,fg_share=1.00"
krasnodar_fields_small_17_79670_46803,krasnodar_fields_small,17,79670,46803,images/tiles/krasnodar_fields_small_17_79670_46803.png,masks/tiles/krasnodar_fields_small_17_79670_46803.png,1.0,"{""2"": 57397, ""3"": 4953, ""4"": 3186}",Overture Maps,17,EPSG:4326,"max_class_share=0.88,fg_share=1.00"
krasnodar_fields_small_17_79671_46803,krasnodar_fields_small,17,79671,46803,images/tiles/krasnodar_fields_small_17_79671_46803.png,masks/tiles/krasnodar_fields_small_17_79671_46803.png,1.0,"{""1"": 8935, ""2"": 55681, ""4"": 920}",Overture Maps,17,EPSG:4326,"max_class_share=0.85,fg_share=1.00"
krasnodar_fields_small_17_79672_46803,krasnodar_fields_small,17,79672,46803,images/tiles/krasnodar_fields_small_17_79672_46803.png,masks/tiles/krasnodar_fields_small_17_79672_46803.png,1.0,"{""1"": 11766, ""2"": 53556, ""4"": 214}",Overture Maps,17,EPSG:4326,"max_class_share=0.82,fg_share=1.00"
krasnodar_fields_small_17_79674_46803,krasnodar_fields_small,17,79674,46803,images/tiles/krasnodar_fields_small_17_79674_46803.png,masks/tiles/krasnodar_fields_small_17_79674_46803.png,1.0,"{""1"": 14650, ""2"": 49343, ""3"": 1309, ""4"": 234}",Overture Maps,17,EPSG:4326,"max_class_share=0.75,fg_share=1.00"
krasnodar_fields_small_17_79669_46804,krasnodar_fields_small,17,79669,46804,images/tiles/krasnodar_fields_small_17_79669_46804.png,masks/tiles/krasnodar_fields_small_17_79669_46804.png,1.0,"{""2"": 58599, ""3"": 5018, ""4"": 1919}",Overture Maps,17,EPSG:4326,"max_class_share=0.89,fg_share=1.00"
krasnodar_fields_small_17_79670_46804,krasnodar_fields_small,17,79670,46804,images/tiles/krasnodar_fields_small_17_79670_46804.png,masks/tiles/krasnodar_fields_small_17_79670_46804.png,1.0,"{""2"": 58641, ""3"": 3129, ""4"": 3766}",Overture Maps,17,EPSG:4326,"max_class_share=0.89,fg_share=1.00"
krasnodar_fields_small_17_79674_46804,krasnodar_fields_small,17,79674,46804,images/tiles/krasnodar_fields_small_17_79674_46804.png,masks/tiles/krasnodar_fields_small_17_79674_46804.png,1.0,"{""1"": 859, ""2"": 59314, ""3"": 2803, ""4"": 2560}",Overture Maps,17,EPSG:4326,"max_class_share=0.91,fg_share=1.00"
krasnodar_fields_small_17_79670_46805,krasnodar_fields_small,17,79670,46805,images/tiles/krasnodar_fields_small_17_79670_46805.png,masks/tiles/krasnodar_fields_small_17_79670_46805.png,1.0,"{""2"": 57576, ""3"": 4734, ""4"": 3226}",Overture Maps,17,EPSG:4326,"max_class_share=0.88,fg_share=1.00"
krasnodar_fields_small_17_79671_46805,krasnodar_fields_small,17,79671,46805,images/tiles/krasnodar_fields_small_17_79671_46805.png,masks/tiles/krasnodar_fields_small_17_79671_46805.png,1.0,"{""2"": 58214, ""3"": 5436, ""4"": 1886}",Overture Maps,17,EPSG:4326,"max_class_share=0.89,fg_share=1.00"
krasnodar_fields_small_17_79672_46805,krasnodar_fields_small,17,79672,46805,images/tiles/krasnodar_fields_small_17_79672_46805.png,masks/tiles/krasnodar_fields_small_17_79672_46805.png,1.0,"{""2"": 55994, ""3"": 7476, ""4"": 2066}",Overture Maps,17,EPSG:4326,"max_class_share=0.85,fg_share=1.00"
krasnodar_fields_small_17_79673_46805,krasnodar_fields_small,17,79673,46805,images/tiles/krasnodar_fields_small_17_79673_46805.png,masks/tiles/krasnodar_fields_small_17_79673_46805.png,1.0,"{""2"": 61887, ""3"": 2515, ""4"": 1134}",Overture Maps,17,EPSG:4326,"max_class_share=0.94,fg_share=1.00"
krasnodar_fields_small_17_79674_46805,krasnodar_fields_small,17,79674,46805,images/tiles/krasnodar_fields_small_17_79674_46805.png,masks/tiles/krasnodar_fields_small_17_79674_46805.png,1.0,"{""1"": 14056, ""2"": 48860, ""3"": 1515, ""4"": 1105}",Overture Maps,17,EPSG:4326,"max_class_share=0.75,fg_share=1.00"
krasnodar_fields_small_17_79675_46807,krasnodar_fields_small,17,79675,46807,images/tiles/krasnodar_fields_small_17_79675_46807.png,masks/tiles/krasnodar_fields_small_17_79675_46807.png,1.0,"{""1"": 2211, ""2"": 58008, ""3"": 3946, ""4"": 1371}",Overture Maps,17,EPSG:4326,"max_class_share=0.89,fg_share=1.00"
krasnodar_fields_small_17_79676_46807,krasnodar_fields_small,17,79676,46807,images/tiles/krasnodar_fields_small_17_79676_46807.png,masks/tiles/krasnodar_fields_small_17_79676_46807.png,1.0,"{""2"": 59986, ""3"": 2875, ""4"": 2675}",Overture Maps,17,EPSG:4326,"max_class_share=0.92,fg_share=1.00"
krasnodar_fields_small_17_79676_46808,krasnodar_fields_small,17,79676,46808,images/tiles/krasnodar_fields_small_17_79676_46808.png,masks/tiles/krasnodar_fields_small_17_79676_46808.png,1.0,"{""1"": 15480, ""2"": 49347, ""3"": 344, ""4"": 365}",Overture Maps,17,EPSG:4326,"max_class_share=0.75,fg_share=1.00"
krasnodar_fields_small_17_79677_46808,krasnodar_fields_small,17,79677,46808,images/tiles/krasnodar_fields_small_17_79677_46808.png,masks/tiles/krasnodar_fields_small_17_79677_46808.png,1.0,"{""2"": 62181, ""3"": 308, ""4"": 3047}",Overture Maps,17,EPSG:4326,"max_class_share=0.95,fg_share=1.00"
rostov_open_small_17_80202_45951,rostov_open_small,17,80202,45951,images/tiles/rostov_open_small_17_80202_45951.png,masks/tiles/rostov_open_small_17_80202_45951.png,1.0,"{""1"": 30979, ""2"": 34240, ""4"": 317}",Overture Maps,17,EPSG:4326,"max_class_share=0.52,fg_share=1.00"
rostov_open_small_17_80204_45951,rostov_open_small,17,80204,45951,images/tiles/rostov_open_small_17_80204_45951.png,masks/tiles/rostov_open_small_17_80204_45951.png,1.0,"{""1"": 48851, ""2"": 16685}",Overture Maps,17,EPSG:4326,"max_class_share=0.75,fg_share=1.00"
rostov_open_small_17_80201_45952,rostov_open_small,17,80201,45952,images/tiles/rostov_open_small_17_80201_45952.png,masks/tiles/rostov_open_small_17_80201_45952.png,1.0,"{""1"": 34810, ""2"": 29761, ""4"": 965}",Overture Maps,17,EPSG:4326,"max_class_share=0.53,fg_share=1.00"
rostov_open_small_17_80203_45952,rostov_open_small,17,80203,45952,images/tiles/rostov_open_small_17_80203_45952.png,masks/tiles/rostov_open_small_17_80203_45952.png,1.0,"{""1"": 59882, ""2"": 5654}",Overture Maps,17,EPSG:4326,"max_class_share=0.91,fg_share=1.00"
rostov_open_small_17_80204_45952,rostov_open_small,17,80204,45952,images/tiles/rostov_open_small_17_80204_45952.png,masks/tiles/rostov_open_small_17_80204_45952.png,1.0,"{""1"": 15380, ""2"": 50156}",Overture Maps,17,EPSG:4326,"max_class_share=0.77,fg_share=1.00"
rostov_open_small_17_80216_45952,rostov_open_small,17,80216,45952,images/tiles/rostov_open_small_17_80216_45952.png,masks/tiles/rostov_open_small_17_80216_45952.png,1.0,"{""2"": 61401, ""3"": 1219, ""4"": 2916}",Overture Maps,17,EPSG:4326,"max_class_share=0.94,fg_share=1.00"
rostov_open_small_17_80217_45952,rostov_open_small,17,80217,45952,images/tiles/rostov_open_small_17_80217_45952.png,masks/tiles/rostov_open_small_17_80217_45952.png,1.0,"{""2"": 54638, ""3"": 9122, ""4"": 1776}",Overture Maps,17,EPSG:4326,"max_class_share=0.83,fg_share=1.00"
rostov_open_small_17_80199_45953,rostov_open_small,17,80199,45953,images/tiles/rostov_open_small_17_80199_45953.png,masks/tiles/rostov_open_small_17_80199_45953.png,1.0,"{""1"": 6032, ""2"": 58472, ""4"": 1032}",Overture Maps,17,EPSG:4326,"max_class_share=0.89,fg_share=1.00"
rostov_open_small_17_80200_45953,rostov_open_small,17,80200,45953,images/tiles/rostov_open_small_17_80200_45953.png,masks/tiles/rostov_open_small_17_80200_45953.png,1.0,"{""1"": 36865, ""2"": 27827, ""4"": 844}",Overture Maps,17,EPSG:4326,"max_class_share=0.56,fg_share=1.00"
rostov_open_small_17_80202_45953,rostov_open_small,17,80202,45953,images/tiles/rostov_open_small_17_80202_45953.png,masks/tiles/rostov_open_small_17_80202_45953.png,1.0,"{""1"": 55121, ""2"": 10415}",Overture Maps,17,EPSG:4326,"max_class_share=0.84,fg_share=1.00"
rostov_open_small_17_80203_45953,rostov_open_small,17,80203,45953,images/tiles/rostov_open_small_17_80203_45953.png,masks/tiles/rostov_open_small_17_80203_45953.png,1.0,"{""1"": 11607, ""2"": 53929}",Overture Maps,17,EPSG:4326,"max_class_share=0.82,fg_share=1.00"
rostov_open_small_17_80197_45954,rostov_open_small,17,80197,45954,images/tiles/rostov_open_small_17_80197_45954.png,masks/tiles/rostov_open_small_17_80197_45954.png,1.0,"{""1"": 5891, ""2"": 58657, ""4"": 988}",Overture Maps,17,EPSG:4326,"max_class_share=0.90,fg_share=1.00"
rostov_open_small_17_80198_45954,rostov_open_small,17,80198,45954,images/tiles/rostov_open_small_17_80198_45954.png,masks/tiles/rostov_open_small_17_80198_45954.png,1.0,"{""1"": 43061, ""2"": 21755, ""4"": 720}",Overture Maps,17,EPSG:4326,"max_class_share=0.66,fg_share=1.00"
rostov_open_small_17_80201_45954,rostov_open_small,17,80201,45954,images/tiles/rostov_open_small_17_80201_45954.png,masks/tiles/rostov_open_small_17_80201_45954.png,1.0,"{""1"": 36663, ""2"": 28873}",Overture Maps,17,EPSG:4326,"max_class_share=0.56,fg_share=1.00"
rostov_open_small_17_80202_45954,rostov_open_small,17,80202,45954,images/tiles/rostov_open_small_17_80202_45954.png,masks/tiles/rostov_open_small_17_80202_45954.png,1.0,"{""1"": 6368, ""2"": 59168}",Overture Maps,17,EPSG:4326,"max_class_share=0.90,fg_share=1.00"
rostov_open_small_17_80195_45955,rostov_open_small,17,80195,45955,images/tiles/rostov_open_small_17_80195_45955.png,masks/tiles/rostov_open_small_17_80195_45955.png,1.0,"{""1"": 10441, ""2"": 54030, ""4"": 1065}",Overture Maps,17,EPSG:4326,"max_class_share=0.82,fg_share=1.00"
rostov_open_small_17_80196_45955,rostov_open_small,17,80196,45955,images/tiles/rostov_open_small_17_80196_45955.png,masks/tiles/rostov_open_small_17_80196_45955.png,1.0,"{""1"": 36202, ""2"": 29334}",Overture Maps,17,EPSG:4326,"max_class_share=0.55,fg_share=1.00"
rostov_open_small_17_80197_45955,rostov_open_small,17,80197,45955,images/tiles/rostov_open_small_17_80197_45955.png,masks/tiles/rostov_open_small_17_80197_45955.png,1.0,"{""1"": 61251, ""2"": 4285}",Overture Maps,17,EPSG:4326,"max_class_share=0.93,fg_share=1.00"
rostov_open_small_17_80198_45955,rostov_open_small,17,80198,45955,images/tiles/rostov_open_small_17_80198_45955.png,masks/tiles/rostov_open_small_17_80198_45955.png,1.0,"{""1"": 53859, ""2"": 11677}",Overture Maps,17,EPSG:4326,"max_class_share=0.82,fg_share=1.00"
rostov_open_small_17_80199_45955,rostov_open_small,17,80199,45955,images/tiles/rostov_open_small_17_80199_45955.png,masks/tiles/rostov_open_small_17_80199_45955.png,1.0,"{""1"": 28432, ""2"": 37104}",Overture Maps,17,EPSG:4326,"max_class_share=0.57,fg_share=1.00"
rostov_open_small_17_80200_45955,rostov_open_small,17,80200,45955,images/tiles/rostov_open_small_17_80200_45955.png,masks/tiles/rostov_open_small_17_80200_45955.png,1.0,"{""1"": 5246, ""2"": 60290}",Overture Maps,17,EPSG:4326,"max_class_share=0.92,fg_share=1.00"
rostov_open_small_17_80193_45956,rostov_open_small,17,80193,45956,images/tiles/rostov_open_small_17_80193_45956.png,masks/tiles/rostov_open_small_17_80193_45956.png,1.0,"{""1"": 3912, ""2"": 60746, ""4"": 878}",Overture Maps,17,EPSG:4326,"max_class_share=0.93,fg_share=1.00"
rostov_open_small_17_80194_45956,rostov_open_small,17,80194,45956,images/tiles/rostov_open_small_17_80194_45956.png,masks/tiles/rostov_open_small_17_80194_45956.png,1.0,"{""1"": 36301, ""2"": 28635, ""4"": 600}",Overture Maps,17,EPSG:4326,"max_class_share=0.55,fg_share=1.00"
rostov_open_small_17_80196_45956,rostov_open_small,17,80196,45956,images/tiles/rostov_open_small_17_80196_45956.png,masks/tiles/rostov_open_small_17_80196_45956.png,1.0,"{""1"": 61595, ""2"": 3941}",Overture Maps,17,EPSG:4326,"max_class_share=0.94,fg_share=1.00"
rostov_open_small_17_80197_45956,rostov_open_small,17,80197,45956,images/tiles/rostov_open_small_17_80197_45956.png,masks/tiles/rostov_open_small_17_80197_45956.png,1.0,"{""1"": 32662, ""2"": 32874}",Overture Maps,17,EPSG:4326,"max_class_share=0.50,fg_share=1.00"
rostov_open_small_17_80198_45956,rostov_open_small,17,80198,45956,images/tiles/rostov_open_small_17_80198_45956.png,masks/tiles/rostov_open_small_17_80198_45956.png,1.0,"{""1"": 5231, ""2"": 60305}",Overture Maps,17,EPSG:4326,"max_class_share=0.92,fg_share=1.00"
rostov_open_small_17_80192_45957,rostov_open_small,17,80192,45957,images/tiles/rostov_open_small_17_80192_45957.png,masks/tiles/rostov_open_small_17_80192_45957.png,1.0,"{""1"": 7657, ""2"": 56905, ""4"": 974}",Overture Maps,17,EPSG:4326,"max_class_share=0.87,fg_share=1.00"
rostov_open_small_17_80193_45957,rostov_open_small,17,80193,45957,images/tiles/rostov_open_small_17_80193_45957.png,masks/tiles/rostov_open_small_17_80193_45957.png,1.0,"{""1"": 51660, ""2"": 13425, ""4"": 451}",Overture Maps,17,EPSG:4326,"max_class_share=0.79,fg_share=1.00"
rostov_open_small_17_80195_45957,rostov_open_small,17,80195,45957,images/tiles/rostov_open_small_17_80195_45957.png,masks/tiles/rostov_open_small_17_80195_45957.png,1.0,"{""1"": 50502, ""2"": 15034}",Overture Maps,17,EPSG:4326,"max_class_share=0.77,fg_share=1.00"
rostov_open_small_17_80196_45957,rostov_open_small,17,80196,45957,images/tiles/rostov_open_small_17_80196_45957.png,masks/tiles/rostov_open_small_17_80196_45957.png,1.0,"{""1"": 4659, ""2"": 60485, ""4"": 392}",Overture Maps,17,EPSG:4326,"max_class_share=0.92,fg_share=1.00"
rostov_open_small_17_80191_45958,rostov_open_small,17,80191,45958,images/tiles/rostov_open_small_17_80191_45958.png,masks/tiles/rostov_open_small_17_80191_45958.png,1.0,"{""1"": 4749, ""2"": 59918, ""4"": 869}",Overture Maps,17,EPSG:4326,"max_class_share=0.91,fg_share=1.00"
rostov_open_small_17_80192_45958,rostov_open_small,17,80192,45958,images/tiles/rostov_open_small_17_80192_45958.png,masks/tiles/rostov_open_small_17_80192_45958.png,1.0,"{""1"": 53613, ""2"": 11577, ""4"": 346}",Overture Maps,17,EPSG:4326,"max_class_share=0.82,fg_share=1.00"
rostov_open_small_17_80194_45958,rostov_open_small,17,80194,45958,images/tiles/rostov_open_small_17_80194_45958.png,masks/tiles/rostov_open_small_17_80194_45958.png,1.0,"{""1"": 29929, ""2"": 35607}",Overture Maps,17,EPSG:4326,"max_class_share=0.54,fg_share=1.00"
rostov_open_small_17_80191_45959,rostov_open_small,17,80191,45959,images/tiles/rostov_open_small_17_80191_45959.png,masks/tiles/rostov_open_small_17_80191_45959.png,1.0,"{""1"": 36306, ""2"": 28215, ""4"": 1015}",Overture Maps,17,EPSG:4326,"max_class_share=0.55,fg_share=1.00"
rostov_open_small_17_80192_45959,rostov_open_small,17,80192,45959,images/tiles/rostov_open_small_17_80192_45959.png,masks/tiles/rostov_open_small_17_80192_45959.png,1.0,"{""1"": 58321, ""2"": 7140, ""4"": 75}",Overture Maps,17,EPSG:4326,"max_class_share=0.89,fg_share=1.00"
rostov_open_small_17_80193_45959,rostov_open_small,17,80193,45959,images/tiles/rostov_open_small_17_80193_45959.png,masks/tiles/rostov_open_small_17_80193_45959.png,1.0,"{""1"": 11731, ""2"": 53570, ""4"": 235}",Overture Maps,17,EPSG:4326,"max_class_share=0.82,fg_share=1.00"
rostov_open_small_17_80190_45960,rostov_open_small,17,80190,45960,images/tiles/rostov_open_small_17_80190_45960.png,masks/tiles/rostov_open_small_17_80190_45960.png,1.0,"{""1"": 4436, ""2"": 60221, ""4"": 879}",Overture Maps,17,EPSG:4326,"max_class_share=0.92,fg_share=1.00"
rostov_open_small_17_80191_45960,rostov_open_small,17,80191,45960,images/tiles/rostov_open_small_17_80191_45960.png,masks/tiles/rostov_open_small_17_80191_45960.png,1.0,"{""1"": 61812, ""2"": 3559, ""4"": 165}",Overture Maps,17,EPSG:4326,"max_class_share=0.94,fg_share=1.00"
rostov_open_small_17_80192_45960,rostov_open_small,17,80192,45960,images/tiles/rostov_open_small_17_80192_45960.png,masks/tiles/rostov_open_small_17_80192_45960.png,1.0,"{""1"": 18286, ""2"": 47250}",Overture Maps,17,EPSG:4326,"max_class_share=0.72,fg_share=1.00"
rostov_open_small_17_80190_45961,rostov_open_small,17,80190,45961,images/tiles/rostov_open_small_17_80190_45961.png,masks/tiles/rostov_open_small_17_80190_45961.png,1.0,"{""1"": 29824, ""2"": 34730, ""4"": 982}",Overture Maps,17,EPSG:4326,"max_class_share=0.53,fg_share=1.00"
rostov_open_small_17_80191_45961,rostov_open_small,17,80191,45961,images/tiles/rostov_open_small_17_80191_45961.png,masks/tiles/rostov_open_small_17_80191_45961.png,1.0,"{""1"": 58916, ""2"": 6620}",Overture Maps,17,EPSG:4326,"max_class_share=0.90,fg_share=1.00"
rostov_open_small_17_80190_45962,rostov_open_small,17,80190,45962,images/tiles/rostov_open_small_17_80190_45962.png,masks/tiles/rostov_open_small_17_80190_45962.png,1.0,"{""1"": 42338, ""2"": 22262, ""4"": 936}",Overture Maps,17,EPSG:4326,"max_class_share=0.65,fg_share=1.00"
rostov_open_small_17_80191_45962,rostov_open_small,17,80191,45962,images/tiles/rostov_open_small_17_80191_45962.png,masks/tiles/rostov_open_small_17_80191_45962.png,1.0,"{""1"": 48259, ""2"": 17277}",Overture Maps,17,EPSG:4326,"max_class_share=0.74,fg_share=1.00"
rostov_open_small_17_80190_45963,rostov_open_small,17,80190,45963,images/tiles/rostov_open_small_17_80190_45963.png,masks/tiles/rostov_open_small_17_80190_45963.png,1.0,"{""1"": 42385, ""2"": 22189, ""4"": 962}",Overture Maps,17,EPSG:4326,"max_class_share=0.65,fg_share=1.00"
rostov_open_small_17_80191_45963,rostov_open_small,17,80191,45963,images/tiles/rostov_open_small_17_80191_45963.png,masks/tiles/rostov_open_small_17_80191_45963.png,1.0,"{""1"": 41494, ""2"": 24042}",Overture Maps,17,EPSG:4326,"max_class_share=0.63,fg_share=1.00"
rostov_open_small_17_80206_45963,rostov_open_small,17,80206,45963,images/tiles/rostov_open_small_17_80206_45963.png,masks/tiles/rostov_open_small_17_80206_45963.png,1.0,"{""1"": 3364, ""2"": 62172}",Overture Maps,17,EPSG:4326,"max_class_share=0.95,fg_share=1.00"
rostov_open_small_17_80207_45963,rostov_open_small,17,80207,45963,images/tiles/rostov_open_small_17_80207_45963.png,masks/tiles/rostov_open_small_17_80207_45963.png,1.0,"{""1"": 5900, ""2"": 59636}",Overture Maps,17,EPSG:4326,"max_class_share=0.91,fg_share=1.00"
rostov_open_small_17_80190_45964,rostov_open_small,17,80190,45964,images/tiles/rostov_open_small_17_80190_45964.png,masks/tiles/rostov_open_small_17_80190_45964.png,1.0,"{""1"": 32990, ""2"": 31590, ""4"": 956}",Overture Maps,17,EPSG:4326,"max_class_share=0.50,fg_share=1.00"
rostov_open_small_17_80191_45964,rostov_open_small,17,80191,45964,images/tiles/rostov_open_small_17_80191_45964.png,masks/tiles/rostov_open_small_17_80191_45964.png,1.0,"{""1"": 55368, ""2"": 10168}",Overture Maps,17,EPSG:4326,"max_class_share=0.84,fg_share=1.00"
rostov_open_small_17_80205_45964,rostov_open_small,17,80205,45964,images/tiles/rostov_open_small_17_80205_45964.png,masks/tiles/rostov_open_small_17_80205_45964.png,1.0,"{""1"": 16477, ""2"": 49059}",Overture Maps,17,EPSG:4326,"max_class_share=0.75,fg_share=1.00"
rostov_open_small_17_80206_45964,rostov_open_small,17,80206,45964,images/tiles/rostov_open_small_17_80206_45964.png,masks/tiles/rostov_open_small_17_80206_45964.png,1.0,"{""1"": 22727, ""2"": 42809}",Overture Maps,17,EPSG:4326,"max_class_share=0.65,fg_share=1.00"
rostov_open_small_17_80207_45964,rostov_open_small,17,80207,45964,images/tiles/rostov_open_small_17_80207_45964.png,masks/tiles/rostov_open_small_17_80207_45964.png,1.0,"{""1"": 19155, ""2"": 46381}",Overture Maps,17,EPSG:4326,"max_class_share=0.71,fg_share=1.00"
rostov_open_small_17_80208_45964,rostov_open_small,17,80208,45964,images/tiles/rostov_open_small_17_80208_45964.png,masks/tiles/rostov_open_small_17_80208_45964.png,1.0,"{""1"": 23615, ""2"": 41921}",Overture Maps,17,EPSG:4326,"max_class_share=0.64,fg_share=1.00"
rostov_open_small_17_80190_45965,rostov_open_small,17,80190,45965,images/tiles/rostov_open_small_17_80190_45965.png,masks/tiles/rostov_open_small_17_80190_45965.png,1.0,"{""1"": 30493, ""2"": 34089, ""4"": 954}",Overture Maps,17,EPSG:4326,"max_class_share=0.52,fg_share=1.00"
rostov_open_small_17_80192_45965,rostov_open_small,17,80192,45965,images/tiles/rostov_open_small_17_80192_45965.png,masks/tiles/rostov_open_small_17_80192_45965.png,1.0,"{""1"": 5223, ""2"": 60313}",Overture Maps,17,EPSG:4326,"max_class_share=0.92,fg_share=1.00"
rostov_open_small_17_80204_45965,rostov_open_small,17,80204,45965,images/tiles/rostov_open_small_17_80204_45965.png,masks/tiles/rostov_open_small_17_80204_45965.png,1.0,"{""1"": 13577, ""2"": 51959}",Overture Maps,17,EPSG:4326,"max_class_share=0.79,fg_share=1.00"
rostov_open_small_17_80205_45965,rostov_open_small,17,80205,45965,images/tiles/rostov_open_small_17_80205_45965.png,masks/tiles/rostov_open_small_17_80205_45965.png,1.0,"{""1"": 16586, ""2"": 48950}",Overture Maps,17,EPSG:4326,"max_class_share=0.75,fg_share=1.00"
rostov_open_small_17_80208_45965,rostov_open_small,17,80208,45965,images/tiles/rostov_open_small_17_80208_45965.png,masks/tiles/rostov_open_small_17_80208_45965.png,1.0,"{""1"": 23706, ""2"": 41830}",Overture Maps,17,EPSG:4326,"max_class_share=0.64,fg_share=1.00"
rostov_open_small_17_80190_45966,rostov_open_small,17,80190,45966,images/tiles/rostov_open_small_17_80190_45966.png,masks/tiles/rostov_open_small_17_80190_45966.png,1.0,"{""1"": 39367, ""2"": 25431, ""4"": 738}",Overture Maps,17,EPSG:4326,"max_class_share=0.60,fg_share=1.00"
rostov_open_small_17_80191_45966,rostov_open_small,17,80191,45966,images/tiles/rostov_open_small_17_80191_45966.png,masks/tiles/rostov_open_small_17_80191_45966.png,1.0,"{""1"": 61447, ""2"": 4089}",Overture Maps,17,EPSG:4326,"max_class_share=0.94,fg_share=1.00"
rostov_open_small_17_80203_45966,rostov_open_small,17,80203,45966,images/tiles/rostov_open_small_17_80203_45966.png,masks/tiles/rostov_open_small_17_80203_45966.png,1.0,"{""1"": 10122, ""2"": 55414}",Overture Maps,17,EPSG:4326,"max_class_share=0.85,fg_share=1.00"
rostov_open_small_17_80204_45966,rostov_open_small,17,80204,45966,images/tiles/rostov_open_small_17_80204_45966.png,masks/tiles/rostov_open_small_17_80204_45966.png,1.0,"{""1"": 24210, ""2"": 41326}",Overture Maps,17,EPSG:4326,"max_class_share=0.63,fg_share=1.00"
rostov_open_small_17_80208_45966,rostov_open_small,17,80208,45966,images/tiles/rostov_open_small_17_80208_45966.png,masks/tiles/rostov_open_small_17_80208_45966.png,1.0,"{""1"": 25382, ""2"": 40154}",Overture Maps,17,EPSG:4326,"max_class_share=0.61,fg_share=1.00"
rostov_open_small_17_80190_45967,rostov_open_small,17,80190,45967,images/tiles/rostov_open_small_17_80190_45967.png,masks/tiles/rostov_open_small_17_80190_45967.png,1.0,"{""1"": 41262, ""2"": 24274}",Overture Maps,17,EPSG:4326,"max_class_share=0.63,fg_share=1.00"
rostov_open_small_17_80192_45967,rostov_open_small,17,80192,45967,images/tiles/rostov_open_small_17_80192_45967.png,masks/tiles/rostov_open_small_17_80192_45967.png,1.0,"{""1"": 3883, ""2"": 61653}",Overture Maps,17,EPSG:4326,"max_class_share=0.94,fg_share=1.00"
rostov_open_small_17_80203_45967,rostov_open_small,17,80203,45967,images/tiles/rostov_open_small_17_80203_45967.png,masks/tiles/rostov_open_small_17_80203_45967.png,1.0,"{""1"": 28003, ""2"": 37533}",Overture Maps,17,EPSG:4326,"max_class_share=0.57,fg_share=1.00"
rostov_open_small_17_80207_45967,rostov_open_small,17,80207,45967,images/tiles/rostov_open_small_17_80207_45967.png,masks/tiles/rostov_open_small_17_80207_45967.png,1.0,"{""1"": 8291, ""2"": 57245}",Overture Maps,17,EPSG:4326,"max_class_share=0.87,fg_share=1.00"
rostov_open_small_17_80208_45967,rostov_open_small,17,80208,45967,images/tiles/rostov_open_small_17_80208_45967.png,masks/tiles/rostov_open_small_17_80208_45967.png,1.0,"{""1"": 15633, ""2"": 49903}",Overture Maps,17,EPSG:4326,"max_class_share=0.76,fg_share=1.00"
rostov_open_small_17_80190_45968,rostov_open_small,17,80190,45968,images/tiles/rostov_open_small_17_80190_45968.png,masks/tiles/rostov_open_small_17_80190_45968.png,1.0,"{""1"": 52018, ""2"": 13518}",Overture Maps,17,EPSG:4326,"max_class_share=0.79,fg_share=1.00"
rostov_open_small_17_80191_45968,rostov_open_small,17,80191,45968,images/tiles/rostov_open_small_17_80191_45968.png,masks/tiles/rostov_open_small_17_80191_45968.png,1.0,"{""1"": 60536, ""2"": 5000}",Overture Maps,17,EPSG:4326,"max_class_share=0.92,fg_share=1.00"
rostov_open_small_17_80192_45968,rostov_open_small,17,80192,45968,images/tiles/rostov_open_small_17_80192_45968.png,masks/tiles/rostov_open_small_17_80192_45968.png,1.0,"{""1"": 25959, ""2"": 38587, ""4"": 990}",Overture Maps,17,EPSG:4326,"max_class_share=0.59,fg_share=1.00"
rostov_open_small_17_80193_45968,rostov_open_small,17,80193,45968,images/tiles/rostov_open_small_17_80193_45968.png,masks/tiles/rostov_open_small_17_80193_45968.png,1.0,"{""1"": 20881, ""2"": 44277, ""4"": 378}",Overture Maps,17,EPSG:4326,"max_class_share=0.68,fg_share=1.00"
rostov_open_small_17_80203_45968,rostov_open_small,17,80203,45968,images/tiles/rostov_open_small_17_80203_45968.png,masks/tiles/rostov_open_small_17_80203_45968.png,1.0,"{""1"": 24854, ""2"": 40682}",Overture Maps,17,EPSG:4326,"max_class_share=0.62,fg_share=1.00"
rostov_open_small_17_80207_45968,rostov_open_small,17,80207,45968,images/tiles/rostov_open_small_17_80207_45968.png,masks/tiles/rostov_open_small_17_80207_45968.png,1.0,"{""1"": 12243, ""2"": 53293}",Overture Maps,17,EPSG:4326,"max_class_share=0.81,fg_share=1.00"
rostov_open_small_17_80208_45968,rostov_open_small,17,80208,45968,images/tiles/rostov_open_small_17_80208_45968.png,masks/tiles/rostov_open_small_17_80208_45968.png,1.0,"{""1"": 12818, ""2"": 52718}",Overture Maps,17,EPSG:4326,"max_class_share=0.80,fg_share=1.00"
rostov_open_small_17_80214_45968,rostov_open_small,17,80214,45968,images/tiles/rostov_open_small_17_80214_45968.png,masks/tiles/rostov_open_small_17_80214_45968.png,1.0,"{""1"": 13158, ""2"": 52378}",Overture Maps,17,EPSG:4326,"max_class_share=0.80,fg_share=1.00"
rostov_open_small_17_80215_45968,rostov_open_small,17,80215,45968,images/tiles/rostov_open_small_17_80215_45968.png,masks/tiles/rostov_open_small_17_80215_45968.png,1.0,"{""1"": 28134, ""2"": 37402}",Overture Maps,17,EPSG:4326,"max_class_share=0.57,fg_share=1.00"
rostov_open_small_17_80216_45968,rostov_open_small,17,80216,45968,images/tiles/rostov_open_small_17_80216_45968.png,masks/tiles/rostov_open_small_17_80216_45968.png,1.0,"{""1"": 29084, ""2"": 36452}",Overture Maps,17,EPSG:4326,"max_class_share=0.56,fg_share=1.00"
rostov_open_small_17_80217_45968,rostov_open_small,17,80217,45968,images/tiles/rostov_open_small_17_80217_45968.png,masks/tiles/rostov_open_small_17_80217_45968.png,1.0,"{""1"": 27128, ""2"": 38408}",Overture Maps,17,EPSG:4326,"max_class_share=0.59,fg_share=1.00"
rostov_open_small_17_80218_45968,rostov_open_small,17,80218,45968,images/tiles/rostov_open_small_17_80218_45968.png,masks/tiles/rostov_open_small_17_80218_45968.png,1.0,"{""1"": 27008, ""2"": 38528}",Overture Maps,17,EPSG:4326,"max_class_share=0.59,fg_share=1.00"
rostov_open_small_17_80219_45968,rostov_open_small,17,80219,45968,images/tiles/rostov_open_small_17_80219_45968.png,masks/tiles/rostov_open_small_17_80219_45968.png,1.0,"{""1"": 24810, ""2"": 40726}",Overture Maps,17,EPSG:4326,"max_class_share=0.62,fg_share=1.00"
rostov_open_small_17_80191_45969,rostov_open_small,17,80191,45969,images/tiles/rostov_open_small_17_80191_45969.png,masks/tiles/rostov_open_small_17_80191_45969.png,1.0,"{""1"": 54561, ""2"": 10308, ""4"": 667}",Overture Maps,17,EPSG:4326,"max_class_share=0.83,fg_share=1.00"
rostov_open_small_17_80193_45969,rostov_open_small,17,80193,45969,images/tiles/rostov_open_small_17_80193_45969.png,masks/tiles/rostov_open_small_17_80193_45969.png,1.0,"{""1"": 8288, ""2"": 56337, ""4"": 911}",Overture Maps,17,EPSG:4326,"max_class_share=0.86,fg_share=1.00"
rostov_open_small_17_80194_45969,rostov_open_small,17,80194,45969,images/tiles/rostov_open_small_17_80194_45969.png,masks/tiles/rostov_open_small_17_80194_45969.png,1.0,"{""1"": 18323, ""2"": 46849, ""4"": 364}",Overture Maps,17,EPSG:4326,"max_class_share=0.71,fg_share=1.00"
rostov_open_small_17_80203_45969,rostov_open_small,17,80203,45969,images/tiles/rostov_open_small_17_80203_45969.png,masks/tiles/rostov_open_small_17_80203_45969.png,1.0,"{""1"": 24201, ""2"": 41335}",Overture Maps,17,EPSG:4326,"max_class_share=0.63,fg_share=1.00"
rostov_open_small_17_80208_45969,rostov_open_small,17,80208,45969,images/tiles/rostov_open_small_17_80208_45969.png,masks/tiles/rostov_open_small_17_80208_45969.png,1.0,"{""1"": 28487, ""2"": 37049}",Overture Maps,17,EPSG:4326,"max_class_share=0.57,fg_share=1.00"
rostov_open_small_17_80209_45969,rostov_open_small,17,80209,45969,images/tiles/rostov_open_small_17_80209_45969.png,masks/tiles/rostov_open_small_17_80209_45969.png,1.0,"{""1"": 15805, ""2"": 49731}",Overture Maps,17,EPSG:4326,"max_class_share=0.76,fg_share=1.00"
rostov_open_small_17_80213_45969,rostov_open_small,17,80213,45969,images/tiles/rostov_open_small_17_80213_45969.png,masks/tiles/rostov_open_small_17_80213_45969.png,1.0,"{""1"": 19694, ""2"": 45842}",Overture Maps,17,EPSG:4326,"max_class_share=0.70,fg_share=1.00"
rostov_open_small_17_80214_45969,rostov_open_small,17,80214,45969,images/tiles/rostov_open_small_17_80214_45969.png,masks/tiles/rostov_open_small_17_80214_45969.png,1.0,"{""1"": 27923, ""2"": 37613}",Overture Maps,17,EPSG:4326,"max_class_share=0.57,fg_share=1.00"
rostov_open_small_17_80191_45970,rostov_open_small,17,80191,45970,images/tiles/rostov_open_small_17_80191_45970.png,masks/tiles/rostov_open_small_17_80191_45970.png,1.0,"{""1"": 14202, ""2"": 50299, ""4"": 1035}",Overture Maps,17,EPSG:4326,"max_class_share=0.77,fg_share=1.00"
rostov_open_small_17_80194_45970,rostov_open_small,17,80194,45970,images/tiles/rostov_open_small_17_80194_45970.png,masks/tiles/rostov_open_small_17_80194_45970.png,1.0,"{""1"": 20183, ""2"": 44309, ""4"": 1044}",Overture Maps,17,EPSG:4326,"max_class_share=0.68,fg_share=1.00"
rostov_open_small_17_80203_45970,rostov_open_small,17,80203,45970,images/tiles/rostov_open_small_17_80203_45970.png,masks/tiles/rostov_open_small_17_80203_45970.png,1.0,"{""1"": 23696, ""2"": 41840}",Overture Maps,17,EPSG:4326,"max_class_share=0.64,fg_share=1.00"
rostov_open_small_17_80208_45970,rostov_open_small,17,80208,45970,images/tiles/rostov_open_small_17_80208_45970.png,masks/tiles/rostov_open_small_17_80208_45970.png,1.0,"{""1"": 4968, ""2"": 60568}",Overture Maps,17,EPSG:4326,"max_class_share=0.92,fg_share=1.00"
rostov_open_small_17_80209_45970,rostov_open_small,17,80209,45970,images/tiles/rostov_open_small_17_80209_45970.png,masks/tiles/rostov_open_small_17_80209_45970.png,1.0,"{""1"": 27916, ""2"": 37620}",Overture Maps,17,EPSG:4326,"max_class_share=0.57,fg_share=1.00"
rostov_open_small_17_80210_45970,rostov_open_small,17,80210,45970,images/tiles/rostov_open_small_17_80210_45970.png,masks/tiles/rostov_open_small_17_80210_45970.png,1.0,"{""1"": 26254, ""2"": 39282}",Overture Maps,17,EPSG:4326,"max_class_share=0.60,fg_share=1.00"
rostov_open_small_17_80212_45970,rostov_open_small,17,80212,45970,images/tiles/rostov_open_small_17_80212_45970.png,masks/tiles/rostov_open_small_17_80212_45970.png,1.0,"{""1"": 29635, ""2"": 35901}",Overture Maps,17,EPSG:4326,"max_class_share=0.55,fg_share=1.00"
rostov_open_small_17_80213_45970,rostov_open_small,17,80213,45970,images/tiles/rostov_open_small_17_80213_45970.png,masks/tiles/rostov_open_small_17_80213_45970.png,1.0,"{""1"": 28471, ""2"": 37065}",Overture Maps,17,EPSG:4326,"max_class_share=0.57,fg_share=1.00"
rostov_open_small_17_80214_45970,rostov_open_small,17,80214,45970,images/tiles/rostov_open_small_17_80214_45970.png,masks/tiles/rostov_open_small_17_80214_45970.png,1.0,"{""1"": 33376, ""2"": 32160}",Overture Maps,17,EPSG:4326,"max_class_share=0.51,fg_share=1.00"
rostov_open_small_17_80190_45971,rostov_open_small,17,80190,45971,images/tiles/rostov_open_small_17_80190_45971.png,masks/tiles/rostov_open_small_17_80190_45971.png,1.0,"{""1"": 55036, ""2"": 9857, ""4"": 643}",Overture Maps,17,EPSG:4326,"max_class_share=0.84,fg_share=1.00"
rostov_open_small_17_80195_45971,rostov_open_small,17,80195,45971,images/tiles/rostov_open_small_17_80195_45971.png,masks/tiles/rostov_open_small_17_80195_45971.png,1.0,"{""1"": 24275, ""2"": 40956, ""3"": 248, ""4"": 57}",Overture Maps,17,EPSG:4326,"max_class_share=0.62,fg_share=1.00"
rostov_open_small_17_80203_45971,rostov_open_small,17,80203,45971,images/tiles/rostov_open_small_17_80203_45971.png,masks/tiles/rostov_open_small_17_80203_45971.png,1.0,"{""1"": 23519, ""2"": 42017}",Overture Maps,17,EPSG:4326,"max_class_share=0.64,fg_share=1.00"
rostov_open_small_17_80210_45971,rostov_open_small,17,80210,45971,images/tiles/rostov_open_small_17_80210_45971.png,masks/tiles/rostov_open_small_17_80210_45971.png,1.0,"{""1"": 26123, ""2"": 39413}",Overture Maps,17,EPSG:4326,"max_class_share=0.60,fg_share=1.00"
rostov_open_small_17_80211_45971,rostov_open_small,17,80211,45971,images/tiles/rostov_open_small_17_80211_45971.png,masks/tiles/rostov_open_small_17_80211_45971.png,1.0,"{""1"": 25446, ""2"": 40090}",Overture Maps,17,EPSG:4326,"max_class_share=0.61,fg_share=1.00"
rostov_open_small_17_80212_45971,rostov_open_small,17,80212,45971,images/tiles/rostov_open_small_17_80212_45971.png,masks/tiles/rostov_open_small_17_80212_45971.png,1.0,"{""1"": 29413, ""2"": 36123}",Overture Maps,17,EPSG:4326,"max_class_share=0.55,fg_share=1.00"
rostov_open_small_17_80213_45971,rostov_open_small,17,80213,45971,images/tiles/rostov_open_small_17_80213_45971.png,masks/tiles/rostov_open_small_17_80213_45971.png,1.0,"{""1"": 9583, ""2"": 55953}",Overture Maps,17,EPSG:4326,"max_class_share=0.85,fg_share=1.00"
rostov_open_small_17_80190_45972,rostov_open_small,17,80190,45972,images/tiles/rostov_open_small_17_80190_45972.png,masks/tiles/rostov_open_small_17_80190_45972.png,1.0,"{""1"": 8015, ""2"": 56650, ""4"": 871}",Overture Maps,17,EPSG:4326,"max_class_share=0.86,fg_share=1.00"
rostov_open_small_17_80195_45972,rostov_open_small,17,80195,45972,images/tiles/rostov_open_small_17_80195_45972.png,masks/tiles/rostov_open_small_17_80195_45972.png,1.0,"{""1"": 31579, ""2"": 32230, ""3"": 1427, ""4"": 300}",Overture Maps,17,EPSG:4326,"max_class_share=0.49,fg_share=1.00"
rostov_open_small_17_80202_45972,rostov_open_small,17,80202,45972,images/tiles/rostov_open_small_17_80202_45972.png,masks/tiles/rostov_open_small_17_80202_45972.png,1.0,"{""1"": 17360, ""2"": 48176}",Overture Maps,17,EPSG:4326,"max_class_share=0.74,fg_share=1.00"
rostov_open_small_17_80203_45972,rostov_open_small,17,80203,45972,images/tiles/rostov_open_small_17_80203_45972.png,masks/tiles/rostov_open_small_17_80203_45972.png,1.0,"{""1"": 9690, ""2"": 55846}",Overture Maps,17,EPSG:4326,"max_class_share=0.85,fg_share=1.00"
rostov_open_small_17_80192_45973,rostov_open_small,17,80192,45973,images/tiles/rostov_open_small_17_80192_45973.png,masks/tiles/rostov_open_small_17_80192_45973.png,1.0,"{""2"": 59921, ""3"": 2256, ""4"": 3359}",Overture Maps,17,EPSG:4326,"max_class_share=0.91,fg_share=1.00"
rostov_open_small_17_80193_45973,rostov_open_small,17,80193,45973,images/tiles/rostov_open_small_17_80193_45973.png,masks/tiles/rostov_open_small_17_80193_45973.png,1.0,"{""2"": 55869, ""3"": 6272, ""4"": 3395}",Overture Maps,17,EPSG:4326,"max_class_share=0.85,fg_share=1.00"
rostov_open_small_17_80194_45973,rostov_open_small,17,80194,45973,images/tiles/rostov_open_small_17_80194_45973.png,masks/tiles/rostov_open_small_17_80194_45973.png,1.0,"{""2"": 50755, ""3"": 9464, ""4"": 5317}",Overture Maps,17,EPSG:4326,"max_class_share=0.77,fg_share=1.00"
rostov_open_small_17_80195_45973,rostov_open_small,17,80195,45973,images/tiles/rostov_open_small_17_80195_45973.png,masks/tiles/rostov_open_small_17_80195_45973.png,1.0,"{""1"": 12538, ""2"": 43548, ""3"": 6179, ""4"": 3271}",Overture Maps,17,EPSG:4326,"max_class_share=0.66,fg_share=1.00"
rostov_open_small_17_80196_45973,rostov_open_small,17,80196,45973,images/tiles/rostov_open_small_17_80196_45973.png,masks/tiles/rostov_open_small_17_80196_45973.png,1.0,"{""1"": 15893, ""2"": 49643}",Overture Maps,17,EPSG:4326,"max_class_share=0.76,fg_share=1.00"
rostov_open_small_17_80202_45973,rostov_open_small,17,80202,45973,images/tiles/rostov_open_small_17_80202_45973.png,masks/tiles/rostov_open_small_17_80202_45973.png,1.0,"{""1"": 29878, ""2"": 35658}",Overture Maps,17,EPSG:4326,"max_class_share=0.54,fg_share=1.00"
rostov_open_small_17_80190_45974,rostov_open_small,17,80190,45974,images/tiles/rostov_open_small_17_80190_45974.png,masks/tiles/rostov_open_small_17_80190_45974.png,1.0,"{""1"": 1311, ""2"": 60210, ""3"": 570, ""4"": 3445}",Overture Maps,17,EPSG:4326,"max_class_share=0.92,fg_share=1.00"
rostov_open_small_17_80191_45974,rostov_open_small,17,80191,45974,images/tiles/rostov_open_small_17_80191_45974.png,masks/tiles/rostov_open_small_17_80191_45974.png,1.0,"{""1"": 1921, ""2"": 56760, ""3"": 4232, ""4"": 2623}",Overture Maps,17,EPSG:4326,"max_class_share=0.87,fg_share=1.00"
rostov_open_small_17_80192_45974,rostov_open_small,17,80192,45974,images/tiles/rostov_open_small_17_80192_45974.png,masks/tiles/rostov_open_small_17_80192_45974.png,1.0,"{""2"": 51075, ""3"": 8892, ""4"": 5569}",Overture Maps,17,EPSG:4326,"max_class_share=0.78,fg_share=1.00"
rostov_open_small_17_80193_45974,rostov_open_small,17,80193,45974,images/tiles/rostov_open_small_17_80193_45974.png,masks/tiles/rostov_open_small_17_80193_45974.png,1.0,"{""2"": 48068, ""3"": 11773, ""4"": 5695}",Overture Maps,17,EPSG:4326,"max_class_share=0.73,fg_share=1.00"
rostov_open_small_17_80194_45974,rostov_open_small,17,80194,45974,images/tiles/rostov_open_small_17_80194_45974.png,masks/tiles/rostov_open_small_17_80194_45974.png,1.0,"{""2"": 50479, ""3"": 10124, ""4"": 4933}",Overture Maps,17,EPSG:4326,"max_class_share=0.77,fg_share=1.00"
rostov_open_small_17_80195_45974,rostov_open_small,17,80195,45974,images/tiles/rostov_open_small_17_80195_45974.png,masks/tiles/rostov_open_small_17_80195_45974.png,1.0,"{""1"": 4528, ""2"": 44806, ""3"": 10144, ""4"": 6058}",Overture Maps,17,EPSG:4326,"max_class_share=0.68,fg_share=1.00"
rostov_open_small_17_80196_45974,rostov_open_small,17,80196,45974,images/tiles/rostov_open_small_17_80196_45974.png,masks/tiles/rostov_open_small_17_80196_45974.png,1.0,"{""1"": 33337, ""2"": 32199}",Overture Maps,17,EPSG:4326,"max_class_share=0.51,fg_share=1.00"
rostov_open_small_17_80201_45974,rostov_open_small,17,80201,45974,images/tiles/rostov_open_small_17_80201_45974.png,masks/tiles/rostov_open_small_17_80201_45974.png,1.0,"{""1"": 29669, ""2"": 34673, ""3"": 1194}",Overture Maps,17,EPSG:4326,"max_class_share=0.53,fg_share=1.00"
rostov_open_small_17_80202_45974,rostov_open_small,17,80202,45974,images/tiles/rostov_open_small_17_80202_45974.png,masks/tiles/rostov_open_small_17_80202_45974.png,1.0,"{""1"": 10213, ""2"": 52440, ""3"": 1713, ""4"": 1170}",Overture Maps,17,EPSG:4326,"max_class_share=0.80,fg_share=1.00"
rostov_open_small_17_80214_45974,rostov_open_small,17,80214,45974,images/tiles/rostov_open_small_17_80214_45974.png,masks/tiles/rostov_open_small_17_80214_45974.png,1.0,"{""1"": 55774, ""2"": 9563, ""3"": 199}",Overture Maps,17,EPSG:4326,"max_class_share=0.85,fg_share=1.00"
rostov_open_small_17_80190_45975,rostov_open_small,17,80190,45975,images/tiles/rostov_open_small_17_80190_45975.png,masks/tiles/rostov_open_small_17_80190_45975.png,1.0,"{""2"": 61446, ""3"": 2152, ""4"": 1938}",Overture Maps,17,EPSG:4326,"max_class_share=0.94,fg_share=1.00"
rostov_open_small_17_80191_45975,rostov_open_small,17,80191,45975,images/tiles/rostov_open_small_17_80191_45975.png,masks/tiles/rostov_open_small_17_80191_45975.png,1.0,"{""2"": 52086, ""3"": 8377, ""4"": 5073}",Overture Maps,17,EPSG:4326,"max_class_share=0.79,fg_share=1.00"
rostov_open_small_17_80192_45975,rostov_open_small,17,80192,45975,images/tiles/rostov_open_small_17_80192_45975.png,masks/tiles/rostov_open_small_17_80192_45975.png,1.0,"{""2"": 50094, ""3"": 8345, ""4"": 7097}",Overture Maps,17,EPSG:4326,"max_class_share=0.76,fg_share=1.00"
rostov_open_small_17_80193_45975,rostov_open_small,17,80193,45975,images/tiles/rostov_open_small_17_80193_45975.png,masks/tiles/rostov_open_small_17_80193_45975.png,1.0,"{""2"": 46504, ""3"": 12152, ""4"": 6880}",Overture Maps,17,EPSG:4326,"max_class_share=0.71,fg_share=1.00"
rostov_open_small_17_80194_45975,rostov_open_small,17,80194,45975,images/tiles/rostov_open_small_17_80194_45975.png,masks/tiles/rostov_open_small_17_80194_45975.png,1.0,"{""2"": 49418, ""3"": 8956, ""4"": 7162}",Overture Maps,17,EPSG:4326,"max_class_share=0.75,fg_share=1.00"
rostov_open_small_17_80195_45975,rostov_open_small,17,80195,45975,images/tiles/rostov_open_small_17_80195_45975.png,masks/tiles/rostov_open_small_17_80195_45975.png,1.0,"{""2"": 50680, ""3"": 8264, ""4"": 6592}",Overture Maps,17,EPSG:4326,"max_class_share=0.77,fg_share=1.00"
rostov_open_small_17_80196_45975,rostov_open_small,17,80196,45975,images/tiles/rostov_open_small_17_80196_45975.png,masks/tiles/rostov_open_small_17_80196_45975.png,1.0,"{""1"": 31889, ""2"": 28039, ""3"": 4406, ""4"": 1202}",Overture Maps,17,EPSG:4326,"max_class_share=0.49,fg_share=1.00"
rostov_open_small_17_80199_45975,rostov_open_small,17,80199,45975,images/tiles/rostov_open_small_17_80199_45975.png,masks/tiles/rostov_open_small_17_80199_45975.png,1.0,"{""1"": 10591, ""2"": 54945}",Overture Maps,17,EPSG:4326,"max_class_share=0.84,fg_share=1.00"
rostov_open_small_17_80200_45975,rostov_open_small,17,80200,45975,images/tiles/rostov_open_small_17_80200_45975.png,masks/tiles/rostov_open_small_17_80200_45975.png,1.0,"{""1"": 30851, ""2"": 34233, ""3"": 452}",Overture Maps,17,EPSG:4326,"max_class_share=0.52,fg_share=1.00"
rostov_open_small_17_80201_45975,rostov_open_small,17,80201,45975,images/tiles/rostov_open_small_17_80201_45975.png,masks/tiles/rostov_open_small_17_80201_45975.png,1.0,"{""1"": 6603, ""2"": 52228, ""3"": 3258, ""4"": 3447}",Overture Maps,17,EPSG:4326,"max_class_share=0.80,fg_share=1.00"
rostov_open_small_17_80207_45975,rostov_open_small,17,80207,45975,images/tiles/rostov_open_small_17_80207_45975.png,masks/tiles/rostov_open_small_17_80207_45975.png,1.0,"{""1"": 947, ""2"": 61882, ""4"": 2707}",Overture Maps,17,EPSG:4326,"max_class_share=0.94,fg_share=1.00"
rostov_open_small_17_80213_45975,rostov_open_small,17,80213,45975,images/tiles/rostov_open_small_17_80213_45975.png,masks/tiles/rostov_open_small_17_80213_45975.png,1.0,"{""1"": 556, ""2"": 62086, ""3"": 247, ""4"": 2647}",Overture Maps,17,EPSG:4326,"max_class_share=0.95,fg_share=1.00"
rostov_open_small_17_80214_45975,rostov_open_small,17,80214,45975,images/tiles/rostov_open_small_17_80214_45975.png,masks/tiles/rostov_open_small_17_80214_45975.png,1.0,"{""1"": 2843, ""2"": 60930, ""4"": 1763}",Overture Maps,17,EPSG:4326,"max_class_share=0.93,fg_share=1.00"
rostov_open_small_17_80215_45975,rostov_open_small,17,80215,45975,images/tiles/rostov_open_small_17_80215_45975.png,masks/tiles/rostov_open_small_17_80215_45975.png,1.0,"{""1"": 19253, ""2"": 45302, ""4"": 981}",Overture Maps,17,EPSG:4326,"max_class_share=0.69,fg_share=1.00"
rostov_open_small_17_80216_45975,rostov_open_small,17,80216,45975,images/tiles/rostov_open_small_17_80216_45975.png,masks/tiles/rostov_open_small_17_80216_45975.png,1.0,"{""1"": 37743, ""2"": 27650, ""4"": 143}",Overture Maps,17,EPSG:4326,"max_class_share=0.58,fg_share=1.00"
rostov_open_small_17_80219_45975,rostov_open_small,17,80219,45975,images/tiles/rostov_open_small_17_80219_45975.png,masks/tiles/rostov_open_small_17_80219_45975.png,1.0,"{""1"": 47814, ""2"": 14691, ""4"": 3031}",Overture Maps,17,EPSG:4326,"max_class_share=0.73,fg_share=1.00"
rostov_open_small_17_80190_45976,rostov_open_small,17,80190,45976,images/tiles/rostov_open_small_17_80190_45976.png,masks/tiles/rostov_open_small_17_80190_45976.png,1.0,"{""2"": 58141, ""3"": 3002, ""4"": 4393}",Overture Maps,17,EPSG:4326,"max_class_share=0.89,fg_share=1.00"
rostov_open_small_17_80191_45976,rostov_open_small,17,80191,45976,images/tiles/rostov_open_small_17_80191_45976.png,masks/tiles/rostov_open_small_17_80191_45976.png,1.0,"{""2"": 52094, ""3"": 8362, ""4"": 5080}",Overture Maps,17,EPSG:4326,"max_class_share=0.79,fg_share=1.00"
rostov_open_small_17_80192_45976,rostov_open_small,17,80192,45976,images/tiles/rostov_open_small_17_80192_45976.png,masks/tiles/rostov_open_small_17_80192_45976.png,1.0,"{""2"": 56708, ""3"": 4567, ""4"": 4261}",Overture Maps,17,EPSG:4326,"max_class_share=0.87,fg_share=1.00"
rostov_open_small_17_80193_45976,rostov_open_small,17,80193,45976,images/tiles/rostov_open_small_17_80193_45976.png,masks/tiles/rostov_open_small_17_80193_45976.png,1.0,"{""2"": 50272, ""3"": 9023, ""4"": 6241}",Overture Maps,17,EPSG:4326,"max_class_share=0.77,fg_share=1.00"
rostov_open_small_17_80194_45976,rostov_open_small,17,80194,45976,images/tiles/rostov_open_small_17_80194_45976.png,masks/tiles/rostov_open_small_17_80194_45976.png,1.0,"{""2"": 50596, ""3"": 9047, ""4"": 5893}",Overture Maps,17,EPSG:4326,"max_class_share=0.77,fg_share=1.00"
rostov_open_small_17_80195_45976,rostov_open_small,17,80195,45976,images/tiles/rostov_open_small_17_80195_45976.png,masks/tiles/rostov_open_small_17_80195_45976.png,1.0,"{""2"": 50347, ""3"": 8396, ""4"": 6793}",Overture Maps,17,EPSG:4326,"max_class_share=0.77,fg_share=1.00"
rostov_open_small_17_80196_45976,rostov_open_small,17,80196,45976,images/tiles/rostov_open_small_17_80196_45976.png,masks/tiles/rostov_open_small_17_80196_45976.png,1.0,"{""1"": 6192, ""2"": 46104, ""3"": 7561, ""4"": 5679}",Overture Maps,17,EPSG:4326,"max_class_share=0.70,fg_share=1.00"
rostov_open_small_17_80197_45976,rostov_open_small,17,80197,45976,images/tiles/rostov_open_small_17_80197_45976.png,masks/tiles/rostov_open_small_17_80197_45976.png,1.0,"{""1"": 29326, ""2"": 33781, ""3"": 1047, ""4"": 1382}",Overture Maps,17,EPSG:4326,"max_class_share=0.52,fg_share=1.00"
rostov_open_small_17_80198_45976,rostov_open_small,17,80198,45976,images/tiles/rostov_open_small_17_80198_45976.png,masks/tiles/rostov_open_small_17_80198_45976.png,1.0,"{""1"": 27547, ""2"": 37439, ""3"": 550}",Overture Maps,17,EPSG:4326,"max_class_share=0.57,fg_share=1.00"
rostov_open_small_17_80199_45976,rostov_open_small,17,80199,45976,images/tiles/rostov_open_small_17_80199_45976.png,masks/tiles/rostov_open_small_17_80199_45976.png,1.0,"{""1"": 17539, ""2"": 40387, ""3"": 7608, ""4"": 2}",Overture Maps,17,EPSG:4326,"max_class_share=0.62,fg_share=1.00"
rostov_open_small_17_80201_45976,rostov_open_small,17,80201,45976,images/tiles/rostov_open_small_17_80201_45976.png,masks/tiles/rostov_open_small_17_80201_45976.png,1.0,"{""1"": 945, ""2"": 60770, ""4"": 3821}",Overture Maps,17,EPSG:4326,"max_class_share=0.93,fg_share=1.00"
rostov_open_small_17_80219_45976,rostov_open_small,17,80219,45976,images/tiles/rostov_open_small_17_80219_45976.png,masks/tiles/rostov_open_small_17_80219_45976.png,1.0,"{""1"": 13282, ""2"": 47791, ""3"": 9, ""4"": 4454}",Overture Maps,17,EPSG:4326,"max_class_share=0.73,fg_share=1.00"
rostov_open_small_17_80190_45977,rostov_open_small,17,80190,45977,images/tiles/rostov_open_small_17_80190_45977.png,masks/tiles/rostov_open_small_17_80190_45977.png,1.0,"{""2"": 58215, ""3"": 2210, ""4"": 5111}",Overture Maps,17,EPSG:4326,"max_class_share=0.89,fg_share=1.00"
rostov_open_small_17_80191_45977,rostov_open_small,17,80191,45977,images/tiles/rostov_open_small_17_80191_45977.png,masks/tiles/rostov_open_small_17_80191_45977.png,1.0,"{""2"": 54688, ""3"": 6420, ""4"": 4428}",Overture Maps,17,EPSG:4326,"max_class_share=0.83,fg_share=1.00"
rostov_open_small_17_80192_45977,rostov_open_small,17,80192,45977,images/tiles/rostov_open_small_17_80192_45977.png,masks/tiles/rostov_open_small_17_80192_45977.png,1.0,"{""2"": 60285, ""3"": 2166, ""4"": 3085}",Overture Maps,17,EPSG:4326,"max_class_share=0.92,fg_share=1.00"
rostov_open_small_17_80193_45977,rostov_open_small,17,80193,45977,images/tiles/rostov_open_small_17_80193_45977.png,masks/tiles/rostov_open_small_17_80193_45977.png,1.0,"{""2"": 56047, ""3"": 7506, ""4"": 1983}",Overture Maps,17,EPSG:4326,"max_class_share=0.86,fg_share=1.00"
rostov_open_small_17_80194_45977,rostov_open_small,17,80194,45977,images/tiles/rostov_open_small_17_80194_45977.png,masks/tiles/rostov_open_small_17_80194_45977.png,1.0,"{""2"": 53994, ""3"": 6185, ""4"": 5357}",Overture Maps,17,EPSG:4326,"max_class_share=0.82,fg_share=1.00"
rostov_open_small_17_80195_45977,rostov_open_small,17,80195,45977,images/tiles/rostov_open_small_17_80195_45977.png,masks/tiles/rostov_open_small_17_80195_45977.png,1.0,"{""2"": 58197, ""3"": 4380, ""4"": 2959}",Overture Maps,17,EPSG:4326,"max_class_share=0.89,fg_share=1.00"
rostov_open_small_17_80196_45977,rostov_open_small,17,80196,45977,images/tiles/rostov_open_small_17_80196_45977.png,masks/tiles/rostov_open_small_17_80196_45977.png,1.0,"{""2"": 55983, ""3"": 3915, ""4"": 5638}",Overture Maps,17,EPSG:4326,"max_class_share=0.85,fg_share=1.00"
rostov_open_small_17_80197_45977,rostov_open_small,17,80197,45977,images/tiles/rostov_open_small_17_80197_45977.png,masks/tiles/rostov_open_small_17_80197_45977.png,1.0,"{""1"": 125, ""2"": 58084, ""3"": 2763, ""4"": 4564}",Overture Maps,17,EPSG:4326,"max_class_share=0.89,fg_share=1.00"
rostov_open_small_17_80198_45977,rostov_open_small,17,80198,45977,images/tiles/rostov_open_small_17_80198_45977.png,masks/tiles/rostov_open_small_17_80198_45977.png,1.0,"{""1"": 697, ""2"": 60089, ""4"": 4750}",Overture Maps,17,EPSG:4326,"max_class_share=0.92,fg_share=1.00"
rostov_open_small_17_80199_45977,rostov_open_small,17,80199,45977,images/tiles/rostov_open_small_17_80199_45977.png,masks/tiles/rostov_open_small_17_80199_45977.png,1.0,"{""1"": 928, ""2"": 61220, ""3"": 39, ""4"": 3349}",Overture Maps,17,EPSG:4326,"max_class_share=0.93,fg_share=1.00"
rostov_open_small_17_80218_45977,rostov_open_small,17,80218,45977,images/tiles/rostov_open_small_17_80218_45977.png,masks/tiles/rostov_open_small_17_80218_45977.png,1.0,"{""1"": 253, ""2"": 61785, ""4"": 3498}",Overture Maps,17,EPSG:4326,"max_class_share=0.94,fg_share=1.00"
rostov_open_small_17_80192_45978,rostov_open_small,17,80192,45978,images/tiles/rostov_open_small_17_80192_45978.png,masks/tiles/rostov_open_small_17_80192_45978.png,1.0,"{""2"": 58993, ""3"": 1617, ""4"": 4926}",Overture Maps,17,EPSG:4326,"max_class_share=0.90,fg_share=1.00"
rostov_open_small_17_80193_45978,rostov_open_small,17,80193,45978,images/tiles/rostov_open_small_17_80193_45978.png,masks/tiles/rostov_open_small_17_80193_45978.png,1.0,"{""2"": 60495, ""3"": 1857, ""4"": 3184}",Overture Maps,17,EPSG:4326,"max_class_share=0.92,fg_share=1.00"
rostov_open_small_17_80194_45978,rostov_open_small,17,80194,45978,images/tiles/rostov_open_small_17_80194_45978.png,masks/tiles/rostov_open_small_17_80194_45978.png,1.0,"{""2"": 61485, ""3"": 353, ""4"": 3698}",Overture Maps,17,EPSG:4326,"max_class_share=0.94,fg_share=1.00"
rostov_open_small_17_80196_45978,rostov_open_small,17,80196,45978,images/tiles/rostov_open_small_17_80196_45978.png,masks/tiles/rostov_open_small_17_80196_45978.png,1.0,"{""1"": 482, ""2"": 60638, ""4"": 4416}",Overture Maps,17,EPSG:4326,"max_class_share=0.93,fg_share=1.00"
rostov_open_small_17_80197_45978,rostov_open_small,17,80197,45978,images/tiles/rostov_open_small_17_80197_45978.png,masks/tiles/rostov_open_small_17_80197_45978.png,1.0,"{""1"": 1153, ""2"": 62247, ""4"": 2136}",Overture Maps,17,EPSG:4326,"max_class_share=0.95,fg_share=1.00"
rostov_open_small_17_80205_45978,rostov_open_small,17,80205,45978,images/tiles/rostov_open_small_17_80205_45978.png,masks/tiles/rostov_open_small_17_80205_45978.png,1.0,"{""1"": 504, ""2"": 61512, ""4"": 3520}",Overture Maps,17,EPSG:4326,"max_class_share=0.94,fg_share=1.00"
rostov_open_small_17_80207_45978,rostov_open_small,17,80207,45978,images/tiles/rostov_open_small_17_80207_45978.png,masks/tiles/rostov_open_small_17_80207_45978.png,1.0,"{""1"": 558, ""2"": 61451, ""4"": 3527}",Overture Maps,17,EPSG:4326,"max_class_share=0.94,fg_share=1.00"
rostov_open_small_17_80218_45978,rostov_open_small,17,80218,45978,images/tiles/rostov_open_small_17_80218_45978.png,masks/tiles/rostov_open_small_17_80218_45978.png,1.0,"{""1"": 251, ""2"": 61152, ""4"": 4133}",Overture Maps,17,EPSG:4326,"max_class_share=0.93,fg_share=1.00"
rostov_open_small_17_80191_45979,rostov_open_small,17,80191,45979,images/tiles/rostov_open_small_17_80191_45979.png,masks/tiles/rostov_open_small_17_80191_45979.png,1.0,"{""2"": 61768, ""3"": 2622, ""4"": 1146}",Overture Maps,17,EPSG:4326,"max_class_share=0.94,fg_share=1.00"
rostov_open_small_17_80193_45979,rostov_open_small,17,80193,45979,images/tiles/rostov_open_small_17_80193_45979.png,masks/tiles/rostov_open_small_17_80193_45979.png,1.0,"{""1"": 891, ""2"": 61915, ""4"": 2730}",Overture Maps,17,EPSG:4326,"max_class_share=0.94,fg_share=1.00"
rostov_open_small_17_80197_45979,rostov_open_small,17,80197,45979,images/tiles/rostov_open_small_17_80197_45979.png,masks/tiles/rostov_open_small_17_80197_45979.png,1.0,"{""1"": 932, ""2"": 61106, ""3"": 545, ""4"": 2953}",Overture Maps,17,EPSG:4326,"max_class_share=0.93,fg_share=1.00"
rostov_open_small_17_80217_45979,rostov_open_small,17,80217,45979,images/tiles/rostov_open_small_17_80217_45979.png,masks/tiles/rostov_open_small_17_80217_45979.png,1.0,"{""1"": 723, ""2"": 61180, ""4"": 3633}",Overture Maps,17,EPSG:4326,"max_class_share=0.93,fg_share=1.00"
rostov_open_small_17_80197_45980,rostov_open_small,17,80197,45980,images/tiles/rostov_open_small_17_80197_45980.png,masks/tiles/rostov_open_small_17_80197_45980.png,1.0,"{""1"": 1020, ""2"": 60807, ""4"": 3709}",Overture Maps,17,EPSG:4326,"max_class_share=0.93,fg_share=1.00"
rostov_open_small_17_80202_45980,rostov_open_small,17,80202,45980,images/tiles/rostov_open_small_17_80202_45980.png,masks/tiles/rostov_open_small_17_80202_45980.png,1.0,"{""1"": 699, ""2"": 61745, ""4"": 3092}",Overture Maps,17,EPSG:4326,"max_class_share=0.94,fg_share=1.00"
rostov_open_small_17_80217_45980,rostov_open_small,17,80217,45980,images/tiles/rostov_open_small_17_80217_45980.png,masks/tiles/rostov_open_small_17_80217_45980.png,1.0,"{""1"": 362, ""2"": 61291, ""3"": 6, ""4"": 3877}",Overture Maps,17,EPSG:4326,"max_class_share=0.94,fg_share=1.00"
rostov_open_small_17_80197_45981,rostov_open_small,17,80197,45981,images/tiles/rostov_open_small_17_80197_45981.png,masks/tiles/rostov_open_small_17_80197_45981.png,1.0,"{""1"": 689, ""2"": 61549, ""4"": 3298}",Overture Maps,17,EPSG:4326,"max_class_share=0.94,fg_share=1.00"
rostov_open_small_17_80212_45981,rostov_open_small,17,80212,45981,images/tiles/rostov_open_small_17_80212_45981.png,masks/tiles/rostov_open_small_17_80212_45981.png,1.0,"{""1"": 710, ""2"": 62192, ""4"": 2634}",Overture Maps,17,EPSG:4326,"max_class_share=0.95,fg_share=1.00"
rostov_open_small_17_80214_45981,rostov_open_small,17,80214,45981,images/tiles/rostov_open_small_17_80214_45981.png,masks/tiles/rostov_open_small_17_80214_45981.png,1.0,"{""1"": 700, ""2"": 62160, ""4"": 2676}",Overture Maps,17,EPSG:4326,"max_class_share=0.95,fg_share=1.00"
rostov_open_small_17_80216_45981,rostov_open_small,17,80216,45981,images/tiles/rostov_open_small_17_80216_45981.png,masks/tiles/rostov_open_small_17_80216_45981.png,1.0,"{""1"": 680, ""2"": 60648, ""4"": 4208}",Overture Maps,17,EPSG:4326,"max_class_share=0.93,fg_share=1.00"
rostov_open_small_17_80197_45982,rostov_open_small,17,80197,45982,images/tiles/rostov_open_small_17_80197_45982.png,masks/tiles/rostov_open_small_17_80197_45982.png,1.0,"{""1"": 466, ""2"": 61999, ""4"": 3071}",Overture Maps,17,EPSG:4326,"max_class_share=0.95,fg_share=1.00"
rostov_open_small_17_80216_45982,rostov_open_small,17,80216,45982,images/tiles/rostov_open_small_17_80216_45982.png,masks/tiles/rostov_open_small_17_80216_45982.png,1.0,"{""1"": 431, ""2"": 61071, ""4"": 4034}",Overture Maps,17,EPSG:4326,"max_class_share=0.93,fg_share=1.00"
rostov_open_small_17_80198_45983,rostov_open_small,17,80198,45983,images/tiles/rostov_open_small_17_80198_45983.png,masks/tiles/rostov_open_small_17_80198_45983.png,1.0,"{""1"": 1016, ""2"": 62083, ""4"": 2437}",Overture Maps,17,EPSG:4326,"max_class_share=0.95,fg_share=1.00"
rostov_open_small_17_80205_45983,rostov_open_small,17,80205,45983,images/tiles/rostov_open_small_17_80205_45983.png,masks/tiles/rostov_open_small_17_80205_45983.png,1.0,"{""2"": 62223, ""3"": 1230, ""4"": 2083}",Overture Maps,17,EPSG:4326,"max_class_share=0.95,fg_share=1.00"
rostov_open_small_17_80206_45983,rostov_open_small,17,80206,45983,images/tiles/rostov_open_small_17_80206_45983.png,masks/tiles/rostov_open_small_17_80206_45983.png,1.0,"{""2"": 58370, ""3"": 4256, ""4"": 2910}",Overture Maps,17,EPSG:4326,"max_class_share=0.89,fg_share=1.00"
rostov_open_small_17_80207_45983,rostov_open_small,17,80207,45983,images/tiles/rostov_open_small_17_80207_45983.png,masks/tiles/rostov_open_small_17_80207_45983.png,1.0,"{""2"": 57326, ""3"": 4519, ""4"": 3691}",Overture Maps,17,EPSG:4326,"max_class_share=0.87,fg_share=1.00"
rostov_open_small_17_80215_45983,rostov_open_small,17,80215,45983,images/tiles/rostov_open_small_17_80215_45983.png,masks/tiles/rostov_open_small_17_80215_45983.png,1.0,"{""1"": 466, ""2"": 61853, ""4"": 3217}",Overture Maps,17,EPSG:4326,"max_class_share=0.94,fg_share=1.00"
svo_airport_small_17_79155_40814,svo_airport_small,17,79155,40814,images/tiles/svo_airport_small_17_79155_40814.png,masks/tiles/svo_airport_small_17_79155_40814.png,1.0,"{""2"": 59442, ""3"": 1288, ""4"": 4806}",Overture Maps,17,EPSG:4326,"max_class_share=0.91,fg_share=1.00"
svo_airport_small_17_79156_40814,svo_airport_small,17,79156,40814,images/tiles/svo_airport_small_17_79156_40814.png,masks/tiles/svo_airport_small_17_79156_40814.png,1.0,"{""2"": 60585, ""3"": 1760, ""4"": 3191}",Overture Maps,17,EPSG:4326,"max_class_share=0.92,fg_share=1.00"
svo_airport_small_17_79158_40814,svo_airport_small,17,79158,40814,images/tiles/svo_airport_small_17_79158_40814.png,masks/tiles/svo_airport_small_17_79158_40814.png,1.0,"{""1"": 65, ""2"": 60833, ""3"": 2087, ""4"": 2551}",Overture Maps,17,EPSG:4326,"max_class_share=0.93,fg_share=1.00"
svo_airport_small_17_79153_40815,svo_airport_small,17,79153,40815,images/tiles/svo_airport_small_17_79153_40815.png,masks/tiles/svo_airport_small_17_79153_40815.png,1.0,"{""2"": 47859, ""3"": 9781, ""4"": 7896}",Overture Maps,17,EPSG:4326,"max_class_share=0.73,fg_share=1.00"
svo_airport_small_17_79154_40815,svo_airport_small,17,79154,40815,images/tiles/svo_airport_small_17_79154_40815.png,masks/tiles/svo_airport_small_17_79154_40815.png,1.0,"{""2"": 57560, ""3"": 3902, ""4"": 4074}",Overture Maps,17,EPSG:4326,"max_class_share=0.88,fg_share=1.00"
svo_airport_small_17_79155_40815,svo_airport_small,17,79155,40815,images/tiles/svo_airport_small_17_79155_40815.png,masks/tiles/svo_airport_small_17_79155_40815.png,1.0,"{""2"": 53710, ""3"": 7733, ""4"": 4093}",Overture Maps,17,EPSG:4326,"max_class_share=0.82,fg_share=1.00"
svo_airport_small_17_79156_40815,svo_airport_small,17,79156,40815,images/tiles/svo_airport_small_17_79156_40815.png,masks/tiles/svo_airport_small_17_79156_40815.png,1.0,"{""1"": 225, ""2"": 56013, ""3"": 2847, ""4"": 6451}",Overture Maps,17,EPSG:4326,"max_class_share=0.85,fg_share=1.00"
svo_airport_small_17_79157_40815,svo_airport_small,17,79157,40815,images/tiles/svo_airport_small_17_79157_40815.png,masks/tiles/svo_airport_small_17_79157_40815.png,1.0,"{""1"": 2752, ""2"": 56243, ""3"": 3447, ""4"": 3094}",Overture Maps,17,EPSG:4326,"max_class_share=0.86,fg_share=1.00"
svo_airport_small_17_79158_40815,svo_airport_small,17,79158,40815,images/tiles/svo_airport_small_17_79158_40815.png,masks/tiles/svo_airport_small_17_79158_40815.png,1.0,"{""2"": 47638, ""3"": 15119, ""4"": 2779}",Overture Maps,17,EPSG:4326,"max_class_share=0.73,fg_share=1.00"
svo_airport_small_17_79159_40815,svo_airport_small,17,79159,40815,images/tiles/svo_airport_small_17_79159_40815.png,masks/tiles/svo_airport_small_17_79159_40815.png,1.0,"{""1"": 829, ""2"": 45531, ""3"": 15344, ""4"": 3832}",Overture Maps,17,EPSG:4326,"max_class_share=0.69,fg_share=1.00"
svo_airport_small_17_79160_40815,svo_airport_small,17,79160,40815,images/tiles/svo_airport_small_17_79160_40815.png,masks/tiles/svo_airport_small_17_79160_40815.png,1.0,"{""2"": 51336, ""3"": 10550, ""4"": 3650}",Overture Maps,17,EPSG:4326,"max_class_share=0.78,fg_share=1.00"
svo_airport_small_17_79161_40815,svo_airport_small,17,79161,40815,images/tiles/svo_airport_small_17_79161_40815.png,masks/tiles/svo_airport_small_17_79161_40815.png,1.0,"{""2"": 52115, ""3"": 351, ""4"": 13070}",Overture Maps,17,EPSG:4326,"max_class_share=0.80,fg_share=1.00"
svo_airport_small_17_79168_40815,svo_airport_small,17,79168,40815,images/tiles/svo_airport_small_17_79168_40815.png,masks/tiles/svo_airport_small_17_79168_40815.png,1.0,"{""1"": 16547, ""2"": 39374, ""3"": 6598, ""4"": 3017}",Overture Maps,17,EPSG:4326,"max_class_share=0.60,fg_share=1.00"
svo_airport_small_17_79169_40815,svo_airport_small,17,79169,40815,images/tiles/svo_airport_small_17_79169_40815.png,masks/tiles/svo_airport_small_17_79169_40815.png,1.0,"{""1"": 5220, ""2"": 55862, ""3"": 2791, ""4"": 1663}",Overture Maps,17,EPSG:4326,"max_class_share=0.85,fg_share=1.00"
svo_airport_small_17_79152_40816,svo_airport_small,17,79152,40816,images/tiles/svo_airport_small_17_79152_40816.png,masks/tiles/svo_airport_small_17_79152_40816.png,1.0,"{""2"": 62074, ""3"": 581, ""4"": 2881}",Overture Maps,17,EPSG:4326,"max_class_share=0.95,fg_share=1.00"
svo_airport_small_17_79153_40816,svo_airport_small,17,79153,40816,images/tiles/svo_airport_small_17_79153_40816.png,masks/tiles/svo_airport_small_17_79153_40816.png,1.0,"{""2"": 55313, ""3"": 7235, ""4"": 2988}",Overture Maps,17,EPSG:4326,"max_class_share=0.84,fg_share=1.00"
svo_airport_small_17_79154_40816,svo_airport_small,17,79154,40816,images/tiles/svo_airport_small_17_79154_40816.png,masks/tiles/svo_airport_small_17_79154_40816.png,1.0,"{""2"": 52131, ""3"": 8761, ""4"": 4644}",Overture Maps,17,EPSG:4326,"max_class_share=0.80,fg_share=1.00"
svo_airport_small_17_79159_40816,svo_airport_small,17,79159,40816,images/tiles/svo_airport_small_17_79159_40816.png,masks/tiles/svo_airport_small_17_79159_40816.png,1.0,"{""2"": 61507, ""3"": 1239, ""4"": 2790}",Overture Maps,17,EPSG:4326,"max_class_share=0.94,fg_share=1.00"
svo_airport_small_17_79160_40816,svo_airport_small,17,79160,40816,images/tiles/svo_airport_small_17_79160_40816.png,masks/tiles/svo_airport_small_17_79160_40816.png,1.0,"{""2"": 56804, ""3"": 1118, ""4"": 7614}",Overture Maps,17,EPSG:4326,"max_class_share=0.87,fg_share=1.00"
svo_airport_small_17_79161_40816,svo_airport_small,17,79161,40816,images/tiles/svo_airport_small_17_79161_40816.png,masks/tiles/svo_airport_small_17_79161_40816.png,1.0,"{""2"": 47333, ""3"": 7506, ""4"": 10697}",Overture Maps,17,EPSG:4326,"max_class_share=0.72,fg_share=1.00"
svo_airport_small_17_79162_40816,svo_airport_small,17,79162,40816,images/tiles/svo_airport_small_17_79162_40816.png,masks/tiles/svo_airport_small_17_79162_40816.png,1.0,"{""2"": 46439, ""3"": 14351, ""4"": 4746}",Overture Maps,17,EPSG:4326,"max_class_share=0.71,fg_share=1.00"
svo_airport_small_17_79167_40816,svo_airport_small,17,79167,40816,images/tiles/svo_airport_small_17_79167_40816.png,masks/tiles/svo_airport_small_17_79167_40816.png,1.0,"{""2"": 60670, ""3"": 2643, ""4"": 2223}",Overture Maps,17,EPSG:4326,"max_class_share=0.93,fg_share=1.00"
svo_airport_small_17_79168_40816,svo_airport_small,17,79168,40816,images/tiles/svo_airport_small_17_79168_40816.png,masks/tiles/svo_airport_small_17_79168_40816.png,1.0,"{""1"": 1239, ""2"": 56125, ""3"": 4592, ""4"": 3580}",Overture Maps,17,EPSG:4326,"max_class_share=0.86,fg_share=1.00"
svo_airport_small_17_79149_40817,svo_airport_small,17,79149,40817,images/tiles/svo_airport_small_17_79149_40817.png,masks/tiles/svo_airport_small_17_79149_40817.png,1.0,"{""2"": 54630, ""3"": 6949, ""4"": 3957}",Overture Maps,17,EPSG:4326,"max_class_share=0.83,fg_share=1.00"
svo_airport_small_17_79152_40817,svo_airport_small,17,79152,40817,images/tiles/svo_airport_small_17_79152_40817.png,masks/tiles/svo_airport_small_17_79152_40817.png,1.0,"{""2"": 62256, ""3"": 936, ""4"": 2344}",Overture Maps,17,EPSG:4326,"max_class_share=0.95,fg_share=1.00"
svo_airport_small_17_79157_40817,svo_airport_small,17,79157,40817,images/tiles/svo_airport_small_17_79157_40817.png,masks/tiles/svo_airport_small_17_79157_40817.png,1.0,"{""2"": 61586, ""3"": 1180, ""4"": 2770}",Overture Maps,17,EPSG:4326,"max_class_share=0.94,fg_share=1.00"
svo_airport_small_17_79160_40817,svo_airport_small,17,79160,40817,images/tiles/svo_airport_small_17_79160_40817.png,masks/tiles/svo_airport_small_17_79160_40817.png,1.0,"{""2"": 46386, ""3"": 7452, ""4"": 11698}",Overture Maps,17,EPSG:4326,"max_class_share=0.71,fg_share=1.00"
svo_airport_small_17_79161_40817,svo_airport_small,17,79161,40817,images/tiles/svo_airport_small_17_79161_40817.png,masks/tiles/svo_airport_small_17_79161_40817.png,1.0,"{""2"": 49291, ""3"": 12906, ""4"": 3339}",Overture Maps,17,EPSG:4326,"max_class_share=0.75,fg_share=1.00"
svo_airport_small_17_79162_40817,svo_airport_small,17,79162,40817,images/tiles/svo_airport_small_17_79162_40817.png,masks/tiles/svo_airport_small_17_79162_40817.png,1.0,"{""2"": 40966, ""3"": 16839, ""4"": 7731}",Overture Maps,17,EPSG:4326,"max_class_share=0.63,fg_share=1.00"
svo_airport_small_17_79163_40817,svo_airport_small,17,79163,40817,images/tiles/svo_airport_small_17_79163_40817.png,masks/tiles/svo_airport_small_17_79163_40817.png,1.0,"{""2"": 52474, ""3"": 10699, ""4"": 2363}",Overture Maps,17,EPSG:4326,"max_class_share=0.80,fg_share=1.00"
svo_airport_small_17_79164_40817,svo_airport_small,17,79164,40817,images/tiles/svo_airport_small_17_79164_40817.png,masks/tiles/svo_airport_small_17_79164_40817.png,1.0,"{""2"": 55237, ""3"": 10299}",Overture Maps,17,EPSG:4326,"max_class_share=0.84,fg_share=1.00"
svo_airport_small_17_79149_40818,svo_airport_small,17,79149,40818,images/tiles/svo_airport_small_17_79149_40818.png,masks/tiles/svo_airport_small_17_79149_40818.png,1.0,"{""2"": 42705, ""3"": 19895, ""4"": 2936}",Overture Maps,17,EPSG:4326,"max_class_share=0.65,fg_share=1.00"
svo_airport_small_17_79159_40818,svo_airport_small,17,79159,40818,images/tiles/svo_airport_small_17_79159_40818.png,masks/tiles/svo_airport_small_17_79159_40818.png,1.0,"{""2"": 58570, ""4"": 6966}",Overture Maps,17,EPSG:4326,"max_class_share=0.89,fg_share=1.00"
svo_airport_small_17_79160_40818,svo_airport_small,17,79160,40818,images/tiles/svo_airport_small_17_79160_40818.png,masks/tiles/svo_airport_small_17_79160_40818.png,1.0,"{""2"": 41004, ""3"": 17479, ""4"": 7053}",Overture Maps,17,EPSG:4326,"max_class_share=0.63,fg_share=1.00"
svo_airport_small_17_79161_40818,svo_airport_small,17,79161,40818,images/tiles/svo_airport_small_17_79161_40818.png,masks/tiles/svo_airport_small_17_79161_40818.png,1.0,"{""2"": 41687, ""3"": 17769, ""4"": 6080}",Overture Maps,17,EPSG:4326,"max_class_share=0.64,fg_share=1.00"
svo_airport_small_17_79162_40818,svo_airport_small,17,79162,40818,images/tiles/svo_airport_small_17_79162_40818.png,masks/tiles/svo_airport_small_17_79162_40818.png,1.0,"{""2"": 43120, ""3"": 13028, ""4"": 9388}",Overture Maps,17,EPSG:4326,"max_class_share=0.66,fg_share=1.00"
svo_airport_small_17_79163_40818,svo_airport_small,17,79163,40818,images/tiles/svo_airport_small_17_79163_40818.png,masks/tiles/svo_airport_small_17_79163_40818.png,1.0,"{""2"": 44216, ""3"": 20517, ""4"": 803}",Overture Maps,17,EPSG:4326,"max_class_share=0.67,fg_share=1.00"
svo_airport_small_17_79149_40819,svo_airport_small,17,79149,40819,images/tiles/svo_airport_small_17_79149_40819.png,masks/tiles/svo_airport_small_17_79149_40819.png,1.0,"{""2"": 55426, ""3"": 5340, ""4"": 4770}",Overture Maps,17,EPSG:4326,"max_class_share=0.85,fg_share=1.00"
svo_airport_small_17_79150_40819,svo_airport_small,17,79150,40819,images/tiles/svo_airport_small_17_79150_40819.png,masks/tiles/svo_airport_small_17_79150_40819.png,1.0,"{""2"": 56665, ""3"": 7959, ""4"": 912}",Overture Maps,17,EPSG:4326,"max_class_share=0.86,fg_share=1.00"
svo_airport_small_17_79151_40819,svo_airport_small,17,79151,40819,images/tiles/svo_airport_small_17_79151_40819.png,masks/tiles/svo_airport_small_17_79151_40819.png,1.0,"{""2"": 38437, ""3"": 25153, ""4"": 1946}",Overture Maps,17,EPSG:4326,"max_class_share=0.59,fg_share=1.00"
svo_airport_small_17_79152_40819,svo_airport_small,17,79152,40819,images/tiles/svo_airport_small_17_79152_40819.png,masks/tiles/svo_airport_small_17_79152_40819.png,1.0,"{""2"": 49572, ""3"": 14704, ""4"": 1260}",Overture Maps,17,EPSG:4326,"max_class_share=0.76,fg_share=1.00"
svo_airport_small_17_79153_40819,svo_airport_small,17,79153,40819,images/tiles/svo_airport_small_17_79153_40819.png,masks/tiles/svo_airport_small_17_79153_40819.png,1.0,"{""2"": 58427, ""3"": 6088, ""4"": 1021}",Overture Maps,17,EPSG:4326,"max_class_share=0.89,fg_share=1.00"
svo_airport_small_17_79155_40819,svo_airport_small,17,79155,40819,images/tiles/svo_airport_small_17_79155_40819.png,masks/tiles/svo_airport_small_17_79155_40819.png,1.0,"{""1"": 15, ""2"": 48369, ""3"": 14002, ""4"": 3150}",Overture Maps,17,EPSG:4326,"max_class_share=0.74,fg_share=1.00"
svo_airport_small_17_79156_40819,svo_airport_small,17,79156,40819,images/tiles/svo_airport_small_17_79156_40819.png,masks/tiles/svo_airport_small_17_79156_40819.png,1.0,"{""2"": 39305, ""3"": 21751, ""4"": 4480}",Overture Maps,17,EPSG:4326,"max_class_share=0.60,fg_share=1.00"
svo_airport_small_17_79157_40819,svo_airport_small,17,79157,40819,images/tiles/svo_airport_small_17_79157_40819.png,masks/tiles/svo_airport_small_17_79157_40819.png,1.0,"{""2"": 31367, ""3"": 30124, ""4"": 4045}",Overture Maps,17,EPSG:4326,"max_class_share=0.48,fg_share=1.00"
svo_airport_small_17_79158_40819,svo_airport_small,17,79158,40819,images/tiles/svo_airport_small_17_79158_40819.png,masks/tiles/svo_airport_small_17_79158_40819.png,1.0,"{""2"": 25726, ""3"": 35890, ""4"": 3920}",Overture Maps,17,EPSG:4326,"max_class_share=0.55,fg_share=1.00"
svo_airport_small_17_79159_40819,svo_airport_small,17,79159,40819,images/tiles/svo_airport_small_17_79159_40819.png,masks/tiles/svo_airport_small_17_79159_40819.png,1.0,"{""2"": 48802, ""3"": 3266, ""4"": 13468}",Overture Maps,17,EPSG:4326,"max_class_share=0.74,fg_share=1.00"
svo_airport_small_17_79160_40819,svo_airport_small,17,79160,40819,images/tiles/svo_airport_small_17_79160_40819.png,masks/tiles/svo_airport_small_17_79160_40819.png,1.0,"{""2"": 42966, ""3"": 20564, ""4"": 2006}",Overture Maps,17,EPSG:4326,"max_class_share=0.66,fg_share=1.00"
svo_airport_small_17_79161_40819,svo_airport_small,17,79161,40819,images/tiles/svo_airport_small_17_79161_40819.png,masks/tiles/svo_airport_small_17_79161_40819.png,1.0,"{""2"": 38119, ""3"": 24686, ""4"": 2731}",Overture Maps,17,EPSG:4326,"max_class_share=0.58,fg_share=1.00"
svo_airport_small_17_79162_40819,svo_airport_small,17,79162,40819,images/tiles/svo_airport_small_17_79162_40819.png,masks/tiles/svo_airport_small_17_79162_40819.png,1.0,"{""2"": 30583, ""3"": 34953}",Overture Maps,17,EPSG:4326,"max_class_share=0.53,fg_share=1.00"
svo_airport_small_17_79163_40819,svo_airport_small,17,79163,40819,images/tiles/svo_airport_small_17_79163_40819.png,masks/tiles/svo_airport_small_17_79163_40819.png,1.0,"{""2"": 44596, ""3"": 20940}",Overture Maps,17,EPSG:4326,"max_class_share=0.68,fg_share=1.00"
svo_airport_small_17_79149_40820,svo_airport_small,17,79149,40820,images/tiles/svo_airport_small_17_79149_40820.png,masks/tiles/svo_airport_small_17_79149_40820.png,1.0,"{""2"": 58665, ""3"": 5073, ""4"": 1798}",Overture Maps,17,EPSG:4326,"max_class_share=0.90,fg_share=1.00"
svo_airport_small_17_79150_40820,svo_airport_small,17,79150,40820,images/tiles/svo_airport_small_17_79150_40820.png,masks/tiles/svo_airport_small_17_79150_40820.png,1.0,"{""2"": 46148, ""3"": 17040, ""4"": 2348}",Overture Maps,17,EPSG:4326,"max_class_share=0.70,fg_share=1.00"
svo_airport_small_17_79151_40820,svo_airport_small,17,79151,40820,images/tiles/svo_airport_small_17_79151_40820.png,masks/tiles/svo_airport_small_17_79151_40820.png,1.0,"{""2"": 55447, ""3"": 9908, ""4"": 181}",Overture Maps,17,EPSG:4326,"max_class_share=0.85,fg_share=1.00"
svo_airport_small_17_79152_40820,svo_airport_small,17,79152,40820,images/tiles/svo_airport_small_17_79152_40820.png,masks/tiles/svo_airport_small_17_79152_40820.png,1.0,"{""2"": 54079, ""3"": 9605, ""4"": 1852}",Overture Maps,17,EPSG:4326,"max_class_share=0.83,fg_share=1.00"
svo_airport_small_17_79154_40820,svo_airport_small,17,79154,40820,images/tiles/svo_airport_small_17_79154_40820.png,masks/tiles/svo_airport_small_17_79154_40820.png,1.0,"{""1"": 251, ""2"": 61478, ""3"": 3774, ""4"": 33}",Overture Maps,17,EPSG:4326,"max_class_share=0.94,fg_share=1.00"
svo_airport_small_17_79155_40820,svo_airport_small,17,79155,40820,images/tiles/svo_airport_small_17_79155_40820.png,masks/tiles/svo_airport_small_17_79155_40820.png,1.0,"{""2"": 44073, ""3"": 16292, ""4"": 5171}",Overture Maps,17,EPSG:4326,"max_class_share=0.67,fg_share=1.00"
svo_airport_small_17_79156_40820,svo_airport_small,17,79156,40820,images/tiles/svo_airport_small_17_79156_40820.png,masks/tiles/svo_airport_small_17_79156_40820.png,1.0,"{""2"": 50186, ""3"": 12016, ""4"": 3334}",Overture Maps,17,EPSG:4326,"max_class_share=0.77,fg_share=1.00"
svo_airport_small_17_79157_40820,svo_airport_small,17,79157,40820,images/tiles/svo_airport_small_17_79157_40820.png,masks/tiles/svo_airport_small_17_79157_40820.png,1.0,"{""2"": 43872, ""3"": 16464, ""4"": 5200}",Overture Maps,17,EPSG:4326,"max_class_share=0.67,fg_share=1.00"
svo_airport_small_17_79158_40820,svo_airport_small,17,79158,40820,images/tiles/svo_airport_small_17_79158_40820.png,masks/tiles/svo_airport_small_17_79158_40820.png,1.0,"{""2"": 35701, ""3"": 20607, ""4"": 9228}",Overture Maps,17,EPSG:4326,"max_class_share=0.54,fg_share=1.00"
svo_airport_small_17_79159_40820,svo_airport_small,17,79159,40820,images/tiles/svo_airport_small_17_79159_40820.png,masks/tiles/svo_airport_small_17_79159_40820.png,1.0,"{""2"": 50430, ""3"": 9571, ""4"": 5535}",Overture Maps,17,EPSG:4326,"max_class_share=0.77,fg_share=1.00"
svo_airport_small_17_79160_40820,svo_airport_small,17,79160,40820,images/tiles/svo_airport_small_17_79160_40820.png,masks/tiles/svo_airport_small_17_79160_40820.png,1.0,"{""2"": 40094, ""3"": 22794, ""4"": 2648}",Overture Maps,17,EPSG:4326,"max_class_share=0.61,fg_share=1.00"
svo_airport_small_17_79161_40820,svo_airport_small,17,79161,40820,images/tiles/svo_airport_small_17_79161_40820.png,masks/tiles/svo_airport_small_17_79161_40820.png,1.0,"{""2"": 43838, ""3"": 19759, ""4"": 1939}",Overture Maps,17,EPSG:4326,"max_class_share=0.67,fg_share=1.00"
svo_airport_small_17_79162_40820,svo_airport_small,17,79162,40820,images/tiles/svo_airport_small_17_79162_40820.png,masks/tiles/svo_airport_small_17_79162_40820.png,1.0,"{""1"": 311, ""2"": 49169, ""3"": 14064, ""4"": 1992}",Overture Maps,17,EPSG:4326,"max_class_share=0.75,fg_share=1.00"
svo_airport_small_17_79163_40820,svo_airport_small,17,79163,40820,images/tiles/svo_airport_small_17_79163_40820.png,masks/tiles/svo_airport_small_17_79163_40820.png,1.0,"{""1"": 1218, ""2"": 52897, ""3"": 10791, ""4"": 630}",Overture Maps,17,EPSG:4326,"max_class_share=0.81,fg_share=1.00"
svo_airport_small_17_79154_40821,svo_airport_small,17,79154,40821,images/tiles/svo_airport_small_17_79154_40821.png,masks/tiles/svo_airport_small_17_79154_40821.png,1.0,"{""1"": 303, ""2"": 52701, ""3"": 8267, ""4"": 4265}",Overture Maps,17,EPSG:4326,"max_class_share=0.80,fg_share=1.00"
svo_airport_small_17_79155_40821,svo_airport_small,17,79155,40821,images/tiles/svo_airport_small_17_79155_40821.png,masks/tiles/svo_airport_small_17_79155_40821.png,1.0,"{""2"": 42961, ""3"": 18955, ""4"": 3620}",Overture Maps,17,EPSG:4326,"max_class_share=0.66,fg_share=1.00"
svo_airport_small_17_79156_40821,svo_airport_small,17,79156,40821,images/tiles/svo_airport_small_17_79156_40821.png,masks/tiles/svo_airport_small_17_79156_40821.png,1.0,"{""2"": 26917, ""3"": 35481, ""4"": 3138}",Overture Maps,17,EPSG:4326,"max_class_share=0.54,fg_share=1.00"
svo_airport_small_17_79157_40821,svo_airport_small,17,79157,40821,images/tiles/svo_airport_small_17_79157_40821.png,masks/tiles/svo_airport_small_17_79157_40821.png,1.0,"{""2"": 30183, ""3"": 29990, ""4"": 5363}",Overture Maps,17,EPSG:4326,"max_class_share=0.46,fg_share=1.00"
svo_airport_small_17_79158_40821,svo_airport_small,17,79158,40821,images/tiles/svo_airport_small_17_79158_40821.png,masks/tiles/svo_airport_small_17_79158_40821.png,1.0,"{""2"": 50214, ""3"": 3324, ""4"": 11998}",Overture Maps,17,EPSG:4326,"max_class_share=0.77,fg_share=1.00"
svo_airport_small_17_79159_40821,svo_airport_small,17,79159,40821,images/tiles/svo_airport_small_17_79159_40821.png,masks/tiles/svo_airport_small_17_79159_40821.png,1.0,"{""2"": 44944, ""3"": 19362, ""4"": 1230}",Overture Maps,17,EPSG:4326,"max_class_share=0.69,fg_share=1.00"
svo_airport_small_17_79160_40821,svo_airport_small,17,79160,40821,images/tiles/svo_airport_small_17_79160_40821.png,masks/tiles/svo_airport_small_17_79160_40821.png,1.0,"{""2"": 27290, ""3"": 37019, ""4"": 1227}",Overture Maps,17,EPSG:4326,"max_class_share=0.56,fg_share=1.00"
svo_airport_small_17_79161_40821,svo_airport_small,17,79161,40821,images/tiles/svo_airport_small_17_79161_40821.png,masks/tiles/svo_airport_small_17_79161_40821.png,1.0,"{""2"": 40074, ""3"": 23568, ""4"": 1894}",Overture Maps,17,EPSG:4326,"max_class_share=0.61,fg_share=1.00"
svo_airport_small_17_79162_40821,svo_airport_small,17,79162,40821,images/tiles/svo_airport_small_17_79162_40821.png,masks/tiles/svo_airport_small_17_79162_40821.png,1.0,"{""2"": 53547, ""3"": 11026, ""4"": 963}",Overture Maps,17,EPSG:4326,"max_class_share=0.82,fg_share=1.00"
svo_airport_small_17_79149_40822,svo_airport_small,17,79149,40822,images/tiles/svo_airport_small_17_79149_40822.png,masks/tiles/svo_airport_small_17_79149_40822.png,1.0,"{""2"": 59858, ""3"": 3383, ""4"": 2295}",Overture Maps,17,EPSG:4326,"max_class_share=0.91,fg_share=1.00"
svo_airport_small_17_79150_40822,svo_airport_small,17,79150,40822,images/tiles/svo_airport_small_17_79150_40822.png,masks/tiles/svo_airport_small_17_79150_40822.png,1.0,"{""2"": 51638, ""3"": 9937, ""4"": 3961}",Overture Maps,17,EPSG:4326,"max_class_share=0.79,fg_share=1.00"
svo_airport_small_17_79154_40822,svo_airport_small,17,79154,40822,images/tiles/svo_airport_small_17_79154_40822.png,masks/tiles/svo_airport_small_17_79154_40822.png,1.0,"{""1"": 11560, ""2"": 48729, ""3"": 3082, ""4"": 2165}",Overture Maps,17,EPSG:4326,"max_class_share=0.74,fg_share=1.00"
svo_airport_small_17_79155_40822,svo_airport_small,17,79155,40822,images/tiles/svo_airport_small_17_79155_40822.png,masks/tiles/svo_airport_small_17_79155_40822.png,1.0,"{""2"": 50627, ""3"": 11953, ""4"": 2956}",Overture Maps,17,EPSG:4326,"max_class_share=0.77,fg_share=1.00"
svo_airport_small_17_79156_40822,svo_airport_small,17,79156,40822,images/tiles/svo_airport_small_17_79156_40822.png,masks/tiles/svo_airport_small_17_79156_40822.png,1.0,"{""2"": 32876, ""3"": 28273, ""4"": 4387}",Overture Maps,17,EPSG:4326,"max_class_share=0.50,fg_share=1.00"
svo_airport_small_17_79157_40822,svo_airport_small,17,79157,40822,images/tiles/svo_airport_small_17_79157_40822.png,masks/tiles/svo_airport_small_17_79157_40822.png,1.0,"{""2"": 36221, ""3"": 24063, ""4"": 5252}",Overture Maps,17,EPSG:4326,"max_class_share=0.55,fg_share=1.00"
svo_airport_small_17_79158_40822,svo_airport_small,17,79158,40822,images/tiles/svo_airport_small_17_79158_40822.png,masks/tiles/svo_airport_small_17_79158_40822.png,1.0,"{""2"": 49921, ""3"": 5542, ""4"": 10073}",Overture Maps,17,EPSG:4326,"max_class_share=0.76,fg_share=1.00"
svo_airport_small_17_79159_40822,svo_airport_small,17,79159,40822,images/tiles/svo_airport_small_17_79159_40822.png,masks/tiles/svo_airport_small_17_79159_40822.png,1.0,"{""2"": 48822, ""3"": 13265, ""4"": 3449}",Overture Maps,17,EPSG:4326,"max_class_share=0.74,fg_share=1.00"
svo_airport_small_17_79160_40822,svo_airport_small,17,79160,40822,images/tiles/svo_airport_small_17_79160_40822.png,masks/tiles/svo_airport_small_17_79160_40822.png,1.0,"{""2"": 45931, ""3"": 16883, ""4"": 2722}",Overture Maps,17,EPSG:4326,"max_class_share=0.70,fg_share=1.00"
svo_airport_small_17_79161_40822,svo_airport_small,17,79161,40822,images/tiles/svo_airport_small_17_79161_40822.png,masks/tiles/svo_airport_small_17_79161_40822.png,1.0,"{""2"": 46397, ""3"": 18984, ""4"": 155}",Overture Maps,17,EPSG:4326,"max_class_share=0.71,fg_share=1.00"
svo_airport_small_17_79162_40822,svo_airport_small,17,79162,40822,images/tiles/svo_airport_small_17_79162_40822.png,masks/tiles/svo_airport_small_17_79162_40822.png,1.0,"{""2"": 48733, ""3"": 15168, ""4"": 1635}",Overture Maps,17,EPSG:4326,"max_class_share=0.74,fg_share=1.00"
svo_airport_small_17_79163_40822,svo_airport_small,17,79163,40822,images/tiles/svo_airport_small_17_79163_40822.png,masks/tiles/svo_airport_small_17_79163_40822.png,1.0,"{""1"": 1863, ""2"": 53951, ""3"": 5454, ""4"": 4268}",Overture Maps,17,EPSG:4326,"max_class_share=0.82,fg_share=1.00"
svo_airport_small_17_79164_40822,svo_airport_small,17,79164,40822,images/tiles/svo_airport_small_17_79164_40822.png,masks/tiles/svo_airport_small_17_79164_40822.png,1.0,"{""1"": 11100, ""2"": 52751, ""3"": 141, ""4"": 1544}",Overture Maps,17,EPSG:4326,"max_class_share=0.80,fg_share=1.00"
svo_airport_small_17_79169_40822,svo_airport_small,17,79169,40822,images/tiles/svo_airport_small_17_79169_40822.png,masks/tiles/svo_airport_small_17_79169_40822.png,1.0,"{""2"": 58360, ""3"": 5243, ""4"": 1933}",Overture Maps,17,EPSG:4326,"max_class_share=0.89,fg_share=1.00"
svo_airport_small_17_79170_40822,svo_airport_small,17,79170,40822,images/tiles/svo_airport_small_17_79170_40822.png,masks/tiles/svo_airport_small_17_79170_40822.png,1.0,"{""2"": 54702, ""3"": 5023, ""4"": 5811}",Overture Maps,17,EPSG:4326,"max_class_share=0.83,fg_share=1.00"
svo_airport_small_17_79149_40823,svo_airport_small,17,79149,40823,images/tiles/svo_airport_small_17_79149_40823.png,masks/tiles/svo_airport_small_17_79149_40823.png,1.0,"{""2"": 52746, ""3"": 5937, ""4"": 6853}",Overture Maps,17,EPSG:4326,"max_class_share=0.80,fg_share=1.00"
svo_airport_small_17_79150_40823,svo_airport_small,17,79150,40823,images/tiles/svo_airport_small_17_79150_40823.png,masks/tiles/svo_airport_small_17_79150_40823.png,1.0,"{""2"": 55405, ""3"": 4409, ""4"": 5722}",Overture Maps,17,EPSG:4326,"max_class_share=0.85,fg_share=1.00"
svo_airport_small_17_79151_40823,svo_airport_small,17,79151,40823,images/tiles/svo_airport_small_17_79151_40823.png,masks/tiles/svo_airport_small_17_79151_40823.png,1.0,"{""2"": 56511, ""3"": 6040, ""4"": 2985}",Overture Maps,17,EPSG:4326,"max_class_share=0.86,fg_share=1.00"
svo_airport_small_17_79152_40823,svo_airport_small,17,79152,40823,images/tiles/svo_airport_small_17_79152_40823.png,masks/tiles/svo_airport_small_17_79152_40823.png,1.0,"{""2"": 48434, ""3"": 12799, ""4"": 4303}",Overture Maps,17,EPSG:4326,"max_class_share=0.74,fg_share=1.00"
svo_airport_small_17_79153_40823,svo_airport_small,17,79153,40823,images/tiles/svo_airport_small_17_79153_40823.png,masks/tiles/svo_airport_small_17_79153_40823.png,1.0,"{""2"": 46917, ""3"": 15783, ""4"": 2836}",Overture Maps,17,EPSG:4326,"max_class_share=0.72,fg_share=1.00"
svo_airport_small_17_79154_40823,svo_airport_small,17,79154,40823,images/tiles/svo_airport_small_17_79154_40823.png,masks/tiles/svo_airport_small_17_79154_40823.png,1.0,"{""1"": 83, ""2"": 55107, ""3"": 7393, ""4"": 2953}",Overture Maps,17,EPSG:4326,"max_class_share=0.84,fg_share=1.00"
svo_airport_small_17_79155_40823,svo_airport_small,17,79155,40823,images/tiles/svo_airport_small_17_79155_40823.png,masks/tiles/svo_airport_small_17_79155_40823.png,1.0,"{""1"": 258, ""2"": 52832, ""3"": 11317, ""4"": 1129}",Overture Maps,17,EPSG:4326,"max_class_share=0.81,fg_share=1.00"
svo_airport_small_17_79156_40823,svo_airport_small,17,79156,40823,images/tiles/svo_airport_small_17_79156_40823.png,masks/tiles/svo_airport_small_17_79156_40823.png,1.0,"{""1"": 258, ""2"": 54885, ""3"": 8385, ""4"": 2008}",Overture Maps,17,EPSG:4326,"max_class_share=0.84,fg_share=1.00"
svo_airport_small_17_79157_40823,svo_airport_small,17,79157,40823,images/tiles/svo_airport_small_17_79157_40823.png,masks/tiles/svo_airport_small_17_79157_40823.png,1.0,"{""1"": 256, ""2"": 52949, ""3"": 10323, ""4"": 2008}",Overture Maps,17,EPSG:4326,"max_class_share=0.81,fg_share=1.00"
svo_airport_small_17_79158_40823,svo_airport_small,17,79158,40823,images/tiles/svo_airport_small_17_79158_40823.png,masks/tiles/svo_airport_small_17_79158_40823.png,1.0,"{""1"": 8, ""2"": 55161, ""3"": 5650, ""4"": 4717}",Overture Maps,17,EPSG:4326,"max_class_share=0.84,fg_share=1.00"
svo_airport_small_17_79159_40823,svo_airport_small,17,79159,40823,images/tiles/svo_airport_small_17_79159_40823.png,masks/tiles/svo_airport_small_17_79159_40823.png,1.0,"{""2"": 52773, ""3"": 8080, ""4"": 4683}",Overture Maps,17,EPSG:4326,"max_class_share=0.81,fg_share=1.00"
svo_airport_small_17_79160_40823,svo_airport_small,17,79160,40823,images/tiles/svo_airport_small_17_79160_40823.png,masks/tiles/svo_airport_small_17_79160_40823.png,1.0,"{""2"": 55602, ""3"": 7389, ""4"": 2545}",Overture Maps,17,EPSG:4326,"max_class_share=0.85,fg_share=1.00"
svo_airport_small_17_79161_40823,svo_airport_small,17,79161,40823,images/tiles/svo_airport_small_17_79161_40823.png,masks/tiles/svo_airport_small_17_79161_40823.png,1.0,"{""2"": 51871, ""3"": 11372, ""4"": 2293}",Overture Maps,17,EPSG:4326,"max_class_share=0.79,fg_share=1.00"
svo_airport_small_17_79162_40823,svo_airport_small,17,79162,40823,images/tiles/svo_airport_small_17_79162_40823.png,masks/tiles/svo_airport_small_17_79162_40823.png,1.0,"{""1"": 421, ""2"": 54861, ""3"": 6422, ""4"": 3832}",Overture Maps,17,EPSG:4326,"max_class_share=0.84,fg_share=1.00"
svo_airport_small_17_79163_40823,svo_airport_small,17,79163,40823,images/tiles/svo_airport_small_17_79163_40823.png,masks/tiles/svo_airport_small_17_79163_40823.png,1.0,"{""2"": 55908, ""3"": 6290, ""4"": 3338}",Overture Maps,17,EPSG:4326,"max_class_share=0.85,fg_share=1.00"
svo_airport_small_17_79164_40823,svo_airport_small,17,79164,40823,images/tiles/svo_airport_small_17_79164_40823.png,masks/tiles/svo_airport_small_17_79164_40823.png,1.0,"{""1"": 1492, ""2"": 52277, ""3"": 6744, ""4"": 5023}",Overture Maps,17,EPSG:4326,"max_class_share=0.80,fg_share=1.00"
svo_airport_small_17_79170_40823,svo_airport_small,17,79170,40823,images/tiles/svo_airport_small_17_79170_40823.png,masks/tiles/svo_airport_small_17_79170_40823.png,1.0,"{""2"": 52650, ""3"": 7590, ""4"": 5296}",Overture Maps,17,EPSG:4326,"max_class_share=0.80,fg_share=1.00"
svo_airport_small_17_79149_40824,svo_airport_small,17,79149,40824,images/tiles/svo_airport_small_17_79149_40824.png,masks/tiles/svo_airport_small_17_79149_40824.png,1.0,"{""2"": 42636, ""3"": 15246, ""4"": 7654}",Overture Maps,17,EPSG:4326,"max_class_share=0.65,fg_share=1.00"
svo_airport_small_17_79150_40824,svo_airport_small,17,79150,40824,images/tiles/svo_airport_small_17_79150_40824.png,masks/tiles/svo_airport_small_17_79150_40824.png,1.0,"{""2"": 44146, ""3"": 16664, ""4"": 4726}",Overture Maps,17,EPSG:4326,"max_class_share=0.67,fg_share=1.00"
svo_airport_small_17_79151_40824,svo_airport_small,17,79151,40824,images/tiles/svo_airport_small_17_79151_40824.png,masks/tiles/svo_airport_small_17_79151_40824.png,1.0,"{""2"": 60689, ""3"": 2501, ""4"": 2346}",Overture Maps,17,EPSG:4326,"max_class_share=0.93,fg_share=1.00"
svo_airport_small_17_79152_40824,svo_airport_small,17,79152,40824,images/tiles/svo_airport_small_17_79152_40824.png,masks/tiles/svo_airport_small_17_79152_40824.png,1.0,"{""2"": 58341, ""3"": 2540, ""4"": 4655}",Overture Maps,17,EPSG:4326,"max_class_share=0.89,fg_share=1.00"
svo_airport_small_17_79153_40824,svo_airport_small,17,79153,40824,images/tiles/svo_airport_small_17_79153_40824.png,masks/tiles/svo_airport_small_17_79153_40824.png,1.0,"{""2"": 49634, ""3"": 9714, ""4"": 6188}",Overture Maps,17,EPSG:4326,"max_class_share=0.76,fg_share=1.00"
svo_airport_small_17_79154_40824,svo_airport_small,17,79154,40824,images/tiles/svo_airport_small_17_79154_40824.png,masks/tiles/svo_airport_small_17_79154_40824.png,1.0,"{""2"": 56222, ""3"": 4420, ""4"": 4894}",Overture Maps,17,EPSG:4326,"max_class_share=0.86,fg_share=1.00"
svo_airport_small_17_79155_40824,svo_airport_small,17,79155,40824,images/tiles/svo_airport_small_17_79155_40824.png,masks/tiles/svo_airport_small_17_79155_40824.png,1.0,"{""2"": 45193, ""3"": 18692, ""4"": 1651}",Overture Maps,17,EPSG:4326,"max_class_share=0.69,fg_share=1.00"
svo_airport_small_17_79156_40824,svo_airport_small,17,79156,40824,images/tiles/svo_airport_small_17_79156_40824.png,masks/tiles/svo_airport_small_17_79156_40824.png,1.0,"{""2"": 52963, ""3"": 12365, ""4"": 208}",Overture Maps,17,EPSG:4326,"max_class_share=0.81,fg_share=1.00"
svo_airport_small_17_79157_40824,svo_airport_small,17,79157,40824,images/tiles/svo_airport_small_17_79157_40824.png,masks/tiles/svo_airport_small_17_79157_40824.png,1.0,"{""2"": 49660, ""3"": 14914, ""4"": 962}",Overture Maps,17,EPSG:4326,"max_class_share=0.76,fg_share=1.00"
svo_airport_small_17_79158_40824,svo_airport_small,17,79158,40824,images/tiles/svo_airport_small_17_79158_40824.png,masks/tiles/svo_airport_small_17_79158_40824.png,1.0,"{""2"": 54967, ""3"": 5792, ""4"": 4777}",Overture Maps,17,EPSG:4326,"max_class_share=0.84,fg_share=1.00"
svo_airport_small_17_79159_40824,svo_airport_small,17,79159,40824,images/tiles/svo_airport_small_17_79159_40824.png,masks/tiles/svo_airport_small_17_79159_40824.png,1.0,"{""2"": 46218, ""3"": 8339, ""4"": 10979}",Overture Maps,17,EPSG:4326,"max_class_share=0.71,fg_share=1.00"
svo_airport_small_17_79160_40824,svo_airport_small,17,79160,40824,images/tiles/svo_airport_small_17_79160_40824.png,masks/tiles/svo_airport_small_17_79160_40824.png,1.0,"{""2"": 47004, ""3"": 17510, ""4"": 1022}",Overture Maps,17,EPSG:4326,"max_class_share=0.72,fg_share=1.00"
svo_airport_small_17_79161_40824,svo_airport_small,17,79161,40824,images/tiles/svo_airport_small_17_79161_40824.png,masks/tiles/svo_airport_small_17_79161_40824.png,1.0,"{""2"": 40512, ""3"": 22682, ""4"": 2342}",Overture Maps,17,EPSG:4326,"max_class_share=0.62,fg_share=1.00"
svo_airport_small_17_79162_40824,svo_airport_small,17,79162,40824,images/tiles/svo_airport_small_17_79162_40824.png,masks/tiles/svo_airport_small_17_79162_40824.png,1.0,"{""1"": 3414, ""2"": 55182, ""3"": 3853, ""4"": 3087}",Overture Maps,17,EPSG:4326,"max_class_share=0.84,fg_share=1.00"
svo_airport_small_17_79163_40824,svo_airport_small,17,79163,40824,images/tiles/svo_airport_small_17_79163_40824.png,masks/tiles/svo_airport_small_17_79163_40824.png,1.0,"{""2"": 47589, ""3"": 12062, ""4"": 5885}",Overture Maps,17,EPSG:4326,"max_class_share=0.73,fg_share=1.00"
svo_airport_small_17_79164_40824,svo_airport_small,17,79164,40824,images/tiles/svo_airport_small_17_79164_40824.png,masks/tiles/svo_airport_small_17_79164_40824.png,1.0,"{""2"": 42120, ""3"": 11694, ""4"": 11722}",Overture Maps,17,EPSG:4326,"max_class_share=0.64,fg_share=1.00"
svo_airport_small_17_79168_40824,svo_airport_small,17,79168,40824,images/tiles/svo_airport_small_17_79168_40824.png,masks/tiles/svo_airport_small_17_79168_40824.png,1.0,"{""2"": 61905, ""3"": 1596, ""4"": 2035}",Overture Maps,17,EPSG:4326,"max_class_share=0.94,fg_share=1.00"
svo_airport_small_17_79169_40824,svo_airport_small,17,79169,40824,images/tiles/svo_airport_small_17_79169_40824.png,masks/tiles/svo_airport_small_17_79169_40824.png,1.0,"{""1"": 585, ""2"": 59857, ""3"": 2810, ""4"": 2284}",Overture Maps,17,EPSG:4326,"max_class_share=0.91,fg_share=1.00"
svo_airport_small_17_79170_40824,svo_airport_small,17,79170,40824,images/tiles/svo_airport_small_17_79170_40824.png,masks/tiles/svo_airport_small_17_79170_40824.png,1.0,"{""2"": 57533, ""3"": 4475, ""4"": 3528}",Overture Maps,17,EPSG:4326,"max_class_share=0.88,fg_share=1.00"
svo_airport_small_17_79149_40825,svo_airport_small,17,79149,40825,images/tiles/svo_airport_small_17_79149_40825.png,masks/tiles/svo_airport_small_17_79149_40825.png,1.0,"{""2"": 46771, ""3"": 14566, ""4"": 4199}",Overture Maps,17,EPSG:4326,"max_class_share=0.71,fg_share=1.00"
svo_airport_small_17_79150_40825,svo_airport_small,17,79150,40825,images/tiles/svo_airport_small_17_79150_40825.png,masks/tiles/svo_airport_small_17_79150_40825.png,1.0,"{""2"": 46380, ""3"": 12594, ""4"": 6562}",Overture Maps,17,EPSG:4326,"max_class_share=0.71,fg_share=1.00"
svo_airport_small_17_79152_40825,svo_airport_small,17,79152,40825,images/tiles/svo_airport_small_17_79152_40825.png,masks/tiles/svo_airport_small_17_79152_40825.png,1.0,"{""2"": 61926, ""3"": 3050, ""4"": 560}",Overture Maps,17,EPSG:4326,"max_class_share=0.94,fg_share=1.00"
svo_airport_small_17_79153_40825,svo_airport_small,17,79153,40825,images/tiles/svo_airport_small_17_79153_40825.png,masks/tiles/svo_airport_small_17_79153_40825.png,1.0,"{""2"": 54747, ""3"": 6543, ""4"": 4246}",Overture Maps,17,EPSG:4326,"max_class_share=0.84,fg_share=1.00"
svo_airport_small_17_79154_40825,svo_airport_small,17,79154,40825,images/tiles/svo_airport_small_17_79154_40825.png,masks/tiles/svo_airport_small_17_79154_40825.png,1.0,"{""2"": 45746, ""3"": 14619, ""4"": 5171}",Overture Maps,17,EPSG:4326,"max_class_share=0.70,fg_share=1.00"
svo_airport_small_17_79155_40825,svo_airport_small,17,79155,40825,images/tiles/svo_airport_small_17_79155_40825.png,masks/tiles/svo_airport_small_17_79155_40825.png,1.0,"{""2"": 41063, ""3"": 20652, ""4"": 3821}",Overture Maps,17,EPSG:4326,"max_class_share=0.63,fg_share=1.00"
svo_airport_small_17_79156_40825,svo_airport_small,17,79156,40825,images/tiles/svo_airport_small_17_79156_40825.png,masks/tiles/svo_airport_small_17_79156_40825.png,1.0,"{""2"": 41341, ""3"": 17211, ""4"": 6984}",Overture Maps,17,EPSG:4326,"max_class_share=0.63,fg_share=1.00"
svo_airport_small_17_79157_40825,svo_airport_small,17,79157,40825,images/tiles/svo_airport_small_17_79157_40825.png,masks/tiles/svo_airport_small_17_79157_40825.png,1.0,"{""2"": 31669, ""3"": 27431, ""4"": 6436}",Overture Maps,17,EPSG:4326,"max_class_share=0.48,fg_share=1.00"
svo_airport_small_17_79158_40825,svo_airport_small,17,79158,40825,images/tiles/svo_airport_small_17_79158_40825.png,masks/tiles/svo_airport_small_17_79158_40825.png,1.0,"{""2"": 42356, ""3"": 14357, ""4"": 8823}",Overture Maps,17,EPSG:4326,"max_class_share=0.65,fg_share=1.00"
svo_airport_small_17_79159_40825,svo_airport_small,17,79159,40825,images/tiles/svo_airport_small_17_79159_40825.png,masks/tiles/svo_airport_small_17_79159_40825.png,1.0,"{""2"": 49663, ""3"": 6642, ""4"": 9231}",Overture Maps,17,EPSG:4326,"max_class_share=0.76,fg_share=1.00"
svo_airport_small_17_79160_40825,svo_airport_small,17,79160,40825,images/tiles/svo_airport_small_17_79160_40825.png,masks/tiles/svo_airport_small_17_79160_40825.png,1.0,"{""2"": 48016, ""3"": 5954, ""4"": 11566}",Overture Maps,17,EPSG:4326,"max_class_share=0.73,fg_share=1.00"
svo_airport_small_17_79161_40825,svo_airport_small,17,79161,40825,images/tiles/svo_airport_small_17_79161_40825.png,masks/tiles/svo_airport_small_17_79161_40825.png,1.0,"{""2"": 40471, ""3"": 10600, ""4"": 14465}",Overture Maps,17,EPSG:4326,"max_class_share=0.62,fg_share=1.00"
svo_airport_small_17_79162_40825,svo_airport_small,17,79162,40825,images/tiles/svo_airport_small_17_79162_40825.png,masks/tiles/svo_airport_small_17_79162_40825.png,1.0,"{""2"": 42459, ""3"": 11946, ""4"": 11131}",Overture Maps,17,EPSG:4326,"max_class_share=0.65,fg_share=1.00"
svo_airport_small_17_79163_40825,svo_airport_small,17,79163,40825,images/tiles/svo_airport_small_17_79163_40825.png,masks/tiles/svo_airport_small_17_79163_40825.png,1.0,"{""2"": 40770, ""3"": 14760, ""4"": 10006}",Overture Maps,17,EPSG:4326,"max_class_share=0.62,fg_share=1.00"
svo_airport_small_17_79164_40825,svo_airport_small,17,79164,40825,images/tiles/svo_airport_small_17_79164_40825.png,masks/tiles/svo_airport_small_17_79164_40825.png,1.0,"{""2"": 24831, ""3"": 38484, ""4"": 2221}",Overture Maps,17,EPSG:4326,"max_class_share=0.59,fg_share=1.00"
svo_airport_small_17_79165_40825,svo_airport_small,17,79165,40825,images/tiles/svo_airport_small_17_79165_40825.png,masks/tiles/svo_airport_small_17_79165_40825.png,1.0,"{""2"": 37616, ""3"": 18153, ""4"": 9767}",Overture Maps,17,EPSG:4326,"max_class_share=0.57,fg_share=1.00"
svo_airport_small_17_79166_40825,svo_airport_small,17,79166,40825,images/tiles/svo_airport_small_17_79166_40825.png,masks/tiles/svo_airport_small_17_79166_40825.png,1.0,"{""2"": 42831, ""3"": 11325, ""4"": 11380}",Overture Maps,17,EPSG:4326,"max_class_share=0.65,fg_share=1.00"
svo_airport_small_17_79167_40825,svo_airport_small,17,79167,40825,images/tiles/svo_airport_small_17_79167_40825.png,masks/tiles/svo_airport_small_17_79167_40825.png,1.0,"{""2"": 47025, ""3"": 10377, ""4"": 8134}",Overture Maps,17,EPSG:4326,"max_class_share=0.72,fg_share=1.00"
svo_airport_small_17_79168_40825,svo_airport_small,17,79168,40825,images/tiles/svo_airport_small_17_79168_40825.png,masks/tiles/svo_airport_small_17_79168_40825.png,1.0,"{""2"": 53040, ""3"": 2144, ""4"": 10352}",Overture Maps,17,EPSG:4326,"max_class_share=0.81,fg_share=1.00"
svo_airport_small_17_79169_40825,svo_airport_small,17,79169,40825,images/tiles/svo_airport_small_17_79169_40825.png,masks/tiles/svo_airport_small_17_79169_40825.png,1.0,"{""2"": 51277, ""3"": 6000, ""4"": 8259}",Overture Maps,17,EPSG:4326,"max_class_share=0.78,fg_share=1.00"
svo_airport_small_17_79149_40826,svo_airport_small,17,79149,40826,images/tiles/svo_airport_small_17_79149_40826.png,masks/tiles/svo_airport_small_17_79149_40826.png,1.0,"{""2"": 55649, ""3"": 5003, ""4"": 4884}",Overture Maps,17,EPSG:4326,"max_class_share=0.85,fg_share=1.00"
svo_airport_small_17_79150_40826,svo_airport_small,17,79150,40826,images/tiles/svo_airport_small_17_79150_40826.png,masks/tiles/svo_airport_small_17_79150_40826.png,1.0,"{""2"": 59658, ""3"": 4274, ""4"": 1604}",Overture Maps,17,EPSG:4326,"max_class_share=0.91,fg_share=1.00"
svo_airport_small_17_79151_40826,svo_airport_small,17,79151,40826,images/tiles/svo_airport_small_17_79151_40826.png,masks/tiles/svo_airport_small_17_79151_40826.png,1.0,"{""2"": 43338, ""3"": 19095, ""4"": 3103}",Overture Maps,17,EPSG:4326,"max_class_share=0.66,fg_share=1.00"
svo_airport_small_17_79152_40826,svo_airport_small,17,79152,40826,images/tiles/svo_airport_small_17_79152_40826.png,masks/tiles/svo_airport_small_17_79152_40826.png,1.0,"{""2"": 47236, ""3"": 12852, ""4"": 5448}",Overture Maps,17,EPSG:4326,"max_class_share=0.72,fg_share=1.00"
svo_airport_small_17_79153_40826,svo_airport_small,17,79153,40826,images/tiles/svo_airport_small_17_79153_40826.png,masks/tiles/svo_airport_small_17_79153_40826.png,1.0,"{""2"": 41576, ""3"": 16085, ""4"": 7875}",Overture Maps,17,EPSG:4326,"max_class_share=0.63,fg_share=1.00"
svo_airport_small_17_79154_40826,svo_airport_small,17,79154,40826,images/tiles/svo_airport_small_17_79154_40826.png,masks/tiles/svo_airport_small_17_79154_40826.png,1.0,"{""2"": 46559, ""3"": 10586, ""4"": 8391}",Overture Maps,17,EPSG:4326,"max_class_share=0.71,fg_share=1.00"
svo_airport_small_17_79155_40826,svo_airport_small,17,79155,40826,images/tiles/svo_airport_small_17_79155_40826.png,masks/tiles/svo_airport_small_17_79155_40826.png,1.0,"{""2"": 29292, ""3"": 26290, ""4"": 9954}",Overture Maps,17,EPSG:4326,"max_class_share=0.45,fg_share=1.00"
svo_airport_small_17_79156_40826,svo_airport_small,17,79156,40826,images/tiles/svo_airport_small_17_79156_40826.png,masks/tiles/svo_airport_small_17_79156_40826.png,1.0,"{""2"": 31234, ""3"": 21753, ""4"": 12549}",Overture Maps,17,EPSG:4326,"max_class_share=0.48,fg_share=1.00"
svo_airport_small_17_79157_40826,svo_airport_small,17,79157,40826,images/tiles/svo_airport_small_17_79157_40826.png,masks/tiles/svo_airport_small_17_79157_40826.png,1.0,"{""2"": 20554, ""3"": 33912, ""4"": 11070}",Overture Maps,17,EPSG:4326,"max_class_share=0.52,fg_share=1.00"
svo_airport_small_17_79158_40826,svo_airport_small,17,79158,40826,images/tiles/svo_airport_small_17_79158_40826.png,masks/tiles/svo_airport_small_17_79158_40826.png,1.0,"{""2"": 20626, ""3"": 35385, ""4"": 9525}",Overture Maps,17,EPSG:4326,"max_class_share=0.54,fg_share=1.00"
svo_airport_small_17_79159_40826,svo_airport_small,17,79159,40826,images/tiles/svo_airport_small_17_79159_40826.png,masks/tiles/svo_airport_small_17_79159_40826.png,1.0,"{""2"": 41317, ""3"": 15403, ""4"": 8816}",Overture Maps,17,EPSG:4326,"max_class_share=0.63,fg_share=1.00"
svo_airport_small_17_79160_40826,svo_airport_small,17,79160,40826,images/tiles/svo_airport_small_17_79160_40826.png,masks/tiles/svo_airport_small_17_79160_40826.png,1.0,"{""2"": 40740, ""3"": 19536, ""4"": 5260}",Overture Maps,17,EPSG:4326,"max_class_share=0.62,fg_share=1.00"
svo_airport_small_17_79161_40826,svo_airport_small,17,79161,40826,images/tiles/svo_airport_small_17_79161_40826.png,masks/tiles/svo_airport_small_17_79161_40826.png,1.0,"{""2"": 31544, ""3"": 29380, ""4"": 4612}",Overture Maps,17,EPSG:4326,"max_class_share=0.48,fg_share=1.00"
svo_airport_small_17_79162_40826,svo_airport_small,17,79162,40826,images/tiles/svo_airport_small_17_79162_40826.png,masks/tiles/svo_airport_small_17_79162_40826.png,1.0,"{""2"": 34606, ""3"": 25863, ""4"": 5067}",Overture Maps,17,EPSG:4326,"max_class_share=0.53,fg_share=1.00"
svo_airport_small_17_79163_40826,svo_airport_small,17,79163,40826,images/tiles/svo_airport_small_17_79163_40826.png,masks/tiles/svo_airport_small_17_79163_40826.png,1.0,"{""2"": 42390, ""3"": 20510, ""4"": 2636}",Overture Maps,17,EPSG:4326,"max_class_share=0.65,fg_share=1.00"
svo_airport_small_17_79164_40826,svo_airport_small,17,79164,40826,images/tiles/svo_airport_small_17_79164_40826.png,masks/tiles/svo_airport_small_17_79164_40826.png,1.0,"{""2"": 50600, ""3"": 10743, ""4"": 4193}",Overture Maps,17,EPSG:4326,"max_class_share=0.77,fg_share=1.00"
svo_airport_small_17_79165_40826,svo_airport_small,17,79165,40826,images/tiles/svo_airport_small_17_79165_40826.png,masks/tiles/svo_airport_small_17_79165_40826.png,1.0,"{""2"": 58962, ""3"": 37, ""4"": 6537}",Overture Maps,17,EPSG:4326,"max_class_share=0.90,fg_share=1.00"
svo_airport_small_17_79166_40826,svo_airport_small,17,79166,40826,images/tiles/svo_airport_small_17_79166_40826.png,masks/tiles/svo_airport_small_17_79166_40826.png,1.0,"{""2"": 54727, ""3"": 4205, ""4"": 6604}",Overture Maps,17,EPSG:4326,"max_class_share=0.84,fg_share=1.00"
svo_airport_small_17_79167_40826,svo_airport_small,17,79167,40826,images/tiles/svo_airport_small_17_79167_40826.png,masks/tiles/svo_airport_small_17_79167_40826.png,1.0,"{""2"": 55362, ""3"": 4104, ""4"": 6070}",Overture Maps,17,EPSG:4326,"max_class_share=0.84,fg_share=1.00"
svo_airport_small_17_79168_40826,svo_airport_small,17,79168,40826,images/tiles/svo_airport_small_17_79168_40826.png,masks/tiles/svo_airport_small_17_79168_40826.png,1.0,"{""2"": 53073, ""3"": 5409, ""4"": 7054}",Overture Maps,17,EPSG:4326,"max_class_share=0.81,fg_share=1.00"
svo_airport_small_17_79169_40826,svo_airport_small,17,79169,40826,images/tiles/svo_airport_small_17_79169_40826.png,masks/tiles/svo_airport_small_17_79169_40826.png,1.0,"{""2"": 56324, ""4"": 9212}",Overture Maps,17,EPSG:4326,"max_class_share=0.86,fg_share=1.00"
svo_airport_small_17_79170_40826,svo_airport_small,17,79170,40826,images/tiles/svo_airport_small_17_79170_40826.png,masks/tiles/svo_airport_small_17_79170_40826.png,1.0,"{""2"": 51147, ""3"": 2488, ""4"": 11901}",Overture Maps,17,EPSG:4326,"max_class_share=0.78,fg_share=1.00"
svo_airport_small_17_79171_40826,svo_airport_small,17,79171,40826,images/tiles/svo_airport_small_17_79171_40826.png,masks/tiles/svo_airport_small_17_79171_40826.png,1.0,"{""2"": 54960, ""3"": 33, ""4"": 10543}",Overture Maps,17,EPSG:4326,"max_class_share=0.84,fg_share=1.00"
svo_airport_small_17_79149_40827,svo_airport_small,17,79149,40827,images/tiles/svo_airport_small_17_79149_40827.png,masks/tiles/svo_airport_small_17_79149_40827.png,1.0,"{""2"": 57046, ""3"": 5273, ""4"": 3217}",Overture Maps,17,EPSG:4326,"max_class_share=0.87,fg_share=1.00"
svo_airport_small_17_79150_40827,svo_airport_small,17,79150,40827,images/tiles/svo_airport_small_17_79150_40827.png,masks/tiles/svo_airport_small_17_79150_40827.png,1.0,"{""1"": 2811, ""2"": 52817, ""3"": 8191, ""4"": 1717}",Overture Maps,17,EPSG:4326,"max_class_share=0.81,fg_share=1.00"
svo_airport_small_17_79151_40827,svo_airport_small,17,79151,40827,images/tiles/svo_airport_small_17_79151_40827.png,masks/tiles/svo_airport_small_17_79151_40827.png,1.0,"{""2"": 57210, ""3"": 6666, ""4"": 1660}",Overture Maps,17,EPSG:4326,"max_class_share=0.87,fg_share=1.00"
svo_airport_small_17_79152_40827,svo_airport_small,17,79152,40827,images/tiles/svo_airport_small_17_79152_40827.png,masks/tiles/svo_airport_small_17_79152_40827.png,1.0,"{""2"": 56861, ""3"": 759, ""4"": 7916}",Overture Maps,17,EPSG:4326,"max_class_share=0.87,fg_share=1.00"
svo_airport_small_17_79153_40827,svo_airport_small,17,79153,40827,images/tiles/svo_airport_small_17_79153_40827.png,masks/tiles/svo_airport_small_17_79153_40827.png,1.0,"{""2"": 41993, ""3"": 13687, ""4"": 9856}",Overture Maps,17,EPSG:4326,"max_class_share=0.64,fg_share=1.00"
svo_airport_small_17_79154_40827,svo_airport_small,17,79154,40827,images/tiles/svo_airport_small_17_79154_40827.png,masks/tiles/svo_airport_small_17_79154_40827.png,1.0,"{""2"": 52154, ""3"": 7870, ""4"": 5512}",Overture Maps,17,EPSG:4326,"max_class_share=0.80,fg_share=1.00"
svo_airport_small_17_79155_40827,svo_airport_small,17,79155,40827,images/tiles/svo_airport_small_17_79155_40827.png,masks/tiles/svo_airport_small_17_79155_40827.png,1.0,"{""2"": 33851, ""3"": 21303, ""4"": 10382}",Overture Maps,17,EPSG:4326,"max_class_share=0.52,fg_share=1.00"
svo_airport_small_17_79156_40827,svo_airport_small,17,79156,40827,images/tiles/svo_airport_small_17_79156_40827.png,masks/tiles/svo_airport_small_17_79156_40827.png,1.0,"{""2"": 10131, ""3"": 47606, ""4"": 7799}",Overture Maps,17,EPSG:4326,"max_class_share=0.73,fg_share=1.00"
svo_airport_small_17_79157_40827,svo_airport_small,17,79157,40827,images/tiles/svo_airport_small_17_79157_40827.png,masks/tiles/svo_airport_small_17_79157_40827.png,1.0,"{""2"": 18673, ""3"": 42503, ""4"": 4360}",Overture Maps,17,EPSG:4326,"max_class_share=0.65,fg_share=1.00"
svo_airport_small_17_79158_40827,svo_airport_small,17,79158,40827,images/tiles/svo_airport_small_17_79158_40827.png,masks/tiles/svo_airport_small_17_79158_40827.png,1.0,"{""2"": 1828, ""3"": 60167, ""4"": 3541}",Overture Maps,17,EPSG:4326,"max_class_share=0.92,fg_share=1.00"
svo_airport_small_17_79159_40827,svo_airport_small,17,79159,40827,images/tiles/svo_airport_small_17_79159_40827.png,masks/tiles/svo_airport_small_17_79159_40827.png,1.0,"{""2"": 47841, ""3"": 13087, ""4"": 4608}",Overture Maps,17,EPSG:4326,"max_class_share=0.73,fg_share=1.00"
svo_airport_small_17_79160_40827,svo_airport_small,17,79160,40827,images/tiles/svo_airport_small_17_79160_40827.png,masks/tiles/svo_airport_small_17_79160_40827.png,1.0,"{""2"": 62038, ""4"": 3498}",Overture Maps,17,EPSG:4326,"max_class_share=0.95,fg_share=1.00"
svo_airport_small_17_79161_40827,svo_airport_small,17,79161,40827,images/tiles/svo_airport_small_17_79161_40827.png,masks/tiles/svo_airport_small_17_79161_40827.png,1.0,"{""2"": 58360, ""3"": 2119, ""4"": 5057}",Overture Maps,17,EPSG:4326,"max_class_share=0.89,fg_share=1.00"
svo_airport_small_17_79162_40827,svo_airport_small,17,79162,40827,images/tiles/svo_airport_small_17_79162_40827.png,masks/tiles/svo_airport_small_17_79162_40827.png,1.0,"{""2"": 60772, ""4"": 4764}",Overture Maps,17,EPSG:4326,"max_class_share=0.93,fg_share=1.00"
svo_airport_small_17_79164_40827,svo_airport_small,17,79164,40827,images/tiles/svo_airport_small_17_79164_40827.png,masks/tiles/svo_airport_small_17_79164_40827.png,1.0,"{""2"": 61951, ""4"": 3585}",Overture Maps,17,EPSG:4326,"max_class_share=0.95,fg_share=1.00"
svo_airport_small_17_79168_40827,svo_airport_small,17,79168,40827,images/tiles/svo_airport_small_17_79168_40827.png,masks/tiles/svo_airport_small_17_79168_40827.png,1.0,"{""2"": 60031, ""3"": 1568, ""4"": 3937}",Overture Maps,17,EPSG:4326,"max_class_share=0.92,fg_share=1.00"
svo_airport_small_17_79169_40827,svo_airport_small,17,79169,40827,images/tiles/svo_airport_small_17_79169_40827.png,masks/tiles/svo_airport_small_17_79169_40827.png,1.0,"{""2"": 62227, ""4"": 3309}",Overture Maps,17,EPSG:4326,"max_class_share=0.95,fg_share=1.00"
svo_airport_small_17_79172_40827,svo_airport_small,17,79172,40827,images/tiles/svo_airport_small_17_79172_40827.png,masks/tiles/svo_airport_small_17_79172_40827.png,1.0,"{""2"": 57466, ""3"": 39, ""4"": 8031}",Overture Maps,17,EPSG:4326,"max_class_share=0.88,fg_share=1.00"
svo_airport_small_17_79174_40827,svo_airport_small,17,79174,40827,images/tiles/svo_airport_small_17_79174_40827.png,masks/tiles/svo_airport_small_17_79174_40827.png,1.0,"{""2"": 61858, ""3"": 1537, ""4"": 2141}",Overture Maps,17,EPSG:4326,"max_class_share=0.94,fg_share=1.00"
svo_airport_small_17_79149_40828,svo_airport_small,17,79149,40828,images/tiles/svo_airport_small_17_79149_40828.png,masks/tiles/svo_airport_small_17_79149_40828.png,1.0,"{""2"": 53277, ""3"": 995, ""4"": 11264}",Overture Maps,17,EPSG:4326,"max_class_share=0.81,fg_share=1.00"
svo_airport_small_17_79150_40828,svo_airport_small,17,79150,40828,images/tiles/svo_airport_small_17_79150_40828.png,masks/tiles/svo_airport_small_17_79150_40828.png,1.0,"{""2"": 47612, ""3"": 7103, ""4"": 10821}",Overture Maps,17,EPSG:4326,"max_class_share=0.73,fg_share=1.00"
svo_airport_small_17_79151_40828,svo_airport_small,17,79151,40828,images/tiles/svo_airport_small_17_79151_40828.png,masks/tiles/svo_airport_small_17_79151_40828.png,1.0,"{""2"": 31149, ""3"": 22293, ""4"": 12094}",Overture Maps,17,EPSG:4326,"max_class_share=0.48,fg_share=1.00"
svo_airport_small_17_79152_40828,svo_airport_small,17,79152,40828,images/tiles/svo_airport_small_17_79152_40828.png,masks/tiles/svo_airport_small_17_79152_40828.png,1.0,"{""2"": 29071, ""3"": 30069, ""4"": 6396}",Overture Maps,17,EPSG:4326,"max_class_share=0.46,fg_share=1.00"
svo_airport_small_17_79153_40828,svo_airport_small,17,79153,40828,images/tiles/svo_airport_small_17_79153_40828.png,masks/tiles/svo_airport_small_17_79153_40828.png,1.0,"{""2"": 43540, ""3"": 21981, ""4"": 15}",Overture Maps,17,EPSG:4326,"max_class_share=0.66,fg_share=1.00"
svo_airport_small_17_79154_40828,svo_airport_small,17,79154,40828,images/tiles/svo_airport_small_17_79154_40828.png,masks/tiles/svo_airport_small_17_79154_40828.png,1.0,"{""2"": 55337, ""3"": 7261, ""4"": 2938}",Overture Maps,17,EPSG:4326,"max_class_share=0.84,fg_share=1.00"
svo_airport_small_17_79155_40828,svo_airport_small,17,79155,40828,images/tiles/svo_airport_small_17_79155_40828.png,masks/tiles/svo_airport_small_17_79155_40828.png,1.0,"{""2"": 60749, ""3"": 2851, ""4"": 1936}",Overture Maps,17,EPSG:4326,"max_class_share=0.93,fg_share=1.00"
svo_airport_small_17_79156_40828,svo_airport_small,17,79156,40828,images/tiles/svo_airport_small_17_79156_40828.png,masks/tiles/svo_airport_small_17_79156_40828.png,1.0,"{""2"": 42910, ""3"": 21067, ""4"": 1559}",Overture Maps,17,EPSG:4326,"max_class_share=0.65,fg_share=1.00"
svo_airport_small_17_79157_40828,svo_airport_small,17,79157,40828,images/tiles/svo_airport_small_17_79157_40828.png,masks/tiles/svo_airport_small_17_79157_40828.png,1.0,"{""2"": 57572, ""3"": 2707, ""4"": 5257}",Overture Maps,17,EPSG:4326,"max_class_share=0.88,fg_share=1.00"
svo_airport_small_17_79158_40828,svo_airport_small,17,79158,40828,images/tiles/svo_airport_small_17_79158_40828.png,masks/tiles/svo_airport_small_17_79158_40828.png,1.0,"{""2"": 53774, ""3"": 8730, ""4"": 3032}",Overture Maps,17,EPSG:4326,"max_class_share=0.82,fg_share=1.00"
svo_airport_small_17_79159_40828,svo_airport_small,17,79159,40828,images/tiles/svo_airport_small_17_79159_40828.png,masks/tiles/svo_airport_small_17_79159_40828.png,1.0,"{""2"": 39260, ""3"": 21571, ""4"": 4705}",Overture Maps,17,EPSG:4326,"max_class_share=0.60,fg_share=1.00"
svo_airport_small_17_79161_40828,svo_airport_small,17,79161,40828,images/tiles/svo_airport_small_17_79161_40828.png,masks/tiles/svo_airport_small_17_79161_40828.png,1.0,"{""2"": 61196, ""4"": 4340}",Overture Maps,17,EPSG:4326,"max_class_share=0.93,fg_share=1.00"
svo_airport_small_17_79172_40828,svo_airport_small,17,79172,40828,images/tiles/svo_airport_small_17_79172_40828.png,masks/tiles/svo_airport_small_17_79172_40828.png,1.0,"{""2"": 55712, ""4"": 9824}",Overture Maps,17,EPSG:4326,"max_class_share=0.85,fg_share=1.00"
svo_airport_small_17_79149_40829,svo_airport_small,17,79149,40829,images/tiles/svo_airport_small_17_79149_40829.png,masks/tiles/svo_airport_small_17_79149_40829.png,1.0,"{""2"": 43076, ""3"": 17079, ""4"": 5381}",Overture Maps,17,EPSG:4326,"max_class_share=0.66,fg_share=1.00"
svo_airport_small_17_79150_40829,svo_airport_small,17,79150,40829,images/tiles/svo_airport_small_17_79150_40829.png,masks/tiles/svo_airport_small_17_79150_40829.png,1.0,"{""2"": 39862, ""3"": 23286, ""4"": 2388}",Overture Maps,17,EPSG:4326,"max_class_share=0.61,fg_share=1.00"
svo_airport_small_17_79151_40829,svo_airport_small,17,79151,40829,images/tiles/svo_airport_small_17_79151_40829.png,masks/tiles/svo_airport_small_17_79151_40829.png,1.0,"{""2"": 53147, ""3"": 12153, ""4"": 236}",Overture Maps,17,EPSG:4326,"max_class_share=0.81,fg_share=1.00"
svo_airport_small_17_79152_40829,svo_airport_small,17,79152,40829,images/tiles/svo_airport_small_17_79152_40829.png,masks/tiles/svo_airport_small_17_79152_40829.png,1.0,"{""2"": 61187, ""3"": 60, ""4"": 4289}",Overture Maps,17,EPSG:4326,"max_class_share=0.93,fg_share=1.00"
svo_airport_small_17_79153_40829,svo_airport_small,17,79153,40829,images/tiles/svo_airport_small_17_79153_40829.png,masks/tiles/svo_airport_small_17_79153_40829.png,1.0,"{""2"": 61312, ""4"": 4224}",Overture Maps,17,EPSG:4326,"max_class_share=0.94,fg_share=1.00"
svo_airport_small_17_79154_40829,svo_airport_small,17,79154,40829,images/tiles/svo_airport_small_17_79154_40829.png,masks/tiles/svo_airport_small_17_79154_40829.png,1.0,"{""2"": 60802, ""4"": 4734}",Overture Maps,17,EPSG:4326,"max_class_share=0.93,fg_share=1.00"
svo_airport_small_17_79156_40829,svo_airport_small,17,79156,40829,images/tiles/svo_airport_small_17_79156_40829.png,masks/tiles/svo_airport_small_17_79156_40829.png,1.0,"{""2"": 55628, ""3"": 6840, ""4"": 3068}",Overture Maps,17,EPSG:4326,"max_class_share=0.85,fg_share=1.00"
svo_airport_small_17_79157_40829,svo_airport_small,17,79157,40829,images/tiles/svo_airport_small_17_79157_40829.png,masks/tiles/svo_airport_small_17_79157_40829.png,1.0,"{""2"": 46872, ""3"": 13317, ""4"": 5347}",Overture Maps,17,EPSG:4326,"max_class_share=0.72,fg_share=1.00"
svo_airport_small_17_79158_40829,svo_airport_small,17,79158,40829,images/tiles/svo_airport_small_17_79158_40829.png,masks/tiles/svo_airport_small_17_79158_40829.png,1.0,"{""2"": 62097, ""4"": 3439}",Overture Maps,17,EPSG:4326,"max_class_share=0.95,fg_share=1.00"
svo_airport_small_17_79159_40829,svo_airport_small,17,79159,40829,images/tiles/svo_airport_small_17_79159_40829.png,masks/tiles/svo_airport_small_17_79159_40829.png,1.0,"{""2"": 60507, ""3"": 2700, ""4"": 2329}",Overture Maps,17,EPSG:4326,"max_class_share=0.92,fg_share=1.00"
svo_airport_small_17_79172_40829,svo_airport_small,17,79172,40829,images/tiles/svo_airport_small_17_79172_40829.png,masks/tiles/svo_airport_small_17_79172_40829.png,1.0,"{""2"": 56052, ""3"": 143, ""4"": 9341}",Overture Maps,17,EPSG:4326,"max_class_share=0.86,fg_share=1.00"
svo_airport_small_17_79149_40830,svo_airport_small,17,79149,40830,images/tiles/svo_airport_small_17_79149_40830.png,masks/tiles/svo_airport_small_17_79149_40830.png,1.0,"{""2"": 39680, ""3"": 23342, ""4"": 2514}",Overture Maps,17,EPSG:4326,"max_class_share=0.61,fg_share=1.00"
svo_airport_small_17_79150_40830,svo_airport_small,17,79150,40830,images/tiles/svo_airport_small_17_79150_40830.png,masks/tiles/svo_airport_small_17_79150_40830.png,1.0,"{""2"": 43622, ""3"": 18757, ""4"": 3157}",Overture Maps,17,EPSG:4326,"max_class_share=0.67,fg_share=1.00"
svo_airport_small_17_79151_40830,svo_airport_small,17,79151,40830,images/tiles/svo_airport_small_17_79151_40830.png,masks/tiles/svo_airport_small_17_79151_40830.png,1.0,"{""2"": 57804, ""3"": 1168, ""4"": 6564}",Overture Maps,17,EPSG:4326,"max_class_share=0.88,fg_share=1.00"
svo_airport_small_17_79152_40830,svo_airport_small,17,79152,40830,images/tiles/svo_airport_small_17_79152_40830.png,masks/tiles/svo_airport_small_17_79152_40830.png,1.0,"{""2"": 61425, ""3"": 1724, ""4"": 2387}",Overture Maps,17,EPSG:4326,"max_class_share=0.94,fg_share=1.00"
svo_airport_small_17_79153_40830,svo_airport_small,17,79153,40830,images/tiles/svo_airport_small_17_79153_40830.png,masks/tiles/svo_airport_small_17_79153_40830.png,1.0,"{""2"": 61479, ""4"": 4057}",Overture Maps,17,EPSG:4326,"max_class_share=0.94,fg_share=1.00"
svo_airport_small_17_79154_40830,svo_airport_small,17,79154,40830,images/tiles/svo_airport_small_17_79154_40830.png,masks/tiles/svo_airport_small_17_79154_40830.png,1.0,"{""2"": 62237, ""4"": 3299}",Overture Maps,17,EPSG:4326,"max_class_share=0.95,fg_share=1.00"
svo_airport_small_17_79172_40830,svo_airport_small,17,79172,40830,images/tiles/svo_airport_small_17_79172_40830.png,masks/tiles/svo_airport_small_17_79172_40830.png,1.0,"{""2"": 55907, ""3"": 89, ""4"": 9540}",Overture Maps,17,EPSG:4326,"max_class_share=0.85,fg_share=1.00"
svo_airport_small_17_79149_40831,svo_airport_small,17,79149,40831,images/tiles/svo_airport_small_17_79149_40831.png,masks/tiles/svo_airport_small_17_79149_40831.png,1.0,"{""2"": 60381, ""3"": 394, ""4"": 4761}",Overture Maps,17,EPSG:4326,"max_class_share=0.92,fg_share=1.00"
svo_airport_small_17_79150_40831,svo_airport_small,17,79150,40831,images/tiles/svo_airport_small_17_79150_40831.png,masks/tiles/svo_airport_small_17_79150_40831.png,1.0,"{""2"": 61105, ""4"": 4431}",Overture Maps,17,EPSG:4326,"max_class_share=0.93,fg_share=1.00"
svo_airport_small_17_79151_40831,svo_airport_small,17,79151,40831,images/tiles/svo_airport_small_17_79151_40831.png,masks/tiles/svo_airport_small_17_79151_40831.png,1.0,"{""2"": 61404, ""4"": 4132}",Overture Maps,17,EPSG:4326,"max_class_share=0.94,fg_share=1.00"
svo_airport_small_17_79171_40831,svo_airport_small,17,79171,40831,images/tiles/svo_airport_small_17_79171_40831.png,masks/tiles/svo_airport_small_17_79171_40831.png,1.0,"{""2"": 61879, ""3"": 114, ""4"": 3543}",Overture Maps,17,EPSG:4326,"max_class_share=0.94,fg_share=1.00"
svo_airport_small_17_79172_40831,svo_airport_small,17,79172,40831,images/tiles/svo_airport_small_17_79172_40831.png,masks/tiles/svo_airport_small_17_79172_40831.png,1.0,"{""1"": 1283, ""2"": 56247, ""4"": 8006}",Overture Maps,17,EPSG:4326,"max_class_share=0.86,fg_share=1.00"
svo_airport_small_17_79173_40831,svo_airport_small,17,79173,40831,images/tiles/svo_airport_small_17_79173_40831.png,masks/tiles/svo_airport_small_17_79173_40831.png,1.0,"{""1"": 261, ""2"": 56852, ""3"": 7663, ""4"": 760}",Overture Maps,17,EPSG:4326,"max_class_share=0.87,fg_share=1.00"
svo_airport_small_17_79174_40831,svo_airport_small,17,79174,40831,images/tiles/svo_airport_small_17_79174_40831.png,masks/tiles/svo_airport_small_17_79174_40831.png,1.0,"{""2"": 45072, ""3"": 19718, ""4"": 746}",Overture Maps,17,EPSG:4326,"max_class_share=0.69,fg_share=1.00"
svo_airport_small_17_79170_40832,svo_airport_small,17,79170,40832,images/tiles/svo_airport_small_17_79170_40832.png,masks/tiles/svo_airport_small_17_79170_40832.png,1.0,"{""2"": 61433, ""4"": 4103}",Overture Maps,17,EPSG:4326,"max_class_share=0.94,fg_share=1.00"
svo_airport_small_17_79171_40832,svo_airport_small,17,79171,40832,images/tiles/svo_airport_small_17_79171_40832.png,masks/tiles/svo_airport_small_17_79171_40832.png,1.0,"{""2"": 54766, ""3"": 688, ""4"": 10082}",Overture Maps,17,EPSG:4326,"max_class_share=0.84,fg_share=1.00"
svo_airport_small_17_79172_40832,svo_airport_small,17,79172,40832,images/tiles/svo_airport_small_17_79172_40832.png,masks/tiles/svo_airport_small_17_79172_40832.png,1.0,"{""1"": 13298, ""2"": 45472, ""4"": 6766}",Overture Maps,17,EPSG:4326,"max_class_share=0.69,fg_share=1.00"
svo_airport_small_17_79173_40832,svo_airport_small,17,79173,40832,images/tiles/svo_airport_small_17_79173_40832.png,masks/tiles/svo_airport_small_17_79173_40832.png,1.0,"{""1"": 52, ""2"": 43825, ""3"": 15139, ""4"": 6520}",Overture Maps,17,EPSG:4326,"max_class_share=0.67,fg_share=1.00"
svo_airport_small_17_79174_40832,svo_airport_small,17,79174,40832,images/tiles/svo_airport_small_17_79174_40832.png,masks/tiles/svo_airport_small_17_79174_40832.png,1.0,"{""2"": 47671, ""3"": 11683, ""4"": 6182}",Overture Maps,17,EPSG:4326,"max_class_share=0.73,fg_share=1.00"
svo_airport_small_17_79167_40833,svo_airport_small,17,79167,40833,images/tiles/svo_airport_small_17_79167_40833.png,masks/tiles/svo_airport_small_17_79167_40833.png,1.0,"{""2"": 52304, ""3"": 6781, ""4"": 6451}",Overture Maps,17,EPSG:4326,"max_class_share=0.80,fg_share=1.00"
svo_airport_small_17_79168_40833,svo_airport_small,17,79168,40833,images/tiles/svo_airport_small_17_79168_40833.png,masks/tiles/svo_airport_small_17_79168_40833.png,1.0,"{""2"": 44722, ""3"": 13372, ""4"": 7442}",Overture Maps,17,EPSG:4326,"max_class_share=0.68,fg_share=1.00"
svo_airport_small_17_79169_40833,svo_airport_small,17,79169,40833,images/tiles/svo_airport_small_17_79169_40833.png,masks/tiles/svo_airport_small_17_79169_40833.png,1.0,"{""2"": 59601, ""3"": 118, ""4"": 5817}",Overture Maps,17,EPSG:4326,"max_class_share=0.91,fg_share=1.00"
svo_airport_small_17_79170_40833,svo_airport_small,17,79170,40833,images/tiles/svo_airport_small_17_79170_40833.png,masks/tiles/svo_airport_small_17_79170_40833.png,1.0,"{""2"": 46369, ""3"": 6138, ""4"": 13029}",Overture Maps,17,EPSG:4326,"max_class_share=0.71,fg_share=1.00"
svo_airport_small_17_79171_40833,svo_airport_small,17,79171,40833,images/tiles/svo_airport_small_17_79171_40833.png,masks/tiles/svo_airport_small_17_79171_40833.png,1.0,"{""2"": 37436, ""3"": 16154, ""4"": 11946}",Overture Maps,17,EPSG:4326,"max_class_share=0.57,fg_share=1.00"
svo_airport_small_17_79172_40833,svo_airport_small,17,79172,40833,images/tiles/svo_airport_small_17_79172_40833.png,masks/tiles/svo_airport_small_17_79172_40833.png,1.0,"{""2"": 48127, ""3"": 4039, ""4"": 13370}",Overture Maps,17,EPSG:4326,"max_class_share=0.73,fg_share=1.00"
svo_airport_small_17_79173_40833,svo_airport_small,17,79173,40833,images/tiles/svo_airport_small_17_79173_40833.png,masks/tiles/svo_airport_small_17_79173_40833.png,1.0,"{""1"": 256, ""2"": 46702, ""3"": 17355, ""4"": 1223}",Overture Maps,17,EPSG:4326,"max_class_share=0.71,fg_share=1.00"
svo_airport_small_17_79174_40833,svo_airport_small,17,79174,40833,images/tiles/svo_airport_small_17_79174_40833.png,masks/tiles/svo_airport_small_17_79174_40833.png,1.0,"{""2"": 32929, ""3"": 30361, ""4"": 2246}",Overture Maps,17,EPSG:4326,"max_class_share=0.50,fg_share=1.00"
svo_airport_small_17_79162_40834,svo_airport_small,17,79162,40834,images/tiles/svo_airport_small_17_79162_40834.png,masks/tiles/svo_airport_small_17_79162_40834.png,1.0,"{""2"": 59662, ""4"": 5874}",Overture Maps,17,EPSG:4326,"max_class_share=0.91,fg_share=1.00"
svo_airport_small_17_79163_40834,svo_airport_small,17,79163,40834,images/tiles/svo_airport_small_17_79163_40834.png,masks/tiles/svo_airport_small_17_79163_40834.png,1.0,"{""2"": 58881, ""3"": 2214, ""4"": 4441}",Overture Maps,17,EPSG:4326,"max_class_share=0.90,fg_share=1.00"
svo_airport_small_17_79164_40834,svo_airport_small,17,79164,40834,images/tiles/svo_airport_small_17_79164_40834.png,masks/tiles/svo_airport_small_17_79164_40834.png,1.0,"{""2"": 57989, ""3"": 3119, ""4"": 4428}",Overture Maps,17,EPSG:4326,"max_class_share=0.88,fg_share=1.00"
svo_airport_small_17_79165_40834,svo_airport_small,17,79165,40834,images/tiles/svo_airport_small_17_79165_40834.png,masks/tiles/svo_airport_small_17_79165_40834.png,1.0,"{""2"": 39258, ""3"": 22243, ""4"": 4035}",Overture Maps,17,EPSG:4326,"max_class_share=0.60,fg_share=1.00"
svo_airport_small_17_79166_40834,svo_airport_small,17,79166,40834,images/tiles/svo_airport_small_17_79166_40834.png,masks/tiles/svo_airport_small_17_79166_40834.png,1.0,"{""2"": 26723, ""3"": 34083, ""4"": 4730}",Overture Maps,17,EPSG:4326,"max_class_share=0.52,fg_share=1.00"
svo_airport_small_17_79167_40834,svo_airport_small,17,79167,40834,images/tiles/svo_airport_small_17_79167_40834.png,masks/tiles/svo_airport_small_17_79167_40834.png,1.0,"{""2"": 43443, ""3"": 13966, ""4"": 8127}",Overture Maps,17,EPSG:4326,"max_class_share=0.66,fg_share=1.00"
svo_airport_small_17_79168_40834,svo_airport_small,17,79168,40834,images/tiles/svo_airport_small_17_79168_40834.png,masks/tiles/svo_airport_small_17_79168_40834.png,1.0,"{""2"": 41627, ""3"": 10466, ""4"": 13443}",Overture Maps,17,EPSG:4326,"max_class_share=0.64,fg_share=1.00"
svo_airport_small_17_79169_40834,svo_airport_small,17,79169,40834,images/tiles/svo_airport_small_17_79169_40834.png,masks/tiles/svo_airport_small_17_79169_40834.png,1.0,"{""2"": 50891, ""3"": 1572, ""4"": 13073}",Overture Maps,17,EPSG:4326,"max_class_share=0.78,fg_share=1.00"
svo_airport_small_17_79170_40834,svo_airport_small,17,79170,40834,images/tiles/svo_airport_small_17_79170_40834.png,masks/tiles/svo_airport_small_17_79170_40834.png,1.0,"{""2"": 26601, ""3"": 29698, ""4"": 9237}",Overture Maps,17,EPSG:4326,"max_class_share=0.45,fg_share=1.00"
svo_airport_small_17_79171_40834,svo_airport_small,17,79171,40834,images/tiles/svo_airport_small_17_79171_40834.png,masks/tiles/svo_airport_small_17_79171_40834.png,1.0,"{""2"": 33253, ""3"": 27876, ""4"": 4407}",Overture Maps,17,EPSG:4326,"max_class_share=0.51,fg_share=1.00"
svo_airport_small_17_79172_40834,svo_airport_small,17,79172,40834,images/tiles/svo_airport_small_17_79172_40834.png,masks/tiles/svo_airport_small_17_79172_40834.png,1.0,"{""2"": 46664, ""3"": 14960, ""4"": 3912}",Overture Maps,17,EPSG:4326,"max_class_share=0.71,fg_share=1.00"
svo_airport_small_17_79173_40834,svo_airport_small,17,79173,40834,images/tiles/svo_airport_small_17_79173_40834.png,masks/tiles/svo_airport_small_17_79173_40834.png,1.0,"{""1"": 109, ""2"": 46234, ""3"": 18366, ""4"": 827}",Overture Maps,17,EPSG:4326,"max_class_share=0.71,fg_share=1.00"
svo_airport_small_17_79159_40835,svo_airport_small,17,79159,40835,images/tiles/svo_airport_small_17_79159_40835.png,masks/tiles/svo_airport_small_17_79159_40835.png,1.0,"{""2"": 62134, ""4"": 3402}",Overture Maps,17,EPSG:4326,"max_class_share=0.95,fg_share=1.00"
svo_airport_small_17_79160_40835,svo_airport_small,17,79160,40835,images/tiles/svo_airport_small_17_79160_40835.png,masks/tiles/svo_airport_small_17_79160_40835.png,1.0,"{""2"": 61522, ""4"": 4014}",Overture Maps,17,EPSG:4326,"max_class_share=0.94,fg_share=1.00"
svo_airport_small_17_79161_40835,svo_airport_small,17,79161,40835,images/tiles/svo_airport_small_17_79161_40835.png,masks/tiles/svo_airport_small_17_79161_40835.png,1.0,"{""2"": 51938, ""3"": 10131, ""4"": 3467}",Overture Maps,17,EPSG:4326,"max_class_share=0.79,fg_share=1.00"
svo_airport_small_17_79162_40835,svo_airport_small,17,79162,40835,images/tiles/svo_airport_small_17_79162_40835.png,masks/tiles/svo_airport_small_17_79162_40835.png,1.0,"{""2"": 46045, ""3"": 12847, ""4"": 6644}",Overture Maps,17,EPSG:4326,"max_class_share=0.70,fg_share=1.00"
svo_airport_small_17_79163_40835,svo_airport_small,17,79163,40835,images/tiles/svo_airport_small_17_79163_40835.png,masks/tiles/svo_airport_small_17_79163_40835.png,1.0,"{""1"": 203, ""2"": 49320, ""3"": 12925, ""4"": 3088}",Overture Maps,17,EPSG:4326,"max_class_share=0.75,fg_share=1.00"
svo_airport_small_17_79164_40835,svo_airport_small,17,79164,40835,images/tiles/svo_airport_small_17_79164_40835.png,masks/tiles/svo_airport_small_17_79164_40835.png,1.0,"{""1"": 2481, ""2"": 49033, ""3"": 9700, ""4"": 4322}",Overture Maps,17,EPSG:4326,"max_class_share=0.75,fg_share=1.00"
svo_airport_small_17_79165_40835,svo_airport_small,17,79165,40835,images/tiles/svo_airport_small_17_79165_40835.png,masks/tiles/svo_airport_small_17_79165_40835.png,1.0,"{""2"": 38820, ""3"": 22489, ""4"": 4227}",Overture Maps,17,EPSG:4326,"max_class_share=0.59,fg_share=1.00"
svo_airport_small_17_79166_40835,svo_airport_small,17,79166,40835,images/tiles/svo_airport_small_17_79166_40835.png,masks/tiles/svo_airport_small_17_79166_40835.png,1.0,"{""2"": 40760, ""3"": 16639, ""4"": 8137}",Overture Maps,17,EPSG:4326,"max_class_share=0.62,fg_share=1.00"
svo_airport_small_17_79167_40835,svo_airport_small,17,79167,40835,images/tiles/svo_airport_small_17_79167_40835.png,masks/tiles/svo_airport_small_17_79167_40835.png,1.0,"{""2"": 50981, ""3"": 2485, ""4"": 12070}",Overture Maps,17,EPSG:4326,"max_class_share=0.78,fg_share=1.00"
svo_airport_small_17_79168_40835,svo_airport_small,17,79168,40835,images/tiles/svo_airport_small_17_79168_40835.png,masks/tiles/svo_airport_small_17_79168_40835.png,1.0,"{""2"": 52081, ""3"": 10091, ""4"": 3364}",Overture Maps,17,EPSG:4326,"max_class_share=0.79,fg_share=1.00"
svo_airport_small_17_79169_40835,svo_airport_small,17,79169,40835,images/tiles/svo_airport_small_17_79169_40835.png,masks/tiles/svo_airport_small_17_79169_40835.png,1.0,"{""2"": 47247, ""3"": 12409, ""4"": 5880}",Overture Maps,17,EPSG:4326,"max_class_share=0.72,fg_share=1.00"
svo_airport_small_17_79170_40835,svo_airport_small,17,79170,40835,images/tiles/svo_airport_small_17_79170_40835.png,masks/tiles/svo_airport_small_17_79170_40835.png,1.0,"{""2"": 36747, ""3"": 24048, ""4"": 4741}",Overture Maps,17,EPSG:4326,"max_class_share=0.56,fg_share=1.00"
svo_airport_small_17_79171_40835,svo_airport_small,17,79171,40835,images/tiles/svo_airport_small_17_79171_40835.png,masks/tiles/svo_airport_small_17_79171_40835.png,1.0,"{""2"": 34661, ""3"": 27806, ""4"": 3069}",Overture Maps,17,EPSG:4326,"max_class_share=0.53,fg_share=1.00"
svo_airport_small_17_79172_40835,svo_airport_small,17,79172,40835,images/tiles/svo_airport_small_17_79172_40835.png,masks/tiles/svo_airport_small_17_79172_40835.png,1.0,"{""2"": 48715, ""3"": 16007, ""4"": 814}",Overture Maps,17,EPSG:4326,"max_class_share=0.74,fg_share=1.00"
svo_airport_small_17_79173_40835,svo_airport_small,17,79173,40835,images/tiles/svo_airport_small_17_79173_40835.png,masks/tiles/svo_airport_small_17_79173_40835.png,1.0,"{""2"": 55851, ""3"": 8158, ""4"": 1527}",Overture Maps,17,EPSG:4326,"max_class_share=0.85,fg_share=1.00"
svo_airport_small_17_79174_40835,svo_airport_small,17,79174,40835,images/tiles/svo_airport_small_17_79174_40835.png,masks/tiles/svo_airport_small_17_79174_40835.png,1.0,"{""2"": 45411, ""3"": 17346, ""4"": 2779}",Overture Maps,17,EPSG:4326,"max_class_share=0.69,fg_share=1.00"
svo_airport_small_17_79156_40836,svo_airport_small,17,79156,40836,images/tiles/svo_airport_small_17_79156_40836.png,masks/tiles/svo_airport_small_17_79156_40836.png,1.0,"{""2"": 60270, ""4"": 5266}",Overture Maps,17,EPSG:4326,"max_class_share=0.92,fg_share=1.00"
svo_airport_small_17_79157_40836,svo_airport_small,17,79157,40836,images/tiles/svo_airport_small_17_79157_40836.png,masks/tiles/svo_airport_small_17_79157_40836.png,1.0,"{""2"": 56642, ""3"": 4459, ""4"": 4435}",Overture Maps,17,EPSG:4326,"max_class_share=0.86,fg_share=1.00"
svo_airport_small_17_79158_40836,svo_airport_small,17,79158,40836,images/tiles/svo_airport_small_17_79158_40836.png,masks/tiles/svo_airport_small_17_79158_40836.png,1.0,"{""2"": 21603, ""3"": 37946, ""4"": 5987}",Overture Maps,17,EPSG:4326,"max_class_share=0.58,fg_share=1.00"
svo_airport_small_17_79159_40836,svo_airport_small,17,79159,40836,images/tiles/svo_airport_small_17_79159_40836.png,masks/tiles/svo_airport_small_17_79159_40836.png,1.0,"{""2"": 41203, ""3"": 22611, ""4"": 1722}",Overture Maps,17,EPSG:4326,"max_class_share=0.63,fg_share=1.00"
svo_airport_small_17_79161_40836,svo_airport_small,17,79161,40836,images/tiles/svo_airport_small_17_79161_40836.png,masks/tiles/svo_airport_small_17_79161_40836.png,1.0,"{""2"": 50048, ""3"": 10477, ""4"": 5011}",Overture Maps,17,EPSG:4326,"max_class_share=0.76,fg_share=1.00"
svo_airport_small_17_79162_40836,svo_airport_small,17,79162,40836,images/tiles/svo_airport_small_17_79162_40836.png,masks/tiles/svo_airport_small_17_79162_40836.png,1.0,"{""2"": 51550, ""3"": 9993, ""4"": 3993}",Overture Maps,17,EPSG:4326,"max_class_share=0.79,fg_share=1.00"
svo_airport_small_17_79163_40836,svo_airport_small,17,79163,40836,images/tiles/svo_airport_small_17_79163_40836.png,masks/tiles/svo_airport_small_17_79163_40836.png,1.0,"{""2"": 46779, ""3"": 12467, ""4"": 6290}",Overture Maps,17,EPSG:4326,"max_class_share=0.71,fg_share=1.00"
svo_airport_small_17_79164_40836,svo_airport_small,17,79164,40836,images/tiles/svo_airport_small_17_79164_40836.png,masks/tiles/svo_airport_small_17_79164_40836.png,1.0,"{""1"": 6914, ""2"": 50352, ""3"": 4444, ""4"": 3826}",Overture Maps,17,EPSG:4326,"max_class_share=0.77,fg_share=1.00"
svo_airport_small_17_79165_40836,svo_airport_small,17,79165,40836,images/tiles/svo_airport_small_17_79165_40836.png,masks/tiles/svo_airport_small_17_79165_40836.png,1.0,"{""1"": 11582, ""2"": 40468, ""3"": 4216, ""4"": 9270}",Overture Maps,17,EPSG:4326,"max_class_share=0.62,fg_share=1.00"
svo_airport_small_17_79166_40836,svo_airport_small,17,79166,40836,images/tiles/svo_airport_small_17_79166_40836.png,masks/tiles/svo_airport_small_17_79166_40836.png,1.0,"{""2"": 47938, ""3"": 464, ""4"": 17134}",Overture Maps,17,EPSG:4326,"max_class_share=0.73,fg_share=1.00"
svo_airport_small_17_79167_40836,svo_airport_small,17,79167,40836,images/tiles/svo_airport_small_17_79167_40836.png,masks/tiles/svo_airport_small_17_79167_40836.png,1.0,"{""2"": 54394, ""3"": 5368, ""4"": 5774}",Overture Maps,17,EPSG:4326,"max_class_share=0.83,fg_share=1.00"
svo_airport_small_17_79168_40836,svo_airport_small,17,79168,40836,images/tiles/svo_airport_small_17_79168_40836.png,masks/tiles/svo_airport_small_17_79168_40836.png,1.0,"{""2"": 46404, ""3"": 14447, ""4"": 4685}",Overture Maps,17,EPSG:4326,"max_class_share=0.71,fg_share=1.00"
svo_airport_small_17_79169_40836,svo_airport_small,17,79169,40836,images/tiles/svo_airport_small_17_79169_40836.png,masks/tiles/svo_airport_small_17_79169_40836.png,1.0,"{""2"": 55339, ""3"": 4424, ""4"": 5773}",Overture Maps,17,EPSG:4326,"max_class_share=0.84,fg_share=1.00"
svo_airport_small_17_79170_40836,svo_airport_small,17,79170,40836,images/tiles/svo_airport_small_17_79170_40836.png,masks/tiles/svo_airport_small_17_79170_40836.png,1.0,"{""2"": 43924, ""3"": 16407, ""4"": 5205}",Overture Maps,17,EPSG:4326,"max_class_share=0.67,fg_share=1.00"
svo_airport_small_17_79171_40836,svo_airport_small,17,79171,40836,images/tiles/svo_airport_small_17_79171_40836.png,masks/tiles/svo_airport_small_17_79171_40836.png,1.0,"{""1"": 100, ""2"": 46955, ""3"": 13045, ""4"": 5436}",Overture Maps,17,EPSG:4326,"max_class_share=0.72,fg_share=1.00"
svo_airport_small_17_79173_40836,svo_airport_small,17,79173,40836,images/tiles/svo_airport_small_17_79173_40836.png,masks/tiles/svo_airport_small_17_79173_40836.png,1.0,"{""2"": 47884, ""3"": 9344, ""4"": 8308}",Overture Maps,17,EPSG:4326,"max_class_share=0.73,fg_share=1.00"
svo_airport_small_17_79174_40836,svo_airport_small,17,79174,40836,images/tiles/svo_airport_small_17_79174_40836.png,masks/tiles/svo_airport_small_17_79174_40836.png,1.0,"{""2"": 52793, ""3"": 9622, ""4"": 3121}",Overture Maps,17,EPSG:4326,"max_class_share=0.81,fg_share=1.00"
svo_airport_small_17_79151_40837,svo_airport_small,17,79151,40837,images/tiles/svo_airport_small_17_79151_40837.png,masks/tiles/svo_airport_small_17_79151_40837.png,1.0,"{""2"": 56953, ""3"": 3933, ""4"": 4650}",Overture Maps,17,EPSG:4326,"max_class_share=0.87,fg_share=1.00"
svo_airport_small_17_79152_40837,svo_airport_small,17,79152,40837,images/tiles/svo_airport_small_17_79152_40837.png,masks/tiles/svo_airport_small_17_79152_40837.png,1.0,"{""2"": 61274, ""4"": 4262}",Overture Maps,17,EPSG:4326,"max_class_share=0.93,fg_share=1.00"
svo_airport_small_17_79153_40837,svo_airport_small,17,79153,40837,images/tiles/svo_airport_small_17_79153_40837.png,masks/tiles/svo_airport_small_17_79153_40837.png,1.0,"{""2"": 61597, ""4"": 3939}",Overture Maps,17,EPSG:4326,"max_class_share=0.94,fg_share=1.00"
svo_airport_small_17_79154_40837,svo_airport_small,17,79154,40837,images/tiles/svo_airport_small_17_79154_40837.png,masks/tiles/svo_airport_small_17_79154_40837.png,1.0,"{""2"": 48852, ""3"": 12755, ""4"": 3929}",Overture Maps,17,EPSG:4326,"max_class_share=0.75,fg_share=1.00"
svo_airport_small_17_79156_40837,svo_airport_small,17,79156,40837,images/tiles/svo_airport_small_17_79156_40837.png,masks/tiles/svo_airport_small_17_79156_40837.png,1.0,"{""2"": 59616, ""3"": 197, ""4"": 5723}",Overture Maps,17,EPSG:4326,"max_class_share=0.91,fg_share=1.00"
svo_airport_small_17_79157_40837,svo_airport_small,17,79157,40837,images/tiles/svo_airport_small_17_79157_40837.png,masks/tiles/svo_airport_small_17_79157_40837.png,1.0,"{""2"": 47630, ""3"": 14872, ""4"": 3034}",Overture Maps,17,EPSG:4326,"max_class_share=0.73,fg_share=1.00"
svo_airport_small_17_79158_40837,svo_airport_small,17,79158,40837,images/tiles/svo_airport_small_17_79158_40837.png,masks/tiles/svo_airport_small_17_79158_40837.png,1.0,"{""2"": 28858, ""3"": 20319, ""4"": 16359}",Overture Maps,17,EPSG:4326,"max_class_share=0.44,fg_share=1.00"
svo_airport_small_17_79159_40837,svo_airport_small,17,79159,40837,images/tiles/svo_airport_small_17_79159_40837.png,masks/tiles/svo_airport_small_17_79159_40837.png,1.0,"{""2"": 53593, ""3"": 280, ""4"": 11663}",Overture Maps,17,EPSG:4326,"max_class_share=0.82,fg_share=1.00"
svo_airport_small_17_79161_40837,svo_airport_small,17,79161,40837,images/tiles/svo_airport_small_17_79161_40837.png,masks/tiles/svo_airport_small_17_79161_40837.png,1.0,"{""2"": 52338, ""3"": 4087, ""4"": 9111}",Overture Maps,17,EPSG:4326,"max_class_share=0.80,fg_share=1.00"
svo_airport_small_17_79162_40837,svo_airport_small,17,79162,40837,images/tiles/svo_airport_small_17_79162_40837.png,masks/tiles/svo_airport_small_17_79162_40837.png,1.0,"{""2"": 54544, ""3"": 1003, ""4"": 9989}",Overture Maps,17,EPSG:4326,"max_class_share=0.83,fg_share=1.00"
svo_airport_small_17_79163_40837,svo_airport_small,17,79163,40837,images/tiles/svo_airport_small_17_79163_40837.png,masks/tiles/svo_airport_small_17_79163_40837.png,1.0,"{""2"": 42926, ""3"": 9829, ""4"": 12781}",Overture Maps,17,EPSG:4326,"max_class_share=0.65,fg_share=1.00"
svo_airport_small_17_79164_40837,svo_airport_small,17,79164,40837,images/tiles/svo_airport_small_17_79164_40837.png,masks/tiles/svo_airport_small_17_79164_40837.png,1.0,"{""2"": 44147, ""3"": 7412, ""4"": 13977}",Overture Maps,17,EPSG:4326,"max_class_share=0.67,fg_share=1.00"
svo_airport_small_17_79165_40837,svo_airport_small,17,79165,40837,images/tiles/svo_airport_small_17_79165_40837.png,masks/tiles/svo_airport_small_17_79165_40837.png,1.0,"{""2"": 30717, ""3"": 27587, ""4"": 7232}",Overture Maps,17,EPSG:4326,"max_class_share=0.47,fg_share=1.00"
svo_airport_small_17_79166_40837,svo_airport_small,17,79166,40837,images/tiles/svo_airport_small_17_79166_40837.png,masks/tiles/svo_airport_small_17_79166_40837.png,1.0,"{""1"": 182, ""2"": 60318, ""3"": 4571, ""4"": 465}",Overture Maps,17,EPSG:4326,"max_class_share=0.92,fg_share=1.00"
svo_airport_small_17_79167_40837,svo_airport_small,17,79167,40837,images/tiles/svo_airport_small_17_79167_40837.png,masks/tiles/svo_airport_small_17_79167_40837.png,1.0,"{""2"": 58324, ""3"": 1775, ""4"": 5437}",Overture Maps,17,EPSG:4326,"max_class_share=0.89,fg_share=1.00"
svo_airport_small_17_79168_40837,svo_airport_small,17,79168,40837,images/tiles/svo_airport_small_17_79168_40837.png,masks/tiles/svo_airport_small_17_79168_40837.png,1.0,"{""2"": 51017, ""3"": 11738, ""4"": 2781}",Overture Maps,17,EPSG:4326,"max_class_share=0.78,fg_share=1.00"
svo_airport_small_17_79169_40837,svo_airport_small,17,79169,40837,images/tiles/svo_airport_small_17_79169_40837.png,masks/tiles/svo_airport_small_17_79169_40837.png,1.0,"{""2"": 54494, ""3"": 7176, ""4"": 3866}",Overture Maps,17,EPSG:4326,"max_class_share=0.83,fg_share=1.00"
svo_airport_small_17_79170_40837,svo_airport_small,17,79170,40837,images/tiles/svo_airport_small_17_79170_40837.png,masks/tiles/svo_airport_small_17_79170_40837.png,1.0,"{""1"": 2064, ""2"": 44336, ""3"": 11990, ""4"": 7146}",Overture Maps,17,EPSG:4326,"max_class_share=0.68,fg_share=1.00"
svo_airport_small_17_79171_40837,svo_airport_small,17,79171,40837,images/tiles/svo_airport_small_17_79171_40837.png,masks/tiles/svo_airport_small_17_79171_40837.png,1.0,"{""1"": 8005, ""2"": 44152, ""3"": 9309, ""4"": 4070}",Overture Maps,17,EPSG:4326,"max_class_share=0.67,fg_share=1.00"
svo_airport_small_17_79172_40837,svo_airport_small,17,79172,40837,images/tiles/svo_airport_small_17_79172_40837.png,masks/tiles/svo_airport_small_17_79172_40837.png,1.0,"{""2"": 49454, ""3"": 10963, ""4"": 5119}",Overture Maps,17,EPSG:4326,"max_class_share=0.75,fg_share=1.00"
svo_airport_small_17_79173_40837,svo_airport_small,17,79173,40837,images/tiles/svo_airport_small_17_79173_40837.png,masks/tiles/svo_airport_small_17_79173_40837.png,1.0,"{""2"": 37732, ""3"": 25193, ""4"": 2611}",Overture Maps,17,EPSG:4326,"max_class_share=0.58,fg_share=1.00"
svo_airport_small_17_79174_40837,svo_airport_small,17,79174,40837,images/tiles/svo_airport_small_17_79174_40837.png,masks/tiles/svo_airport_small_17_79174_40837.png,1.0,"{""2"": 39456, ""3"": 22799, ""4"": 3281}",Overture Maps,17,EPSG:4326,"max_class_share=0.60,fg_share=1.00"
svo_airport_small_17_79151_40838,svo_airport_small,17,79151,40838,images/tiles/svo_airport_small_17_79151_40838.png,masks/tiles/svo_airport_small_17_79151_40838.png,1.0,"{""2"": 44672, ""3"": 17699, ""4"": 3165}",Overture Maps,17,EPSG:4326,"max_class_share=0.68,fg_share=1.00"
svo_airport_small_17_79152_40838,svo_airport_small,17,79152,40838,images/tiles/svo_airport_small_17_79152_40838.png,masks/tiles/svo_airport_small_17_79152_40838.png,1.0,"{""2"": 61134, ""4"": 4402}",Overture Maps,17,EPSG:4326,"max_class_share=0.93,fg_share=1.00"
svo_airport_small_17_79153_40838,svo_airport_small,17,79153,40838,images/tiles/svo_airport_small_17_79153_40838.png,masks/tiles/svo_airport_small_17_79153_40838.png,1.0,"{""2"": 61399, ""4"": 4137}",Overture Maps,17,EPSG:4326,"max_class_share=0.94,fg_share=1.00"
svo_airport_small_17_79154_40838,svo_airport_small,17,79154,40838,images/tiles/svo_airport_small_17_79154_40838.png,masks/tiles/svo_airport_small_17_79154_40838.png,1.0,"{""2"": 46850, ""3"": 15532, ""4"": 3154}",Overture Maps,17,EPSG:4326,"max_class_share=0.71,fg_share=1.00"
svo_airport_small_17_79155_40838,svo_airport_small,17,79155,40838,images/tiles/svo_airport_small_17_79155_40838.png,masks/tiles/svo_airport_small_17_79155_40838.png,1.0,"{""2"": 41435, ""3"": 21498, ""4"": 2603}",Overture Maps,17,EPSG:4326,"max_class_share=0.63,fg_share=1.00"
svo_airport_small_17_79156_40838,svo_airport_small,17,79156,40838,images/tiles/svo_airport_small_17_79156_40838.png,masks/tiles/svo_airport_small_17_79156_40838.png,1.0,"{""2"": 40712, ""3"": 20538, ""4"": 4286}",Overture Maps,17,EPSG:4326,"max_class_share=0.62,fg_share=1.00"
svo_airport_small_17_79157_40838,svo_airport_small,17,79157,40838,images/tiles/svo_airport_small_17_79157_40838.png,masks/tiles/svo_airport_small_17_79157_40838.png,1.0,"{""2"": 38187, ""3"": 24988, ""4"": 2361}",Overture Maps,17,EPSG:4326,"max_class_share=0.58,fg_share=1.00"
svo_airport_small_17_79158_40838,svo_airport_small,17,79158,40838,images/tiles/svo_airport_small_17_79158_40838.png,masks/tiles/svo_airport_small_17_79158_40838.png,1.0,"{""2"": 29532, ""3"": 20582, ""4"": 15422}",Overture Maps,17,EPSG:4326,"max_class_share=0.45,fg_share=1.00"
svo_airport_small_17_79159_40838,svo_airport_small,17,79159,40838,images/tiles/svo_airport_small_17_79159_40838.png,masks/tiles/svo_airport_small_17_79159_40838.png,1.0,"{""2"": 29570, ""3"": 17748, ""4"": 18218}",Overture Maps,17,EPSG:4326,"max_class_share=0.45,fg_share=1.00"
svo_airport_small_17_79160_40838,svo_airport_small,17,79160,40838,images/tiles/svo_airport_small_17_79160_40838.png,masks/tiles/svo_airport_small_17_79160_40838.png,1.0,"{""2"": 48224, ""3"": 2797, ""4"": 14515}",Overture Maps,17,EPSG:4326,"max_class_share=0.74,fg_share=1.00"
svo_airport_small_17_79161_40838,svo_airport_small,17,79161,40838,images/tiles/svo_airport_small_17_79161_40838.png,masks/tiles/svo_airport_small_17_79161_40838.png,1.0,"{""2"": 55118, ""3"": 195, ""4"": 10223}",Overture Maps,17,EPSG:4326,"max_class_share=0.84,fg_share=1.00"
svo_airport_small_17_79162_40838,svo_airport_small,17,79162,40838,images/tiles/svo_airport_small_17_79162_40838.png,masks/tiles/svo_airport_small_17_79162_40838.png,1.0,"{""2"": 61419, ""3"": 33, ""4"": 4084}",Overture Maps,17,EPSG:4326,"max_class_share=0.94,fg_share=1.00"
svo_airport_small_17_79163_40838,svo_airport_small,17,79163,40838,images/tiles/svo_airport_small_17_79163_40838.png,masks/tiles/svo_airport_small_17_79163_40838.png,1.0,"{""2"": 51339, ""3"": 9312, ""4"": 4885}",Overture Maps,17,EPSG:4326,"max_class_share=0.78,fg_share=1.00"
svo_airport_small_17_79164_40838,svo_airport_small,17,79164,40838,images/tiles/svo_airport_small_17_79164_40838.png,masks/tiles/svo_airport_small_17_79164_40838.png,1.0,"{""2"": 54431, ""3"": 3609, ""4"": 7496}",Overture Maps,17,EPSG:4326,"max_class_share=0.83,fg_share=1.00"
svo_airport_small_17_79165_40838,svo_airport_small,17,79165,40838,images/tiles/svo_airport_small_17_79165_40838.png,masks/tiles/svo_airport_small_17_79165_40838.png,1.0,"{""2"": 53350, ""3"": 12004, ""4"": 182}",Overture Maps,17,EPSG:4326,"max_class_share=0.81,fg_share=1.00"
svo_airport_small_17_79166_40838,svo_airport_small,17,79166,40838,images/tiles/svo_airport_small_17_79166_40838.png,masks/tiles/svo_airport_small_17_79166_40838.png,1.0,"{""1"": 256, ""2"": 61908, ""3"": 2230, ""4"": 1142}",Overture Maps,17,EPSG:4326,"max_class_share=0.94,fg_share=1.00"
svo_airport_small_17_79168_40838,svo_airport_small,17,79168,40838,images/tiles/svo_airport_small_17_79168_40838.png,masks/tiles/svo_airport_small_17_79168_40838.png,1.0,"{""1"": 6730, ""2"": 57236, ""4"": 1570}",Overture Maps,17,EPSG:4326,"max_class_share=0.87,fg_share=1.00"
svo_airport_small_17_79169_40838,svo_airport_small,17,79169,40838,images/tiles/svo_airport_small_17_79169_40838.png,masks/tiles/svo_airport_small_17_79169_40838.png,1.0,"{""2"": 52813, ""3"": 7788, ""4"": 4935}",Overture Maps,17,EPSG:4326,"max_class_share=0.81,fg_share=1.00"
svo_airport_small_17_79170_40838,svo_airport_small,17,79170,40838,images/tiles/svo_airport_small_17_79170_40838.png,masks/tiles/svo_airport_small_17_79170_40838.png,1.0,"{""1"": 3, ""2"": 51475, ""3"": 8459, ""4"": 5599}",Overture Maps,17,EPSG:4326,"max_class_share=0.79,fg_share=1.00"
svo_airport_small_17_79171_40838,svo_airport_small,17,79171,40838,images/tiles/svo_airport_small_17_79171_40838.png,masks/tiles/svo_airport_small_17_79171_40838.png,1.0,"{""1"": 84, ""2"": 49822, ""3"": 10885, ""4"": 4745}",Overture Maps,17,EPSG:4326,"max_class_share=0.76,fg_share=1.00"
svo_airport_small_17_79172_40838,svo_airport_small,17,79172,40838,images/tiles/svo_airport_small_17_79172_40838.png,masks/tiles/svo_airport_small_17_79172_40838.png,1.0,"{""2"": 53753, ""3"": 9580, ""4"": 2203}",Overture Maps,17,EPSG:4326,"max_class_share=0.82,fg_share=1.00"
svo_airport_small_17_79173_40838,svo_airport_small,17,79173,40838,images/tiles/svo_airport_small_17_79173_40838.png,masks/tiles/svo_airport_small_17_79173_40838.png,1.0,"{""2"": 51623, ""3"": 8975, ""4"": 4938}",Overture Maps,17,EPSG:4326,"max_class_share=0.79,fg_share=1.00"
svo_airport_small_17_79174_40838,svo_airport_small,17,79174,40838,images/tiles/svo_airport_small_17_79174_40838.png,masks/tiles/svo_airport_small_17_79174_40838.png,1.0,"{""2"": 31651, ""3"": 29849, ""4"": 4036}",Overture Maps,17,EPSG:4326,"max_class_share=0.48,fg_share=1.00"
svo_airport_small_17_79151_40839,svo_airport_small,17,79151,40839,images/tiles/svo_airport_small_17_79151_40839.png,masks/tiles/svo_airport_small_17_79151_40839.png,1.0,"{""2"": 61244, ""3"": 2295, ""4"": 1997}",Overture Maps,17,EPSG:4326,"max_class_share=0.93,fg_share=1.00"
svo_airport_small_17_79152_40839,svo_airport_small,17,79152,40839,images/tiles/svo_airport_small_17_79152_40839.png,masks/tiles/svo_airport_small_17_79152_40839.png,1.0,"{""2"": 51125, ""3"": 8885, ""4"": 5526}",Overture Maps,17,EPSG:4326,"max_class_share=0.78,fg_share=1.00"
svo_airport_small_17_79153_40839,svo_airport_small,17,79153,40839,images/tiles/svo_airport_small_17_79153_40839.png,masks/tiles/svo_airport_small_17_79153_40839.png,1.0,"{""2"": 48213, ""3"": 9025, ""4"": 8298}",Overture Maps,17,EPSG:4326,"max_class_share=0.74,fg_share=1.00"
svo_airport_small_17_79154_40839,svo_airport_small,17,79154,40839,images/tiles/svo_airport_small_17_79154_40839.png,masks/tiles/svo_airport_small_17_79154_40839.png,1.0,"{""2"": 20852, ""3"": 33448, ""4"": 11236}",Overture Maps,17,EPSG:4326,"max_class_share=0.51,fg_share=1.00"
svo_airport_small_17_79155_40839,svo_airport_small,17,79155,40839,images/tiles/svo_airport_small_17_79155_40839.png,masks/tiles/svo_airport_small_17_79155_40839.png,1.0,"{""2"": 13808, ""3"": 37511, ""4"": 14217}",Overture Maps,17,EPSG:4326,"max_class_share=0.57,fg_share=1.00"
svo_airport_small_17_79156_40839,svo_airport_small,17,79156,40839,images/tiles/svo_airport_small_17_79156_40839.png,masks/tiles/svo_airport_small_17_79156_40839.png,1.0,"{""2"": 40004, ""3"": 7978, ""4"": 17554}",Overture Maps,17,EPSG:4326,"max_class_share=0.61,fg_share=1.00"
svo_airport_small_17_79157_40839,svo_airport_small,17,79157,40839,images/tiles/svo_airport_small_17_79157_40839.png,masks/tiles/svo_airport_small_17_79157_40839.png,1.0,"{""2"": 45050, ""3"": 7109, ""4"": 13377}",Overture Maps,17,EPSG:4326,"max_class_share=0.69,fg_share=1.00"
svo_airport_small_17_79158_40839,svo_airport_small,17,79158,40839,images/tiles/svo_airport_small_17_79158_40839.png,masks/tiles/svo_airport_small_17_79158_40839.png,1.0,"{""2"": 37504, ""3"": 9950, ""4"": 18082}",Overture Maps,17,EPSG:4326,"max_class_share=0.57,fg_share=1.00"
svo_airport_small_17_79159_40839,svo_airport_small,17,79159,40839,images/tiles/svo_airport_small_17_79159_40839.png,masks/tiles/svo_airport_small_17_79159_40839.png,1.0,"{""2"": 54890, ""3"": 1405, ""4"": 9241}",Overture Maps,17,EPSG:4326,"max_class_share=0.84,fg_share=1.00"
svo_airport_small_17_79165_40839,svo_airport_small,17,79165,40839,images/tiles/svo_airport_small_17_79165_40839.png,masks/tiles/svo_airport_small_17_79165_40839.png,1.0,"{""2"": 58124, ""3"": 7412}",Overture Maps,17,EPSG:4326,"max_class_share=0.89,fg_share=1.00"
svo_airport_small_17_79166_40839,svo_airport_small,17,79166,40839,images/tiles/svo_airport_small_17_79166_40839.png,masks/tiles/svo_airport_small_17_79166_40839.png,1.0,"{""1"": 283, ""2"": 53059, ""3"": 10423, ""4"": 1771}",Overture Maps,17,EPSG:4326,"max_class_share=0.81,fg_share=1.00"
svo_airport_small_17_79167_40839,svo_airport_small,17,79167,40839,images/tiles/svo_airport_small_17_79167_40839.png,masks/tiles/svo_airport_small_17_79167_40839.png,1.0,"{""1"": 33, ""2"": 61718, ""3"": 1261, ""4"": 2524}",Overture Maps,17,EPSG:4326,"max_class_share=0.94,fg_share=1.00"
svo_airport_small_17_79168_40839,svo_airport_small,17,79168,40839,images/tiles/svo_airport_small_17_79168_40839.png,masks/tiles/svo_airport_small_17_79168_40839.png,1.0,"{""2"": 46622, ""3"": 11848, ""4"": 7066}",Overture Maps,17,EPSG:4326,"max_class_share=0.71,fg_share=1.00"
svo_airport_small_17_79169_40839,svo_airport_small,17,79169,40839,images/tiles/svo_airport_small_17_79169_40839.png,masks/tiles/svo_airport_small_17_79169_40839.png,1.0,"{""2"": 48066, ""3"": 13262, ""4"": 4208}",Overture Maps,17,EPSG:4326,"max_class_share=0.73,fg_share=1.00"
svo_airport_small_17_79170_40839,svo_airport_small,17,79170,40839,images/tiles/svo_airport_small_17_79170_40839.png,masks/tiles/svo_airport_small_17_79170_40839.png,1.0,"{""2"": 52200, ""3"": 9576, ""4"": 3760}",Overture Maps,17,EPSG:4326,"max_class_share=0.80,fg_share=1.00"
svo_airport_small_17_79171_40839,svo_airport_small,17,79171,40839,images/tiles/svo_airport_small_17_79171_40839.png,masks/tiles/svo_airport_small_17_79171_40839.png,1.0,"{""1"": 2460, ""2"": 49876, ""3"": 8912, ""4"": 4288}",Overture Maps,17,EPSG:4326,"max_class_share=0.76,fg_share=1.00"
svo_airport_small_17_79172_40839,svo_airport_small,17,79172,40839,images/tiles/svo_airport_small_17_79172_40839.png,masks/tiles/svo_airport_small_17_79172_40839.png,1.0,"{""1"": 8938, ""2"": 47500, ""3"": 4540, ""4"": 4558}",Overture Maps,17,EPSG:4326,"max_class_share=0.72,fg_share=1.00"
svo_airport_small_17_79173_40839,svo_airport_small,17,79173,40839,images/tiles/svo_airport_small_17_79173_40839.png,masks/tiles/svo_airport_small_17_79173_40839.png,1.0,"{""1"": 3017, ""2"": 49241, ""3"": 9676, ""4"": 3602}",Overture Maps,17,EPSG:4326,"max_class_share=0.75,fg_share=1.00"
svo_airport_small_17_79174_40839,svo_airport_small,17,79174,40839,images/tiles/svo_airport_small_17_79174_40839.png,masks/tiles/svo_airport_small_17_79174_40839.png,1.0,"{""2"": 51633, ""3"": 10837, ""4"": 3066}",Overture Maps,17,EPSG:4326,"max_class_share=0.79,fg_share=1.00"
svo_airport_small_17_79153_40840,svo_airport_small,17,79153,40840,images/tiles/svo_airport_small_17_79153_40840.png,masks/tiles/svo_airport_small_17_79153_40840.png,1.0,"{""2"": 53785, ""3"": 1322, ""4"": 10429}",Overture Maps,17,EPSG:4326,"max_class_share=0.82,fg_share=1.00"
svo_airport_small_17_79154_40840,svo_airport_small,17,79154,40840,images/tiles/svo_airport_small_17_79154_40840.png,masks/tiles/svo_airport_small_17_79154_40840.png,1.0,"{""2"": 32972, ""3"": 17048, ""4"": 15516}",Overture Maps,17,EPSG:4326,"max_class_share=0.50,fg_share=1.00"
svo_airport_small_17_79155_40840,svo_airport_small,17,79155,40840,images/tiles/svo_airport_small_17_79155_40840.png,masks/tiles/svo_airport_small_17_79155_40840.png,1.0,"{""2"": 35784, ""3"": 18687, ""4"": 11065}",Overture Maps,17,EPSG:4326,"max_class_share=0.55,fg_share=1.00"
svo_airport_small_17_79156_40840,svo_airport_small,17,79156,40840,images/tiles/svo_airport_small_17_79156_40840.png,masks/tiles/svo_airport_small_17_79156_40840.png,1.0,"{""2"": 46434, ""3"": 10073, ""4"": 9029}",Overture Maps,17,EPSG:4326,"max_class_share=0.71,fg_share=1.00"
svo_airport_small_17_79157_40840,svo_airport_small,17,79157,40840,images/tiles/svo_airport_small_17_79157_40840.png,masks/tiles/svo_airport_small_17_79157_40840.png,1.0,"{""2"": 34543, ""3"": 25615, ""4"": 5378}",Overture Maps,17,EPSG:4326,"max_class_share=0.53,fg_share=1.00"
svo_airport_small_17_79158_40840,svo_airport_small,17,79158,40840,images/tiles/svo_airport_small_17_79158_40840.png,masks/tiles/svo_airport_small_17_79158_40840.png,1.0,"{""2"": 49816, ""3"": 1642, ""4"": 14078}",Overture Maps,17,EPSG:4326,"max_class_share=0.76,fg_share=1.00"
svo_airport_small_17_79166_40840,svo_airport_small,17,79166,40840,images/tiles/svo_airport_small_17_79166_40840.png,masks/tiles/svo_airport_small_17_79166_40840.png,1.0,"{""2"": 59510, ""3"": 2344, ""4"": 3682}",Overture Maps,17,EPSG:4326,"max_class_share=0.91,fg_share=1.00"
svo_airport_small_17_79167_40840,svo_airport_small,17,79167,40840,images/tiles/svo_airport_small_17_79167_40840.png,masks/tiles/svo_airport_small_17_79167_40840.png,1.0,"{""1"": 13358, ""2"": 42512, ""3"": 5044, ""4"": 4622}",Overture Maps,17,EPSG:4326,"max_class_share=0.65,fg_share=1.00"
svo_airport_small_17_79168_40840,svo_airport_small,17,79168,40840,images/tiles/svo_airport_small_17_79168_40840.png,masks/tiles/svo_airport_small_17_79168_40840.png,1.0,"{""1"": 22408, ""2"": 24232, ""3"": 14755, ""4"": 4141}",Overture Maps,17,EPSG:4326,"max_class_share=0.37,fg_share=1.00"
svo_airport_small_17_79169_40840,svo_airport_small,17,79169,40840,images/tiles/svo_airport_small_17_79169_40840.png,masks/tiles/svo_airport_small_17_79169_40840.png,1.0,"{""1"": 4417, ""2"": 50809, ""3"": 7638, ""4"": 2672}",Overture Maps,17,EPSG:4326,"max_class_share=0.78,fg_share=1.00"
svo_airport_small_17_79170_40840,svo_airport_small,17,79170,40840,images/tiles/svo_airport_small_17_79170_40840.png,masks/tiles/svo_airport_small_17_79170_40840.png,1.0,"{""2"": 47833, ""3"": 12586, ""4"": 5117}",Overture Maps,17,EPSG:4326,"max_class_share=0.73,fg_share=1.00"
svo_airport_small_17_79171_40840,svo_airport_small,17,79171,40840,images/tiles/svo_airport_small_17_79171_40840.png,masks/tiles/svo_airport_small_17_79171_40840.png,1.0,"{""1"": 9823, ""2"": 46012, ""3"": 6146, ""4"": 3555}",Overture Maps,17,EPSG:4326,"max_class_share=0.70,fg_share=1.00"
svo_airport_small_17_79172_40840,svo_airport_small,17,79172,40840,images/tiles/svo_airport_small_17_79172_40840.png,masks/tiles/svo_airport_small_17_79172_40840.png,1.0,"{""2"": 48611, ""3"": 11996, ""4"": 4929}",Overture Maps,17,EPSG:4326,"max_class_share=0.74,fg_share=1.00"
svo_airport_small_17_79173_40840,svo_airport_small,17,79173,40840,images/tiles/svo_airport_small_17_79173_40840.png,masks/tiles/svo_airport_small_17_79173_40840.png,1.0,"{""1"": 11751, ""2"": 45723, ""3"": 6688, ""4"": 1374}",Overture Maps,17,EPSG:4326,"max_class_share=0.70,fg_share=1.00"
svo_airport_small_17_79174_40840,svo_airport_small,17,79174,40840,images/tiles/svo_airport_small_17_79174_40840.png,masks/tiles/svo_airport_small_17_79174_40840.png,1.0,"{""2"": 50530, ""3"": 10016, ""4"": 4990}",Overture Maps,17,EPSG:4326,"max_class_share=0.77,fg_share=1.00"
svo_airport_small_17_79150_40841,svo_airport_small,17,79150,40841,images/tiles/svo_airport_small_17_79150_40841.png,masks/tiles/svo_airport_small_17_79150_40841.png,1.0,"{""2"": 57255, ""4"": 8281}",Overture Maps,17,EPSG:4326,"max_class_share=0.87,fg_share=1.00"
svo_airport_small_17_79151_40841,svo_airport_small,17,79151,40841,images/tiles/svo_airport_small_17_79151_40841.png,masks/tiles/svo_airport_small_17_79151_40841.png,1.0,"{""2"": 53140, ""3"": 367, ""4"": 12029}",Overture Maps,17,EPSG:4326,"max_class_share=0.81,fg_share=1.00"
svo_airport_small_17_79152_40841,svo_airport_small,17,79152,40841,images/tiles/svo_airport_small_17_79152_40841.png,masks/tiles/svo_airport_small_17_79152_40841.png,1.0,"{""2"": 53912, ""3"": 541, ""4"": 11083}",Overture Maps,17,EPSG:4326,"max_class_share=0.82,fg_share=1.00"
svo_airport_small_17_79153_40841,svo_airport_small,17,79153,40841,images/tiles/svo_airport_small_17_79153_40841.png,masks/tiles/svo_airport_small_17_79153_40841.png,1.0,"{""2"": 54516, ""3"": 180, ""4"": 10840}",Overture Maps,17,EPSG:4326,"max_class_share=0.83,fg_share=1.00"
svo_airport_small_17_79154_40841,svo_airport_small,17,79154,40841,images/tiles/svo_airport_small_17_79154_40841.png,masks/tiles/svo_airport_small_17_79154_40841.png,1.0,"{""2"": 50552, ""4"": 14984}",Overture Maps,17,EPSG:4326,"max_class_share=0.77,fg_share=1.00"
svo_airport_small_17_79155_40841,svo_airport_small,17,79155,40841,images/tiles/svo_airport_small_17_79155_40841.png,masks/tiles/svo_airport_small_17_79155_40841.png,1.0,"{""2"": 49491, ""4"": 16045}",Overture Maps,17,EPSG:4326,"max_class_share=0.76,fg_share=1.00"
svo_airport_small_17_79156_40841,svo_airport_small,17,79156,40841,images/tiles/svo_airport_small_17_79156_40841.png,masks/tiles/svo_airport_small_17_79156_40841.png,1.0,"{""2"": 54442, ""4"": 11094}",Overture Maps,17,EPSG:4326,"max_class_share=0.83,fg_share=1.00"
svo_airport_small_17_79157_40841,svo_airport_small,17,79157,40841,images/tiles/svo_airport_small_17_79157_40841.png,masks/tiles/svo_airport_small_17_79157_40841.png,1.0,"{""2"": 51732, ""3"": 926, ""4"": 12878}",Overture Maps,17,EPSG:4326,"max_class_share=0.79,fg_share=1.00"
svo_airport_small_17_79158_40841,svo_airport_small,17,79158,40841,images/tiles/svo_airport_small_17_79158_40841.png,masks/tiles/svo_airport_small_17_79158_40841.png,1.0,"{""2"": 49133, ""3"": 1709, ""4"": 14694}",Overture Maps,17,EPSG:4326,"max_class_share=0.75,fg_share=1.00"
svo_airport_small_17_79166_40841,svo_airport_small,17,79166,40841,images/tiles/svo_airport_small_17_79166_40841.png,masks/tiles/svo_airport_small_17_79166_40841.png,1.0,"{""2"": 56009, ""3"": 6638, ""4"": 2889}",Overture Maps,17,EPSG:4326,"max_class_share=0.85,fg_share=1.00"
svo_airport_small_17_79167_40841,svo_airport_small,17,79167,40841,images/tiles/svo_airport_small_17_79167_40841.png,masks/tiles/svo_airport_small_17_79167_40841.png,1.0,"{""1"": 31505, ""2"": 16194, ""3"": 15212, ""4"": 2625}",Overture Maps,17,EPSG:4326,"max_class_share=0.48,fg_share=1.00"
svo_airport_small_17_79168_40841,svo_airport_small,17,79168,40841,images/tiles/svo_airport_small_17_79168_40841.png,masks/tiles/svo_airport_small_17_79168_40841.png,1.0,"{""1"": 34078, ""2"": 1600, ""3"": 22992, ""4"": 6866}",Overture Maps,17,EPSG:4326,"max_class_share=0.52,fg_share=1.00"
svo_airport_small_17_79169_40841,svo_airport_small,17,79169,40841,images/tiles/svo_airport_small_17_79169_40841.png,masks/tiles/svo_airport_small_17_79169_40841.png,1.0,"{""1"": 19729, ""2"": 29091, ""3"": 7707, ""4"": 9009}",Overture Maps,17,EPSG:4326,"max_class_share=0.44,fg_share=1.00"
svo_airport_small_17_79170_40841,svo_airport_small,17,79170,40841,images/tiles/svo_airport_small_17_79170_40841.png,masks/tiles/svo_airport_small_17_79170_40841.png,1.0,"{""1"": 2201, ""2"": 51734, ""3"": 7997, ""4"": 3604}",Overture Maps,17,EPSG:4326,"max_class_share=0.79,fg_share=1.00"
svo_airport_small_17_79171_40841,svo_airport_small,17,79171,40841,images/tiles/svo_airport_small_17_79171_40841.png,masks/tiles/svo_airport_small_17_79171_40841.png,1.0,"{""1"": 7598, ""2"": 44301, ""3"": 9733, ""4"": 3904}",Overture Maps,17,EPSG:4326,"max_class_share=0.68,fg_share=1.00"
svo_airport_small_17_79172_40841,svo_airport_small,17,79172,40841,images/tiles/svo_airport_small_17_79172_40841.png,masks/tiles/svo_airport_small_17_79172_40841.png,1.0,"{""2"": 48885, ""3"": 10018, ""4"": 6633}",Overture Maps,17,EPSG:4326,"max_class_share=0.75,fg_share=1.00"
svo_airport_small_17_79173_40841,svo_airport_small,17,79173,40841,images/tiles/svo_airport_small_17_79173_40841.png,masks/tiles/svo_airport_small_17_79173_40841.png,1.0,"{""1"": 9367, ""2"": 44836, ""3"": 8298, ""4"": 3035}",Overture Maps,17,EPSG:4326,"max_class_share=0.68,fg_share=1.00"
svo_airport_small_17_79174_40841,svo_airport_small,17,79174,40841,images/tiles/svo_airport_small_17_79174_40841.png,masks/tiles/svo_airport_small_17_79174_40841.png,1.0,"{""2"": 51058, ""3"": 10522, ""4"": 3956}",Overture Maps,17,EPSG:4326,"max_class_share=0.78,fg_share=1.00"
svo_airport_small_17_79149_40842,svo_airport_small,17,79149,40842,images/tiles/svo_airport_small_17_79149_40842.png,masks/tiles/svo_airport_small_17_79149_40842.png,1.0,"{""2"": 53491, ""4"": 12045}",Overture Maps,17,EPSG:4326,"max_class_share=0.82,fg_share=1.00"
svo_airport_small_17_79150_40842,svo_airport_small,17,79150,40842,images/tiles/svo_airport_small_17_79150_40842.png,masks/tiles/svo_airport_small_17_79150_40842.png,1.0,"{""2"": 58874, ""4"": 6662}",Overture Maps,17,EPSG:4326,"max_class_share=0.90,fg_share=1.00"
svo_airport_small_17_79152_40842,svo_airport_small,17,79152,40842,images/tiles/svo_airport_small_17_79152_40842.png,masks/tiles/svo_airport_small_17_79152_40842.png,1.0,"{""2"": 51783, ""3"": 10062, ""4"": 3691}",Overture Maps,17,EPSG:4326,"max_class_share=0.79,fg_share=1.00"
svo_airport_small_17_79153_40842,svo_airport_small,17,79153,40842,images/tiles/svo_airport_small_17_79153_40842.png,masks/tiles/svo_airport_small_17_79153_40842.png,1.0,"{""2"": 48719, ""3"": 11475, ""4"": 5342}",Overture Maps,17,EPSG:4326,"max_class_share=0.74,fg_share=1.00"
svo_airport_small_17_79154_40842,svo_airport_small,17,79154,40842,images/tiles/svo_airport_small_17_79154_40842.png,masks/tiles/svo_airport_small_17_79154_40842.png,1.0,"{""2"": 60307, ""3"": 4548, ""4"": 681}",Overture Maps,17,EPSG:4326,"max_class_share=0.92,fg_share=1.00"
svo_airport_small_17_79156_40842,svo_airport_small,17,79156,40842,images/tiles/svo_airport_small_17_79156_40842.png,masks/tiles/svo_airport_small_17_79156_40842.png,1.0,"{""2"": 54964, ""4"": 10572}",Overture Maps,17,EPSG:4326,"max_class_share=0.84,fg_share=1.00"
svo_airport_small_17_79157_40842,svo_airport_small,17,79157,40842,images/tiles/svo_airport_small_17_79157_40842.png,masks/tiles/svo_airport_small_17_79157_40842.png,1.0,"{""2"": 47708, ""3"": 146, ""4"": 17682}",Overture Maps,17,EPSG:4326,"max_class_share=0.73,fg_share=1.00"
svo_airport_small_17_79158_40842,svo_airport_small,17,79158,40842,images/tiles/svo_airport_small_17_79158_40842.png,masks/tiles/svo_airport_small_17_79158_40842.png,1.0,"{""2"": 38387, ""4"": 27149}",Overture Maps,17,EPSG:4326,"max_class_share=0.59,fg_share=1.00"
svo_airport_small_17_79159_40842,svo_airport_small,17,79159,40842,images/tiles/svo_airport_small_17_79159_40842.png,masks/tiles/svo_airport_small_17_79159_40842.png,1.0,"{""2"": 51329, ""3"": 815, ""4"": 13392}",Overture Maps,17,EPSG:4326,"max_class_share=0.78,fg_share=1.00"
svo_airport_small_17_79160_40842,svo_airport_small,17,79160,40842,images/tiles/svo_airport_small_17_79160_40842.png,masks/tiles/svo_airport_small_17_79160_40842.png,1.0,"{""2"": 56747, ""3"": 1905, ""4"": 6884}",Overture Maps,17,EPSG:4326,"max_class_share=0.87,fg_share=1.00"
svo_airport_small_17_79166_40842,svo_airport_small,17,79166,40842,images/tiles/svo_airport_small_17_79166_40842.png,masks/tiles/svo_airport_small_17_79166_40842.png,1.0,"{""1"": 102, ""2"": 54308, ""3"": 7672, ""4"": 3454}",Overture Maps,17,EPSG:4326,"max_class_share=0.83,fg_share=1.00"
svo_airport_small_17_79167_40842,svo_airport_small,17,79167,40842,images/tiles/svo_airport_small_17_79167_40842.png,masks/tiles/svo_airport_small_17_79167_40842.png,1.0,"{""1"": 22294, ""2"": 24997, ""3"": 14006, ""4"": 4239}",Overture Maps,17,EPSG:4326,"max_class_share=0.38,fg_share=1.00"
svo_airport_small_17_79168_40842,svo_airport_small,17,79168,40842,images/tiles/svo_airport_small_17_79168_40842.png,masks/tiles/svo_airport_small_17_79168_40842.png,1.0,"{""1"": 6708, ""2"": 28733, ""3"": 25523, ""4"": 4572}",Overture Maps,17,EPSG:4326,"max_class_share=0.44,fg_share=1.00"
svo_airport_small_17_79169_40842,svo_airport_small,17,79169,40842,images/tiles/svo_airport_small_17_79169_40842.png,masks/tiles/svo_airport_small_17_79169_40842.png,1.0,"{""2"": 38607, ""3"": 18734, ""4"": 8195}",Overture Maps,17,EPSG:4326,"max_class_share=0.59,fg_share=1.00"
svo_airport_small_17_79170_40842,svo_airport_small,17,79170,40842,images/tiles/svo_airport_small_17_79170_40842.png,masks/tiles/svo_airport_small_17_79170_40842.png,1.0,"{""1"": 11240, ""2"": 49654, ""3"": 2468, ""4"": 2174}",Overture Maps,17,EPSG:4326,"max_class_share=0.76,fg_share=1.00"
svo_airport_small_17_79171_40842,svo_airport_small,17,79171,40842,images/tiles/svo_airport_small_17_79171_40842.png,masks/tiles/svo_airport_small_17_79171_40842.png,1.0,"{""1"": 973, ""2"": 37141, ""3"": 19078, ""4"": 8344}",Overture Maps,17,EPSG:4326,"max_class_share=0.57,fg_share=1.00"
svo_airport_small_17_79172_40842,svo_airport_small,17,79172,40842,images/tiles/svo_airport_small_17_79172_40842.png,masks/tiles/svo_airport_small_17_79172_40842.png,1.0,"{""2"": 50025, ""3"": 9424, ""4"": 6087}",Overture Maps,17,EPSG:4326,"max_class_share=0.76,fg_share=1.00"
svo_airport_small_17_79173_40842,svo_airport_small,17,79173,40842,images/tiles/svo_airport_small_17_79173_40842.png,masks/tiles/svo_airport_small_17_79173_40842.png,1.0,"{""1"": 9880, ""2"": 47069, ""3"": 6466, ""4"": 2121}",Overture Maps,17,EPSG:4326,"max_class_share=0.72,fg_share=1.00"
svo_airport_small_17_79174_40842,svo_airport_small,17,79174,40842,images/tiles/svo_airport_small_17_79174_40842.png,masks/tiles/svo_airport_small_17_79174_40842.png,1.0,"{""1"": 819, ""2"": 53967, ""3"": 8630, ""4"": 2120}",Overture Maps,17,EPSG:4326,"max_class_share=0.82,fg_share=1.00"
svo_airport_small_17_79149_40843,svo_airport_small,17,79149,40843,images/tiles/svo_airport_small_17_79149_40843.png,masks/tiles/svo_airport_small_17_79149_40843.png,1.0,"{""2"": 60624, ""4"": 4912}",Overture Maps,17,EPSG:4326,"max_class_share=0.93,fg_share=1.00"
svo_airport_small_17_79152_40843,svo_airport_small,17,79152,40843,images/tiles/svo_airport_small_17_79152_40843.png,masks/tiles/svo_airport_small_17_79152_40843.png,1.0,"{""2"": 51092, ""3"": 8974, ""4"": 5470}",Overture Maps,17,EPSG:4326,"max_class_share=0.78,fg_share=1.00"
svo_airport_small_17_79153_40843,svo_airport_small,17,79153,40843,images/tiles/svo_airport_small_17_79153_40843.png,masks/tiles/svo_airport_small_17_79153_40843.png,1.0,"{""2"": 44872, ""3"": 15861, ""4"": 4803}",Overture Maps,17,EPSG:4326,"max_class_share=0.68,fg_share=1.00"
svo_airport_small_17_79154_40843,svo_airport_small,17,79154,40843,images/tiles/svo_airport_small_17_79154_40843.png,masks/tiles/svo_airport_small_17_79154_40843.png,1.0,"{""2"": 43855, ""3"": 15681, ""4"": 6000}",Overture Maps,17,EPSG:4326,"max_class_share=0.67,fg_share=1.00"
svo_airport_small_17_79157_40843,svo_airport_small,17,79157,40843,images/tiles/svo_airport_small_17_79157_40843.png,masks/tiles/svo_airport_small_17_79157_40843.png,1.0,"{""2"": 58029, ""4"": 7507}",Overture Maps,17,EPSG:4326,"max_class_share=0.89,fg_share=1.00"
svo_airport_small_17_79158_40843,svo_airport_small,17,79158,40843,images/tiles/svo_airport_small_17_79158_40843.png,masks/tiles/svo_airport_small_17_79158_40843.png,1.0,"{""2"": 49465, ""3"": 270, ""4"": 15801}",Overture Maps,17,EPSG:4326,"max_class_share=0.75,fg_share=1.00"
svo_airport_small_17_79159_40843,svo_airport_small,17,79159,40843,images/tiles/svo_airport_small_17_79159_40843.png,masks/tiles/svo_airport_small_17_79159_40843.png,1.0,"{""2"": 46802, ""4"": 18734}",Overture Maps,17,EPSG:4326,"max_class_share=0.71,fg_share=1.00"
svo_airport_small_17_79160_40843,svo_airport_small,17,79160,40843,images/tiles/svo_airport_small_17_79160_40843.png,masks/tiles/svo_airport_small_17_79160_40843.png,1.0,"{""2"": 38379, ""3"": 709, ""4"": 26448}",Overture Maps,17,EPSG:4326,"max_class_share=0.59,fg_share=1.00"
svo_airport_small_17_79161_40843,svo_airport_small,17,79161,40843,images/tiles/svo_airport_small_17_79161_40843.png,masks/tiles/svo_airport_small_17_79161_40843.png,1.0,"{""2"": 44761, ""4"": 20775}",Overture Maps,17,EPSG:4326,"max_class_share=0.68,fg_share=1.00"
svo_airport_small_17_79162_40843,svo_airport_small,17,79162,40843,images/tiles/svo_airport_small_17_79162_40843.png,masks/tiles/svo_airport_small_17_79162_40843.png,1.0,"{""2"": 58835, ""4"": 6701}",Overture Maps,17,EPSG:4326,"max_class_share=0.90,fg_share=1.00"
svo_airport_small_17_79165_40843,svo_airport_small,17,79165,40843,images/tiles/svo_airport_small_17_79165_40843.png,masks/tiles/svo_airport_small_17_79165_40843.png,1.0,"{""2"": 55735, ""3"": 5477, ""4"": 4324}",Overture Maps,17,EPSG:4326,"max_class_share=0.85,fg_share=1.00"
svo_airport_small_17_79166_40843,svo_airport_small,17,79166,40843,images/tiles/svo_airport_small_17_79166_40843.png,masks/tiles/svo_airport_small_17_79166_40843.png,1.0,"{""1"": 5788, ""2"": 51410, ""3"": 6691, ""4"": 1647}",Overture Maps,17,EPSG:4326,"max_class_share=0.78,fg_share=1.00"
svo_airport_small_17_79167_40843,svo_airport_small,17,79167,40843,images/tiles/svo_airport_small_17_79167_40843.png,masks/tiles/svo_airport_small_17_79167_40843.png,1.0,"{""1"": 1658, ""2"": 57959, ""3"": 2934, ""4"": 2985}",Overture Maps,17,EPSG:4326,"max_class_share=0.88,fg_share=1.00"
svo_airport_small_17_79168_40843,svo_airport_small,17,79168,40843,images/tiles/svo_airport_small_17_79168_40843.png,masks/tiles/svo_airport_small_17_79168_40843.png,1.0,"{""2"": 44304, ""3"": 17274, ""4"": 3958}",Overture Maps,17,EPSG:4326,"max_class_share=0.68,fg_share=1.00"
svo_airport_small_17_79169_40843,svo_airport_small,17,79169,40843,images/tiles/svo_airport_small_17_79169_40843.png,masks/tiles/svo_airport_small_17_79169_40843.png,1.0,"{""2"": 57076, ""3"": 6848, ""4"": 1612}",Overture Maps,17,EPSG:4326,"max_class_share=0.87,fg_share=1.00"
svo_airport_small_17_79170_40843,svo_airport_small,17,79170,40843,images/tiles/svo_airport_small_17_79170_40843.png,masks/tiles/svo_airport_small_17_79170_40843.png,1.0,"{""2"": 47283, ""3"": 10396, ""4"": 7857}",Overture Maps,17,EPSG:4326,"max_class_share=0.72,fg_share=1.00"
svo_airport_small_17_79171_40843,svo_airport_small,17,79171,40843,images/tiles/svo_airport_small_17_79171_40843.png,masks/tiles/svo_airport_small_17_79171_40843.png,1.0,"{""2"": 46649, ""3"": 12250, ""4"": 6637}",Overture Maps,17,EPSG:4326,"max_class_share=0.71,fg_share=1.00"
svo_airport_small_17_79172_40843,svo_airport_small,17,79172,40843,images/tiles/svo_airport_small_17_79172_40843.png,masks/tiles/svo_airport_small_17_79172_40843.png,1.0,"{""1"": 3020, ""2"": 48406, ""3"": 10267, ""4"": 3843}",Overture Maps,17,EPSG:4326,"max_class_share=0.74,fg_share=1.00"
svo_airport_small_17_79173_40843,svo_airport_small,17,79173,40843,images/tiles/svo_airport_small_17_79173_40843.png,masks/tiles/svo_airport_small_17_79173_40843.png,1.0,"{""1"": 3422, ""2"": 52566, ""3"": 7185, ""4"": 2363}",Overture Maps,17,EPSG:4326,"max_class_share=0.80,fg_share=1.00"
svo_airport_small_17_79174_40843,svo_airport_small,17,79174,40843,images/tiles/svo_airport_small_17_79174_40843.png,masks/tiles/svo_airport_small_17_79174_40843.png,1.0,"{""1"": 9549, ""2"": 54788, ""3"": 1126, ""4"": 73}",Overture Maps,17,EPSG:4326,"max_class_share=0.84,fg_share=1.00"
svo_airport_small_17_79152_40844,svo_airport_small,17,79152,40844,images/tiles/svo_airport_small_17_79152_40844.png,masks/tiles/svo_airport_small_17_79152_40844.png,1.0,"{""2"": 58346, ""3"": 5667, ""4"": 1523}",Overture Maps,17,EPSG:4326,"max_class_share=0.89,fg_share=1.00"
svo_airport_small_17_79153_40844,svo_airport_small,17,79153,40844,images/tiles/svo_airport_small_17_79153_40844.png,masks/tiles/svo_airport_small_17_79153_40844.png,1.0,"{""1"": 4163, ""2"": 45631, ""3"": 9465, ""4"": 6277}",Overture Maps,17,EPSG:4326,"max_class_share=0.70,fg_share=1.00"
svo_airport_small_17_79154_40844,svo_airport_small,17,79154,40844,images/tiles/svo_airport_small_17_79154_40844.png,masks/tiles/svo_airport_small_17_79154_40844.png,1.0,"{""2"": 44804, ""3"": 13645, ""4"": 7087}",Overture Maps,17,EPSG:4326,"max_class_share=0.68,fg_share=1.00"
svo_airport_small_17_79155_40844,svo_airport_small,17,79155,40844,images/tiles/svo_airport_small_17_79155_40844.png,masks/tiles/svo_airport_small_17_79155_40844.png,1.0,"{""1"": 729, ""2"": 45418, ""3"": 14810, ""4"": 4579}",Overture Maps,17,EPSG:4326,"max_class_share=0.69,fg_share=1.00"
svo_airport_small_17_79156_40844,svo_airport_small,17,79156,40844,images/tiles/svo_airport_small_17_79156_40844.png,masks/tiles/svo_airport_small_17_79156_40844.png,1.0,"{""1"": 3907, ""2"": 58234, ""3"": 23, ""4"": 3372}",Overture Maps,17,EPSG:4326,"max_class_share=0.89,fg_share=1.00"
svo_airport_small_17_79157_40844,svo_airport_small,17,79157,40844,images/tiles/svo_airport_small_17_79157_40844.png,masks/tiles/svo_airport_small_17_79157_40844.png,1.0,"{""1"": 4289, ""2"": 57908, ""3"": 121, ""4"": 3218}",Overture Maps,17,EPSG:4326,"max_class_share=0.88,fg_share=1.00"
svo_airport_small_17_79158_40844,svo_airport_small,17,79158,40844,images/tiles/svo_airport_small_17_79158_40844.png,masks/tiles/svo_airport_small_17_79158_40844.png,1.0,"{""1"": 4965, ""2"": 45136, ""4"": 15435}",Overture Maps,17,EPSG:4326,"max_class_share=0.69,fg_share=1.00"
svo_airport_small_17_79159_40844,svo_airport_small,17,79159,40844,images/tiles/svo_airport_small_17_79159_40844.png,masks/tiles/svo_airport_small_17_79159_40844.png,1.0,"{""1"": 754, ""2"": 58888, ""3"": 1342, ""4"": 4552}",Overture Maps,17,EPSG:4326,"max_class_share=0.90,fg_share=1.00"
svo_airport_small_17_79160_40844,svo_airport_small,17,79160,40844,images/tiles/svo_airport_small_17_79160_40844.png,masks/tiles/svo_airport_small_17_79160_40844.png,1.0,"{""2"": 55891, ""3"": 2547, ""4"": 7098}",Overture Maps,17,EPSG:4326,"max_class_share=0.85,fg_share=1.00"
svo_airport_small_17_79161_40844,svo_airport_small,17,79161,40844,images/tiles/svo_airport_small_17_79161_40844.png,masks/tiles/svo_airport_small_17_79161_40844.png,1.0,"{""2"": 57518, ""3"": 1977, ""4"": 6041}",Overture Maps,17,EPSG:4326,"max_class_share=0.88,fg_share=1.00"
svo_airport_small_17_79162_40844,svo_airport_small,17,79162,40844,images/tiles/svo_airport_small_17_79162_40844.png,masks/tiles/svo_airport_small_17_79162_40844.png,1.0,"{""2"": 53077, ""4"": 12459}",Overture Maps,17,EPSG:4326,"max_class_share=0.81,fg_share=1.00"
svo_airport_small_17_79163_40844,svo_airport_small,17,79163,40844,images/tiles/svo_airport_small_17_79163_40844.png,masks/tiles/svo_airport_small_17_79163_40844.png,1.0,"{""1"": 568, ""2"": 50458, ""3"": 305, ""4"": 14205}",Overture Maps,17,EPSG:4326,"max_class_share=0.77,fg_share=1.00"
svo_airport_small_17_79164_40844,svo_airport_small,17,79164,40844,images/tiles/svo_airport_small_17_79164_40844.png,masks/tiles/svo_airport_small_17_79164_40844.png,1.0,"{""1"": 4653, ""2"": 52400, ""3"": 3957, ""4"": 4526}",Overture Maps,17,EPSG:4326,"max_class_share=0.80,fg_share=1.00"
svo_airport_small_17_79165_40844,svo_airport_small,17,79165,40844,images/tiles/svo_airport_small_17_79165_40844.png,masks/tiles/svo_airport_small_17_79165_40844.png,1.0,"{""1"": 8259, ""2"": 49372, ""3"": 5275, ""4"": 2630}",Overture Maps,17,EPSG:4326,"max_class_share=0.75,fg_share=1.00"
svo_airport_small_17_79166_40844,svo_airport_small,17,79166,40844,images/tiles/svo_airport_small_17_79166_40844.png,masks/tiles/svo_airport_small_17_79166_40844.png,1.0,"{""1"": 2831, ""2"": 60486, ""4"": 2219}",Overture Maps,17,EPSG:4326,"max_class_share=0.92,fg_share=1.00"
svo_airport_small_17_79167_40844,svo_airport_small,17,79167,40844,images/tiles/svo_airport_small_17_79167_40844.png,masks/tiles/svo_airport_small_17_79167_40844.png,1.0,"{""2"": 47959, ""3"": 12889, ""4"": 4688}",Overture Maps,17,EPSG:4326,"max_class_share=0.73,fg_share=1.00"
svo_airport_small_17_79168_40844,svo_airport_small,17,79168,40844,images/tiles/svo_airport_small_17_79168_40844.png,masks/tiles/svo_airport_small_17_79168_40844.png,1.0,"{""2"": 45783, ""3"": 13830, ""4"": 5923}",Overture Maps,17,EPSG:4326,"max_class_share=0.70,fg_share=1.00"
svo_airport_small_17_79170_40844,svo_airport_small,17,79170,40844,images/tiles/svo_airport_small_17_79170_40844.png,masks/tiles/svo_airport_small_17_79170_40844.png,1.0,"{""2"": 56192, ""3"": 5428, ""4"": 3916}",Overture Maps,17,EPSG:4326,"max_class_share=0.86,fg_share=1.00"
svo_airport_small_17_79171_40844,svo_airport_small,17,79171,40844,images/tiles/svo_airport_small_17_79171_40844.png,masks/tiles/svo_airport_small_17_79171_40844.png,1.0,"{""1"": 1007, ""2"": 50819, ""3"": 12625, ""4"": 1085}",Overture Maps,17,EPSG:4326,"max_class_share=0.78,fg_share=1.00"
svo_airport_small_17_79172_40844,svo_airport_small,17,79172,40844,images/tiles/svo_airport_small_17_79172_40844.png,masks/tiles/svo_airport_small_17_79172_40844.png,1.0,"{""1"": 1130, ""2"": 48615, ""3"": 12818, ""4"": 2973}",Overture Maps,17,EPSG:4326,"max_class_share=0.74,fg_share=1.00"
svo_airport_small_17_79173_40844,svo_airport_small,17,79173,40844,images/tiles/svo_airport_small_17_79173_40844.png,masks/tiles/svo_airport_small_17_79173_40844.png,1.0,"{""2"": 53613, ""3"": 9485, ""4"": 2438}",Overture Maps,17,EPSG:4326,"max_class_share=0.82,fg_share=1.00"
svo_airport_small_17_79174_40844,svo_airport_small,17,79174,40844,images/tiles/svo_airport_small_17_79174_40844.png,masks/tiles/svo_airport_small_17_79174_40844.png,1.0,"{""2"": 50507, ""3"": 8802, ""4"": 6227}",Overture Maps,17,EPSG:4326,"max_class_share=0.77,fg_share=1.00"
svo_airport_small_17_79149_40845,svo_airport_small,17,79149,40845,images/tiles/svo_airport_small_17_79149_40845.png,masks/tiles/svo_airport_small_17_79149_40845.png,1.0,"{""1"": 2510, ""2"": 61342, ""4"": 1684}",Overture Maps,17,EPSG:4326,"max_class_share=0.94,fg_share=1.00"
svo_airport_small_17_79152_40845,svo_airport_small,17,79152,40845,images/tiles/svo_airport_small_17_79152_40845.png,masks/tiles/svo_airport_small_17_79152_40845.png,1.0,"{""2"": 62122, ""3"": 170, ""4"": 3244}",Overture Maps,17,EPSG:4326,"max_class_share=0.95,fg_share=1.00"
svo_airport_small_17_79153_40845,svo_airport_small,17,79153,40845,images/tiles/svo_airport_small_17_79153_40845.png,masks/tiles/svo_airport_small_17_79153_40845.png,1.0,"{""1"": 1614, ""2"": 61175, ""3"": 97, ""4"": 2650}",Overture Maps,17,EPSG:4326,"max_class_share=0.93,fg_share=1.00"
svo_airport_small_17_79154_40845,svo_airport_small,17,79154,40845,images/tiles/svo_airport_small_17_79154_40845.png,masks/tiles/svo_airport_small_17_79154_40845.png,1.0,"{""1"": 106, ""2"": 57519, ""3"": 4383, ""4"": 3528}",Overture Maps,17,EPSG:4326,"max_class_share=0.88,fg_share=1.00"
svo_airport_small_17_79155_40845,svo_airport_small,17,79155,40845,images/tiles/svo_airport_small_17_79155_40845.png,masks/tiles/svo_airport_small_17_79155_40845.png,1.0,"{""1"": 6232, ""2"": 53106, ""3"": 2910, ""4"": 3288}",Overture Maps,17,EPSG:4326,"max_class_share=0.81,fg_share=1.00"
svo_airport_small_17_79156_40845,svo_airport_small,17,79156,40845,images/tiles/svo_airport_small_17_79156_40845.png,masks/tiles/svo_airport_small_17_79156_40845.png,1.0,"{""1"": 9619, ""2"": 54294, ""4"": 1623}",Overture Maps,17,EPSG:4326,"max_class_share=0.83,fg_share=1.00"
svo_airport_small_17_79157_40845,svo_airport_small,17,79157,40845,images/tiles/svo_airport_small_17_79157_40845.png,masks/tiles/svo_airport_small_17_79157_40845.png,1.0,"{""1"": 4755, ""2"": 59829, ""3"": 149, ""4"": 803}",Overture Maps,17,EPSG:4326,"max_class_share=0.91,fg_share=1.00"
svo_airport_small_17_79158_40845,svo_airport_small,17,79158,40845,images/tiles/svo_airport_small_17_79158_40845.png,masks/tiles/svo_airport_small_17_79158_40845.png,1.0,"{""1"": 247, ""2"": 55225, ""3"": 205, ""4"": 9859}",Overture Maps,17,EPSG:4326,"max_class_share=0.84,fg_share=1.00"
svo_airport_small_17_79159_40845,svo_airport_small,17,79159,40845,images/tiles/svo_airport_small_17_79159_40845.png,masks/tiles/svo_airport_small_17_79159_40845.png,1.0,"{""1"": 8232, ""2"": 57156, ""3"": 148}",Overture Maps,17,EPSG:4326,"max_class_share=0.87,fg_share=1.00"
svo_airport_small_17_79160_40845,svo_airport_small,17,79160,40845,images/tiles/svo_airport_small_17_79160_40845.png,masks/tiles/svo_airport_small_17_79160_40845.png,1.0,"{""1"": 4599, ""2"": 46704, ""3"": 8889, ""4"": 5344}",Overture Maps,17,EPSG:4326,"max_class_share=0.71,fg_share=1.00"
svo_airport_small_17_79161_40845,svo_airport_small,17,79161,40845,images/tiles/svo_airport_small_17_79161_40845.png,masks/tiles/svo_airport_small_17_79161_40845.png,1.0,"{""2"": 46816, ""3"": 12499, ""4"": 6221}",Overture Maps,17,EPSG:4326,"max_class_share=0.71,fg_share=1.00"
svo_airport_small_17_79162_40845,svo_airport_small,17,79162,40845,images/tiles/svo_airport_small_17_79162_40845.png,masks/tiles/svo_airport_small_17_79162_40845.png,1.0,"{""2"": 60527, ""3"": 2297, ""4"": 2712}",Overture Maps,17,EPSG:4326,"max_class_share=0.92,fg_share=1.00"
svo_airport_small_17_79163_40845,svo_airport_small,17,79163,40845,images/tiles/svo_airport_small_17_79163_40845.png,masks/tiles/svo_airport_small_17_79163_40845.png,1.0,"{""1"": 256, ""2"": 62164, ""3"": 90, ""4"": 3026}",Overture Maps,17,EPSG:4326,"max_class_share=0.95,fg_share=1.00"
svo_airport_small_17_79164_40845,svo_airport_small,17,79164,40845,images/tiles/svo_airport_small_17_79164_40845.png,masks/tiles/svo_airport_small_17_79164_40845.png,1.0,"{""1"": 2039, ""2"": 49689, ""4"": 13808}",Overture Maps,17,EPSG:4326,"max_class_share=0.76,fg_share=1.00"
svo_airport_small_17_79167_40845,svo_airport_small,17,79167,40845,images/tiles/svo_airport_small_17_79167_40845.png,masks/tiles/svo_airport_small_17_79167_40845.png,1.0,"{""2"": 60963, ""3"": 3109, ""4"": 1464}",Overture Maps,17,EPSG:4326,"max_class_share=0.93,fg_share=1.00"
svo_airport_small_17_79168_40845,svo_airport_small,17,79168,40845,images/tiles/svo_airport_small_17_79168_40845.png,masks/tiles/svo_airport_small_17_79168_40845.png,1.0,"{""2"": 60557, ""3"": 1912, ""4"": 3067}",Overture Maps,17,EPSG:4326,"max_class_share=0.92,fg_share=1.00"
svo_airport_small_17_79169_40845,svo_airport_small,17,79169,40845,images/tiles/svo_airport_small_17_79169_40845.png,masks/tiles/svo_airport_small_17_79169_40845.png,1.0,"{""2"": 48131, ""3"": 14944, ""4"": 2461}",Overture Maps,17,EPSG:4326,"max_class_share=0.73,fg_share=1.00"
svo_airport_small_17_79170_40845,svo_airport_small,17,79170,40845,images/tiles/svo_airport_small_17_79170_40845.png,masks/tiles/svo_airport_small_17_79170_40845.png,1.0,"{""2"": 58774, ""3"": 2739, ""4"": 4023}",Overture Maps,17,EPSG:4326,"max_class_share=0.90,fg_share=1.00"
svo_airport_small_17_79171_40845,svo_airport_small,17,79171,40845,images/tiles/svo_airport_small_17_79171_40845.png,masks/tiles/svo_airport_small_17_79171_40845.png,1.0,"{""1"": 627, ""2"": 51488, ""3"": 7834, ""4"": 5587}",Overture Maps,17,EPSG:4326,"max_class_share=0.79,fg_share=1.00"
svo_airport_small_17_79172_40845,svo_airport_small,17,79172,40845,images/tiles/svo_airport_small_17_79172_40845.png,masks/tiles/svo_airport_small_17_79172_40845.png,1.0,"{""2"": 48483, ""3"": 11270, ""4"": 5783}",Overture Maps,17,EPSG:4326,"max_class_share=0.74,fg_share=1.00"
svo_airport_small_17_79173_40845,svo_airport_small,17,79173,40845,images/tiles/svo_airport_small_17_79173_40845.png,masks/tiles/svo_airport_small_17_79173_40845.png,1.0,"{""2"": 51298, ""3"": 11544, ""4"": 2694}",Overture Maps,17,EPSG:4326,"max_class_share=0.78,fg_share=1.00"
svo_airport_small_17_79174_40845,svo_airport_small,17,79174,40845,images/tiles/svo_airport_small_17_79174_40845.png,masks/tiles/svo_airport_small_17_79174_40845.png,1.0,"{""2"": 49989, ""3"": 9216, ""4"": 6331}",Overture Maps,17,EPSG:4326,"max_class_share=0.76,fg_share=1.00"
svo_airport_small_17_79149_40846,svo_airport_small,17,79149,40846,images/tiles/svo_airport_small_17_79149_40846.png,masks/tiles/svo_airport_small_17_79149_40846.png,1.0,"{""1"": 5447, ""2"": 60089}",Overture Maps,17,EPSG:4326,"max_class_share=0.92,fg_share=1.00"
svo_airport_small_17_79150_40846,svo_airport_small,17,79150,40846,images/tiles/svo_airport_small_17_79150_40846.png,masks/tiles/svo_airport_small_17_79150_40846.png,1.0,"{""1"": 5826, ""2"": 58149, ""4"": 1561}",Overture Maps,17,EPSG:4326,"max_class_share=0.89,fg_share=1.00"
svo_airport_small_17_79152_40846,svo_airport_small,17,79152,40846,images/tiles/svo_airport_small_17_79152_40846.png,masks/tiles/svo_airport_small_17_79152_40846.png,1.0,"{""2"": 61358, ""3"": 260, ""4"": 3918}",Overture Maps,17,EPSG:4326,"max_class_share=0.94,fg_share=1.00"
svo_airport_small_17_79154_40846,svo_airport_small,17,79154,40846,images/tiles/svo_airport_small_17_79154_40846.png,masks/tiles/svo_airport_small_17_79154_40846.png,1.0,"{""1"": 7247, ""2"": 58278, ""3"": 11}",Overture Maps,17,EPSG:4326,"max_class_share=0.89,fg_share=1.00"
svo_airport_small_17_79155_40846,svo_airport_small,17,79155,40846,images/tiles/svo_airport_small_17_79155_40846.png,masks/tiles/svo_airport_small_17_79155_40846.png,1.0,"{""1"": 13527, ""2"": 46916, ""3"": 3526, ""4"": 1567}",Overture Maps,17,EPSG:4326,"max_class_share=0.72,fg_share=1.00"
svo_airport_small_17_79156_40846,svo_airport_small,17,79156,40846,images/tiles/svo_airport_small_17_79156_40846.png,masks/tiles/svo_airport_small_17_79156_40846.png,1.0,"{""2"": 55522, ""3"": 5238, ""4"": 4776}",Overture Maps,17,EPSG:4326,"max_class_share=0.85,fg_share=1.00"
svo_airport_small_17_79157_40846,svo_airport_small,17,79157,40846,images/tiles/svo_airport_small_17_79157_40846.png,masks/tiles/svo_airport_small_17_79157_40846.png,1.0,"{""2"": 43168, ""3"": 13902, ""4"": 8466}",Overture Maps,17,EPSG:4326,"max_class_share=0.66,fg_share=1.00"
svo_airport_small_17_79158_40846,svo_airport_small,17,79158,40846,images/tiles/svo_airport_small_17_79158_40846.png,masks/tiles/svo_airport_small_17_79158_40846.png,1.0,"{""2"": 48020, ""3"": 424, ""4"": 17092}",Overture Maps,17,EPSG:4326,"max_class_share=0.73,fg_share=1.00"
svo_airport_small_17_79159_40846,svo_airport_small,17,79159,40846,images/tiles/svo_airport_small_17_79159_40846.png,masks/tiles/svo_airport_small_17_79159_40846.png,1.0,"{""2"": 62249, ""4"": 3287}",Overture Maps,17,EPSG:4326,"max_class_share=0.95,fg_share=1.00"
svo_airport_small_17_79160_40846,svo_airport_small,17,79160,40846,images/tiles/svo_airport_small_17_79160_40846.png,masks/tiles/svo_airport_small_17_79160_40846.png,1.0,"{""1"": 5418, ""2"": 58906, ""4"": 1212}",Overture Maps,17,EPSG:4326,"max_class_share=0.90,fg_share=1.00"
svo_airport_small_17_79165_40846,svo_airport_small,17,79165,40846,images/tiles/svo_airport_small_17_79165_40846.png,masks/tiles/svo_airport_small_17_79165_40846.png,1.0,"{""2"": 47123, ""3"": 69, ""4"": 18344}",Overture Maps,17,EPSG:4326,"max_class_share=0.72,fg_share=1.00"
svo_airport_small_17_79166_40846,svo_airport_small,17,79166,40846,images/tiles/svo_airport_small_17_79166_40846.png,masks/tiles/svo_airport_small_17_79166_40846.png,1.0,"{""2"": 61207, ""4"": 4329}",Overture Maps,17,EPSG:4326,"max_class_share=0.93,fg_share=1.00"
svo_airport_small_17_79169_40846,svo_airport_small,17,79169,40846,images/tiles/svo_airport_small_17_79169_40846.png,masks/tiles/svo_airport_small_17_79169_40846.png,1.0,"{""2"": 40847, ""3"": 20798, ""4"": 3891}",Overture Maps,17,EPSG:4326,"max_class_share=0.62,fg_share=1.00"
svo_airport_small_17_79170_40846,svo_airport_small,17,79170,40846,images/tiles/svo_airport_small_17_79170_40846.png,masks/tiles/svo_airport_small_17_79170_40846.png,1.0,"{""2"": 55074, ""3"": 8989, ""4"": 1473}",Overture Maps,17,EPSG:4326,"max_class_share=0.84,fg_share=1.00"
svo_airport_small_17_79171_40846,svo_airport_small,17,79171,40846,images/tiles/svo_airport_small_17_79171_40846.png,masks/tiles/svo_airport_small_17_79171_40846.png,1.0,"{""2"": 49912, ""3"": 8936, ""4"": 6688}",Overture Maps,17,EPSG:4326,"max_class_share=0.76,fg_share=1.00"
svo_airport_small_17_79172_40846,svo_airport_small,17,79172,40846,images/tiles/svo_airport_small_17_79172_40846.png,masks/tiles/svo_airport_small_17_79172_40846.png,1.0,"{""2"": 49369, ""3"": 11976, ""4"": 4191}",Overture Maps,17,EPSG:4326,"max_class_share=0.75,fg_share=1.00"
svo_airport_small_17_79173_40846,svo_airport_small,17,79173,40846,images/tiles/svo_airport_small_17_79173_40846.png,masks/tiles/svo_airport_small_17_79173_40846.png,1.0,"{""2"": 57429, ""3"": 3366, ""4"": 4741}",Overture Maps,17,EPSG:4326,"max_class_share=0.88,fg_share=1.00"
svo_airport_small_17_79174_40846,svo_airport_small,17,79174,40846,images/tiles/svo_airport_small_17_79174_40846.png,masks/tiles/svo_airport_small_17_79174_40846.png,1.0,"{""2"": 52935, ""3"": 4252, ""4"": 8349}",Overture Maps,17,EPSG:4326,"max_class_share=0.81,fg_share=1.00"
svo_airport_small_17_79149_40847,svo_airport_small,17,79149,40847,images/tiles/svo_airport_small_17_79149_40847.png,masks/tiles/svo_airport_small_17_79149_40847.png,1.0,"{""1"": 31295, ""2"": 31392, ""4"": 2849}",Overture Maps,17,EPSG:4326,"max_class_share=0.48,fg_share=1.00"
svo_airport_small_17_79150_40847,svo_airport_small,17,79150,40847,images/tiles/svo_airport_small_17_79150_40847.png,masks/tiles/svo_airport_small_17_79150_40847.png,1.0,"{""1"": 12304, ""2"": 49861, ""3"": 107, ""4"": 3264}",Overture Maps,17,EPSG:4326,"max_class_share=0.76,fg_share=1.00"
svo_airport_small_17_79152_40847,svo_airport_small,17,79152,40847,images/tiles/svo_airport_small_17_79152_40847.png,masks/tiles/svo_airport_small_17_79152_40847.png,1.0,"{""1"": 4199, ""2"": 61337}",Overture Maps,17,EPSG:4326,"max_class_share=0.94,fg_share=1.00"
svo_airport_small_17_79153_40847,svo_airport_small,17,79153,40847,images/tiles/svo_airport_small_17_79153_40847.png,masks/tiles/svo_airport_small_17_79153_40847.png,1.0,"{""1"": 4319, ""2"": 60330, ""3"": 271, ""4"": 616}",Overture Maps,17,EPSG:4326,"max_class_share=0.92,fg_share=1.00"
svo_airport_small_17_79154_40847,svo_airport_small,17,79154,40847,images/tiles/svo_airport_small_17_79154_40847.png,masks/tiles/svo_airport_small_17_79154_40847.png,1.0,"{""1"": 956, ""2"": 61370, ""3"": 1272, ""4"": 1938}",Overture Maps,17,EPSG:4326,"max_class_share=0.94,fg_share=1.00"
svo_airport_small_17_79155_40847,svo_airport_small,17,79155,40847,images/tiles/svo_airport_small_17_79155_40847.png,masks/tiles/svo_airport_small_17_79155_40847.png,1.0,"{""2"": 54713, ""3"": 7303, ""4"": 3520}",Overture Maps,17,EPSG:4326,"max_class_share=0.83,fg_share=1.00"
svo_airport_small_17_79156_40847,svo_airport_small,17,79156,40847,images/tiles/svo_airport_small_17_79156_40847.png,masks/tiles/svo_airport_small_17_79156_40847.png,1.0,"{""2"": 58303, ""3"": 3694, ""4"": 3539}",Overture Maps,17,EPSG:4326,"max_class_share=0.89,fg_share=1.00"
svo_airport_small_17_79157_40847,svo_airport_small,17,79157,40847,images/tiles/svo_airport_small_17_79157_40847.png,masks/tiles/svo_airport_small_17_79157_40847.png,1.0,"{""2"": 49756, ""3"": 4086, ""4"": 11694}",Overture Maps,17,EPSG:4326,"max_class_share=0.76,fg_share=1.00"
svo_airport_small_17_79165_40847,svo_airport_small,17,79165,40847,images/tiles/svo_airport_small_17_79165_40847.png,masks/tiles/svo_airport_small_17_79165_40847.png,1.0,"{""2"": 57613, ""4"": 7923}",Overture Maps,17,EPSG:4326,"max_class_share=0.88,fg_share=1.00"
svo_airport_small_17_79166_40847,svo_airport_small,17,79166,40847,images/tiles/svo_airport_small_17_79166_40847.png,masks/tiles/svo_airport_small_17_79166_40847.png,1.0,"{""2"": 50691, ""4"": 14845}",Overture Maps,17,EPSG:4326,"max_class_share=0.77,fg_share=1.00"
svo_airport_small_17_79169_40847,svo_airport_small,17,79169,40847,images/tiles/svo_airport_small_17_79169_40847.png,masks/tiles/svo_airport_small_17_79169_40847.png,1.0,"{""2"": 57092, ""3"": 4842, ""4"": 3602}",Overture Maps,17,EPSG:4326,"max_class_share=0.87,fg_share=1.00"
svo_airport_small_17_79170_40847,svo_airport_small,17,79170,40847,images/tiles/svo_airport_small_17_79170_40847.png,masks/tiles/svo_airport_small_17_79170_40847.png,1.0,"{""2"": 52092, ""3"": 6983, ""4"": 6461}",Overture Maps,17,EPSG:4326,"max_class_share=0.79,fg_share=1.00"
svo_airport_small_17_79171_40847,svo_airport_small,17,79171,40847,images/tiles/svo_airport_small_17_79171_40847.png,masks/tiles/svo_airport_small_17_79171_40847.png,1.0,"{""2"": 43671, ""3"": 16549, ""4"": 5316}",Overture Maps,17,EPSG:4326,"max_class_share=0.67,fg_share=1.00"
svo_airport_small_17_79172_40847,svo_airport_small,17,79172,40847,images/tiles/svo_airport_small_17_79172_40847.png,masks/tiles/svo_airport_small_17_79172_40847.png,1.0,"{""2"": 54326, ""3"": 7846, ""4"": 3364}",Overture Maps,17,EPSG:4326,"max_class_share=0.83,fg_share=1.00"
svo_airport_small_17_79173_40847,svo_airport_small,17,79173,40847,images/tiles/svo_airport_small_17_79173_40847.png,masks/tiles/svo_airport_small_17_79173_40847.png,1.0,"{""2"": 56701, ""3"": 6238, ""4"": 2597}",Overture Maps,17,EPSG:4326,"max_class_share=0.87,fg_share=1.00"
