tile_id,region_id,z,x,y,image_path,mask_path,non_background_ratio,pixel_hist_json,vector_source,zoom,crs
moscow_city_small_17_79218_40964,moscow_city_small,17,79218,40964,images/tiles/moscow_city_small_17_79218_40964.png,masks/tiles/moscow_city_small_17_79218_40964.png,0.45433,"{""0"": 35761, ""3"": 17073, ""4"": 12702}",Overture Maps,17,EPSG:4326
moscow_city_small_17_79219_40964,moscow_city_small,17,79219,40964,images/tiles/moscow_city_small_17_79219_40964.png,masks/tiles/moscow_city_small_17_79219_40964.png,0.686783,"{""0"": 20527, ""2"": 9268, ""3"": 18711, ""4"": 17030}",Overture Maps,17,EPSG:4326
moscow_city_small_17_79220_40964,moscow_city_small,17,79220,40964,images/tiles/moscow_city_small_17_79220_40964.png,masks/tiles/moscow_city_small_17_79220_40964.png,0.571075,"{""0"": 28110, ""2"": 1368, ""3"": 16522, ""4"": 19536}",Overture Maps,17,EPSG:4326
moscow_city_small_17_79221_40964,moscow_city_small,17,79221,40964,images/tiles/moscow_city_small_17_79221_40964.png,masks/tiles/moscow_city_small_17_79221_40964.png,0.563889,"{""0"": 28581, ""2"": 3021, ""3"": 17670, ""4"": 16264}",Overture Maps,17,EPSG:4326
moscow_city_small_17_79222_40964,moscow_city_small,17,79222,40964,images/tiles/moscow_city_small_17_79222_40964.png,masks/tiles/moscow_city_small_17_79222_40964.png,0.675934,"{""0"": 21238, ""2"": 3125, ""3"": 26262, ""4"": 14911}",Overture Maps,17,EPSG:4326
moscow_city_small_17_79223_40964,moscow_city_small,17,79223,40964,images/tiles/moscow_city_small_17_79223_40964.png,masks/tiles/moscow_city_small_17_79223_40964.png,0.650436,"{""0"": 22909, ""2"": 1109, ""3"": 23588, ""4"": 17930}",Overture Maps,17,EPSG:4326
moscow_city_small_17_79224_40964,moscow_city_small,17,79224,40964,images/tiles/moscow_city_small_17_79224_40964.png,masks/tiles/moscow_city_small_17_79224_40964.png,0.698349,"{""0"": 19769, ""2"": 2544, ""3"": 18359, ""4"": 24864}",Overture Maps,17,EPSG:4326
moscow_city_small_17_79225_40964,moscow_city_small,17,79225,40964,images/tiles/moscow_city_small_17_79225_40964.png,masks/tiles/moscow_city_small_17_79225_40964.png,0.642868,"{""0"": 23405, ""2"": 2349, ""3"": 24055, ""4"": 15727}",Overture Maps,17,EPSG:4326
moscow_city_small_17_79226_40964,moscow_city_small,17,79226,40964,images/tiles/moscow_city_small_17_79226_40964.png,masks/tiles/moscow_city_small_17_79226_40964.png,0.662537,"{""0"": 22116, ""2"": 824, ""3"": 19484, ""4"": 23112}",Overture Maps,17,EPSG:4326
moscow_city_small_17_79227_40964,moscow_city_small,17,79227,40964,images/tiles/moscow_city_small_17_79227_40964.png,masks/tiles/moscow_city_small_17_79227_40964.png,0.690811,"{""0"": 20263, ""2"": 2052, ""3"": 21354, ""4"": 21867}",Overture Maps,17,EPSG:4326
moscow_city_small_17_79228_40964,moscow_city_small,17,79228,40964,images/tiles/moscow_city_small_17_79228_40964.png,masks/tiles/moscow_city_small_17_79228_40964.png,0.789719,"{""0"": 13781, ""2"": 10146, ""3"": 28018, ""4"": 13591}",Overture Maps,17,EPSG:4326
moscow_city_small_17_79229_40964,moscow_city_small,17,79229,40964,images/tiles/moscow_city_small_17_79229_40964.png,masks/tiles/moscow_city_small_17_79229_40964.png,0.914719,"{""0"": 5589, ""2"": 29724, ""3"": 13143, ""4"": 17080}",Overture Maps,17,EPSG:4326
moscow_city_small_17_79230_40964,moscow_city_small,17,79230,40964,images/tiles/moscow_city_small_17_79230_40964.png,masks/tiles/moscow_city_small_17_79230_40964.png,0.758713,"{""0"": 15813, ""2"": 11582, ""3"": 18565, ""4"": 19576}",Overture Maps,17,EPSG:4326
moscow_city_small_17_79231_40964,moscow_city_small,17,79231,40964,images/tiles/moscow_city_small_17_79231_40964.png,masks/tiles/moscow_city_small_17_79231_40964.png,0.758713,"{""0"": 15813, ""3"": 30264, ""4"": 19459}",Overture Maps,17,EPSG:4326
moscow_city_small_17_79232_40964,moscow_city_small,17,79232,40964,images/tiles/moscow_city_small_17_79232_40964.png,masks/tiles/moscow_city_small_17_79232_40964.png,0.621704,"{""0"": 24792, ""2"": 246, ""3"": 25119, ""4"": 15379}",Overture Maps,17,EPSG:4326
moscow_city_small_17_79233_40964,moscow_city_small,17,79233,40964,images/tiles/moscow_city_small_17_79233_40964.png,masks/tiles/moscow_city_small_17_79233_40964.png,0.770798,"{""0"": 15021, ""2"": 16632, ""3"": 15307, ""4"": 18576}",Overture Maps,17,EPSG:4326
moscow_city_small_17_79234_40964,moscow_city_small,17,79234,40964,images/tiles/moscow_city_small_17_79234_40964.png,masks/tiles/moscow_city_small_17_79234_40964.png,0.804672,"{""0"": 12801, ""2"": 8438, ""3"": 25238, ""4"": 19059}",Overture Maps,17,EPSG:4326
moscow_city_small_17_79235_40964,moscow_city_small,17,79235,40964,images/tiles/moscow_city_small_17_79235_40964.png,masks/tiles/moscow_city_small_17_79235_40964.png,0.741577,"{""0"": 16936, ""2"": 2148, ""3"": 25958, ""4"": 20494}",Overture Maps,17,EPSG:4326
moscow_city_small_17_79236_40964,moscow_city_small,17,79236,40964,images/tiles/moscow_city_small_17_79236_40964.png,masks/tiles/moscow_city_small_17_79236_40964.png,0.713913,"{""0"": 18749, ""2"": 601, ""3"": 23505, ""4"": 22681}",Overture Maps,17,EPSG:4326
moscow_city_small_17_79237_40964,moscow_city_small,17,79237,40964,images/tiles/moscow_city_small_17_79237_40964.png,masks/tiles/moscow_city_small_17_79237_40964.png,0.824554,"{""0"": 11498, ""2"": 804, ""3"": 32925, ""4"": 20309}",Overture Maps,17,EPSG:4326
moscow_city_small_17_79238_40964,moscow_city_small,17,79238,40964,images/tiles/moscow_city_small_17_79238_40964.png,masks/tiles/moscow_city_small_17_79238_40964.png,0.667908,"{""0"": 21764, ""2"": 975, ""3"": 25507, ""4"": 17290}",Overture Maps,17,EPSG:4326
moscow_city_small_17_79239_40964,moscow_city_small,17,79239,40964,images/tiles/moscow_city_small_17_79239_40964.png,masks/tiles/moscow_city_small_17_79239_40964.png,0.577042,"{""0"": 27719, ""2"": 1521, ""3"": 19162, ""4"": 17134}",Overture Maps,17,EPSG:4326
moscow_city_small_17_79240_40964,moscow_city_small,17,79240,40964,images/tiles/moscow_city_small_17_79240_40964.png,masks/tiles/moscow_city_small_17_79240_40964.png,0.393234,"{""0"": 39765, ""2"": 1580, ""3"": 11407, ""4"": 12784}",Overture Maps,17,EPSG:4326
moscow_city_small_17_79218_40965,moscow_city_small,17,79218,40965,images/tiles/moscow_city_small_17_79218_40965.png,masks/tiles/moscow_city_small_17_79218_40965.png,0.434433,"{""0"": 37065, ""3"": 13891, ""4"": 14580}",Overture Maps,17,EPSG:4326
moscow_city_small_17_79219_40965,moscow_city_small,17,79219,40965,images/tiles/moscow_city_small_17_79219_40965.png,masks/tiles/moscow_city_small_17_79219_40965.png,0.559494,"{""0"": 28869, ""2"": 599, ""3"": 18689, ""4"": 17379}",Overture Maps,17,EPSG:4326
moscow_city_small_17_79220_40965,moscow_city_small,17,79220,40965,images/tiles/moscow_city_small_17_79220_40965.png,masks/tiles/moscow_city_small_17_79220_40965.png,0.64772,"{""0"": 23087, ""2"": 7366, ""3"": 17582, ""4"": 17501}",Overture Maps,17,EPSG:4326
moscow_city_small_17_79221_40965,moscow_city_small,17,79221,40965,images/tiles/moscow_city_small_17_79221_40965.png,masks/tiles/moscow_city_small_17_79221_40965.png,0.770905,"{""0"": 15014, ""2"": 6834, ""3"": 23152, ""4"": 20536}",Overture Maps,17,EPSG:4326
moscow_city_small_17_79222_40965,moscow_city_small,17,79222,40965,images/tiles/moscow_city_small_17_79222_40965.png,masks/tiles/moscow_city_small_17_79222_40965.png,0.627136,"{""0"": 24436, ""2"": 1164, ""3"": 28679, ""4"": 11257}",Overture Maps,17,EPSG:4326
moscow_city_small_17_79223_40965,moscow_city_small,17,79223,40965,images/tiles/moscow_city_small_17_79223_40965.png,masks/tiles/moscow_city_small_17_79223_40965.png,0.658646,"{""0"": 22371, ""2"": 6116, ""3"": 19649, ""4"": 17400}",Overture Maps,17,EPSG:4326
moscow_city_small_17_79224_40965,moscow_city_small,17,79224,40965,images/tiles/moscow_city_small_17_79224_40965.png,masks/tiles/moscow_city_small_17_79224_40965.png,0.84523,"{""0"": 10143, ""2"": 8630, ""3"": 35050, ""4"": 11713}",Overture Maps,17,EPSG:4326
moscow_city_small_17_79225_40965,moscow_city_small,17,79225,40965,images/tiles/moscow_city_small_17_79225_40965.png,masks/tiles/moscow_city_small_17_79225_40965.png,0.739197,"{""0"": 17092, ""2"": 244, ""3"": 28339, ""4"": 19861}",Overture Maps,17,EPSG:4326
moscow_city_small_17_79226_40965,moscow_city_small,17,79226,40965,images/tiles/moscow_city_small_17_79226_40965.png,masks/tiles/moscow_city_small_17_79226_40965.png,0.792053,"{""0"": 13628, ""3"": 35491, ""4"": 16417}",Overture Maps,17,EPSG:4326
moscow_city_small_17_79227_40965,moscow_city_small,17,79227,40965,images/tiles/moscow_city_small_17_79227_40965.png,masks/tiles/moscow_city_small_17_79227_40965.png,0.806137,"{""0"": 12705, ""3"": 35635, ""4"": 17196}",Overture Maps,17,EPSG:4326
moscow_city_small_17_79228_40965,moscow_city_small,17,79228,40965,images/tiles/moscow_city_small_17_79228_40965.png,masks/tiles/moscow_city_small_17_79228_40965.png,0.73848,"{""0"": 17139, ""3"": 38230, ""4"": 10167}",Overture Maps,17,EPSG:4326
moscow_city_small_17_79229_40965,moscow_city_small,17,79229,40965,images/tiles/moscow_city_small_17_79229_40965.png,masks/tiles/moscow_city_small_17_79229_40965.png,0.826782,"{""0"": 11352, ""2"": 17873, ""3"": 18181, ""4"": 18130}",Overture Maps,17,EPSG:4326
moscow_city_small_17_79230_40965,moscow_city_small,17,79230,40965,images/tiles/moscow_city_small_17_79230_40965.png,masks/tiles/moscow_city_small_17_79230_40965.png,0.850616,"{""0"": 9790, ""2"": 11056, ""3"": 20752, ""4"": 23938}",Overture Maps,17,EPSG:4326
moscow_city_small_17_79231_40965,moscow_city_small,17,79231,40965,images/tiles/moscow_city_small_17_79231_40965.png,masks/tiles/moscow_city_small_17_79231_40965.png,0.790695,"{""0"": 13717, ""2"": 5859, ""3"": 26388, ""4"": 19572}",Overture Maps,17,EPSG:4326
moscow_city_small_17_79232_40965,moscow_city_small,17,79232,40965,images/tiles/moscow_city_small_17_79232_40965.png,masks/tiles/moscow_city_small_17_79232_40965.png,0.803116,"{""0"": 12903, ""2"": 7789, ""3"": 21475, ""4"": 23369}",Overture Maps,17,EPSG:4326
moscow_city_small_17_79233_40965,moscow_city_small,17,79233,40965,images/tiles/moscow_city_small_17_79233_40965.png,masks/tiles/moscow_city_small_17_79233_40965.png,0.816467,"{""0"": 12028, ""2"": 20126, ""3"": 10835, ""4"": 22547}",Overture Maps,17,EPSG:4326
moscow_city_small_17_79234_40965,moscow_city_small,17,79234,40965,images/tiles/moscow_city_small_17_79234_40965.png,masks/tiles/moscow_city_small_17_79234_40965.png,0.871704,"{""0"": 8408, ""2"": 4245, ""3"": 31697, ""4"": 21186}",Overture Maps,17,EPSG:4326
moscow_city_small_17_79235_40965,moscow_city_small,17,79235,40965,images/tiles/moscow_city_small_17_79235_40965.png,masks/tiles/moscow_city_small_17_79235_40965.png,0.840714,"{""0"": 10439, ""2"": 1366, ""3"": 25975, ""4"": 27756}",Overture Maps,17,EPSG:4326
moscow_city_small_17_79236_40965,moscow_city_small,17,79236,40965,images/tiles/moscow_city_small_17_79236_40965.png,masks/tiles/moscow_city_small_17_79236_40965.png,0.836365,"{""0"": 10724, ""2"": 2938, ""3"": 26676, ""4"": 25198}",Overture Maps,17,EPSG:4326
moscow_city_small_17_79237_40965,moscow_city_small,17,79237,40965,images/tiles/moscow_city_small_17_79237_40965.png,masks/tiles/moscow_city_small_17_79237_40965.png,0.823059,"{""0"": 11596, ""2"": 48, ""3"": 30520, ""4"": 23372}",Overture Maps,17,EPSG:4326
moscow_city_small_17_79238_40965,moscow_city_small,17,79238,40965,images/tiles/moscow_city_small_17_79238_40965.png,masks/tiles/moscow_city_small_17_79238_40965.png,0.805405,"{""0"": 12753, ""2"": 91, ""3"": 30561, ""4"": 22131}",Overture Maps,17,EPSG:4326
moscow_city_small_17_79239_40965,moscow_city_small,17,79239,40965,images/tiles/moscow_city_small_17_79239_40965.png,masks/tiles/moscow_city_small_17_79239_40965.png,0.739624,"{""0"": 17064, ""2"": 2990, ""3"": 30957, ""4"": 14525}",Overture Maps,17,EPSG:4326
moscow_city_small_17_79240_40965,moscow_city_small,17,79240,40965,images/tiles/moscow_city_small_17_79240_40965.png,masks/tiles/moscow_city_small_17_79240_40965.png,0.486862,"{""0"": 33629, ""2"": 1096, ""3"": 20803, ""4"": 10008}",Overture Maps,17,EPSG:4326
moscow_city_small_17_79218_40966,moscow_city_small,17,79218,40966,images/tiles/moscow_city_small_17_79218_40966.png,masks/tiles/moscow_city_small_17_79218_40966.png,0.337173,"{""0"": 43439, ""2"": 3245, ""3"": 11588, ""4"": 7264}",Overture Maps,17,EPSG:4326
moscow_city_small_17_79219_40966,moscow_city_small,17,79219,40966,images/tiles/moscow_city_small_17_79219_40966.png,masks/tiles/moscow_city_small_17_79219_40966.png,0.789627,"{""0"": 13787, ""2"": 5863, ""3"": 22922, ""4"": 22964}",Overture Maps,17,EPSG:4326
moscow_city_small_17_79220_40966,moscow_city_small,17,79220,40966,images/tiles/moscow_city_small_17_79220_40966.png,masks/tiles/moscow_city_small_17_79220_40966.png,0.578323,"{""0"": 27635, ""2"": 2677, ""3"": 19335, ""4"": 15889}",Overture Maps,17,EPSG:4326
moscow_city_small_17_79221_40966,moscow_city_small,17,79221,40966,images/tiles/moscow_city_small_17_79221_40966.png,masks/tiles/moscow_city_small_17_79221_40966.png,0.704102,"{""0"": 19392, ""2"": 2166, ""3"": 27016, ""4"": 16962}",Overture Maps,17,EPSG:4326
moscow_city_small_17_79222_40966,moscow_city_small,17,79222,40966,images/tiles/moscow_city_small_17_79222_40966.png,masks/tiles/moscow_city_small_17_79222_40966.png,0.617966,"{""0"": 25037, ""2"": 817, ""3"": 23049, ""4"": 16633}",Overture Maps,17,EPSG:4326
moscow_city_small_17_79223_40966,moscow_city_small,17,79223,40966,images/tiles/moscow_city_small_17_79223_40966.png,masks/tiles/moscow_city_small_17_79223_40966.png,0.800827,"{""0"": 13053, ""2"": 3511, ""3"": 31044, ""4"": 17928}",Overture Maps,17,EPSG:4326
moscow_city_small_17_79224_40966,moscow_city_small,17,79224,40966,images/tiles/moscow_city_small_17_79224_40966.png,masks/tiles/moscow_city_small_17_79224_40966.png,0.81105,"{""0"": 12383, ""2"": 2332, ""3"": 35723, ""4"": 15098}",Overture Maps,17,EPSG:4326
moscow_city_small_17_79225_40966,moscow_city_small,17,79225,40966,images/tiles/moscow_city_small_17_79225_40966.png,masks/tiles/moscow_city_small_17_79225_40966.png,0.702393,"{""0"": 19504, ""2"": 791, ""3"": 29053, ""4"": 16188}",Overture Maps,17,EPSG:4326
moscow_city_small_17_79226_40966,moscow_city_small,17,79226,40966,images/tiles/moscow_city_small_17_79226_40966.png,masks/tiles/moscow_city_small_17_79226_40966.png,0.718307,"{""0"": 18461, ""2"": 838, ""3"": 29767, ""4"": 16470}",Overture Maps,17,EPSG:4326
moscow_city_small_17_79227_40966,moscow_city_small,17,79227,40966,images/tiles/moscow_city_small_17_79227_40966.png,masks/tiles/moscow_city_small_17_79227_40966.png,0.788361,"{""0"": 13870, ""2"": 2164, ""3"": 33602, ""4"": 15900}",Overture Maps,17,EPSG:4326
moscow_city_small_17_79228_40966,moscow_city_small,17,79228,40966,images/tiles/moscow_city_small_17_79228_40966.png,masks/tiles/moscow_city_small_17_79228_40966.png,0.829926,"{""0"": 11146, ""2"": 3485, ""3"": 26249, ""4"": 24656}",Overture Maps,17,EPSG:4326
moscow_city_small_17_79229_40966,moscow_city_small,17,79229,40966,images/tiles/moscow_city_small_17_79229_40966.png,masks/tiles/moscow_city_small_17_79229_40966.png,0.874786,"{""0"": 8206, ""2"": 13875, ""3"": 21895, ""4"": 21560}",Overture Maps,17,EPSG:4326
moscow_city_small_17_79230_40966,moscow_city_small,17,79230,40966,images/tiles/moscow_city_small_17_79230_40966.png,masks/tiles/moscow_city_small_17_79230_40966.png,0.826599,"{""0"": 11364, ""2"": 1751, ""3"": 36106, ""4"": 16315}",Overture Maps,17,EPSG:4326
moscow_city_small_17_79231_40966,moscow_city_small,17,79231,40966,images/tiles/moscow_city_small_17_79231_40966.png,masks/tiles/moscow_city_small_17_79231_40966.png,0.702225,"{""0"": 19515, ""2"": 324, ""3"": 26260, ""4"": 19437}",Overture Maps,17,EPSG:4326
moscow_city_small_17_79232_40966,moscow_city_small,17,79232,40966,images/tiles/moscow_city_small_17_79232_40966.png,masks/tiles/moscow_city_small_17_79232_40966.png,0.683838,"{""0"": 20720, ""2"": 18, ""3"": 35699, ""4"": 9099}",Overture Maps,17,EPSG:4326
moscow_city_small_17_79233_40966,moscow_city_small,17,79233,40966,images/tiles/moscow_city_small_17_79233_40966.png,masks/tiles/moscow_city_small_17_79233_40966.png,0.79245,"{""0"": 13602, ""2"": 3330, ""3"": 26326, ""4"": 22278}",Overture Maps,17,EPSG:4326
moscow_city_small_17_79234_40966,moscow_city_small,17,79234,40966,images/tiles/moscow_city_small_17_79234_40966.png,masks/tiles/moscow_city_small_17_79234_40966.png,0.727585,"{""0"": 17853, ""2"": 1033, ""3"": 23362, ""4"": 23288}",Overture Maps,17,EPSG:4326
moscow_city_small_17_79235_40966,moscow_city_small,17,79235,40966,images/tiles/moscow_city_small_17_79235_40966.png,masks/tiles/moscow_city_small_17_79235_40966.png,0.809311,"{""0"": 12497, ""2"": 6206, ""3"": 29639, ""4"": 17194}",Overture Maps,17,EPSG:4326
moscow_city_small_17_79236_40966,moscow_city_small,17,79236,40966,images/tiles/moscow_city_small_17_79236_40966.png,masks/tiles/moscow_city_small_17_79236_40966.png,0.792221,"{""0"": 13617, ""2"": 4170, ""3"": 27935, ""4"": 19814}",Overture Maps,17,EPSG:4326
moscow_city_small_17_79237_40966,moscow_city_small,17,79237,40966,images/tiles/moscow_city_small_17_79237_40966.png,masks/tiles/moscow_city_small_17_79237_40966.png,0.839432,"{""0"": 10523, ""2"": 8353, ""3"": 21195, ""4"": 25465}",Overture Maps,17,EPSG:4326
moscow_city_small_17_79238_40966,moscow_city_small,17,79238,40966,images/tiles/moscow_city_small_17_79238_40966.png,masks/tiles/moscow_city_small_17_79238_40966.png,0.817703,"{""0"": 11947, ""2"": 8678, ""3"": 21481, ""4"": 23430}",Overture Maps,17,EPSG:4326
moscow_city_small_17_79239_40966,moscow_city_small,17,79239,40966,images/tiles/moscow_city_small_17_79239_40966.png,masks/tiles/moscow_city_small_17_79239_40966.png,0.673615,"{""0"": 21390, ""2"": 546, ""3"": 22655, ""4"": 20945}",Overture Maps,17,EPSG:4326
moscow_city_small_17_79240_40966,moscow_city_small,17,79240,40966,images/tiles/moscow_city_small_17_79240_40966.png,masks/tiles/moscow_city_small_17_79240_40966.png,0.413376,"{""0"": 38445, ""3"": 16578, ""4"": 10513}",Overture Maps,17,EPSG:4326
moscow_city_small_17_79218_40967,moscow_city_small,17,79218,40967,images/tiles/moscow_city_small_17_79218_40967.png,masks/tiles/moscow_city_small_17_79218_40967.png,0.486572,"{""0"": 33648, ""2"": 1070, ""3"": 17635, ""4"": 13183}",Overture Maps,17,EPSG:4326
moscow_city_small_17_79219_40967,moscow_city_small,17,79219,40967,images/tiles/moscow_city_small_17_79219_40967.png,masks/tiles/moscow_city_small_17_79219_40967.png,0.701675,"{""0"": 19551, ""2"": 2926, ""3"": 22736, ""4"": 20323}",Overture Maps,17,EPSG:4326
moscow_city_small_17_79220_40967,moscow_city_small,17,79220,40967,images/tiles/moscow_city_small_17_79220_40967.png,masks/tiles/moscow_city_small_17_79220_40967.png,0.60318,"{""0"": 26006, ""2"": 7814, ""3"": 21089, ""4"": 10627}",Overture Maps,17,EPSG:4326
moscow_city_small_17_79221_40967,moscow_city_small,17,79221,40967,images/tiles/moscow_city_small_17_79221_40967.png,masks/tiles/moscow_city_small_17_79221_40967.png,0.501923,"{""0"": 32642, ""2"": 461, ""3"": 16510, ""4"": 15923}",Overture Maps,17,EPSG:4326
moscow_city_small_17_79222_40967,moscow_city_small,17,79222,40967,images/tiles/moscow_city_small_17_79222_40967.png,masks/tiles/moscow_city_small_17_79222_40967.png,0.797928,"{""0"": 13243, ""2"": 11225, ""3"": 20340, ""4"": 20728}",Overture Maps,17,EPSG:4326
moscow_city_small_17_79223_40967,moscow_city_small,17,79223,40967,images/tiles/moscow_city_small_17_79223_40967.png,masks/tiles/moscow_city_small_17_79223_40967.png,0.733246,"{""0"": 17482, ""2"": 3461, ""3"": 21410, ""4"": 23183}",Overture Maps,17,EPSG:4326
moscow_city_small_17_79224_40967,moscow_city_small,17,79224,40967,images/tiles/moscow_city_small_17_79224_40967.png,masks/tiles/moscow_city_small_17_79224_40967.png,0.805588,"{""0"": 12741, ""2"": 715, ""3"": 31589, ""4"": 20491}",Overture Maps,17,EPSG:4326
moscow_city_small_17_79225_40967,moscow_city_small,17,79225,40967,images/tiles/moscow_city_small_17_79225_40967.png,masks/tiles/moscow_city_small_17_79225_40967.png,0.643143,"{""0"": 23387, ""2"": 214, ""3"": 26380, ""4"": 15555}",Overture Maps,17,EPSG:4326
moscow_city_small_17_79226_40967,moscow_city_small,17,79226,40967,images/tiles/moscow_city_small_17_79226_40967.png,masks/tiles/moscow_city_small_17_79226_40967.png,0.696152,"{""0"": 19913, ""2"": 1046, ""3"": 25072, ""4"": 19505}",Overture Maps,17,EPSG:4326
moscow_city_small_17_79227_40967,moscow_city_small,17,79227,40967,images/tiles/moscow_city_small_17_79227_40967.png,masks/tiles/moscow_city_small_17_79227_40967.png,0.768631,"{""0"": 15163, ""2"": 17863, ""3"": 2414, ""4"": 30096}",Overture Maps,17,EPSG:4326
moscow_city_small_17_79228_40967,moscow_city_small,17,79228,40967,images/tiles/moscow_city_small_17_79228_40967.png,masks/tiles/moscow_city_small_17_79228_40967.png,0.846817,"{""0"": 10039, ""2"": 3706, ""3"": 30389, ""4"": 21402}",Overture Maps,17,EPSG:4326
moscow_city_small_17_79229_40967,moscow_city_small,17,79229,40967,images/tiles/moscow_city_small_17_79229_40967.png,masks/tiles/moscow_city_small_17_79229_40967.png,0.835541,"{""0"": 10778, ""2"": 292, ""3"": 36128, ""4"": 18338}",Overture Maps,17,EPSG:4326
moscow_city_small_17_79230_40967,moscow_city_small,17,79230,40967,images/tiles/moscow_city_small_17_79230_40967.png,masks/tiles/moscow_city_small_17_79230_40967.png,0.711151,"{""0"": 18930, ""2"": 508, ""3"": 32598, ""4"": 13500}",Overture Maps,17,EPSG:4326
moscow_city_small_17_79231_40967,moscow_city_small,17,79231,40967,images/tiles/moscow_city_small_17_79231_40967.png,masks/tiles/moscow_city_small_17_79231_40967.png,0.847031,"{""0"": 10025, ""3"": 38314, ""4"": 17197}",Overture Maps,17,EPSG:4326
moscow_city_small_17_79232_40967,moscow_city_small,17,79232,40967,images/tiles/moscow_city_small_17_79232_40967.png,masks/tiles/moscow_city_small_17_79232_40967.png,0.816437,"{""0"": 12030, ""2"": 222, ""3"": 37974, ""4"": 15310}",Overture Maps,17,EPSG:4326
moscow_city_small_17_79233_40967,moscow_city_small,17,79233,40967,images/tiles/moscow_city_small_17_79233_40967.png,masks/tiles/moscow_city_small_17_79233_40967.png,0.875458,"{""0"": 8162, ""2"": 1649, ""3"": 32931, ""4"": 22794}",Overture Maps,17,EPSG:4326
moscow_city_small_17_79234_40967,moscow_city_small,17,79234,40967,images/tiles/moscow_city_small_17_79234_40967.png,masks/tiles/moscow_city_small_17_79234_40967.png,0.777344,"{""0"": 14592, ""3"": 34656, ""4"": 16288}",Overture Maps,17,EPSG:4326
moscow_city_small_17_79235_40967,moscow_city_small,17,79235,40967,images/tiles/moscow_city_small_17_79235_40967.png,masks/tiles/moscow_city_small_17_79235_40967.png,0.76088,"{""0"": 15671, ""3"": 37633, ""4"": 12232}",Overture Maps,17,EPSG:4326
moscow_city_small_17_79236_40967,moscow_city_small,17,79236,40967,images/tiles/moscow_city_small_17_79236_40967.png,masks/tiles/moscow_city_small_17_79236_40967.png,0.704666,"{""0"": 19355, ""3"": 31241, ""4"": 14940}",Overture Maps,17,EPSG:4326
moscow_city_small_17_79237_40967,moscow_city_small,17,79237,40967,images/tiles/moscow_city_small_17_79237_40967.png,masks/tiles/moscow_city_small_17_79237_40967.png,0.803818,"{""0"": 12857, ""3"": 34183, ""4"": 18496}",Overture Maps,17,EPSG:4326
moscow_city_small_17_79238_40967,moscow_city_small,17,79238,40967,images/tiles/moscow_city_small_17_79238_40967.png,masks/tiles/moscow_city_small_17_79238_40967.png,0.842987,"{""0"": 10290, ""2"": 1716, ""3"": 36146, ""4"": 17384}",Overture Maps,17,EPSG:4326
moscow_city_small_17_79239_40967,moscow_city_small,17,79239,40967,images/tiles/moscow_city_small_17_79239_40967.png,masks/tiles/moscow_city_small_17_79239_40967.png,0.71727,"{""0"": 18529, ""2"": 1980, ""3"": 15895, ""4"": 29132}",Overture Maps,17,EPSG:4326
moscow_city_small_17_79240_40967,moscow_city_small,17,79240,40967,images/tiles/moscow_city_small_17_79240_40967.png,masks/tiles/moscow_city_small_17_79240_40967.png,0.36293,"{""0"": 41751, ""2"": 3857, ""3"": 9368, ""4"": 10560}",Overture Maps,17,EPSG:4326
moscow_city_small_17_79218_40968,moscow_city_small,17,79218,40968,images/tiles/moscow_city_small_17_79218_40968.png,masks/tiles/moscow_city_small_17_79218_40968.png,0.352615,"{""0"": 42427, ""3"": 18765, ""4"": 4344}",Overture Maps,17,EPSG:4326
moscow_city_small_17_79219_40968,moscow_city_small,17,79219,40968,images/tiles/moscow_city_small_17_79219_40968.png,masks/tiles/moscow_city_small_17_79219_40968.png,0.571838,"{""0"": 28060, ""2"": 11594, ""3"": 16188, ""4"": 9694}",Overture Maps,17,EPSG:4326
moscow_city_small_17_79220_40968,moscow_city_small,17,79220,40968,images/tiles/moscow_city_small_17_79220_40968.png,masks/tiles/moscow_city_small_17_79220_40968.png,0.626831,"{""0"": 24456, ""2"": 4648, ""3"": 31844, ""4"": 4588}",Overture Maps,17,EPSG:4326
moscow_city_small_17_79221_40968,moscow_city_small,17,79221,40968,images/tiles/moscow_city_small_17_79221_40968.png,masks/tiles/moscow_city_small_17_79221_40968.png,0.65213,"{""0"": 22798, ""2"": 789, ""3"": 22663, ""4"": 19286}",Overture Maps,17,EPSG:4326
moscow_city_small_17_79222_40968,moscow_city_small,17,79222,40968,images/tiles/moscow_city_small_17_79222_40968.png,masks/tiles/moscow_city_small_17_79222_40968.png,0.796539,"{""0"": 13334, ""2"": 19804, ""3"": 16812, ""4"": 15586}",Overture Maps,17,EPSG:4326
moscow_city_small_17_79223_40968,moscow_city_small,17,79223,40968,images/tiles/moscow_city_small_17_79223_40968.png,masks/tiles/moscow_city_small_17_79223_40968.png,0.86647,"{""0"": 8751, ""2"": 11824, ""3"": 24530, ""4"": 20431}",Overture Maps,17,EPSG:4326
moscow_city_small_17_79224_40968,moscow_city_small,17,79224,40968,images/tiles/moscow_city_small_17_79224_40968.png,masks/tiles/moscow_city_small_17_79224_40968.png,0.813187,"{""0"": 12243, ""2"": 2682, ""3"": 24934, ""4"": 25677}",Overture Maps,17,EPSG:4326
moscow_city_small_17_79225_40968,moscow_city_small,17,79225,40968,images/tiles/moscow_city_small_17_79225_40968.png,masks/tiles/moscow_city_small_17_79225_40968.png,0.662918,"{""0"": 22091, ""2"": 840, ""3"": 22353, ""4"": 20252}",Overture Maps,17,EPSG:4326
moscow_city_small_17_79226_40968,moscow_city_small,17,79226,40968,images/tiles/moscow_city_small_17_79226_40968.png,masks/tiles/moscow_city_small_17_79226_40968.png,0.683289,"{""0"": 20756, ""2"": 6142, ""3"": 17868, ""4"": 20770}",Overture Maps,17,EPSG:4326
moscow_city_small_17_79227_40968,moscow_city_small,17,79227,40968,images/tiles/moscow_city_small_17_79227_40968.png,masks/tiles/moscow_city_small_17_79227_40968.png,0.909225,"{""0"": 5949, ""2"": 11563, ""3"": 25306, ""4"": 22718}",Overture Maps,17,EPSG:4326
moscow_city_small_17_79228_40968,moscow_city_small,17,79228,40968,images/tiles/moscow_city_small_17_79228_40968.png,masks/tiles/moscow_city_small_17_79228_40968.png,0.690781,"{""0"": 20265, ""3"": 27650, ""4"": 17621}",Overture Maps,17,EPSG:4326
moscow_city_small_17_79229_40968,moscow_city_small,17,79229,40968,images/tiles/moscow_city_small_17_79229_40968.png,masks/tiles/moscow_city_small_17_79229_40968.png,0.75058,"{""0"": 16346, ""2"": 674, ""3"": 30975, ""4"": 17541}",Overture Maps,17,EPSG:4326
moscow_city_small_17_79230_40968,moscow_city_small,17,79230,40968,images/tiles/moscow_city_small_17_79230_40968.png,masks/tiles/moscow_city_small_17_79230_40968.png,0.766525,"{""0"": 15301, ""2"": 234, ""3"": 35035, ""4"": 14966}",Overture Maps,17,EPSG:4326
moscow_city_small_17_79231_40968,moscow_city_small,17,79231,40968,images/tiles/moscow_city_small_17_79231_40968.png,masks/tiles/moscow_city_small_17_79231_40968.png,0.81842,"{""0"": 11900, ""2"": 733, ""3"": 40709, ""4"": 12194}",Overture Maps,17,EPSG:4326
moscow_city_small_17_79232_40968,moscow_city_small,17,79232,40968,images/tiles/moscow_city_small_17_79232_40968.png,masks/tiles/moscow_city_small_17_79232_40968.png,0.822861,"{""0"": 11609, ""3"": 35484, ""4"": 18443}",Overture Maps,17,EPSG:4326
moscow_city_small_17_79233_40968,moscow_city_small,17,79233,40968,images/tiles/moscow_city_small_17_79233_40968.png,masks/tiles/moscow_city_small_17_79233_40968.png,0.840714,"{""0"": 10439, ""3"": 39868, ""4"": 15229}",Overture Maps,17,EPSG:4326
moscow_city_small_17_79234_40968,moscow_city_small,17,79234,40968,images/tiles/moscow_city_small_17_79234_40968.png,masks/tiles/moscow_city_small_17_79234_40968.png,0.830322,"{""0"": 11120, ""2"": 1704, ""3"": 36710, ""4"": 16002}",Overture Maps,17,EPSG:4326
moscow_city_small_17_79235_40968,moscow_city_small,17,79235,40968,images/tiles/moscow_city_small_17_79235_40968.png,masks/tiles/moscow_city_small_17_79235_40968.png,0.701935,"{""0"": 19534, ""3"": 34772, ""4"": 11230}",Overture Maps,17,EPSG:4326
moscow_city_small_17_79236_40968,moscow_city_small,17,79236,40968,images/tiles/moscow_city_small_17_79236_40968.png,masks/tiles/moscow_city_small_17_79236_40968.png,0.757996,"{""0"": 15860, ""3"": 35890, ""4"": 13786}",Overture Maps,17,EPSG:4326
moscow_city_small_17_79237_40968,moscow_city_small,17,79237,40968,images/tiles/moscow_city_small_17_79237_40968.png,masks/tiles/moscow_city_small_17_79237_40968.png,0.796494,"{""0"": 13337, ""3"": 37772, ""4"": 14427}",Overture Maps,17,EPSG:4326
moscow_city_small_17_79238_40968,moscow_city_small,17,79238,40968,images/tiles/moscow_city_small_17_79238_40968.png,masks/tiles/moscow_city_small_17_79238_40968.png,0.795181,"{""0"": 13423, ""3"": 35454, ""4"": 16659}",Overture Maps,17,EPSG:4326
moscow_city_small_17_79239_40968,moscow_city_small,17,79239,40968,images/tiles/moscow_city_small_17_79239_40968.png,masks/tiles/moscow_city_small_17_79239_40968.png,0.816223,"{""0"": 12044, ""3"": 42617, ""4"": 10875}",Overture Maps,17,EPSG:4326
moscow_city_small_17_79240_40968,moscow_city_small,17,79240,40968,images/tiles/moscow_city_small_17_79240_40968.png,masks/tiles/moscow_city_small_17_79240_40968.png,0.681854,"{""0"": 20850, ""2"": 17042, ""3"": 13515, ""4"": 14129}",Overture Maps,17,EPSG:4326
moscow_city_small_17_79218_40969,moscow_city_small,17,79218,40969,images/tiles/moscow_city_small_17_79218_40969.png,masks/tiles/moscow_city_small_17_79218_40969.png,0.411652,"{""0"": 38558, ""2"": 518, ""3"": 18136, ""4"": 8324}",Overture Maps,17,EPSG:4326
moscow_city_small_17_79219_40969,moscow_city_small,17,79219,40969,images/tiles/moscow_city_small_17_79219_40969.png,masks/tiles/moscow_city_small_17_79219_40969.png,0.55809,"{""0"": 28961, ""2"": 709, ""3"": 27260, ""4"": 8606}",Overture Maps,17,EPSG:4326
moscow_city_small_17_79220_40969,moscow_city_small,17,79220,40969,images/tiles/moscow_city_small_17_79220_40969.png,masks/tiles/moscow_city_small_17_79220_40969.png,0.644592,"{""0"": 23292, ""2"": 116, ""3"": 25368, ""4"": 16760}",Overture Maps,17,EPSG:4326
moscow_city_small_17_79221_40969,moscow_city_small,17,79221,40969,images/tiles/moscow_city_small_17_79221_40969.png,masks/tiles/moscow_city_small_17_79221_40969.png,0.595032,"{""0"": 26540, ""2"": 1991, ""3"": 19149, ""4"": 17856}",Overture Maps,17,EPSG:4326
moscow_city_small_17_79222_40969,moscow_city_small,17,79222,40969,images/tiles/moscow_city_small_17_79222_40969.png,masks/tiles/moscow_city_small_17_79222_40969.png,0.608353,"{""0"": 25667, ""2"": 99, ""3"": 21447, ""4"": 18323}",Overture Maps,17,EPSG:4326
moscow_city_small_17_79223_40969,moscow_city_small,17,79223,40969,images/tiles/moscow_city_small_17_79223_40969.png,masks/tiles/moscow_city_small_17_79223_40969.png,0.687469,"{""0"": 20482, ""3"": 25239, ""4"": 19815}",Overture Maps,17,EPSG:4326
moscow_city_small_17_79224_40969,moscow_city_small,17,79224,40969,images/tiles/moscow_city_small_17_79224_40969.png,masks/tiles/moscow_city_small_17_79224_40969.png,0.674316,"{""0"": 21344, ""2"": 86, ""3"": 25537, ""4"": 18569}",Overture Maps,17,EPSG:4326
moscow_city_small_17_79225_40969,moscow_city_small,17,79225,40969,images/tiles/moscow_city_small_17_79225_40969.png,masks/tiles/moscow_city_small_17_79225_40969.png,0.677338,"{""0"": 21146, ""2"": 231, ""3"": 24686, ""4"": 19473}",Overture Maps,17,EPSG:4326
moscow_city_small_17_79226_40969,moscow_city_small,17,79226,40969,images/tiles/moscow_city_small_17_79226_40969.png,masks/tiles/moscow_city_small_17_79226_40969.png,0.875381,"{""0"": 8167, ""2"": 13422, ""3"": 19668, ""4"": 24279}",Overture Maps,17,EPSG:4326
moscow_city_small_17_79227_40969,moscow_city_small,17,79227,40969,images/tiles/moscow_city_small_17_79227_40969.png,masks/tiles/moscow_city_small_17_79227_40969.png,0.794937,"{""0"": 13439, ""2"": 195, ""3"": 33497, ""4"": 18405}",Overture Maps,17,EPSG:4326
moscow_city_small_17_79228_40969,moscow_city_small,17,79228,40969,images/tiles/moscow_city_small_17_79228_40969.png,masks/tiles/moscow_city_small_17_79228_40969.png,0.778732,"{""0"": 14501, ""2"": 1636, ""3"": 29765, ""4"": 19634}",Overture Maps,17,EPSG:4326
moscow_city_small_17_79229_40969,moscow_city_small,17,79229,40969,images/tiles/moscow_city_small_17_79229_40969.png,masks/tiles/moscow_city_small_17_79229_40969.png,0.705032,"{""0"": 19331, ""2"": 5173, ""3"": 22708, ""4"": 18324}",Overture Maps,17,EPSG:4326
moscow_city_small_17_79230_40969,moscow_city_small,17,79230,40969,images/tiles/moscow_city_small_17_79230_40969.png,masks/tiles/moscow_city_small_17_79230_40969.png,0.816238,"{""0"": 12043, ""2"": 489, ""3"": 40498, ""4"": 12506}",Overture Maps,17,EPSG:4326
moscow_city_small_17_79231_40969,moscow_city_small,17,79231,40969,images/tiles/moscow_city_small_17_79231_40969.png,masks/tiles/moscow_city_small_17_79231_40969.png,0.833588,"{""0"": 10906, ""2"": 2473, ""3"": 36602, ""4"": 15555}",Overture Maps,17,EPSG:4326
moscow_city_small_17_79232_40969,moscow_city_small,17,79232,40969,images/tiles/moscow_city_small_17_79232_40969.png,masks/tiles/moscow_city_small_17_79232_40969.png,0.82843,"{""0"": 11244, ""2"": 1869, ""3"": 36025, ""4"": 16398}",Overture Maps,17,EPSG:4326
moscow_city_small_17_79233_40969,moscow_city_small,17,79233,40969,images/tiles/moscow_city_small_17_79233_40969.png,masks/tiles/moscow_city_small_17_79233_40969.png,0.782913,"{""0"": 14227, ""2"": 85, ""3"": 41289, ""4"": 9935}",Overture Maps,17,EPSG:4326
moscow_city_small_17_79234_40969,moscow_city_small,17,79234,40969,images/tiles/moscow_city_small_17_79234_40969.png,masks/tiles/moscow_city_small_17_79234_40969.png,0.798492,"{""0"": 13206, ""2"": 1162, ""3"": 37911, ""4"": 13257}",Overture Maps,17,EPSG:4326
moscow_city_small_17_79235_40969,moscow_city_small,17,79235,40969,images/tiles/moscow_city_small_17_79235_40969.png,masks/tiles/moscow_city_small_17_79235_40969.png,0.724762,"{""0"": 18038, ""2"": 57, ""3"": 29651, ""4"": 17790}",Overture Maps,17,EPSG:4326
moscow_city_small_17_79236_40969,moscow_city_small,17,79236,40969,images/tiles/moscow_city_small_17_79236_40969.png,masks/tiles/moscow_city_small_17_79236_40969.png,0.737274,"{""0"": 17218, ""3"": 35217, ""4"": 13101}",Overture Maps,17,EPSG:4326
moscow_city_small_17_79237_40969,moscow_city_small,17,79237,40969,images/tiles/moscow_city_small_17_79237_40969.png,masks/tiles/moscow_city_small_17_79237_40969.png,0.843826,"{""0"": 10235, ""2"": 250, ""3"": 38989, ""4"": 16062}",Overture Maps,17,EPSG:4326
moscow_city_small_17_79238_40969,moscow_city_small,17,79238,40969,images/tiles/moscow_city_small_17_79238_40969.png,masks/tiles/moscow_city_small_17_79238_40969.png,0.819458,"{""0"": 11832, ""3"": 34702, ""4"": 19002}",Overture Maps,17,EPSG:4326
moscow_city_small_17_79239_40969,moscow_city_small,17,79239,40969,images/tiles/moscow_city_small_17_79239_40969.png,masks/tiles/moscow_city_small_17_79239_40969.png,0.811371,"{""0"": 12362, ""2"": 422, ""3"": 33117, ""4"": 19635}",Overture Maps,17,EPSG:4326
moscow_city_small_17_79240_40969,moscow_city_small,17,79240,40969,images/tiles/moscow_city_small_17_79240_40969.png,masks/tiles/moscow_city_small_17_79240_40969.png,0.393082,"{""0"": 39775, ""2"": 367, ""3"": 15265, ""4"": 10129}",Overture Maps,17,EPSG:4326
moscow_city_small_17_79218_40970,moscow_city_small,17,79218,40970,images/tiles/moscow_city_small_17_79218_40970.png,masks/tiles/moscow_city_small_17_79218_40970.png,0.449677,"{""0"": 36066, ""2"": 3163, ""3"": 8720, ""4"": 17587}",Overture Maps,17,EPSG:4326
moscow_city_small_17_79219_40970,moscow_city_small,17,79219,40970,images/tiles/moscow_city_small_17_79219_40970.png,masks/tiles/moscow_city_small_17_79219_40970.png,0.517456,"{""0"": 31624, ""2"": 671, ""3"": 19721, ""4"": 13520}",Overture Maps,17,EPSG:4326
moscow_city_small_17_79220_40970,moscow_city_small,17,79220,40970,images/tiles/moscow_city_small_17_79220_40970.png,masks/tiles/moscow_city_small_17_79220_40970.png,0.572678,"{""0"": 28005, ""2"": 570, ""3"": 19585, ""4"": 17376}",Overture Maps,17,EPSG:4326
moscow_city_small_17_79221_40970,moscow_city_small,17,79221,40970,images/tiles/moscow_city_small_17_79221_40970.png,masks/tiles/moscow_city_small_17_79221_40970.png,0.574646,"{""0"": 27876, ""3"": 21405, ""4"": 16255}",Overture Maps,17,EPSG:4326
moscow_city_small_17_79222_40970,moscow_city_small,17,79222,40970,images/tiles/moscow_city_small_17_79222_40970.png,masks/tiles/moscow_city_small_17_79222_40970.png,0.454269,"{""0"": 35765, ""2"": 227, ""3"": 20288, ""4"": 9256}",Overture Maps,17,EPSG:4326
moscow_city_small_17_79223_40970,moscow_city_small,17,79223,40970,images/tiles/moscow_city_small_17_79223_40970.png,masks/tiles/moscow_city_small_17_79223_40970.png,0.56839,"{""0"": 28286, ""3"": 21525, ""4"": 15725}",Overture Maps,17,EPSG:4326
moscow_city_small_17_79224_40970,moscow_city_small,17,79224,40970,images/tiles/moscow_city_small_17_79224_40970.png,masks/tiles/moscow_city_small_17_79224_40970.png,0.581177,"{""0"": 27448, ""2"": 448, ""3"": 19818, ""4"": 17822}",Overture Maps,17,EPSG:4326
moscow_city_small_17_79225_40970,moscow_city_small,17,79225,40970,images/tiles/moscow_city_small_17_79225_40970.png,masks/tiles/moscow_city_small_17_79225_40970.png,0.803787,"{""0"": 12859, ""2"": 5618, ""3"": 27481, ""4"": 19578}",Overture Maps,17,EPSG:4326
moscow_city_small_17_79226_40970,moscow_city_small,17,79226,40970,images/tiles/moscow_city_small_17_79226_40970.png,masks/tiles/moscow_city_small_17_79226_40970.png,0.78334,"{""0"": 14199, ""2"": 8257, ""3"": 24474, ""4"": 18606}",Overture Maps,17,EPSG:4326
moscow_city_small_17_79227_40970,moscow_city_small,17,79227,40970,images/tiles/moscow_city_small_17_79227_40970.png,masks/tiles/moscow_city_small_17_79227_40970.png,0.730392,"{""0"": 17669, ""2"": 4683, ""3"": 23594, ""4"": 19590}",Overture Maps,17,EPSG:4326
moscow_city_small_17_79228_40970,moscow_city_small,17,79228,40970,images/tiles/moscow_city_small_17_79228_40970.png,masks/tiles/moscow_city_small_17_79228_40970.png,0.764435,"{""0"": 15438, ""2"": 366, ""3"": 33694, ""4"": 16038}",Overture Maps,17,EPSG:4326
moscow_city_small_17_79229_40970,moscow_city_small,17,79229,40970,images/tiles/moscow_city_small_17_79229_40970.png,masks/tiles/moscow_city_small_17_79229_40970.png,0.644791,"{""0"": 23279, ""3"": 25002, ""4"": 17255}",Overture Maps,17,EPSG:4326
moscow_city_small_17_79230_40970,moscow_city_small,17,79230,40970,images/tiles/moscow_city_small_17_79230_40970.png,masks/tiles/moscow_city_small_17_79230_40970.png,0.785492,"{""0"": 14058, ""3"": 42307, ""4"": 9171}",Overture Maps,17,EPSG:4326
moscow_city_small_17_79231_40970,moscow_city_small,17,79231,40970,images/tiles/moscow_city_small_17_79231_40970.png,masks/tiles/moscow_city_small_17_79231_40970.png,0.834473,"{""0"": 10848, ""2"": 98, ""3"": 40759, ""4"": 13831}",Overture Maps,17,EPSG:4326
moscow_city_small_17_79232_40970,moscow_city_small,17,79232,40970,images/tiles/moscow_city_small_17_79232_40970.png,masks/tiles/moscow_city_small_17_79232_40970.png,0.815796,"{""0"": 12072, ""2"": 147, ""3"": 38515, ""4"": 14802}",Overture Maps,17,EPSG:4326
moscow_city_small_17_79233_40970,moscow_city_small,17,79233,40970,images/tiles/moscow_city_small_17_79233_40970.png,masks/tiles/moscow_city_small_17_79233_40970.png,0.842255,"{""0"": 10338, ""2"": 52, ""3"": 40897, ""4"": 14249}",Overture Maps,17,EPSG:4326
moscow_city_small_17_79234_40970,moscow_city_small,17,79234,40970,images/tiles/moscow_city_small_17_79234_40970.png,masks/tiles/moscow_city_small_17_79234_40970.png,0.84581,"{""0"": 10105, ""2"": 498, ""3"": 40689, ""4"": 14244}",Overture Maps,17,EPSG:4326
moscow_city_small_17_79235_40970,moscow_city_small,17,79235,40970,images/tiles/moscow_city_small_17_79235_40970.png,masks/tiles/moscow_city_small_17_79235_40970.png,0.671753,"{""0"": 21512, ""2"": 1702, ""3"": 22238, ""4"": 20084}",Overture Maps,17,EPSG:4326
moscow_city_small_17_79236_40970,moscow_city_small,17,79236,40970,images/tiles/moscow_city_small_17_79236_40970.png,masks/tiles/moscow_city_small_17_79236_40970.png,0.773865,"{""0"": 14820, ""2"": 1421, ""3"": 32878, ""4"": 16417}",Overture Maps,17,EPSG:4326
moscow_city_small_17_79237_40970,moscow_city_small,17,79237,40970,images/tiles/moscow_city_small_17_79237_40970.png,masks/tiles/moscow_city_small_17_79237_40970.png,0.771378,"{""0"": 14983, ""3"": 32977, ""4"": 17576}",Overture Maps,17,EPSG:4326
moscow_city_small_17_79238_40970,moscow_city_small,17,79238,40970,images/tiles/moscow_city_small_17_79238_40970.png,masks/tiles/moscow_city_small_17_79238_40970.png,0.728973,"{""0"": 17762, ""2"": 100, ""3"": 30101, ""4"": 17573}",Overture Maps,17,EPSG:4326
moscow_city_small_17_79239_40970,moscow_city_small,17,79239,40970,images/tiles/moscow_city_small_17_79239_40970.png,masks/tiles/moscow_city_small_17_79239_40970.png,0.74324,"{""0"": 16827, ""2"": 77, ""3"": 31663, ""4"": 16969}",Overture Maps,17,EPSG:4326
moscow_city_small_17_79240_40970,moscow_city_small,17,79240,40970,images/tiles/moscow_city_small_17_79240_40970.png,masks/tiles/moscow_city_small_17_79240_40970.png,0.421722,"{""0"": 37898, ""3"": 14773, ""4"": 12865}",Overture Maps,17,EPSG:4326
moscow_city_small_17_79218_40971,moscow_city_small,17,79218,40971,images/tiles/moscow_city_small_17_79218_40971.png,masks/tiles/moscow_city_small_17_79218_40971.png,0.571579,"{""0"": 28077, ""2"": 84, ""3"": 21910, ""4"": 15465}",Overture Maps,17,EPSG:4326
moscow_city_small_17_79219_40971,moscow_city_small,17,79219,40971,images/tiles/moscow_city_small_17_79219_40971.png,masks/tiles/moscow_city_small_17_79219_40971.png,0.767517,"{""0"": 15236, ""2"": 14888, ""3"": 7394, ""4"": 28018}",Overture Maps,17,EPSG:4326
moscow_city_small_17_79220_40971,moscow_city_small,17,79220,40971,images/tiles/moscow_city_small_17_79220_40971.png,masks/tiles/moscow_city_small_17_79220_40971.png,0.7108,"{""0"": 18953, ""2"": 1989, ""3"": 21243, ""4"": 23351}",Overture Maps,17,EPSG:4326
moscow_city_small_17_79221_40971,moscow_city_small,17,79221,40971,images/tiles/moscow_city_small_17_79221_40971.png,masks/tiles/moscow_city_small_17_79221_40971.png,0.793015,"{""0"": 13565, ""3"": 33395, ""4"": 18576}",Overture Maps,17,EPSG:4326
moscow_city_small_17_79222_40971,moscow_city_small,17,79222,40971,images/tiles/moscow_city_small_17_79222_40971.png,masks/tiles/moscow_city_small_17_79222_40971.png,0.695908,"{""0"": 19929, ""3"": 26900, ""4"": 18707}",Overture Maps,17,EPSG:4326
moscow_city_small_17_79223_40971,moscow_city_small,17,79223,40971,images/tiles/moscow_city_small_17_79223_40971.png,masks/tiles/moscow_city_small_17_79223_40971.png,0.616211,"{""0"": 25152, ""2"": 774, ""3"": 20402, ""4"": 19208}",Overture Maps,17,EPSG:4326
moscow_city_small_17_79224_40971,moscow_city_small,17,79224,40971,images/tiles/moscow_city_small_17_79224_40971.png,masks/tiles/moscow_city_small_17_79224_40971.png,0.567993,"{""0"": 28312, ""2"": 968, ""3"": 18402, ""4"": 17854}",Overture Maps,17,EPSG:4326
moscow_city_small_17_79225_40971,moscow_city_small,17,79225,40971,images/tiles/moscow_city_small_17_79225_40971.png,masks/tiles/moscow_city_small_17_79225_40971.png,0.890808,"{""0"": 7156, ""2"": 11487, ""3"": 23817, ""4"": 23076}",Overture Maps,17,EPSG:4326
moscow_city_small_17_79226_40971,moscow_city_small,17,79226,40971,images/tiles/moscow_city_small_17_79226_40971.png,masks/tiles/moscow_city_small_17_79226_40971.png,0.752136,"{""0"": 16244, ""3"": 34549, ""4"": 14743}",Overture Maps,17,EPSG:4326
moscow_city_small_17_79227_40971,moscow_city_small,17,79227,40971,images/tiles/moscow_city_small_17_79227_40971.png,masks/tiles/moscow_city_small_17_79227_40971.png,0.774826,"{""0"": 14757, ""2"": 1293, ""3"": 33595, ""4"": 15891}",Overture Maps,17,EPSG:4326
moscow_city_small_17_79228_40971,moscow_city_small,17,79228,40971,images/tiles/moscow_city_small_17_79228_40971.png,masks/tiles/moscow_city_small_17_79228_40971.png,0.718628,"{""0"": 18440, ""2"": 6397, ""3"": 21395, ""4"": 19304}",Overture Maps,17,EPSG:4326
moscow_city_small_17_79229_40971,moscow_city_small,17,79229,40971,images/tiles/moscow_city_small_17_79229_40971.png,masks/tiles/moscow_city_small_17_79229_40971.png,0.76236,"{""0"": 15574, ""2"": 145, ""3"": 34568, ""4"": 15249}",Overture Maps,17,EPSG:4326
moscow_city_small_17_79230_40971,moscow_city_small,17,79230,40971,images/tiles/moscow_city_small_17_79230_40971.png,masks/tiles/moscow_city_small_17_79230_40971.png,0.615524,"{""0"": 25197, ""2"": 1086, ""3"": 24677, ""4"": 14576}",Overture Maps,17,EPSG:4326
moscow_city_small_17_79231_40971,moscow_city_small,17,79231,40971,images/tiles/moscow_city_small_17_79231_40971.png,masks/tiles/moscow_city_small_17_79231_40971.png,0.787323,"{""0"": 13938, ""2"": 844, ""3"": 38878, ""4"": 11876}",Overture Maps,17,EPSG:4326
moscow_city_small_17_79232_40971,moscow_city_small,17,79232,40971,images/tiles/moscow_city_small_17_79232_40971.png,masks/tiles/moscow_city_small_17_79232_40971.png,0.696075,"{""0"": 19918, ""2"": 11314, ""3"": 8914, ""4"": 25390}",Overture Maps,17,EPSG:4326
moscow_city_small_17_79233_40971,moscow_city_small,17,79233,40971,images/tiles/moscow_city_small_17_79233_40971.png,masks/tiles/moscow_city_small_17_79233_40971.png,0.711975,"{""0"": 18876, ""2"": 1656, ""3"": 26504, ""4"": 18500}",Overture Maps,17,EPSG:4326
moscow_city_small_17_79234_40971,moscow_city_small,17,79234,40971,images/tiles/moscow_city_small_17_79234_40971.png,masks/tiles/moscow_city_small_17_79234_40971.png,0.699921,"{""0"": 19666, ""2"": 248, ""3"": 30907, ""4"": 14715}",Overture Maps,17,EPSG:4326
moscow_city_small_17_79235_40971,moscow_city_small,17,79235,40971,images/tiles/moscow_city_small_17_79235_40971.png,masks/tiles/moscow_city_small_17_79235_40971.png,0.675842,"{""0"": 21244, ""2"": 8320, ""3"": 12568, ""4"": 23404}",Overture Maps,17,EPSG:4326
moscow_city_small_17_79236_40971,moscow_city_small,17,79236,40971,images/tiles/moscow_city_small_17_79236_40971.png,masks/tiles/moscow_city_small_17_79236_40971.png,0.809586,"{""0"": 12479, ""2"": 2857, ""3"": 35375, ""4"": 14825}",Overture Maps,17,EPSG:4326
moscow_city_small_17_79237_40971,moscow_city_small,17,79237,40971,images/tiles/moscow_city_small_17_79237_40971.png,masks/tiles/moscow_city_small_17_79237_40971.png,0.768158,"{""0"": 15194, ""3"": 32622, ""4"": 17720}",Overture Maps,17,EPSG:4326
moscow_city_small_17_79238_40971,moscow_city_small,17,79238,40971,images/tiles/moscow_city_small_17_79238_40971.png,masks/tiles/moscow_city_small_17_79238_40971.png,0.74794,"{""0"": 16519, ""2"": 47, ""3"": 30487, ""4"": 18483}",Overture Maps,17,EPSG:4326
moscow_city_small_17_79239_40971,moscow_city_small,17,79239,40971,images/tiles/moscow_city_small_17_79239_40971.png,masks/tiles/moscow_city_small_17_79239_40971.png,0.765244,"{""0"": 15385, ""3"": 33376, ""4"": 16775}",Overture Maps,17,EPSG:4326
moscow_city_small_17_79240_40971,moscow_city_small,17,79240,40971,images/tiles/moscow_city_small_17_79240_40971.png,masks/tiles/moscow_city_small_17_79240_40971.png,0.445648,"{""0"": 36330, ""3"": 18002, ""4"": 11204}",Overture Maps,17,EPSG:4326
moscow_city_small_17_79218_40972,moscow_city_small,17,79218,40972,images/tiles/moscow_city_small_17_79218_40972.png,masks/tiles/moscow_city_small_17_79218_40972.png,0.455109,"{""0"": 35710, ""2"": 7150, ""3"": 13008, ""4"": 9668}",Overture Maps,17,EPSG:4326
moscow_city_small_17_79219_40972,moscow_city_small,17,79219,40972,images/tiles/moscow_city_small_17_79219_40972.png,masks/tiles/moscow_city_small_17_79219_40972.png,0.525574,"{""0"": 31092, ""2"": 1335, ""3"": 19491, ""4"": 13618}",Overture Maps,17,EPSG:4326
moscow_city_small_17_79220_40972,moscow_city_small,17,79220,40972,images/tiles/moscow_city_small_17_79220_40972.png,masks/tiles/moscow_city_small_17_79220_40972.png,0.651123,"{""0"": 22864, ""2"": 4008, ""3"": 17971, ""4"": 20693}",Overture Maps,17,EPSG:4326
moscow_city_small_17_79221_40972,moscow_city_small,17,79221,40972,images/tiles/moscow_city_small_17_79221_40972.png,masks/tiles/moscow_city_small_17_79221_40972.png,0.696762,"{""0"": 19873, ""3"": 26329, ""4"": 19334}",Overture Maps,17,EPSG:4326
moscow_city_small_17_79222_40972,moscow_city_small,17,79222,40972,images/tiles/moscow_city_small_17_79222_40972.png,masks/tiles/moscow_city_small_17_79222_40972.png,0.69696,"{""0"": 19860, ""2"": 556, ""3"": 22995, ""4"": 22125}",Overture Maps,17,EPSG:4326
moscow_city_small_17_79223_40972,moscow_city_small,17,79223,40972,images/tiles/moscow_city_small_17_79223_40972.png,masks/tiles/moscow_city_small_17_79223_40972.png,0.688461,"{""0"": 20417, ""2"": 4538, ""3"": 18195, ""4"": 22386}",Overture Maps,17,EPSG:4326
moscow_city_small_17_79224_40972,moscow_city_small,17,79224,40972,images/tiles/moscow_city_small_17_79224_40972.png,masks/tiles/moscow_city_small_17_79224_40972.png,0.701218,"{""0"": 19581, ""2"": 3102, ""3"": 17073, ""4"": 25780}",Overture Maps,17,EPSG:4326
moscow_city_small_17_79225_40972,moscow_city_small,17,79225,40972,images/tiles/moscow_city_small_17_79225_40972.png,masks/tiles/moscow_city_small_17_79225_40972.png,0.888443,"{""0"": 7311, ""2"": 8639, ""3"": 21891, ""4"": 27695}",Overture Maps,17,EPSG:4326
moscow_city_small_17_79226_40972,moscow_city_small,17,79226,40972,images/tiles/moscow_city_small_17_79226_40972.png,masks/tiles/moscow_city_small_17_79226_40972.png,0.817932,"{""0"": 11932, ""3"": 36642, ""4"": 16962}",Overture Maps,17,EPSG:4326
moscow_city_small_17_79227_40972,moscow_city_small,17,79227,40972,images/tiles/moscow_city_small_17_79227_40972.png,masks/tiles/moscow_city_small_17_79227_40972.png,0.744385,"{""0"": 16752, ""2"": 1153, ""3"": 26415, ""4"": 21216}",Overture Maps,17,EPSG:4326
moscow_city_small_17_79228_40972,moscow_city_small,17,79228,40972,images/tiles/moscow_city_small_17_79228_40972.png,masks/tiles/moscow_city_small_17_79228_40972.png,0.779068,"{""0"": 14479, ""2"": 903, ""3"": 36813, ""4"": 13341}",Overture Maps,17,EPSG:4326
moscow_city_small_17_79229_40972,moscow_city_small,17,79229,40972,images/tiles/moscow_city_small_17_79229_40972.png,masks/tiles/moscow_city_small_17_79229_40972.png,0.720627,"{""0"": 18309, ""2"": 451, ""3"": 32933, ""4"": 13843}",Overture Maps,17,EPSG:4326
moscow_city_small_17_79230_40972,moscow_city_small,17,79230,40972,images/tiles/moscow_city_small_17_79230_40972.png,masks/tiles/moscow_city_small_17_79230_40972.png,0.762177,"{""0"": 15586, ""2"": 318, ""3"": 38065, ""4"": 11567}",Overture Maps,17,EPSG:4326
moscow_city_small_17_79231_40972,moscow_city_small,17,79231,40972,images/tiles/moscow_city_small_17_79231_40972.png,masks/tiles/moscow_city_small_17_79231_40972.png,0.749619,"{""0"": 16409, ""2"": 735, ""3"": 22791, ""4"": 25601}",Overture Maps,17,EPSG:4326
moscow_city_small_17_79232_40972,moscow_city_small,17,79232,40972,images/tiles/moscow_city_small_17_79232_40972.png,masks/tiles/moscow_city_small_17_79232_40972.png,0.774414,"{""0"": 14784, ""2"": 4784, ""3"": 22139, ""4"": 23829}",Overture Maps,17,EPSG:4326
moscow_city_small_17_79233_40972,moscow_city_small,17,79233,40972,images/tiles/moscow_city_small_17_79233_40972.png,masks/tiles/moscow_city_small_17_79233_40972.png,0.766312,"{""0"": 15315, ""2"": 3808, ""3"": 23192, ""4"": 23221}",Overture Maps,17,EPSG:4326
moscow_city_small_17_79234_40972,moscow_city_small,17,79234,40972,images/tiles/moscow_city_small_17_79234_40972.png,masks/tiles/moscow_city_small_17_79234_40972.png,0.518616,"{""0"": 31548, ""2"": 86, ""3"": 26443, ""4"": 7459}",Overture Maps,17,EPSG:4326
moscow_city_small_17_79235_40972,moscow_city_small,17,79235,40972,images/tiles/moscow_city_small_17_79235_40972.png,masks/tiles/moscow_city_small_17_79235_40972.png,0.801483,"{""0"": 13010, ""3"": 40698, ""4"": 11828}",Overture Maps,17,EPSG:4326
moscow_city_small_17_79236_40972,moscow_city_small,17,79236,40972,images/tiles/moscow_city_small_17_79236_40972.png,masks/tiles/moscow_city_small_17_79236_40972.png,0.714706,"{""0"": 18697, ""2"": 1423, ""3"": 25060, ""4"": 20356}",Overture Maps,17,EPSG:4326
moscow_city_small_17_79237_40972,moscow_city_small,17,79237,40972,images/tiles/moscow_city_small_17_79237_40972.png,masks/tiles/moscow_city_small_17_79237_40972.png,0.811981,"{""0"": 12322, ""2"": 4802, ""3"": 30093, ""4"": 18319}",Overture Maps,17,EPSG:4326
moscow_city_small_17_79238_40972,moscow_city_small,17,79238,40972,images/tiles/moscow_city_small_17_79238_40972.png,masks/tiles/moscow_city_small_17_79238_40972.png,0.837875,"{""0"": 10625, ""2"": 1882, ""3"": 34304, ""4"": 18725}",Overture Maps,17,EPSG:4326
moscow_city_small_17_79239_40972,moscow_city_small,17,79239,40972,images/tiles/moscow_city_small_17_79239_40972.png,masks/tiles/moscow_city_small_17_79239_40972.png,0.80278,"{""0"": 12925, ""2"": 831, ""3"": 33449, ""4"": 18331}",Overture Maps,17,EPSG:4326
moscow_city_small_17_79240_40972,moscow_city_small,17,79240,40972,images/tiles/moscow_city_small_17_79240_40972.png,masks/tiles/moscow_city_small_17_79240_40972.png,0.358551,"{""0"": 42038, ""3"": 12566, ""4"": 10932}",Overture Maps,17,EPSG:4326
moscow_city_small_17_79218_40973,moscow_city_small,17,79218,40973,images/tiles/moscow_city_small_17_79218_40973.png,masks/tiles/moscow_city_small_17_79218_40973.png,0.379135,"{""0"": 40689, ""2"": 769, ""3"": 11977, ""4"": 12101}",Overture Maps,17,EPSG:4326
moscow_city_small_17_79219_40973,moscow_city_small,17,79219,40973,images/tiles/moscow_city_small_17_79219_40973.png,masks/tiles/moscow_city_small_17_79219_40973.png,0.492615,"{""0"": 33252, ""2"": 219, ""3"": 12544, ""4"": 19521}",Overture Maps,17,EPSG:4326
moscow_city_small_17_79220_40973,moscow_city_small,17,79220,40973,images/tiles/moscow_city_small_17_79220_40973.png,masks/tiles/moscow_city_small_17_79220_40973.png,0.671783,"{""0"": 21510, ""3"": 29599, ""4"": 14427}",Overture Maps,17,EPSG:4326
moscow_city_small_17_79221_40973,moscow_city_small,17,79221,40973,images/tiles/moscow_city_small_17_79221_40973.png,masks/tiles/moscow_city_small_17_79221_40973.png,0.673874,"{""0"": 21373, ""3"": 25663, ""4"": 18500}",Overture Maps,17,EPSG:4326
moscow_city_small_17_79222_40973,moscow_city_small,17,79222,40973,images/tiles/moscow_city_small_17_79222_40973.png,masks/tiles/moscow_city_small_17_79222_40973.png,0.744171,"{""0"": 16766, ""2"": 2682, ""3"": 25510, ""4"": 20578}",Overture Maps,17,EPSG:4326
moscow_city_small_17_79223_40973,moscow_city_small,17,79223,40973,images/tiles/moscow_city_small_17_79223_40973.png,masks/tiles/moscow_city_small_17_79223_40973.png,0.757812,"{""0"": 15872, ""3"": 27995, ""4"": 21669}",Overture Maps,17,EPSG:4326
moscow_city_small_17_79224_40973,moscow_city_small,17,79224,40973,images/tiles/moscow_city_small_17_79224_40973.png,masks/tiles/moscow_city_small_17_79224_40973.png,0.806137,"{""0"": 12705, ""3"": 28407, ""4"": 24424}",Overture Maps,17,EPSG:4326
moscow_city_small_17_79225_40973,moscow_city_small,17,79225,40973,images/tiles/moscow_city_small_17_79225_40973.png,masks/tiles/moscow_city_small_17_79225_40973.png,0.849411,"{""0"": 9869, ""2"": 10481, ""3"": 23489, ""4"": 21697}",Overture Maps,17,EPSG:4326
moscow_city_small_17_79226_40973,moscow_city_small,17,79226,40973,images/tiles/moscow_city_small_17_79226_40973.png,masks/tiles/moscow_city_small_17_79226_40973.png,0.8022,"{""0"": 12963, ""3"": 35116, ""4"": 17457}",Overture Maps,17,EPSG:4326
moscow_city_small_17_79227_40973,moscow_city_small,17,79227,40973,images/tiles/moscow_city_small_17_79227_40973.png,masks/tiles/moscow_city_small_17_79227_40973.png,0.812225,"{""0"": 12306, ""2"": 187, ""3"": 40420, ""4"": 12623}",Overture Maps,17,EPSG:4326
moscow_city_small_17_79228_40973,moscow_city_small,17,79228,40973,images/tiles/moscow_city_small_17_79228_40973.png,masks/tiles/moscow_city_small_17_79228_40973.png,0.850555,"{""0"": 9794, ""2"": 3159, ""3"": 30848, ""4"": 21735}",Overture Maps,17,EPSG:4326
moscow_city_small_17_79229_40973,moscow_city_small,17,79229,40973,images/tiles/moscow_city_small_17_79229_40973.png,masks/tiles/moscow_city_small_17_79229_40973.png,0.751892,"{""0"": 16260, ""3"": 33429, ""4"": 15847}",Overture Maps,17,EPSG:4326
moscow_city_small_17_79230_40973,moscow_city_small,17,79230,40973,images/tiles/moscow_city_small_17_79230_40973.png,masks/tiles/moscow_city_small_17_79230_40973.png,0.763809,"{""0"": 15479, ""2"": 2891, ""3"": 26344, ""4"": 20822}",Overture Maps,17,EPSG:4326
moscow_city_small_17_79231_40973,moscow_city_small,17,79231,40973,images/tiles/moscow_city_small_17_79231_40973.png,masks/tiles/moscow_city_small_17_79231_40973.png,0.723099,"{""0"": 18147, ""2"": 6375, ""3"": 14477, ""4"": 26537}",Overture Maps,17,EPSG:4326
moscow_city_small_17_79232_40973,moscow_city_small,17,79232,40973,images/tiles/moscow_city_small_17_79232_40973.png,masks/tiles/moscow_city_small_17_79232_40973.png,0.678513,"{""0"": 21069, ""2"": 243, ""3"": 34898, ""4"": 9326}",Overture Maps,17,EPSG:4326
moscow_city_small_17_79233_40973,moscow_city_small,17,79233,40973,images/tiles/moscow_city_small_17_79233_40973.png,masks/tiles/moscow_city_small_17_79233_40973.png,0.895142,"{""0"": 6872, ""3"": 41989, ""4"": 16675}",Overture Maps,17,EPSG:4326
moscow_city_small_17_79234_40973,moscow_city_small,17,79234,40973,images/tiles/moscow_city_small_17_79234_40973.png,masks/tiles/moscow_city_small_17_79234_40973.png,0.642578,"{""0"": 23424, ""2"": 927, ""3"": 27499, ""4"": 13686}",Overture Maps,17,EPSG:4326
moscow_city_small_17_79235_40973,moscow_city_small,17,79235,40973,images/tiles/moscow_city_small_17_79235_40973.png,masks/tiles/moscow_city_small_17_79235_40973.png,0.867004,"{""0"": 8716, ""3"": 37767, ""4"": 19053}",Overture Maps,17,EPSG:4326
moscow_city_small_17_79236_40973,moscow_city_small,17,79236,40973,images/tiles/moscow_city_small_17_79236_40973.png,masks/tiles/moscow_city_small_17_79236_40973.png,0.797272,"{""0"": 13286, ""2"": 4144, ""3"": 33939, ""4"": 14167}",Overture Maps,17,EPSG:4326
moscow_city_small_17_79237_40973,moscow_city_small,17,79237,40973,images/tiles/moscow_city_small_17_79237_40973.png,masks/tiles/moscow_city_small_17_79237_40973.png,0.852646,"{""0"": 9657, ""2"": 27466, ""3"": 6867, ""4"": 21546}",Overture Maps,17,EPSG:4326
moscow_city_small_17_79238_40973,moscow_city_small,17,79238,40973,images/tiles/moscow_city_small_17_79238_40973.png,masks/tiles/moscow_city_small_17_79238_40973.png,0.80751,"{""0"": 12615, ""2"": 9418, ""3"": 23348, ""4"": 20155}",Overture Maps,17,EPSG:4326
moscow_city_small_17_79239_40973,moscow_city_small,17,79239,40973,images/tiles/moscow_city_small_17_79239_40973.png,masks/tiles/moscow_city_small_17_79239_40973.png,0.725937,"{""0"": 17961, ""2"": 5540, ""3"": 28842, ""4"": 13193}",Overture Maps,17,EPSG:4326
moscow_city_small_17_79240_40973,moscow_city_small,17,79240,40973,images/tiles/moscow_city_small_17_79240_40973.png,masks/tiles/moscow_city_small_17_79240_40973.png,0.376587,"{""0"": 40856, ""2"": 124, ""3"": 12931, ""4"": 11625}",Overture Maps,17,EPSG:4326
moscow_city_small_17_79218_40974,moscow_city_small,17,79218,40974,images/tiles/moscow_city_small_17_79218_40974.png,masks/tiles/moscow_city_small_17_79218_40974.png,0.260193,"{""0"": 48484, ""3"": 14065, ""4"": 2987}",Overture Maps,17,EPSG:4326
moscow_city_small_17_79219_40974,moscow_city_small,17,79219,40974,images/tiles/moscow_city_small_17_79219_40974.png,masks/tiles/moscow_city_small_17_79219_40974.png,0.532043,"{""0"": 30668, ""2"": 426, ""3"": 16981, ""4"": 17461}",Overture Maps,17,EPSG:4326
moscow_city_small_17_79220_40974,moscow_city_small,17,79220,40974,images/tiles/moscow_city_small_17_79220_40974.png,masks/tiles/moscow_city_small_17_79220_40974.png,0.71344,"{""0"": 18780, ""2"": 1474, ""3"": 25170, ""4"": 20112}",Overture Maps,17,EPSG:4326
moscow_city_small_17_79221_40974,moscow_city_small,17,79221,40974,images/tiles/moscow_city_small_17_79221_40974.png,masks/tiles/moscow_city_small_17_79221_40974.png,0.640472,"{""0"": 23562, ""2"": 8, ""3"": 25265, ""4"": 16701}",Overture Maps,17,EPSG:4326
moscow_city_small_17_79222_40974,moscow_city_small,17,79222,40974,images/tiles/moscow_city_small_17_79222_40974.png,masks/tiles/moscow_city_small_17_79222_40974.png,0.75383,"{""0"": 16133, ""2"": 4577, ""3"": 26014, ""4"": 18812}",Overture Maps,17,EPSG:4326
moscow_city_small_17_79223_40974,moscow_city_small,17,79223,40974,images/tiles/moscow_city_small_17_79223_40974.png,masks/tiles/moscow_city_small_17_79223_40974.png,0.739304,"{""0"": 17085, ""2"": 4, ""3"": 30315, ""4"": 18132}",Overture Maps,17,EPSG:4326
moscow_city_small_17_79224_40974,moscow_city_small,17,79224,40974,images/tiles/moscow_city_small_17_79224_40974.png,masks/tiles/moscow_city_small_17_79224_40974.png,0.653549,"{""0"": 22705, ""3"": 22857, ""4"": 19974}",Overture Maps,17,EPSG:4326
moscow_city_small_17_79225_40974,moscow_city_small,17,79225,40974,images/tiles/moscow_city_small_17_79225_40974.png,masks/tiles/moscow_city_small_17_79225_40974.png,0.744675,"{""0"": 16733, ""2"": 3683, ""3"": 24299, ""4"": 20821}",Overture Maps,17,EPSG:4326
moscow_city_small_17_79226_40974,moscow_city_small,17,79226,40974,images/tiles/moscow_city_small_17_79226_40974.png,masks/tiles/moscow_city_small_17_79226_40974.png,0.808746,"{""0"": 12534, ""2"": 1780, ""3"": 30492, ""4"": 20730}",Overture Maps,17,EPSG:4326
moscow_city_small_17_79227_40974,moscow_city_small,17,79227,40974,images/tiles/moscow_city_small_17_79227_40974.png,masks/tiles/moscow_city_small_17_79227_40974.png,0.709198,"{""0"": 19058, ""3"": 30442, ""4"": 16036}",Overture Maps,17,EPSG:4326
moscow_city_small_17_79228_40974,moscow_city_small,17,79228,40974,images/tiles/moscow_city_small_17_79228_40974.png,masks/tiles/moscow_city_small_17_79228_40974.png,0.814407,"{""0"": 12163, ""2"": 189, ""3"": 39522, ""4"": 13662}",Overture Maps,17,EPSG:4326
moscow_city_small_17_79229_40974,moscow_city_small,17,79229,40974,images/tiles/moscow_city_small_17_79229_40974.png,masks/tiles/moscow_city_small_17_79229_40974.png,0.814056,"{""0"": 12186, ""2"": 1563, ""3"": 38712, ""4"": 13075}",Overture Maps,17,EPSG:4326
moscow_city_small_17_79230_40974,moscow_city_small,17,79230,40974,images/tiles/moscow_city_small_17_79230_40974.png,masks/tiles/moscow_city_small_17_79230_40974.png,0.800491,"{""0"": 13075, ""2"": 16162, ""3"": 15785, ""4"": 20514}",Overture Maps,17,EPSG:4326
moscow_city_small_17_79231_40974,moscow_city_small,17,79231,40974,images/tiles/moscow_city_small_17_79231_40974.png,masks/tiles/moscow_city_small_17_79231_40974.png,0.954254,"{""0"": 2998, ""2"": 23640, ""3"": 24836, ""4"": 14062}",Overture Maps,17,EPSG:4326
moscow_city_small_17_79232_40974,moscow_city_small,17,79232,40974,images/tiles/moscow_city_small_17_79232_40974.png,masks/tiles/moscow_city_small_17_79232_40974.png,0.63028,"{""0"": 24230, ""2"": 4381, ""3"": 18458, ""4"": 18467}",Overture Maps,17,EPSG:4326
moscow_city_small_17_79233_40974,moscow_city_small,17,79233,40974,images/tiles/moscow_city_small_17_79233_40974.png,masks/tiles/moscow_city_small_17_79233_40974.png,0.671234,"{""0"": 21546, ""2"": 157, ""3"": 25009, ""4"": 18824}",Overture Maps,17,EPSG:4326
moscow_city_small_17_79234_40974,moscow_city_small,17,79234,40974,images/tiles/moscow_city_small_17_79234_40974.png,masks/tiles/moscow_city_small_17_79234_40974.png,0.920029,"{""0"": 5241, ""3"": 43900, ""4"": 16395}",Overture Maps,17,EPSG:4326
moscow_city_small_17_79235_40974,moscow_city_small,17,79235,40974,images/tiles/moscow_city_small_17_79235_40974.png,masks/tiles/moscow_city_small_17_79235_40974.png,0.864868,"{""0"": 8856, ""2"": 885, ""3"": 44481, ""4"": 11314}",Overture Maps,17,EPSG:4326
moscow_city_small_17_79236_40974,moscow_city_small,17,79236,40974,images/tiles/moscow_city_small_17_79236_40974.png,masks/tiles/moscow_city_small_17_79236_40974.png,0.738007,"{""0"": 17170, ""2"": 2598, ""3"": 37551, ""4"": 8217}",Overture Maps,17,EPSG:4326
moscow_city_small_17_79237_40974,moscow_city_small,17,79237,40974,images/tiles/moscow_city_small_17_79237_40974.png,masks/tiles/moscow_city_small_17_79237_40974.png,0.775452,"{""0"": 14716, ""2"": 12644, ""3"": 23171, ""4"": 15005}",Overture Maps,17,EPSG:4326
moscow_city_small_17_79238_40974,moscow_city_small,17,79238,40974,images/tiles/moscow_city_small_17_79238_40974.png,masks/tiles/moscow_city_small_17_79238_40974.png,0.75473,"{""0"": 16074, ""2"": 4046, ""3"": 20656, ""4"": 24760}",Overture Maps,17,EPSG:4326
moscow_city_small_17_79239_40974,moscow_city_small,17,79239,40974,images/tiles/moscow_city_small_17_79239_40974.png,masks/tiles/moscow_city_small_17_79239_40974.png,0.796371,"{""0"": 13345, ""2"": 357, ""3"": 32783, ""4"": 19051}",Overture Maps,17,EPSG:4326
moscow_city_small_17_79240_40974,moscow_city_small,17,79240,40974,images/tiles/moscow_city_small_17_79240_40974.png,masks/tiles/moscow_city_small_17_79240_40974.png,0.302551,"{""0"": 45708, ""3"": 16890, ""4"": 2938}",Overture Maps,17,EPSG:4326
moscow_city_small_17_79218_40975,moscow_city_small,17,79218,40975,images/tiles/moscow_city_small_17_79218_40975.png,masks/tiles/moscow_city_small_17_79218_40975.png,0.539673,"{""0"": 30168, ""2"": 9149, ""3"": 14168, ""4"": 12051}",Overture Maps,17,EPSG:4326
moscow_city_small_17_79219_40975,moscow_city_small,17,79219,40975,images/tiles/moscow_city_small_17_79219_40975.png,masks/tiles/moscow_city_small_17_79219_40975.png,0.659637,"{""0"": 22306, ""2"": 5947, ""3"": 13962, ""4"": 23321}",Overture Maps,17,EPSG:4326
moscow_city_small_17_79220_40975,moscow_city_small,17,79220,40975,images/tiles/moscow_city_small_17_79220_40975.png,masks/tiles/moscow_city_small_17_79220_40975.png,0.664368,"{""0"": 21996, ""2"": 3216, ""3"": 23006, ""4"": 17318}",Overture Maps,17,EPSG:4326
moscow_city_small_17_79221_40975,moscow_city_small,17,79221,40975,images/tiles/moscow_city_small_17_79221_40975.png,masks/tiles/moscow_city_small_17_79221_40975.png,0.722504,"{""0"": 18186, ""2"": 2965, ""3"": 27365, ""4"": 17020}",Overture Maps,17,EPSG:4326
moscow_city_small_17_79222_40975,moscow_city_small,17,79222,40975,images/tiles/moscow_city_small_17_79222_40975.png,masks/tiles/moscow_city_small_17_79222_40975.png,0.672989,"{""0"": 21431, ""2"": 2833, ""3"": 19432, ""4"": 21840}",Overture Maps,17,EPSG:4326
moscow_city_small_17_79223_40975,moscow_city_small,17,79223,40975,images/tiles/moscow_city_small_17_79223_40975.png,masks/tiles/moscow_city_small_17_79223_40975.png,0.694229,"{""0"": 20039, ""2"": 3548, ""3"": 20921, ""4"": 21028}",Overture Maps,17,EPSG:4326
moscow_city_small_17_79224_40975,moscow_city_small,17,79224,40975,images/tiles/moscow_city_small_17_79224_40975.png,masks/tiles/moscow_city_small_17_79224_40975.png,0.717346,"{""0"": 18524, ""2"": 5992, ""3"": 21843, ""4"": 19177}",Overture Maps,17,EPSG:4326
moscow_city_small_17_79225_40975,moscow_city_small,17,79225,40975,images/tiles/moscow_city_small_17_79225_40975.png,masks/tiles/moscow_city_small_17_79225_40975.png,0.685043,"{""0"": 20641, ""2"": 608, ""3"": 25053, ""4"": 19234}",Overture Maps,17,EPSG:4326
moscow_city_small_17_79226_40975,moscow_city_small,17,79226,40975,images/tiles/moscow_city_small_17_79226_40975.png,masks/tiles/moscow_city_small_17_79226_40975.png,0.613693,"{""0"": 25317, ""2"": 7941, ""3"": 14199, ""4"": 18079}",Overture Maps,17,EPSG:4326
moscow_city_small_17_79227_40975,moscow_city_small,17,79227,40975,images/tiles/moscow_city_small_17_79227_40975.png,masks/tiles/moscow_city_small_17_79227_40975.png,0.677063,"{""0"": 21164, ""3"": 29773, ""4"": 14599}",Overture Maps,17,EPSG:4326
moscow_city_small_17_79228_40975,moscow_city_small,17,79228,40975,images/tiles/moscow_city_small_17_79228_40975.png,masks/tiles/moscow_city_small_17_79228_40975.png,0.720642,"{""0"": 18308, ""3"": 31473, ""4"": 15755}",Overture Maps,17,EPSG:4326
moscow_city_small_17_79229_40975,moscow_city_small,17,79229,40975,images/tiles/moscow_city_small_17_79229_40975.png,masks/tiles/moscow_city_small_17_79229_40975.png,0.714096,"{""0"": 18737, ""2"": 614, ""3"": 26109, ""4"": 20076}",Overture Maps,17,EPSG:4326
moscow_city_small_17_79230_40975,moscow_city_small,17,79230,40975,images/tiles/moscow_city_small_17_79230_40975.png,masks/tiles/moscow_city_small_17_79230_40975.png,0.902115,"{""0"": 6415, ""2"": 24566, ""3"": 17925, ""4"": 16630}",Overture Maps,17,EPSG:4326
moscow_city_small_17_79231_40975,moscow_city_small,17,79231,40975,images/tiles/moscow_city_small_17_79231_40975.png,masks/tiles/moscow_city_small_17_79231_40975.png,0.645508,"{""0"": 23232, ""2"": 4879, ""3"": 23734, ""4"": 13691}",Overture Maps,17,EPSG:4326
moscow_city_small_17_79232_40975,moscow_city_small,17,79232,40975,images/tiles/moscow_city_small_17_79232_40975.png,masks/tiles/moscow_city_small_17_79232_40975.png,0.636963,"{""0"": 23792, ""2"": 15750, ""3"": 14750, ""4"": 11244}",Overture Maps,17,EPSG:4326
moscow_city_small_17_79233_40975,moscow_city_small,17,79233,40975,images/tiles/moscow_city_small_17_79233_40975.png,masks/tiles/moscow_city_small_17_79233_40975.png,0.711014,"{""0"": 18939, ""2"": 22291, ""3"": 6649, ""4"": 17657}",Overture Maps,17,EPSG:4326
moscow_city_small_17_79234_40975,moscow_city_small,17,79234,40975,images/tiles/moscow_city_small_17_79234_40975.png,masks/tiles/moscow_city_small_17_79234_40975.png,0.68425,"{""0"": 20693, ""2"": 1982, ""3"": 22314, ""4"": 20547}",Overture Maps,17,EPSG:4326
moscow_city_small_17_79235_40975,moscow_city_small,17,79235,40975,images/tiles/moscow_city_small_17_79235_40975.png,masks/tiles/moscow_city_small_17_79235_40975.png,0.842346,"{""0"": 10332, ""2"": 9760, ""3"": 29179, ""4"": 16265}",Overture Maps,17,EPSG:4326
moscow_city_small_17_79236_40975,moscow_city_small,17,79236,40975,images/tiles/moscow_city_small_17_79236_40975.png,masks/tiles/moscow_city_small_17_79236_40975.png,0.80777,"{""0"": 12598, ""2"": 16017, ""3"": 18154, ""4"": 18767}",Overture Maps,17,EPSG:4326
moscow_city_small_17_79237_40975,moscow_city_small,17,79237,40975,images/tiles/moscow_city_small_17_79237_40975.png,masks/tiles/moscow_city_small_17_79237_40975.png,0.705063,"{""0"": 19329, ""2"": 4099, ""3"": 27916, ""4"": 14192}",Overture Maps,17,EPSG:4326
moscow_city_small_17_79238_40975,moscow_city_small,17,79238,40975,images/tiles/moscow_city_small_17_79238_40975.png,masks/tiles/moscow_city_small_17_79238_40975.png,0.719681,"{""0"": 18371, ""2"": 1352, ""3"": 35861, ""4"": 9952}",Overture Maps,17,EPSG:4326
moscow_city_small_17_79239_40975,moscow_city_small,17,79239,40975,images/tiles/moscow_city_small_17_79239_40975.png,masks/tiles/moscow_city_small_17_79239_40975.png,0.450394,"{""0"": 36019, ""2"": 163, ""3"": 16669, ""4"": 12685}",Overture Maps,17,EPSG:4326
moscow_city_small_17_79240_40975,moscow_city_small,17,79240,40975,images/tiles/moscow_city_small_17_79240_40975.png,masks/tiles/moscow_city_small_17_79240_40975.png,0.388992,"{""0"": 40043, ""2"": 73, ""3"": 15406, ""4"": 10014}",Overture Maps,17,EPSG:4326
moscow_city_small_17_79218_40976,moscow_city_small,17,79218,40976,images/tiles/moscow_city_small_17_79218_40976.png,masks/tiles/moscow_city_small_17_79218_40976.png,0.306305,"{""0"": 45462, ""3"": 11338, ""4"": 8736}",Overture Maps,17,EPSG:4326
moscow_city_small_17_79219_40976,moscow_city_small,17,79219,40976,images/tiles/moscow_city_small_17_79219_40976.png,masks/tiles/moscow_city_small_17_79219_40976.png,0.624084,"{""0"": 24636, ""3"": 22410, ""4"": 18490}",Overture Maps,17,EPSG:4326
moscow_city_small_17_79220_40976,moscow_city_small,17,79220,40976,images/tiles/moscow_city_small_17_79220_40976.png,masks/tiles/moscow_city_small_17_79220_40976.png,0.778015,"{""0"": 14548, ""3"": 33015, ""4"": 17973}",Overture Maps,17,EPSG:4326
moscow_city_small_17_79221_40976,moscow_city_small,17,79221,40976,images/tiles/moscow_city_small_17_79221_40976.png,masks/tiles/moscow_city_small_17_79221_40976.png,0.67511,"{""0"": 21292, ""2"": 1272, ""3"": 28847, ""4"": 14125}",Overture Maps,17,EPSG:4326
moscow_city_small_17_79222_40976,moscow_city_small,17,79222,40976,images/tiles/moscow_city_small_17_79222_40976.png,masks/tiles/moscow_city_small_17_79222_40976.png,0.729279,"{""0"": 17742, ""3"": 27170, ""4"": 20624}",Overture Maps,17,EPSG:4326
moscow_city_small_17_79223_40976,moscow_city_small,17,79223,40976,images/tiles/moscow_city_small_17_79223_40976.png,masks/tiles/moscow_city_small_17_79223_40976.png,0.627243,"{""0"": 24429, ""3"": 24073, ""4"": 17034}",Overture Maps,17,EPSG:4326
moscow_city_small_17_79224_40976,moscow_city_small,17,79224,40976,images/tiles/moscow_city_small_17_79224_40976.png,masks/tiles/moscow_city_small_17_79224_40976.png,0.744125,"{""0"": 16769, ""3"": 35127, ""4"": 13640}",Overture Maps,17,EPSG:4326
moscow_city_small_17_79225_40976,moscow_city_small,17,79225,40976,images/tiles/moscow_city_small_17_79225_40976.png,masks/tiles/moscow_city_small_17_79225_40976.png,0.813232,"{""0"": 12240, ""2"": 4042, ""3"": 32316, ""4"": 16938}",Overture Maps,17,EPSG:4326
moscow_city_small_17_79226_40976,moscow_city_small,17,79226,40976,images/tiles/moscow_city_small_17_79226_40976.png,masks/tiles/moscow_city_small_17_79226_40976.png,0.679108,"{""0"": 21030, ""2"": 6863, ""3"": 22619, ""4"": 15024}",Overture Maps,17,EPSG:4326
moscow_city_small_17_79227_40976,moscow_city_small,17,79227,40976,images/tiles/moscow_city_small_17_79227_40976.png,masks/tiles/moscow_city_small_17_79227_40976.png,0.729645,"{""0"": 17718, ""2"": 6959, ""3"": 25059, ""4"": 15800}",Overture Maps,17,EPSG:4326
moscow_city_small_17_79228_40976,moscow_city_small,17,79228,40976,images/tiles/moscow_city_small_17_79228_40976.png,masks/tiles/moscow_city_small_17_79228_40976.png,0.720062,"{""0"": 18346, ""3"": 32333, ""4"": 14857}",Overture Maps,17,EPSG:4326
moscow_city_small_17_79229_40976,moscow_city_small,17,79229,40976,images/tiles/moscow_city_small_17_79229_40976.png,masks/tiles/moscow_city_small_17_79229_40976.png,0.693832,"{""0"": 20065, ""2"": 1351, ""3"": 28968, ""4"": 15152}",Overture Maps,17,EPSG:4326
moscow_city_small_17_79230_40976,moscow_city_small,17,79230,40976,images/tiles/moscow_city_small_17_79230_40976.png,masks/tiles/moscow_city_small_17_79230_40976.png,0.959732,"{""0"": 2639, ""2"": 35383, ""3"": 13646, ""4"": 13868}",Overture Maps,17,EPSG:4326
moscow_city_small_17_79231_40976,moscow_city_small,17,79231,40976,images/tiles/moscow_city_small_17_79231_40976.png,masks/tiles/moscow_city_small_17_79231_40976.png,0.816696,"{""0"": 12013, ""2"": 251, ""3"": 40848, ""4"": 12424}",Overture Maps,17,EPSG:4326
moscow_city_small_17_79232_40976,moscow_city_small,17,79232,40976,images/tiles/moscow_city_small_17_79232_40976.png,masks/tiles/moscow_city_small_17_79232_40976.png,0.480286,"{""0"": 34060, ""2"": 10121, ""3"": 4068, ""4"": 17287}",Overture Maps,17,EPSG:4326
moscow_city_small_17_79233_40976,moscow_city_small,17,79233,40976,images/tiles/moscow_city_small_17_79233_40976.png,masks/tiles/moscow_city_small_17_79233_40976.png,0.940186,"{""0"": 3920, ""2"": 40143, ""3"": 4924, ""4"": 16549}",Overture Maps,17,EPSG:4326
moscow_city_small_17_79234_40976,moscow_city_small,17,79234,40976,images/tiles/moscow_city_small_17_79234_40976.png,masks/tiles/moscow_city_small_17_79234_40976.png,0.378189,"{""0"": 40751, ""2"": 1292, ""3"": 292, ""4"": 23201}",Overture Maps,17,EPSG:4326
moscow_city_small_17_79235_40976,moscow_city_small,17,79235,40976,images/tiles/moscow_city_small_17_79235_40976.png,masks/tiles/moscow_city_small_17_79235_40976.png,0.995224,"{""0"": 313, ""2"": 42373, ""3"": 1483, ""4"": 21367}",Overture Maps,17,EPSG:4326
moscow_city_small_17_79237_40976,moscow_city_small,17,79237,40976,images/tiles/moscow_city_small_17_79237_40976.png,masks/tiles/moscow_city_small_17_79237_40976.png,0.729141,"{""0"": 17751, ""2"": 13458, ""3"": 20732, ""4"": 13595}",Overture Maps,17,EPSG:4326
moscow_city_small_17_79238_40976,moscow_city_small,17,79238,40976,images/tiles/moscow_city_small_17_79238_40976.png,masks/tiles/moscow_city_small_17_79238_40976.png,0.634399,"{""0"": 23960, ""2"": 447, ""3"": 36505, ""4"": 4624}",Overture Maps,17,EPSG:4326
moscow_city_small_17_79239_40976,moscow_city_small,17,79239,40976,images/tiles/moscow_city_small_17_79239_40976.png,masks/tiles/moscow_city_small_17_79239_40976.png,0.537369,"{""0"": 30319, ""2"": 750, ""3"": 26201, ""4"": 8266}",Overture Maps,17,EPSG:4326
moscow_city_small_17_79240_40976,moscow_city_small,17,79240,40976,images/tiles/moscow_city_small_17_79240_40976.png,masks/tiles/moscow_city_small_17_79240_40976.png,0.279694,"{""0"": 47206, ""3"": 9394, ""4"": 8936}",Overture Maps,17,EPSG:4326
moscow_city_small_17_79218_40977,moscow_city_small,17,79218,40977,images/tiles/moscow_city_small_17_79218_40977.png,masks/tiles/moscow_city_small_17_79218_40977.png,0.396698,"{""0"": 39538, ""2"": 166, ""3"": 12749, ""4"": 13083}",Overture Maps,17,EPSG:4326
moscow_city_small_17_79219_40977,moscow_city_small,17,79219,40977,images/tiles/moscow_city_small_17_79219_40977.png,masks/tiles/moscow_city_small_17_79219_40977.png,0.661362,"{""0"": 22193, ""2"": 353, ""3"": 22967, ""4"": 20023}",Overture Maps,17,EPSG:4326
moscow_city_small_17_79220_40977,moscow_city_small,17,79220,40977,images/tiles/moscow_city_small_17_79220_40977.png,masks/tiles/moscow_city_small_17_79220_40977.png,0.690399,"{""0"": 20290, ""2"": 2789, ""3"": 22102, ""4"": 20355}",Overture Maps,17,EPSG:4326
moscow_city_small_17_79221_40977,moscow_city_small,17,79221,40977,images/tiles/moscow_city_small_17_79221_40977.png,masks/tiles/moscow_city_small_17_79221_40977.png,0.751144,"{""0"": 16309, ""2"": 2301, ""3"": 23994, ""4"": 22932}",Overture Maps,17,EPSG:4326
moscow_city_small_17_79222_40977,moscow_city_small,17,79222,40977,images/tiles/moscow_city_small_17_79222_40977.png,masks/tiles/moscow_city_small_17_79222_40977.png,0.804016,"{""0"": 12844, ""3"": 36568, ""4"": 16124}",Overture Maps,17,EPSG:4326
moscow_city_small_17_79223_40977,moscow_city_small,17,79223,40977,images/tiles/moscow_city_small_17_79223_40977.png,masks/tiles/moscow_city_small_17_79223_40977.png,0.687302,"{""0"": 20493, ""2"": 524, ""3"": 27798, ""4"": 16721}",Overture Maps,17,EPSG:4326
moscow_city_small_17_79224_40977,moscow_city_small,17,79224,40977,images/tiles/moscow_city_small_17_79224_40977.png,masks/tiles/moscow_city_small_17_79224_40977.png,0.609833,"{""0"": 25570, ""3"": 23247, ""4"": 16719}",Overture Maps,17,EPSG:4326
moscow_city_small_17_79225_40977,moscow_city_small,17,79225,40977,images/tiles/moscow_city_small_17_79225_40977.png,masks/tiles/moscow_city_small_17_79225_40977.png,0.823364,"{""0"": 11576, ""2"": 12225, ""3"": 20198, ""4"": 21537}",Overture Maps,17,EPSG:4326
moscow_city_small_17_79226_40977,moscow_city_small,17,79226,40977,images/tiles/moscow_city_small_17_79226_40977.png,masks/tiles/moscow_city_small_17_79226_40977.png,0.661102,"{""0"": 22210, ""3"": 35571, ""4"": 7755}",Overture Maps,17,EPSG:4326
moscow_city_small_17_79227_40977,moscow_city_small,17,79227,40977,images/tiles/moscow_city_small_17_79227_40977.png,masks/tiles/moscow_city_small_17_79227_40977.png,0.647217,"{""0"": 23120, ""2"": 265, ""3"": 26412, ""4"": 15739}",Overture Maps,17,EPSG:4326
moscow_city_small_17_79228_40977,moscow_city_small,17,79228,40977,images/tiles/moscow_city_small_17_79228_40977.png,masks/tiles/moscow_city_small_17_79228_40977.png,0.837219,"{""0"": 10668, ""2"": 4601, ""3"": 30541, ""4"": 19726}",Overture Maps,17,EPSG:4326
moscow_city_small_17_79229_40977,moscow_city_small,17,79229,40977,images/tiles/moscow_city_small_17_79229_40977.png,masks/tiles/moscow_city_small_17_79229_40977.png,0.558197,"{""0"": 28954, ""2"": 12749, ""3"": 3904, ""4"": 19929}",Overture Maps,17,EPSG:4326
moscow_city_small_17_79230_40977,moscow_city_small,17,79230,40977,images/tiles/moscow_city_small_17_79230_40977.png,masks/tiles/moscow_city_small_17_79230_40977.png,0.778122,"{""0"": 14541, ""2"": 24277, ""3"": 13554, ""4"": 13164}",Overture Maps,17,EPSG:4326
moscow_city_small_17_79231_40977,moscow_city_small,17,79231,40977,images/tiles/moscow_city_small_17_79231_40977.png,masks/tiles/moscow_city_small_17_79231_40977.png,0.851471,"{""0"": 9734, ""2"": 22108, ""3"": 18933, ""4"": 14761}",Overture Maps,17,EPSG:4326
moscow_city_small_17_79232_40977,moscow_city_small,17,79232,40977,images/tiles/moscow_city_small_17_79232_40977.png,masks/tiles/moscow_city_small_17_79232_40977.png,0.901428,"{""0"": 6460, ""1"": 5087, ""2"": 33965, ""3"": 6122, ""4"": 13902}",Overture Maps,17,EPSG:4326
moscow_city_small_17_79233_40977,moscow_city_small,17,79233,40977,images/tiles/moscow_city_small_17_79233_40977.png,masks/tiles/moscow_city_small_17_79233_40977.png,0.935913,"{""0"": 4200, ""1"": 20587, ""2"": 25353, ""3"": 4468, ""4"": 10928}",Overture Maps,17,EPSG:4326
moscow_city_small_17_79234_40977,moscow_city_small,17,79234,40977,images/tiles/moscow_city_small_17_79234_40977.png,masks/tiles/moscow_city_small_17_79234_40977.png,0.762894,"{""0"": 15539, ""1"": 27091, ""2"": 2052, ""3"": 1608, ""4"": 19246}",Overture Maps,17,EPSG:4326
moscow_city_small_17_79235_40977,moscow_city_small,17,79235,40977,images/tiles/moscow_city_small_17_79235_40977.png,masks/tiles/moscow_city_small_17_79235_40977.png,0.887115,"{""0"": 7398, ""1"": 36377, ""2"": 11260, ""3"": 296, ""4"": 10205}",Overture Maps,17,EPSG:4326
moscow_city_small_17_79236_40977,moscow_city_small,17,79236,40977,images/tiles/moscow_city_small_17_79236_40977.png,masks/tiles/moscow_city_small_17_79236_40977.png,0.917862,"{""0"": 5383, ""1"": 31420, ""2"": 12970, ""3"": 557, ""4"": 15206}",Overture Maps,17,EPSG:4326
moscow_city_small_17_79237_40977,moscow_city_small,17,79237,40977,images/tiles/moscow_city_small_17_79237_40977.png,masks/tiles/moscow_city_small_17_79237_40977.png,0.70311,"{""0"": 19457, ""1"": 23899, ""2"": 7542, ""3"": 1701, ""4"": 12937}",Overture Maps,17,EPSG:4326
moscow_city_small_17_79238_40977,moscow_city_small,17,79238,40977,images/tiles/moscow_city_small_17_79238_40977.png,masks/tiles/moscow_city_small_17_79238_40977.png,0.454559,"{""0"": 35746, ""1"": 3954, ""3"": 15953, ""4"": 9883}",Overture Maps,17,EPSG:4326
moscow_city_small_17_79239_40977,moscow_city_small,17,79239,40977,images/tiles/moscow_city_small_17_79239_40977.png,masks/tiles/moscow_city_small_17_79239_40977.png,0.491074,"{""0"": 33353, ""3"": 25722, ""4"": 6461}",Overture Maps,17,EPSG:4326
moscow_city_small_17_79240_40977,moscow_city_small,17,79240,40977,images/tiles/moscow_city_small_17_79240_40977.png,masks/tiles/moscow_city_small_17_79240_40977.png,0.329575,"{""0"": 43937, ""3"": 12796, ""4"": 8803}",Overture Maps,17,EPSG:4326
moscow_city_small_17_79218_40978,moscow_city_small,17,79218,40978,images/tiles/moscow_city_small_17_79218_40978.png,masks/tiles/moscow_city_small_17_79218_40978.png,0.5858,"{""0"": 27145, ""2"": 254, ""3"": 23892, ""4"": 14245}",Overture Maps,17,EPSG:4326
moscow_city_small_17_79219_40978,moscow_city_small,17,79219,40978,images/tiles/moscow_city_small_17_79219_40978.png,masks/tiles/moscow_city_small_17_79219_40978.png,0.72728,"{""0"": 17873, ""2"": 517, ""3"": 29346, ""4"": 17800}",Overture Maps,17,EPSG:4326
moscow_city_small_17_79220_40978,moscow_city_small,17,79220,40978,images/tiles/moscow_city_small_17_79220_40978.png,masks/tiles/moscow_city_small_17_79220_40978.png,0.703339,"{""0"": 19442, ""2"": 35, ""3"": 30815, ""4"": 15244}",Overture Maps,17,EPSG:4326
moscow_city_small_17_79221_40978,moscow_city_small,17,79221,40978,images/tiles/moscow_city_small_17_79221_40978.png,masks/tiles/moscow_city_small_17_79221_40978.png,0.732132,"{""0"": 17555, ""2"": 62, ""3"": 32624, ""4"": 15295}",Overture Maps,17,EPSG:4326
moscow_city_small_17_79222_40978,moscow_city_small,17,79222,40978,images/tiles/moscow_city_small_17_79222_40978.png,masks/tiles/moscow_city_small_17_79222_40978.png,0.741425,"{""0"": 16946, ""3"": 29790, ""4"": 18800}",Overture Maps,17,EPSG:4326
moscow_city_small_17_79223_40978,moscow_city_small,17,79223,40978,images/tiles/moscow_city_small_17_79223_40978.png,masks/tiles/moscow_city_small_17_79223_40978.png,0.589813,"{""0"": 26882, ""2"": 77, ""3"": 23584, ""4"": 14993}",Overture Maps,17,EPSG:4326
moscow_city_small_17_79224_40978,moscow_city_small,17,79224,40978,images/tiles/moscow_city_small_17_79224_40978.png,masks/tiles/moscow_city_small_17_79224_40978.png,0.735275,"{""0"": 17349, ""2"": 2466, ""3"": 25131, ""4"": 20590}",Overture Maps,17,EPSG:4326
moscow_city_small_17_79225_40978,moscow_city_small,17,79225,40978,images/tiles/moscow_city_small_17_79225_40978.png,masks/tiles/moscow_city_small_17_79225_40978.png,0.875748,"{""0"": 8143, ""2"": 12656, ""3"": 25283, ""4"": 19454}",Overture Maps,17,EPSG:4326
moscow_city_small_17_79226_40978,moscow_city_small,17,79226,40978,images/tiles/moscow_city_small_17_79226_40978.png,masks/tiles/moscow_city_small_17_79226_40978.png,0.70636,"{""0"": 19244, ""3"": 31791, ""4"": 14501}",Overture Maps,17,EPSG:4326
moscow_city_small_17_79227_40978,moscow_city_small,17,79227,40978,images/tiles/moscow_city_small_17_79227_40978.png,masks/tiles/moscow_city_small_17_79227_40978.png,0.65686,"{""0"": 22488, ""2"": 905, ""3"": 25057, ""4"": 17086}",Overture Maps,17,EPSG:4326
moscow_city_small_17_79228_40978,moscow_city_small,17,79228,40978,images/tiles/moscow_city_small_17_79228_40978.png,masks/tiles/moscow_city_small_17_79228_40978.png,0.744537,"{""0"": 16742, ""2"": 2943, ""3"": 30703, ""4"": 15148}",Overture Maps,17,EPSG:4326
moscow_city_small_17_79229_40978,moscow_city_small,17,79229,40978,images/tiles/moscow_city_small_17_79229_40978.png,masks/tiles/moscow_city_small_17_79229_40978.png,0.66008,"{""0"": 22277, ""2"": 7485, ""3"": 12793, ""4"": 22981}",Overture Maps,17,EPSG:4326
moscow_city_small_17_79230_40978,moscow_city_small,17,79230,40978,images/tiles/moscow_city_small_17_79230_40978.png,masks/tiles/moscow_city_small_17_79230_40978.png,0.85704,"{""0"": 9369, ""1"": 16795, ""2"": 18315, ""3"": 6251, ""4"": 14806}",Overture Maps,17,EPSG:4326
moscow_city_small_17_79231_40978,moscow_city_small,17,79231,40978,images/tiles/moscow_city_small_17_79231_40978.png,masks/tiles/moscow_city_small_17_79231_40978.png,0.897873,"{""0"": 6693, ""1"": 36814, ""2"": 5149, ""3"": 4712, ""4"": 12168}",Overture Maps,17,EPSG:4326
moscow_city_small_17_79232_40978,moscow_city_small,17,79232,40978,images/tiles/moscow_city_small_17_79232_40978.png,masks/tiles/moscow_city_small_17_79232_40978.png,0.814682,"{""0"": 12145, ""1"": 28931, ""3"": 15056, ""4"": 9404}",Overture Maps,17,EPSG:4326
moscow_city_small_17_79233_40978,moscow_city_small,17,79233,40978,images/tiles/moscow_city_small_17_79233_40978.png,masks/tiles/moscow_city_small_17_79233_40978.png,0.772675,"{""0"": 14898, ""1"": 15090, ""3"": 23677, ""4"": 11871}",Overture Maps,17,EPSG:4326
moscow_city_small_17_79234_40978,moscow_city_small,17,79234,40978,images/tiles/moscow_city_small_17_79234_40978.png,masks/tiles/moscow_city_small_17_79234_40978.png,0.676819,"{""0"": 21180, ""1"": 6464, ""2"": 53, ""3"": 19264, ""4"": 18575}",Overture Maps,17,EPSG:4326
moscow_city_small_17_79235_40978,moscow_city_small,17,79235,40978,images/tiles/moscow_city_small_17_79235_40978.png,masks/tiles/moscow_city_small_17_79235_40978.png,0.80542,"{""0"": 12752, ""1"": 510, ""2"": 102, ""3"": 31359, ""4"": 20813}",Overture Maps,17,EPSG:4326
moscow_city_small_17_79236_40978,moscow_city_small,17,79236,40978,images/tiles/moscow_city_small_17_79236_40978.png,masks/tiles/moscow_city_small_17_79236_40978.png,0.833466,"{""0"": 10914, ""1"": 1804, ""3"": 39443, ""4"": 13375}",Overture Maps,17,EPSG:4326
moscow_city_small_17_79237_40978,moscow_city_small,17,79237,40978,images/tiles/moscow_city_small_17_79237_40978.png,masks/tiles/moscow_city_small_17_79237_40978.png,0.773331,"{""0"": 14855, ""1"": 17690, ""3"": 22426, ""4"": 10565}",Overture Maps,17,EPSG:4326
moscow_city_small_17_79238_40978,moscow_city_small,17,79238,40978,images/tiles/moscow_city_small_17_79238_40978.png,masks/tiles/moscow_city_small_17_79238_40978.png,0.887085,"{""0"": 7400, ""1"": 40202, ""3"": 7382, ""4"": 10552}",Overture Maps,17,EPSG:4326
moscow_city_small_17_79239_40978,moscow_city_small,17,79239,40978,images/tiles/moscow_city_small_17_79239_40978.png,masks/tiles/moscow_city_small_17_79239_40978.png,0.782654,"{""0"": 14244, ""1"": 32294, ""3"": 7345, ""4"": 11653}",Overture Maps,17,EPSG:4326
moscow_city_small_17_79240_40978,moscow_city_small,17,79240,40978,images/tiles/moscow_city_small_17_79240_40978.png,masks/tiles/moscow_city_small_17_79240_40978.png,0.503204,"{""0"": 32558, ""1"": 12937, ""3"": 5561, ""4"": 14480}",Overture Maps,17,EPSG:4326
moscow_city_small_17_79218_40979,moscow_city_small,17,79218,40979,images/tiles/moscow_city_small_17_79218_40979.png,masks/tiles/moscow_city_small_17_79218_40979.png,0.430649,"{""0"": 37313, ""2"": 1292, ""3"": 12830, ""4"": 14101}",Overture Maps,17,EPSG:4326
moscow_city_small_17_79219_40979,moscow_city_small,17,79219,40979,images/tiles/moscow_city_small_17_79219_40979.png,masks/tiles/moscow_city_small_17_79219_40979.png,0.557816,"{""0"": 28979, ""2"": 5109, ""3"": 12839, ""4"": 18609}",Overture Maps,17,EPSG:4326
moscow_city_small_17_79220_40979,moscow_city_small,17,79220,40979,images/tiles/moscow_city_small_17_79220_40979.png,masks/tiles/moscow_city_small_17_79220_40979.png,0.702606,"{""0"": 19490, ""2"": 827, ""3"": 29518, ""4"": 15701}",Overture Maps,17,EPSG:4326
moscow_city_small_17_79221_40979,moscow_city_small,17,79221,40979,images/tiles/moscow_city_small_17_79221_40979.png,masks/tiles/moscow_city_small_17_79221_40979.png,0.690201,"{""0"": 20303, ""3"": 26901, ""4"": 18332}",Overture Maps,17,EPSG:4326
moscow_city_small_17_79222_40979,moscow_city_small,17,79222,40979,images/tiles/moscow_city_small_17_79222_40979.png,masks/tiles/moscow_city_small_17_79222_40979.png,0.615402,"{""0"": 25205, ""3"": 22786, ""4"": 17545}",Overture Maps,17,EPSG:4326
moscow_city_small_17_79223_40979,moscow_city_small,17,79223,40979,images/tiles/moscow_city_small_17_79223_40979.png,masks/tiles/moscow_city_small_17_79223_40979.png,0.648178,"{""0"": 23057, ""3"": 28134, ""4"": 14345}",Overture Maps,17,EPSG:4326
moscow_city_small_17_79224_40979,moscow_city_small,17,79224,40979,images/tiles/moscow_city_small_17_79224_40979.png,masks/tiles/moscow_city_small_17_79224_40979.png,0.704712,"{""0"": 19352, ""2"": 120, ""3"": 28396, ""4"": 17668}",Overture Maps,17,EPSG:4326
moscow_city_small_17_79225_40979,moscow_city_small,17,79225,40979,images/tiles/moscow_city_small_17_79225_40979.png,masks/tiles/moscow_city_small_17_79225_40979.png,0.875305,"{""0"": 8172, ""2"": 13396, ""3"": 22229, ""4"": 21739}",Overture Maps,17,EPSG:4326
moscow_city_small_17_79226_40979,moscow_city_small,17,79226,40979,images/tiles/moscow_city_small_17_79226_40979.png,masks/tiles/moscow_city_small_17_79226_40979.png,0.746841,"{""0"": 16591, ""2"": 339, ""3"": 32219, ""4"": 16387}",Overture Maps,17,EPSG:4326
moscow_city_small_17_79227_40979,moscow_city_small,17,79227,40979,images/tiles/moscow_city_small_17_79227_40979.png,masks/tiles/moscow_city_small_17_79227_40979.png,0.671936,"{""0"": 21500, ""2"": 7559, ""3"": 17598, ""4"": 18879}",Overture Maps,17,EPSG:4326
moscow_city_small_17_79228_40979,moscow_city_small,17,79228,40979,images/tiles/moscow_city_small_17_79228_40979.png,masks/tiles/moscow_city_small_17_79228_40979.png,0.749283,"{""0"": 16431, ""2"": 6892, ""3"": 26241, ""4"": 15972}",Overture Maps,17,EPSG:4326
moscow_city_small_17_79229_40979,moscow_city_small,17,79229,40979,images/tiles/moscow_city_small_17_79229_40979.png,masks/tiles/moscow_city_small_17_79229_40979.png,0.788483,"{""0"": 13862, ""1"": 29861, ""2"": 2948, ""3"": 3862, ""4"": 15003}",Overture Maps,17,EPSG:4326
moscow_city_small_17_79230_40979,moscow_city_small,17,79230,40979,images/tiles/moscow_city_small_17_79230_40979.png,masks/tiles/moscow_city_small_17_79230_40979.png,0.79126,"{""0"": 13680, ""1"": 26104, ""2"": 3590, ""3"": 3844, ""4"": 18318}",Overture Maps,17,EPSG:4326
moscow_city_small_17_79231_40979,moscow_city_small,17,79231,40979,images/tiles/moscow_city_small_17_79231_40979.png,masks/tiles/moscow_city_small_17_79231_40979.png,0.652206,"{""0"": 22793, ""1"": 590, ""2"": 385, ""3"": 30457, ""4"": 11311}",Overture Maps,17,EPSG:4326
moscow_city_small_17_79232_40979,moscow_city_small,17,79232,40979,images/tiles/moscow_city_small_17_79232_40979.png,masks/tiles/moscow_city_small_17_79232_40979.png,0.731659,"{""0"": 17586, ""2"": 16614, ""3"": 18193, ""4"": 13143}",Overture Maps,17,EPSG:4326
moscow_city_small_17_79233_40979,moscow_city_small,17,79233,40979,images/tiles/moscow_city_small_17_79233_40979.png,masks/tiles/moscow_city_small_17_79233_40979.png,0.641541,"{""0"": 23492, ""2"": 2169, ""3"": 21931, ""4"": 17944}",Overture Maps,17,EPSG:4326
moscow_city_small_17_79234_40979,moscow_city_small,17,79234,40979,images/tiles/moscow_city_small_17_79234_40979.png,masks/tiles/moscow_city_small_17_79234_40979.png,0.526276,"{""0"": 31046, ""2"": 153, ""3"": 17342, ""4"": 16995}",Overture Maps,17,EPSG:4326
moscow_city_small_17_79235_40979,moscow_city_small,17,79235,40979,images/tiles/moscow_city_small_17_79235_40979.png,masks/tiles/moscow_city_small_17_79235_40979.png,0.626083,"{""0"": 24505, ""2"": 86, ""3"": 21073, ""4"": 19872}",Overture Maps,17,EPSG:4326
moscow_city_small_17_79236_40979,moscow_city_small,17,79236,40979,images/tiles/moscow_city_small_17_79236_40979.png,masks/tiles/moscow_city_small_17_79236_40979.png,0.593613,"{""0"": 26633, ""3"": 23644, ""4"": 15259}",Overture Maps,17,EPSG:4326
moscow_city_small_17_79237_40979,moscow_city_small,17,79237,40979,images/tiles/moscow_city_small_17_79237_40979.png,masks/tiles/moscow_city_small_17_79237_40979.png,0.715424,"{""0"": 18650, ""3"": 29800, ""4"": 17086}",Overture Maps,17,EPSG:4326
moscow_city_small_17_79238_40979,moscow_city_small,17,79238,40979,images/tiles/moscow_city_small_17_79238_40979.png,masks/tiles/moscow_city_small_17_79238_40979.png,0.705551,"{""0"": 19297, ""3"": 29660, ""4"": 16579}",Overture Maps,17,EPSG:4326
moscow_city_small_17_79239_40979,moscow_city_small,17,79239,40979,images/tiles/moscow_city_small_17_79239_40979.png,masks/tiles/moscow_city_small_17_79239_40979.png,0.786316,"{""0"": 14004, ""1"": 21346, ""3"": 8129, ""4"": 22057}",Overture Maps,17,EPSG:4326
moscow_city_small_17_79240_40979,moscow_city_small,17,79240,40979,images/tiles/moscow_city_small_17_79240_40979.png,masks/tiles/moscow_city_small_17_79240_40979.png,0.595215,"{""0"": 26528, ""1"": 37936, ""4"": 1072}",Overture Maps,17,EPSG:4326
moscow_city_small_17_79218_40980,moscow_city_small,17,79218,40980,images/tiles/moscow_city_small_17_79218_40980.png,masks/tiles/moscow_city_small_17_79218_40980.png,0.407135,"{""0"": 38854, ""2"": 8, ""3"": 15298, ""4"": 11376}",Overture Maps,17,EPSG:4326
moscow_city_small_17_79219_40980,moscow_city_small,17,79219,40980,images/tiles/moscow_city_small_17_79219_40980.png,masks/tiles/moscow_city_small_17_79219_40980.png,0.554428,"{""0"": 29201, ""2"": 1468, ""3"": 16006, ""4"": 18861}",Overture Maps,17,EPSG:4326
moscow_city_small_17_79220_40980,moscow_city_small,17,79220,40980,images/tiles/moscow_city_small_17_79220_40980.png,masks/tiles/moscow_city_small_17_79220_40980.png,0.690704,"{""0"": 20270, ""3"": 33462, ""4"": 11804}",Overture Maps,17,EPSG:4326
moscow_city_small_17_79221_40980,moscow_city_small,17,79221,40980,images/tiles/moscow_city_small_17_79221_40980.png,masks/tiles/moscow_city_small_17_79221_40980.png,0.685562,"{""0"": 20607, ""3"": 24621, ""4"": 20308}",Overture Maps,17,EPSG:4326
moscow_city_small_17_79222_40980,moscow_city_small,17,79222,40980,images/tiles/moscow_city_small_17_79222_40980.png,masks/tiles/moscow_city_small_17_79222_40980.png,0.621994,"{""0"": 24773, ""3"": 20744, ""4"": 20019}",Overture Maps,17,EPSG:4326
moscow_city_small_17_79223_40980,moscow_city_small,17,79223,40980,images/tiles/moscow_city_small_17_79223_40980.png,masks/tiles/moscow_city_small_17_79223_40980.png,0.615387,"{""0"": 25206, ""3"": 23063, ""4"": 17267}",Overture Maps,17,EPSG:4326
moscow_city_small_17_79224_40980,moscow_city_small,17,79224,40980,images/tiles/moscow_city_small_17_79224_40980.png,masks/tiles/moscow_city_small_17_79224_40980.png,0.729645,"{""0"": 17718, ""3"": 27400, ""4"": 20418}",Overture Maps,17,EPSG:4326
moscow_city_small_17_79225_40980,moscow_city_small,17,79225,40980,images/tiles/moscow_city_small_17_79225_40980.png,masks/tiles/moscow_city_small_17_79225_40980.png,0.729919,"{""0"": 17700, ""2"": 3300, ""3"": 25558, ""4"": 18978}",Overture Maps,17,EPSG:4326
moscow_city_small_17_79226_40980,moscow_city_small,17,79226,40980,images/tiles/moscow_city_small_17_79226_40980.png,masks/tiles/moscow_city_small_17_79226_40980.png,0.768967,"{""0"": 15141, ""2"": 7516, ""3"": 13169, ""4"": 29710}",Overture Maps,17,EPSG:4326
moscow_city_small_17_79227_40980,moscow_city_small,17,79227,40980,images/tiles/moscow_city_small_17_79227_40980.png,masks/tiles/moscow_city_small_17_79227_40980.png,0.853973,"{""0"": 9570, ""2"": 4485, ""3"": 33538, ""4"": 17943}",Overture Maps,17,EPSG:4326
moscow_city_small_17_79228_40980,moscow_city_small,17,79228,40980,images/tiles/moscow_city_small_17_79228_40980.png,masks/tiles/moscow_city_small_17_79228_40980.png,0.881012,"{""0"": 7798, ""1"": 5903, ""2"": 18994, ""3"": 11597, ""4"": 21244}",Overture Maps,17,EPSG:4326
moscow_city_small_17_79229_40980,moscow_city_small,17,79229,40980,images/tiles/moscow_city_small_17_79229_40980.png,masks/tiles/moscow_city_small_17_79229_40980.png,0.839066,"{""0"": 10547, ""1"": 35102, ""2"": 77, ""3"": 8854, ""4"": 10956}",Overture Maps,17,EPSG:4326
moscow_city_small_17_79230_40980,moscow_city_small,17,79230,40980,images/tiles/moscow_city_small_17_79230_40980.png,masks/tiles/moscow_city_small_17_79230_40980.png,0.583649,"{""0"": 27286, ""2"": 5215, ""3"": 10945, ""4"": 22090}",Overture Maps,17,EPSG:4326
moscow_city_small_17_79231_40980,moscow_city_small,17,79231,40980,images/tiles/moscow_city_small_17_79231_40980.png,masks/tiles/moscow_city_small_17_79231_40980.png,0.842056,"{""0"": 10351, ""2"": 27745, ""3"": 8879, ""4"": 18561}",Overture Maps,17,EPSG:4326
moscow_city_small_17_79232_40980,moscow_city_small,17,79232,40980,images/tiles/moscow_city_small_17_79232_40980.png,masks/tiles/moscow_city_small_17_79232_40980.png,0.596878,"{""0"": 26419, ""2"": 21613, ""3"": 271, ""4"": 17233}",Overture Maps,17,EPSG:4326
moscow_city_small_17_79233_40980,moscow_city_small,17,79233,40980,images/tiles/moscow_city_small_17_79233_40980.png,masks/tiles/moscow_city_small_17_79233_40980.png,0.490372,"{""0"": 33399, ""2"": 1421, ""3"": 16899, ""4"": 13817}",Overture Maps,17,EPSG:4326
moscow_city_small_17_79234_40980,moscow_city_small,17,79234,40980,images/tiles/moscow_city_small_17_79234_40980.png,masks/tiles/moscow_city_small_17_79234_40980.png,0.747543,"{""0"": 16545, ""2"": 390, ""3"": 32283, ""4"": 16318}",Overture Maps,17,EPSG:4326
moscow_city_small_17_79235_40980,moscow_city_small,17,79235,40980,images/tiles/moscow_city_small_17_79235_40980.png,masks/tiles/moscow_city_small_17_79235_40980.png,0.731628,"{""0"": 17588, ""2"": 625, ""3"": 27510, ""4"": 19813}",Overture Maps,17,EPSG:4326
moscow_city_small_17_79236_40980,moscow_city_small,17,79236,40980,images/tiles/moscow_city_small_17_79236_40980.png,masks/tiles/moscow_city_small_17_79236_40980.png,0.71611,"{""0"": 18605, ""2"": 164, ""3"": 31148, ""4"": 15619}",Overture Maps,17,EPSG:4326
moscow_city_small_17_79237_40980,moscow_city_small,17,79237,40980,images/tiles/moscow_city_small_17_79237_40980.png,masks/tiles/moscow_city_small_17_79237_40980.png,0.523804,"{""0"": 31208, ""2"": 694, ""3"": 20415, ""4"": 13219}",Overture Maps,17,EPSG:4326
moscow_city_small_17_79238_40980,moscow_city_small,17,79238,40980,images/tiles/moscow_city_small_17_79238_40980.png,masks/tiles/moscow_city_small_17_79238_40980.png,0.499878,"{""0"": 32776, ""2"": 1908, ""3"": 6727, ""4"": 24125}",Overture Maps,17,EPSG:4326
moscow_city_small_17_79239_40980,moscow_city_small,17,79239,40980,images/tiles/moscow_city_small_17_79239_40980.png,masks/tiles/moscow_city_small_17_79239_40980.png,0.64743,"{""0"": 23106, ""3"": 26483, ""4"": 15947}",Overture Maps,17,EPSG:4326
moscow_city_small_17_79240_40980,moscow_city_small,17,79240,40980,images/tiles/moscow_city_small_17_79240_40980.png,masks/tiles/moscow_city_small_17_79240_40980.png,0.746216,"{""0"": 16632, ""1"": 35294, ""3"": 2815, ""4"": 10795}",Overture Maps,17,EPSG:4326
moscow_city_small_17_79218_40981,moscow_city_small,17,79218,40981,images/tiles/moscow_city_small_17_79218_40981.png,masks/tiles/moscow_city_small_17_79218_40981.png,0.382935,"{""0"": 40440, ""3"": 15571, ""4"": 9525}",Overture Maps,17,EPSG:4326
moscow_city_small_17_79219_40981,moscow_city_small,17,79219,40981,images/tiles/moscow_city_small_17_79219_40981.png,masks/tiles/moscow_city_small_17_79219_40981.png,0.5466,"{""0"": 29714, ""3"": 18138, ""4"": 17684}",Overture Maps,17,EPSG:4326
moscow_city_small_17_79220_40981,moscow_city_small,17,79220,40981,images/tiles/moscow_city_small_17_79220_40981.png,masks/tiles/moscow_city_small_17_79220_40981.png,0.634033,"{""0"": 23984, ""2"": 636, ""3"": 27143, ""4"": 13773}",Overture Maps,17,EPSG:4326
moscow_city_small_17_79221_40981,moscow_city_small,17,79221,40981,images/tiles/moscow_city_small_17_79221_40981.png,masks/tiles/moscow_city_small_17_79221_40981.png,0.751541,"{""0"": 16283, ""2"": 3814, ""3"": 25874, ""4"": 19565}",Overture Maps,17,EPSG:4326
moscow_city_small_17_79222_40981,moscow_city_small,17,79222,40981,images/tiles/moscow_city_small_17_79222_40981.png,masks/tiles/moscow_city_small_17_79222_40981.png,0.759338,"{""0"": 15772, ""2"": 1894, ""3"": 27457, ""4"": 20413}",Overture Maps,17,EPSG:4326
moscow_city_small_17_79223_40981,moscow_city_small,17,79223,40981,images/tiles/moscow_city_small_17_79223_40981.png,masks/tiles/moscow_city_small_17_79223_40981.png,0.629807,"{""0"": 24261, ""3"": 29585, ""4"": 11690}",Overture Maps,17,EPSG:4326
moscow_city_small_17_79224_40981,moscow_city_small,17,79224,40981,images/tiles/moscow_city_small_17_79224_40981.png,masks/tiles/moscow_city_small_17_79224_40981.png,0.738907,"{""0"": 17111, ""3"": 32094, ""4"": 16331}",Overture Maps,17,EPSG:4326
moscow_city_small_17_79225_40981,moscow_city_small,17,79225,40981,images/tiles/moscow_city_small_17_79225_40981.png,masks/tiles/moscow_city_small_17_79225_40981.png,0.687225,"{""0"": 20498, ""3"": 30055, ""4"": 14983}",Overture Maps,17,EPSG:4326
moscow_city_small_17_79226_40981,moscow_city_small,17,79226,40981,images/tiles/moscow_city_small_17_79226_40981.png,masks/tiles/moscow_city_small_17_79226_40981.png,0.777573,"{""0"": 14577, ""2"": 379, ""3"": 30370, ""4"": 20210}",Overture Maps,17,EPSG:4326
moscow_city_small_17_79227_40981,moscow_city_small,17,79227,40981,images/tiles/moscow_city_small_17_79227_40981.png,masks/tiles/moscow_city_small_17_79227_40981.png,0.837112,"{""0"": 10675, ""2"": 7871, ""3"": 23995, ""4"": 22995}",Overture Maps,17,EPSG:4326
moscow_city_small_17_79228_40981,moscow_city_small,17,79228,40981,images/tiles/moscow_city_small_17_79228_40981.png,masks/tiles/moscow_city_small_17_79228_40981.png,0.870605,"{""0"": 8480, ""1"": 31013, ""2"": 6700, ""3"": 3531, ""4"": 15812}",Overture Maps,17,EPSG:4326
moscow_city_small_17_79229_40981,moscow_city_small,17,79229,40981,images/tiles/moscow_city_small_17_79229_40981.png,masks/tiles/moscow_city_small_17_79229_40981.png,0.630737,"{""0"": 24200, ""1"": 8890, ""2"": 616, ""3"": 17827, ""4"": 14003}",Overture Maps,17,EPSG:4326
moscow_city_small_17_79230_40981,moscow_city_small,17,79230,40981,images/tiles/moscow_city_small_17_79230_40981.png,masks/tiles/moscow_city_small_17_79230_40981.png,0.657013,"{""0"": 22478, ""2"": 4124, ""3"": 25980, ""4"": 12954}",Overture Maps,17,EPSG:4326
moscow_city_small_17_79231_40981,moscow_city_small,17,79231,40981,images/tiles/moscow_city_small_17_79231_40981.png,masks/tiles/moscow_city_small_17_79231_40981.png,0.385864,"{""0"": 40248, ""2"": 6125, ""3"": 1196, ""4"": 17967}",Overture Maps,17,EPSG:4326
moscow_city_small_17_79232_40981,moscow_city_small,17,79232,40981,images/tiles/moscow_city_small_17_79232_40981.png,masks/tiles/moscow_city_small_17_79232_40981.png,0.622635,"{""0"": 24731, ""2"": 269, ""3"": 28272, ""4"": 12264}",Overture Maps,17,EPSG:4326
moscow_city_small_17_79233_40981,moscow_city_small,17,79233,40981,images/tiles/moscow_city_small_17_79233_40981.png,masks/tiles/moscow_city_small_17_79233_40981.png,0.669601,"{""0"": 21653, ""2"": 888, ""3"": 23802, ""4"": 19193}",Overture Maps,17,EPSG:4326
moscow_city_small_17_79234_40981,moscow_city_small,17,79234,40981,images/tiles/moscow_city_small_17_79234_40981.png,masks/tiles/moscow_city_small_17_79234_40981.png,0.80513,"{""0"": 12771, ""3"": 33472, ""4"": 19293}",Overture Maps,17,EPSG:4326
moscow_city_small_17_79235_40981,moscow_city_small,17,79235,40981,images/tiles/moscow_city_small_17_79235_40981.png,masks/tiles/moscow_city_small_17_79235_40981.png,0.6707,"{""0"": 21581, ""3"": 29716, ""4"": 14239}",Overture Maps,17,EPSG:4326
moscow_city_small_17_79236_40981,moscow_city_small,17,79236,40981,images/tiles/moscow_city_small_17_79236_40981.png,masks/tiles/moscow_city_small_17_79236_40981.png,0.797623,"{""0"": 13263, ""2"": 3315, ""3"": 30020, ""4"": 18938}",Overture Maps,17,EPSG:4326
moscow_city_small_17_79237_40981,moscow_city_small,17,79237,40981,images/tiles/moscow_city_small_17_79237_40981.png,masks/tiles/moscow_city_small_17_79237_40981.png,0.597748,"{""0"": 26362, ""2"": 52, ""3"": 16772, ""4"": 22350}",Overture Maps,17,EPSG:4326
moscow_city_small_17_79238_40981,moscow_city_small,17,79238,40981,images/tiles/moscow_city_small_17_79238_40981.png,masks/tiles/moscow_city_small_17_79238_40981.png,0.587219,"{""0"": 27052, ""2"": 338, ""3"": 17595, ""4"": 20551}",Overture Maps,17,EPSG:4326
moscow_city_small_17_79239_40981,moscow_city_small,17,79239,40981,images/tiles/moscow_city_small_17_79239_40981.png,masks/tiles/moscow_city_small_17_79239_40981.png,0.596512,"{""0"": 26443, ""3"": 23893, ""4"": 15200}",Overture Maps,17,EPSG:4326
moscow_city_small_17_79240_40981,moscow_city_small,17,79240,40981,images/tiles/moscow_city_small_17_79240_40981.png,masks/tiles/moscow_city_small_17_79240_40981.png,0.447266,"{""0"": 36224, ""1"": 4316, ""3"": 13248, ""4"": 11748}",Overture Maps,17,EPSG:4326
moscow_city_small_17_79218_40982,moscow_city_small,17,79218,40982,images/tiles/moscow_city_small_17_79218_40982.png,masks/tiles/moscow_city_small_17_79218_40982.png,0.418533,"{""0"": 38107, ""3"": 20778, ""4"": 6651}",Overture Maps,17,EPSG:4326
moscow_city_small_17_79219_40982,moscow_city_small,17,79219,40982,images/tiles/moscow_city_small_17_79219_40982.png,masks/tiles/moscow_city_small_17_79219_40982.png,0.596573,"{""0"": 26439, ""3"": 25882, ""4"": 13215}",Overture Maps,17,EPSG:4326
moscow_city_small_17_79220_40982,moscow_city_small,17,79220,40982,images/tiles/moscow_city_small_17_79220_40982.png,masks/tiles/moscow_city_small_17_79220_40982.png,0.53273,"{""0"": 30623, ""2"": 1981, ""3"": 15905, ""4"": 17027}",Overture Maps,17,EPSG:4326
moscow_city_small_17_79221_40982,moscow_city_small,17,79221,40982,images/tiles/moscow_city_small_17_79221_40982.png,masks/tiles/moscow_city_small_17_79221_40982.png,0.664124,"{""0"": 22012, ""2"": 192, ""3"": 24370, ""4"": 18962}",Overture Maps,17,EPSG:4326
moscow_city_small_17_79222_40982,moscow_city_small,17,79222,40982,images/tiles/moscow_city_small_17_79222_40982.png,masks/tiles/moscow_city_small_17_79222_40982.png,0.568939,"{""0"": 28250, ""2"": 1996, ""3"": 20961, ""4"": 14329}",Overture Maps,17,EPSG:4326
moscow_city_small_17_79223_40982,moscow_city_small,17,79223,40982,images/tiles/moscow_city_small_17_79223_40982.png,masks/tiles/moscow_city_small_17_79223_40982.png,0.773071,"{""0"": 14872, ""2"": 79, ""3"": 32923, ""4"": 17662}",Overture Maps,17,EPSG:4326
moscow_city_small_17_79224_40982,moscow_city_small,17,79224,40982,images/tiles/moscow_city_small_17_79224_40982.png,masks/tiles/moscow_city_small_17_79224_40982.png,0.800278,"{""0"": 13089, ""3"": 34841, ""4"": 17606}",Overture Maps,17,EPSG:4326
moscow_city_small_17_79225_40982,moscow_city_small,17,79225,40982,images/tiles/moscow_city_small_17_79225_40982.png,masks/tiles/moscow_city_small_17_79225_40982.png,0.823624,"{""0"": 11559, ""2"": 1947, ""3"": 31779, ""4"": 20251}",Overture Maps,17,EPSG:4326
moscow_city_small_17_79226_40982,moscow_city_small,17,79226,40982,images/tiles/moscow_city_small_17_79226_40982.png,masks/tiles/moscow_city_small_17_79226_40982.png,0.716599,"{""0"": 18573, ""2"": 18, ""3"": 29633, ""4"": 17312}",Overture Maps,17,EPSG:4326
moscow_city_small_17_79227_40982,moscow_city_small,17,79227,40982,images/tiles/moscow_city_small_17_79227_40982.png,masks/tiles/moscow_city_small_17_79227_40982.png,0.632095,"{""0"": 24111, ""3"": 27409, ""4"": 14016}",Overture Maps,17,EPSG:4326
moscow_city_small_17_79228_40982,moscow_city_small,17,79228,40982,images/tiles/moscow_city_small_17_79228_40982.png,masks/tiles/moscow_city_small_17_79228_40982.png,0.877533,"{""0"": 8026, ""1"": 39159, ""2"": 902, ""3"": 8060, ""4"": 9389}",Overture Maps,17,EPSG:4326
moscow_city_small_17_79229_40982,moscow_city_small,17,79229,40982,images/tiles/moscow_city_small_17_79229_40982.png,masks/tiles/moscow_city_small_17_79229_40982.png,0.695709,"{""0"": 19942, ""1"": 57, ""2"": 86, ""3"": 29336, ""4"": 16115}",Overture Maps,17,EPSG:4326
moscow_city_small_17_79230_40982,moscow_city_small,17,79230,40982,images/tiles/moscow_city_small_17_79230_40982.png,masks/tiles/moscow_city_small_17_79230_40982.png,0.426407,"{""0"": 37591, ""2"": 100, ""3"": 11171, ""4"": 16674}",Overture Maps,17,EPSG:4326
moscow_city_small_17_79231_40982,moscow_city_small,17,79231,40982,images/tiles/moscow_city_small_17_79231_40982.png,masks/tiles/moscow_city_small_17_79231_40982.png,0.652664,"{""0"": 22763, ""2"": 1235, ""3"": 19305, ""4"": 22233}",Overture Maps,17,EPSG:4326
moscow_city_small_17_79232_40982,moscow_city_small,17,79232,40982,images/tiles/moscow_city_small_17_79232_40982.png,masks/tiles/moscow_city_small_17_79232_40982.png,0.759491,"{""0"": 15762, ""2"": 134, ""3"": 33181, ""4"": 16459}",Overture Maps,17,EPSG:4326
moscow_city_small_17_79233_40982,moscow_city_small,17,79233,40982,images/tiles/moscow_city_small_17_79233_40982.png,masks/tiles/moscow_city_small_17_79233_40982.png,0.779495,"{""0"": 14451, ""2"": 2100, ""3"": 35650, ""4"": 13335}",Overture Maps,17,EPSG:4326
moscow_city_small_17_79234_40982,moscow_city_small,17,79234,40982,images/tiles/moscow_city_small_17_79234_40982.png,masks/tiles/moscow_city_small_17_79234_40982.png,0.759186,"{""0"": 15782, ""2"": 2095, ""3"": 28969, ""4"": 18690}",Overture Maps,17,EPSG:4326
moscow_city_small_17_79235_40982,moscow_city_small,17,79235,40982,images/tiles/moscow_city_small_17_79235_40982.png,masks/tiles/moscow_city_small_17_79235_40982.png,0.635895,"{""0"": 23862, ""3"": 33736, ""4"": 7938}",Overture Maps,17,EPSG:4326
moscow_city_small_17_79236_40982,moscow_city_small,17,79236,40982,images/tiles/moscow_city_small_17_79236_40982.png,masks/tiles/moscow_city_small_17_79236_40982.png,0.810547,"{""0"": 12416, ""2"": 11317, ""3"": 19178, ""4"": 22625}",Overture Maps,17,EPSG:4326
moscow_city_small_17_79237_40982,moscow_city_small,17,79237,40982,images/tiles/moscow_city_small_17_79237_40982.png,masks/tiles/moscow_city_small_17_79237_40982.png,0.682159,"{""0"": 20830, ""2"": 476, ""3"": 24476, ""4"": 19754}",Overture Maps,17,EPSG:4326
moscow_city_small_17_79238_40982,moscow_city_small,17,79238,40982,images/tiles/moscow_city_small_17_79238_40982.png,masks/tiles/moscow_city_small_17_79238_40982.png,0.648666,"{""0"": 23025, ""3"": 26892, ""4"": 15619}",Overture Maps,17,EPSG:4326
moscow_city_small_17_79239_40982,moscow_city_small,17,79239,40982,images/tiles/moscow_city_small_17_79239_40982.png,masks/tiles/moscow_city_small_17_79239_40982.png,0.463058,"{""0"": 35189, ""2"": 538, ""3"": 12516, ""4"": 17293}",Overture Maps,17,EPSG:4326
moscow_city_small_17_79240_40982,moscow_city_small,17,79240,40982,images/tiles/moscow_city_small_17_79240_40982.png,masks/tiles/moscow_city_small_17_79240_40982.png,0.387085,"{""0"": 40168, ""2"": 456, ""3"": 17615, ""4"": 7297}",Overture Maps,17,EPSG:4326
moscow_city_small_17_79218_40983,moscow_city_small,17,79218,40983,images/tiles/moscow_city_small_17_79218_40983.png,masks/tiles/moscow_city_small_17_79218_40983.png,0.393677,"{""0"": 39736, ""3"": 11019, ""4"": 14781}",Overture Maps,17,EPSG:4326
moscow_city_small_17_79219_40983,moscow_city_small,17,79219,40983,images/tiles/moscow_city_small_17_79219_40983.png,masks/tiles/moscow_city_small_17_79219_40983.png,0.684967,"{""0"": 20646, ""3"": 22586, ""4"": 22304}",Overture Maps,17,EPSG:4326
moscow_city_small_17_79220_40983,moscow_city_small,17,79220,40983,images/tiles/moscow_city_small_17_79220_40983.png,masks/tiles/moscow_city_small_17_79220_40983.png,0.594254,"{""0"": 26591, ""2"": 3727, ""3"": 14376, ""4"": 20842}",Overture Maps,17,EPSG:4326
moscow_city_small_17_79221_40983,moscow_city_small,17,79221,40983,images/tiles/moscow_city_small_17_79221_40983.png,masks/tiles/moscow_city_small_17_79221_40983.png,0.696075,"{""0"": 19918, ""3"": 29611, ""4"": 16007}",Overture Maps,17,EPSG:4326
moscow_city_small_17_79222_40983,moscow_city_small,17,79222,40983,images/tiles/moscow_city_small_17_79222_40983.png,masks/tiles/moscow_city_small_17_79222_40983.png,0.715363,"{""0"": 18654, ""2"": 256, ""3"": 24767, ""4"": 21859}",Overture Maps,17,EPSG:4326
moscow_city_small_17_79223_40983,moscow_city_small,17,79223,40983,images/tiles/moscow_city_small_17_79223_40983.png,masks/tiles/moscow_city_small_17_79223_40983.png,0.756271,"{""0"": 15973, ""3"": 31293, ""4"": 18270}",Overture Maps,17,EPSG:4326
moscow_city_small_17_79224_40983,moscow_city_small,17,79224,40983,images/tiles/moscow_city_small_17_79224_40983.png,masks/tiles/moscow_city_small_17_79224_40983.png,0.723007,"{""0"": 18153, ""3"": 29886, ""4"": 17497}",Overture Maps,17,EPSG:4326
moscow_city_small_17_79225_40983,moscow_city_small,17,79225,40983,images/tiles/moscow_city_small_17_79225_40983.png,masks/tiles/moscow_city_small_17_79225_40983.png,0.647873,"{""0"": 23077, ""2"": 3076, ""3"": 21427, ""4"": 17956}",Overture Maps,17,EPSG:4326
moscow_city_small_17_79226_40983,moscow_city_small,17,79226,40983,images/tiles/moscow_city_small_17_79226_40983.png,masks/tiles/moscow_city_small_17_79226_40983.png,0.610077,"{""0"": 25554, ""2"": 703, ""3"": 22600, ""4"": 16679}",Overture Maps,17,EPSG:4326
moscow_city_small_17_79227_40983,moscow_city_small,17,79227,40983,images/tiles/moscow_city_small_17_79227_40983.png,masks/tiles/moscow_city_small_17_79227_40983.png,0.77449,"{""0"": 14779, ""2"": 196, ""3"": 32652, ""4"": 17909}",Overture Maps,17,EPSG:4326
moscow_city_small_17_79228_40983,moscow_city_small,17,79228,40983,images/tiles/moscow_city_small_17_79228_40983.png,masks/tiles/moscow_city_small_17_79228_40983.png,0.912109,"{""0"": 5760, ""1"": 45348, ""2"": 1103, ""3"": 4105, ""4"": 9220}",Overture Maps,17,EPSG:4326
moscow_city_small_17_79229_40983,moscow_city_small,17,79229,40983,images/tiles/moscow_city_small_17_79229_40983.png,masks/tiles/moscow_city_small_17_79229_40983.png,0.62915,"{""0"": 24304, ""3"": 26802, ""4"": 14430}",Overture Maps,17,EPSG:4326
moscow_city_small_17_79230_40983,moscow_city_small,17,79230,40983,images/tiles/moscow_city_small_17_79230_40983.png,masks/tiles/moscow_city_small_17_79230_40983.png,0.541946,"{""0"": 30019, ""2"": 1918, ""3"": 21308, ""4"": 12291}",Overture Maps,17,EPSG:4326
moscow_city_small_17_79231_40983,moscow_city_small,17,79231,40983,images/tiles/moscow_city_small_17_79231_40983.png,masks/tiles/moscow_city_small_17_79231_40983.png,0.660614,"{""0"": 22242, ""2"": 3245, ""3"": 17588, ""4"": 22461}",Overture Maps,17,EPSG:4326
moscow_city_small_17_79232_40983,moscow_city_small,17,79232,40983,images/tiles/moscow_city_small_17_79232_40983.png,masks/tiles/moscow_city_small_17_79232_40983.png,0.754364,"{""0"": 16098, ""2"": 40, ""3"": 32727, ""4"": 16671}",Overture Maps,17,EPSG:4326
moscow_city_small_17_79233_40983,moscow_city_small,17,79233,40983,images/tiles/moscow_city_small_17_79233_40983.png,masks/tiles/moscow_city_small_17_79233_40983.png,0.626526,"{""0"": 24476, ""2"": 2288, ""3"": 24611, ""4"": 14161}",Overture Maps,17,EPSG:4326
moscow_city_small_17_79234_40983,moscow_city_small,17,79234,40983,images/tiles/moscow_city_small_17_79234_40983.png,masks/tiles/moscow_city_small_17_79234_40983.png,0.673386,"{""0"": 21405, ""3"": 28419, ""4"": 15712}",Overture Maps,17,EPSG:4326
moscow_city_small_17_79235_40983,moscow_city_small,17,79235,40983,images/tiles/moscow_city_small_17_79235_40983.png,masks/tiles/moscow_city_small_17_79235_40983.png,0.71225,"{""0"": 18858, ""3"": 26242, ""4"": 20436}",Overture Maps,17,EPSG:4326
moscow_city_small_17_79236_40983,moscow_city_small,17,79236,40983,images/tiles/moscow_city_small_17_79236_40983.png,masks/tiles/moscow_city_small_17_79236_40983.png,0.76683,"{""0"": 15281, ""2"": 3211, ""3"": 22459, ""4"": 24585}",Overture Maps,17,EPSG:4326
moscow_city_small_17_79237_40983,moscow_city_small,17,79237,40983,images/tiles/moscow_city_small_17_79237_40983.png,masks/tiles/moscow_city_small_17_79237_40983.png,0.641525,"{""0"": 23493, ""2"": 941, ""3"": 21354, ""4"": 19748}",Overture Maps,17,EPSG:4326
moscow_city_small_17_79238_40983,moscow_city_small,17,79238,40983,images/tiles/moscow_city_small_17_79238_40983.png,masks/tiles/moscow_city_small_17_79238_40983.png,0.627182,"{""0"": 24433, ""3"": 27002, ""4"": 14101}",Overture Maps,17,EPSG:4326
moscow_city_small_17_79239_40983,moscow_city_small,17,79239,40983,images/tiles/moscow_city_small_17_79239_40983.png,masks/tiles/moscow_city_small_17_79239_40983.png,0.596954,"{""0"": 26414, ""3"": 26045, ""4"": 13077}",Overture Maps,17,EPSG:4326
moscow_city_small_17_79240_40983,moscow_city_small,17,79240,40983,images/tiles/moscow_city_small_17_79240_40983.png,masks/tiles/moscow_city_small_17_79240_40983.png,0.340622,"{""0"": 43213, ""3"": 10826, ""4"": 11497}",Overture Maps,17,EPSG:4326
moscow_city_small_17_79218_40984,moscow_city_small,17,79218,40984,images/tiles/moscow_city_small_17_79218_40984.png,masks/tiles/moscow_city_small_17_79218_40984.png,0.443512,"{""0"": 36470, ""3"": 13749, ""4"": 15317}",Overture Maps,17,EPSG:4326
moscow_city_small_17_79219_40984,moscow_city_small,17,79219,40984,images/tiles/moscow_city_small_17_79219_40984.png,masks/tiles/moscow_city_small_17_79219_40984.png,0.72467,"{""0"": 18044, ""2"": 170, ""3"": 31730, ""4"": 15592}",Overture Maps,17,EPSG:4326
moscow_city_small_17_79220_40984,moscow_city_small,17,79220,40984,images/tiles/moscow_city_small_17_79220_40984.png,masks/tiles/moscow_city_small_17_79220_40984.png,0.58638,"{""0"": 27107, ""2"": 6109, ""3"": 9086, ""4"": 23234}",Overture Maps,17,EPSG:4326
moscow_city_small_17_79221_40984,moscow_city_small,17,79221,40984,images/tiles/moscow_city_small_17_79221_40984.png,masks/tiles/moscow_city_small_17_79221_40984.png,0.617081,"{""0"": 25095, ""3"": 23919, ""4"": 16522}",Overture Maps,17,EPSG:4326
moscow_city_small_17_79222_40984,moscow_city_small,17,79222,40984,images/tiles/moscow_city_small_17_79222_40984.png,masks/tiles/moscow_city_small_17_79222_40984.png,0.599152,"{""0"": 26270, ""3"": 25098, ""4"": 14168}",Overture Maps,17,EPSG:4326
moscow_city_small_17_79223_40984,moscow_city_small,17,79223,40984,images/tiles/moscow_city_small_17_79223_40984.png,masks/tiles/moscow_city_small_17_79223_40984.png,0.719955,"{""0"": 18353, ""2"": 1538, ""3"": 26358, ""4"": 19287}",Overture Maps,17,EPSG:4326
moscow_city_small_17_79224_40984,moscow_city_small,17,79224,40984,images/tiles/moscow_city_small_17_79224_40984.png,masks/tiles/moscow_city_small_17_79224_40984.png,0.809433,"{""0"": 12489, ""2"": 6872, ""3"": 20077, ""4"": 26098}",Overture Maps,17,EPSG:4326
moscow_city_small_17_79225_40984,moscow_city_small,17,79225,40984,images/tiles/moscow_city_small_17_79225_40984.png,masks/tiles/moscow_city_small_17_79225_40984.png,0.664169,"{""0"": 22009, ""2"": 19, ""3"": 25464, ""4"": 18044}",Overture Maps,17,EPSG:4326
moscow_city_small_17_79226_40984,moscow_city_small,17,79226,40984,images/tiles/moscow_city_small_17_79226_40984.png,masks/tiles/moscow_city_small_17_79226_40984.png,0.748123,"{""0"": 16507, ""2"": 3580, ""3"": 28551, ""4"": 16898}",Overture Maps,17,EPSG:4326
moscow_city_small_17_79227_40984,moscow_city_small,17,79227,40984,images/tiles/moscow_city_small_17_79227_40984.png,masks/tiles/moscow_city_small_17_79227_40984.png,0.810089,"{""0"": 12446, ""1"": 12757, ""2"": 1368, ""3"": 25005, ""4"": 13960}",Overture Maps,17,EPSG:4326
moscow_city_small_17_79228_40984,moscow_city_small,17,79228,40984,images/tiles/moscow_city_small_17_79228_40984.png,masks/tiles/moscow_city_small_17_79228_40984.png,0.925598,"{""0"": 4876, ""1"": 55422, ""2"": 935, ""3"": 347, ""4"": 3956}",Overture Maps,17,EPSG:4326
moscow_city_small_17_79229_40984,moscow_city_small,17,79229,40984,images/tiles/moscow_city_small_17_79229_40984.png,masks/tiles/moscow_city_small_17_79229_40984.png,0.63472,"{""0"": 23939, ""1"": 2625, ""2"": 15345, ""3"": 8697, ""4"": 14930}",Overture Maps,17,EPSG:4326
moscow_city_small_17_79230_40984,moscow_city_small,17,79230,40984,images/tiles/moscow_city_small_17_79230_40984.png,masks/tiles/moscow_city_small_17_79230_40984.png,0.794083,"{""0"": 13495, ""2"": 649, ""3"": 31925, ""4"": 19467}",Overture Maps,17,EPSG:4326
moscow_city_small_17_79231_40984,moscow_city_small,17,79231,40984,images/tiles/moscow_city_small_17_79231_40984.png,masks/tiles/moscow_city_small_17_79231_40984.png,0.740204,"{""0"": 17026, ""2"": 6040, ""3"": 22085, ""4"": 20385}",Overture Maps,17,EPSG:4326
moscow_city_small_17_79232_40984,moscow_city_small,17,79232,40984,images/tiles/moscow_city_small_17_79232_40984.png,masks/tiles/moscow_city_small_17_79232_40984.png,0.713547,"{""0"": 18773, ""2"": 1287, ""3"": 28403, ""4"": 17073}",Overture Maps,17,EPSG:4326
moscow_city_small_17_79233_40984,moscow_city_small,17,79233,40984,images/tiles/moscow_city_small_17_79233_40984.png,masks/tiles/moscow_city_small_17_79233_40984.png,0.598709,"{""0"": 26299, ""3"": 27667, ""4"": 11570}",Overture Maps,17,EPSG:4326
moscow_city_small_17_79234_40984,moscow_city_small,17,79234,40984,images/tiles/moscow_city_small_17_79234_40984.png,masks/tiles/moscow_city_small_17_79234_40984.png,0.692764,"{""0"": 20135, ""2"": 801, ""3"": 28145, ""4"": 16455}",Overture Maps,17,EPSG:4326
moscow_city_small_17_79235_40984,moscow_city_small,17,79235,40984,images/tiles/moscow_city_small_17_79235_40984.png,masks/tiles/moscow_city_small_17_79235_40984.png,0.627121,"{""0"": 24437, ""2"": 383, ""3"": 20712, ""4"": 20004}",Overture Maps,17,EPSG:4326
moscow_city_small_17_79236_40984,moscow_city_small,17,79236,40984,images/tiles/moscow_city_small_17_79236_40984.png,masks/tiles/moscow_city_small_17_79236_40984.png,0.731873,"{""0"": 17572, ""2"": 518, ""3"": 23804, ""4"": 23642}",Overture Maps,17,EPSG:4326
moscow_city_small_17_79237_40984,moscow_city_small,17,79237,40984,images/tiles/moscow_city_small_17_79237_40984.png,masks/tiles/moscow_city_small_17_79237_40984.png,0.683624,"{""0"": 20734, ""2"": 221, ""3"": 28955, ""4"": 15626}",Overture Maps,17,EPSG:4326
moscow_city_small_17_79238_40984,moscow_city_small,17,79238,40984,images/tiles/moscow_city_small_17_79238_40984.png,masks/tiles/moscow_city_small_17_79238_40984.png,0.608734,"{""0"": 25642, ""3"": 23679, ""4"": 16215}",Overture Maps,17,EPSG:4326
moscow_city_small_17_79239_40984,moscow_city_small,17,79239,40984,images/tiles/moscow_city_small_17_79239_40984.png,masks/tiles/moscow_city_small_17_79239_40984.png,0.602005,"{""0"": 26083, ""2"": 2412, ""3"": 25463, ""4"": 11578}",Overture Maps,17,EPSG:4326
moscow_city_small_17_79240_40984,moscow_city_small,17,79240,40984,images/tiles/moscow_city_small_17_79240_40984.png,masks/tiles/moscow_city_small_17_79240_40984.png,0.258591,"{""0"": 48589, ""3"": 4370, ""4"": 12577}",Overture Maps,17,EPSG:4326
moscow_city_small_17_79218_40985,moscow_city_small,17,79218,40985,images/tiles/moscow_city_small_17_79218_40985.png,masks/tiles/moscow_city_small_17_79218_40985.png,0.714615,"{""0"": 18703, ""2"": 30128, ""3"": 4505, ""4"": 12200}",Overture Maps,17,EPSG:4326
moscow_city_small_17_79219_40985,moscow_city_small,17,79219,40985,images/tiles/moscow_city_small_17_79219_40985.png,masks/tiles/moscow_city_small_17_79219_40985.png,0.632309,"{""0"": 24097, ""2"": 3163, ""3"": 19996, ""4"": 18280}",Overture Maps,17,EPSG:4326
moscow_city_small_17_79220_40985,moscow_city_small,17,79220,40985,images/tiles/moscow_city_small_17_79220_40985.png,masks/tiles/moscow_city_small_17_79220_40985.png,0.659286,"{""0"": 22329, ""2"": 57, ""3"": 23720, ""4"": 19430}",Overture Maps,17,EPSG:4326
moscow_city_small_17_79221_40985,moscow_city_small,17,79221,40985,images/tiles/moscow_city_small_17_79221_40985.png,masks/tiles/moscow_city_small_17_79221_40985.png,0.568283,"{""0"": 28293, ""3"": 18786, ""4"": 18457}",Overture Maps,17,EPSG:4326
moscow_city_small_17_79222_40985,moscow_city_small,17,79222,40985,images/tiles/moscow_city_small_17_79222_40985.png,masks/tiles/moscow_city_small_17_79222_40985.png,0.568481,"{""0"": 28280, ""3"": 24077, ""4"": 13179}",Overture Maps,17,EPSG:4326
moscow_city_small_17_79223_40985,moscow_city_small,17,79223,40985,images/tiles/moscow_city_small_17_79223_40985.png,masks/tiles/moscow_city_small_17_79223_40985.png,0.634064,"{""0"": 23982, ""3"": 23043, ""4"": 18511}",Overture Maps,17,EPSG:4326
moscow_city_small_17_79224_40985,moscow_city_small,17,79224,40985,images/tiles/moscow_city_small_17_79224_40985.png,masks/tiles/moscow_city_small_17_79224_40985.png,0.651215,"{""0"": 22858, ""2"": 2088, ""3"": 22654, ""4"": 17936}",Overture Maps,17,EPSG:4326
moscow_city_small_17_79225_40985,moscow_city_small,17,79225,40985,images/tiles/moscow_city_small_17_79225_40985.png,masks/tiles/moscow_city_small_17_79225_40985.png,0.722397,"{""0"": 18193, ""2"": 1043, ""3"": 29462, ""4"": 16838}",Overture Maps,17,EPSG:4326
moscow_city_small_17_79226_40985,moscow_city_small,17,79226,40985,images/tiles/moscow_city_small_17_79226_40985.png,masks/tiles/moscow_city_small_17_79226_40985.png,0.880447,"{""0"": 7835, ""1"": 16973, ""2"": 377, ""3"": 25293, ""4"": 15058}",Overture Maps,17,EPSG:4326
moscow_city_small_17_79227_40985,moscow_city_small,17,79227,40985,images/tiles/moscow_city_small_17_79227_40985.png,masks/tiles/moscow_city_small_17_79227_40985.png,0.963333,"{""0"": 2403, ""1"": 56492, ""2"": 972, ""3"": 1226, ""4"": 4443}",Overture Maps,17,EPSG:4326
moscow_city_small_17_79228_40985,moscow_city_small,17,79228,40985,images/tiles/moscow_city_small_17_79228_40985.png,masks/tiles/moscow_city_small_17_79228_40985.png,0.928497,"{""0"": 4686, ""1"": 13660, ""2"": 32013, ""3"": 283, ""4"": 14894}",Overture Maps,17,EPSG:4326
moscow_city_small_17_79229_40985,moscow_city_small,17,79229,40985,images/tiles/moscow_city_small_17_79229_40985.png,masks/tiles/moscow_city_small_17_79229_40985.png,0.909668,"{""0"": 5920, ""2"": 37246, ""3"": 5885, ""4"": 16485}",Overture Maps,17,EPSG:4326
moscow_city_small_17_79230_40985,moscow_city_small,17,79230,40985,images/tiles/moscow_city_small_17_79230_40985.png,masks/tiles/moscow_city_small_17_79230_40985.png,0.685303,"{""0"": 20624, ""2"": 7764, ""3"": 22413, ""4"": 14735}",Overture Maps,17,EPSG:4326
moscow_city_small_17_79231_40985,moscow_city_small,17,79231,40985,images/tiles/moscow_city_small_17_79231_40985.png,masks/tiles/moscow_city_small_17_79231_40985.png,0.723511,"{""0"": 18120, ""2"": 265, ""3"": 27484, ""4"": 19667}",Overture Maps,17,EPSG:4326
moscow_city_small_17_79232_40985,moscow_city_small,17,79232,40985,images/tiles/moscow_city_small_17_79232_40985.png,masks/tiles/moscow_city_small_17_79232_40985.png,0.759491,"{""0"": 15762, ""2"": 588, ""3"": 25923, ""4"": 23263}",Overture Maps,17,EPSG:4326
moscow_city_small_17_79233_40985,moscow_city_small,17,79233,40985,images/tiles/moscow_city_small_17_79233_40985.png,masks/tiles/moscow_city_small_17_79233_40985.png,0.636292,"{""0"": 23836, ""3"": 26730, ""4"": 14970}",Overture Maps,17,EPSG:4326
moscow_city_small_17_79234_40985,moscow_city_small,17,79234,40985,images/tiles/moscow_city_small_17_79234_40985.png,masks/tiles/moscow_city_small_17_79234_40985.png,0.647705,"{""0"": 23088, ""3"": 25377, ""4"": 17071}",Overture Maps,17,EPSG:4326
moscow_city_small_17_79235_40985,moscow_city_small,17,79235,40985,images/tiles/moscow_city_small_17_79235_40985.png,masks/tiles/moscow_city_small_17_79235_40985.png,0.717606,"{""0"": 18507, ""3"": 29075, ""4"": 17954}",Overture Maps,17,EPSG:4326
moscow_city_small_17_79236_40985,moscow_city_small,17,79236,40985,images/tiles/moscow_city_small_17_79236_40985.png,masks/tiles/moscow_city_small_17_79236_40985.png,0.631027,"{""0"": 24181, ""2"": 6, ""3"": 27505, ""4"": 13844}",Overture Maps,17,EPSG:4326
moscow_city_small_17_79237_40985,moscow_city_small,17,79237,40985,images/tiles/moscow_city_small_17_79237_40985.png,masks/tiles/moscow_city_small_17_79237_40985.png,0.684174,"{""0"": 20698, ""2"": 3483, ""3"": 19113, ""4"": 22242}",Overture Maps,17,EPSG:4326
moscow_city_small_17_79238_40985,moscow_city_small,17,79238,40985,images/tiles/moscow_city_small_17_79238_40985.png,masks/tiles/moscow_city_small_17_79238_40985.png,0.667511,"{""0"": 21790, ""3"": 26298, ""4"": 17448}",Overture Maps,17,EPSG:4326
moscow_city_small_17_79239_40985,moscow_city_small,17,79239,40985,images/tiles/moscow_city_small_17_79239_40985.png,masks/tiles/moscow_city_small_17_79239_40985.png,0.548996,"{""0"": 29557, ""3"": 25869, ""4"": 10110}",Overture Maps,17,EPSG:4326
moscow_city_small_17_79240_40985,moscow_city_small,17,79240,40985,images/tiles/moscow_city_small_17_79240_40985.png,masks/tiles/moscow_city_small_17_79240_40985.png,0.195892,"{""0"": 52698, ""3"": 3903, ""4"": 8935}",Overture Maps,17,EPSG:4326
moscow_city_small_17_79218_40986,moscow_city_small,17,79218,40986,images/tiles/moscow_city_small_17_79218_40986.png,masks/tiles/moscow_city_small_17_79218_40986.png,0.668976,"{""0"": 21694, ""2"": 15373, ""3"": 13271, ""4"": 15198}",Overture Maps,17,EPSG:4326
moscow_city_small_17_79219_40986,moscow_city_small,17,79219,40986,images/tiles/moscow_city_small_17_79219_40986.png,masks/tiles/moscow_city_small_17_79219_40986.png,0.652359,"{""0"": 22783, ""3"": 27391, ""4"": 15362}",Overture Maps,17,EPSG:4326
moscow_city_small_17_79220_40986,moscow_city_small,17,79220,40986,images/tiles/moscow_city_small_17_79220_40986.png,masks/tiles/moscow_city_small_17_79220_40986.png,0.78598,"{""0"": 14026, ""2"": 449, ""3"": 35044, ""4"": 16017}",Overture Maps,17,EPSG:4326
moscow_city_small_17_79221_40986,moscow_city_small,17,79221,40986,images/tiles/moscow_city_small_17_79221_40986.png,masks/tiles/moscow_city_small_17_79221_40986.png,0.71843,"{""0"": 18453, ""2"": 289, ""3"": 27761, ""4"": 19033}",Overture Maps,17,EPSG:4326
moscow_city_small_17_79222_40986,moscow_city_small,17,79222,40986,images/tiles/moscow_city_small_17_79222_40986.png,masks/tiles/moscow_city_small_17_79222_40986.png,0.582184,"{""0"": 27382, ""3"": 25228, ""4"": 12926}",Overture Maps,17,EPSG:4326
moscow_city_small_17_79223_40986,moscow_city_small,17,79223,40986,images/tiles/moscow_city_small_17_79223_40986.png,masks/tiles/moscow_city_small_17_79223_40986.png,0.633392,"{""0"": 24026, ""2"": 741, ""3"": 16269, ""4"": 24500}",Overture Maps,17,EPSG:4326
moscow_city_small_17_79224_40986,moscow_city_small,17,79224,40986,images/tiles/moscow_city_small_17_79224_40986.png,masks/tiles/moscow_city_small_17_79224_40986.png,0.457672,"{""0"": 35542, ""3"": 14655, ""4"": 15339}",Overture Maps,17,EPSG:4326
moscow_city_small_17_79225_40986,moscow_city_small,17,79225,40986,images/tiles/moscow_city_small_17_79225_40986.png,masks/tiles/moscow_city_small_17_79225_40986.png,0.760498,"{""0"": 15696, ""1"": 23737, ""3"": 13936, ""4"": 12167}",Overture Maps,17,EPSG:4326
moscow_city_small_17_79226_40986,moscow_city_small,17,79226,40986,images/tiles/moscow_city_small_17_79226_40986.png,masks/tiles/moscow_city_small_17_79226_40986.png,0.979706,"{""0"": 1330, ""1"": 59458, ""2"": 558, ""3"": 1259, ""4"": 2931}",Overture Maps,17,EPSG:4326
moscow_city_small_17_79227_40986,moscow_city_small,17,79227,40986,images/tiles/moscow_city_small_17_79227_40986.png,masks/tiles/moscow_city_small_17_79227_40986.png,0.883163,"{""0"": 7657, ""1"": 13609, ""2"": 21542, ""3"": 10543, ""4"": 12185}",Overture Maps,17,EPSG:4326
moscow_city_small_17_79228_40986,moscow_city_small,17,79228,40986,images/tiles/moscow_city_small_17_79228_40986.png,masks/tiles/moscow_city_small_17_79228_40986.png,0.999771,"{""0"": 15, ""2"": 38336, ""3"": 17661, ""4"": 9524}",Overture Maps,17,EPSG:4326
moscow_city_small_17_79229_40986,moscow_city_small,17,79229,40986,images/tiles/moscow_city_small_17_79229_40986.png,masks/tiles/moscow_city_small_17_79229_40986.png,0.803528,"{""0"": 12876, ""2"": 24245, ""3"": 10264, ""4"": 18151}",Overture Maps,17,EPSG:4326
moscow_city_small_17_79230_40986,moscow_city_small,17,79230,40986,images/tiles/moscow_city_small_17_79230_40986.png,masks/tiles/moscow_city_small_17_79230_40986.png,0.641281,"{""0"": 23509, ""2"": 4006, ""3"": 20283, ""4"": 17738}",Overture Maps,17,EPSG:4326
moscow_city_small_17_79231_40986,moscow_city_small,17,79231,40986,images/tiles/moscow_city_small_17_79231_40986.png,masks/tiles/moscow_city_small_17_79231_40986.png,0.753464,"{""0"": 16157, ""2"": 1866, ""3"": 27103, ""4"": 20410}",Overture Maps,17,EPSG:4326
moscow_city_small_17_79232_40986,moscow_city_small,17,79232,40986,images/tiles/moscow_city_small_17_79232_40986.png,masks/tiles/moscow_city_small_17_79232_40986.png,0.648865,"{""0"": 23012, ""2"": 1791, ""3"": 19183, ""4"": 21550}",Overture Maps,17,EPSG:4326
moscow_city_small_17_79233_40986,moscow_city_small,17,79233,40986,images/tiles/moscow_city_small_17_79233_40986.png,masks/tiles/moscow_city_small_17_79233_40986.png,0.586136,"{""0"": 27123, ""3"": 24979, ""4"": 13434}",Overture Maps,17,EPSG:4326
moscow_city_small_17_79234_40986,moscow_city_small,17,79234,40986,images/tiles/moscow_city_small_17_79234_40986.png,masks/tiles/moscow_city_small_17_79234_40986.png,0.70253,"{""0"": 19495, ""3"": 30614, ""4"": 15427}",Overture Maps,17,EPSG:4326
moscow_city_small_17_79235_40986,moscow_city_small,17,79235,40986,images/tiles/moscow_city_small_17_79235_40986.png,masks/tiles/moscow_city_small_17_79235_40986.png,0.696198,"{""0"": 19910, ""3"": 26273, ""4"": 19353}",Overture Maps,17,EPSG:4326
moscow_city_small_17_79236_40986,moscow_city_small,17,79236,40986,images/tiles/moscow_city_small_17_79236_40986.png,masks/tiles/moscow_city_small_17_79236_40986.png,0.611084,"{""0"": 25488, ""3"": 23102, ""4"": 16946}",Overture Maps,17,EPSG:4326
moscow_city_small_17_79237_40986,moscow_city_small,17,79237,40986,images/tiles/moscow_city_small_17_79237_40986.png,masks/tiles/moscow_city_small_17_79237_40986.png,0.655624,"{""0"": 22569, ""3"": 22783, ""4"": 20184}",Overture Maps,17,EPSG:4326
moscow_city_small_17_79238_40986,moscow_city_small,17,79238,40986,images/tiles/moscow_city_small_17_79238_40986.png,masks/tiles/moscow_city_small_17_79238_40986.png,0.745224,"{""0"": 16697, ""3"": 26728, ""4"": 22111}",Overture Maps,17,EPSG:4326
moscow_city_small_17_79239_40986,moscow_city_small,17,79239,40986,images/tiles/moscow_city_small_17_79239_40986.png,masks/tiles/moscow_city_small_17_79239_40986.png,0.690826,"{""0"": 20262, ""2"": 7020, ""3"": 19559, ""4"": 18695}",Overture Maps,17,EPSG:4326
moscow_city_small_17_79240_40986,moscow_city_small,17,79240,40986,images/tiles/moscow_city_small_17_79240_40986.png,masks/tiles/moscow_city_small_17_79240_40986.png,0.310867,"{""0"": 45163, ""2"": 2904, ""3"": 7089, ""4"": 10380}",Overture Maps,17,EPSG:4326
moscow_city_small_17_79218_40987,moscow_city_small,17,79218,40987,images/tiles/moscow_city_small_17_79218_40987.png,masks/tiles/moscow_city_small_17_79218_40987.png,0.396072,"{""0"": 39579, ""3"": 14997, ""4"": 10960}",Overture Maps,17,EPSG:4326
moscow_city_small_17_79219_40987,moscow_city_small,17,79219,40987,images/tiles/moscow_city_small_17_79219_40987.png,masks/tiles/moscow_city_small_17_79219_40987.png,0.429337,"{""0"": 37399, ""2"": 113, ""3"": 20328, ""4"": 7696}",Overture Maps,17,EPSG:4326
moscow_city_small_17_79220_40987,moscow_city_small,17,79220,40987,images/tiles/moscow_city_small_17_79220_40987.png,masks/tiles/moscow_city_small_17_79220_40987.png,0.672424,"{""0"": 21468, ""2"": 8620, ""3"": 16807, ""4"": 18641}",Overture Maps,17,EPSG:4326
moscow_city_small_17_79221_40987,moscow_city_small,17,79221,40987,images/tiles/moscow_city_small_17_79221_40987.png,masks/tiles/moscow_city_small_17_79221_40987.png,0.790253,"{""0"": 13746, ""2"": 2030, ""3"": 31646, ""4"": 18114}",Overture Maps,17,EPSG:4326
moscow_city_small_17_79222_40987,moscow_city_small,17,79222,40987,images/tiles/moscow_city_small_17_79222_40987.png,masks/tiles/moscow_city_small_17_79222_40987.png,0.718582,"{""0"": 18443, ""2"": 669, ""3"": 30242, ""4"": 16182}",Overture Maps,17,EPSG:4326
moscow_city_small_17_79223_40987,moscow_city_small,17,79223,40987,images/tiles/moscow_city_small_17_79223_40987.png,masks/tiles/moscow_city_small_17_79223_40987.png,0.610046,"{""0"": 25556, ""2"": 14345, ""3"": 4963, ""4"": 20672}",Overture Maps,17,EPSG:4326
moscow_city_small_17_79224_40987,moscow_city_small,17,79224,40987,images/tiles/moscow_city_small_17_79224_40987.png,masks/tiles/moscow_city_small_17_79224_40987.png,0.697433,"{""0"": 19829, ""1"": 9592, ""2"": 5578, ""3"": 7738, ""4"": 22799}",Overture Maps,17,EPSG:4326
moscow_city_small_17_79225_40987,moscow_city_small,17,79225,40987,images/tiles/moscow_city_small_17_79225_40987.png,masks/tiles/moscow_city_small_17_79225_40987.png,0.949951,"{""0"": 3280, ""1"": 52402, ""2"": 3, ""4"": 9851}",Overture Maps,17,EPSG:4326
moscow_city_small_17_79226_40987,moscow_city_small,17,79226,40987,images/tiles/moscow_city_small_17_79226_40987.png,masks/tiles/moscow_city_small_17_79226_40987.png,0.780319,"{""0"": 14397, ""1"": 11548, ""2"": 20187, ""3"": 4559, ""4"": 14845}",Overture Maps,17,EPSG:4326
moscow_city_small_17_79227_40987,moscow_city_small,17,79227,40987,images/tiles/moscow_city_small_17_79227_40987.png,masks/tiles/moscow_city_small_17_79227_40987.png,0.992447,"{""0"": 495, ""2"": 35325, ""3"": 18772, ""4"": 10944}",Overture Maps,17,EPSG:4326
moscow_city_small_17_79228_40987,moscow_city_small,17,79228,40987,images/tiles/moscow_city_small_17_79228_40987.png,masks/tiles/moscow_city_small_17_79228_40987.png,0.898056,"{""0"": 6681, ""2"": 39172, ""3"": 5454, ""4"": 14229}",Overture Maps,17,EPSG:4326
moscow_city_small_17_79229_40987,moscow_city_small,17,79229,40987,images/tiles/moscow_city_small_17_79229_40987.png,masks/tiles/moscow_city_small_17_79229_40987.png,0.699753,"{""0"": 19677, ""2"": 7256, ""3"": 28097, ""4"": 10506}",Overture Maps,17,EPSG:4326
moscow_city_small_17_79230_40987,moscow_city_small,17,79230,40987,images/tiles/moscow_city_small_17_79230_40987.png,masks/tiles/moscow_city_small_17_79230_40987.png,0.608002,"{""0"": 25690, ""2"": 3719, ""3"": 15637, ""4"": 20490}",Overture Maps,17,EPSG:4326
moscow_city_small_17_79231_40987,moscow_city_small,17,79231,40987,images/tiles/moscow_city_small_17_79231_40987.png,masks/tiles/moscow_city_small_17_79231_40987.png,0.658234,"{""0"": 22398, ""2"": 241, ""3"": 24267, ""4"": 18630}",Overture Maps,17,EPSG:4326
moscow_city_small_17_79232_40987,moscow_city_small,17,79232,40987,images/tiles/moscow_city_small_17_79232_40987.png,masks/tiles/moscow_city_small_17_79232_40987.png,0.589859,"{""0"": 26879, ""2"": 1345, ""3"": 25710, ""4"": 11602}",Overture Maps,17,EPSG:4326
moscow_city_small_17_79233_40987,moscow_city_small,17,79233,40987,images/tiles/moscow_city_small_17_79233_40987.png,masks/tiles/moscow_city_small_17_79233_40987.png,0.744812,"{""0"": 16724, ""2"": 624, ""3"": 32291, ""4"": 15897}",Overture Maps,17,EPSG:4326
moscow_city_small_17_79234_40987,moscow_city_small,17,79234,40987,images/tiles/moscow_city_small_17_79234_40987.png,masks/tiles/moscow_city_small_17_79234_40987.png,0.726471,"{""0"": 17926, ""3"": 27715, ""4"": 19895}",Overture Maps,17,EPSG:4326
moscow_city_small_17_79235_40987,moscow_city_small,17,79235,40987,images/tiles/moscow_city_small_17_79235_40987.png,masks/tiles/moscow_city_small_17_79235_40987.png,0.713898,"{""0"": 18750, ""3"": 24686, ""4"": 22100}",Overture Maps,17,EPSG:4326
moscow_city_small_17_79236_40987,moscow_city_small,17,79236,40987,images/tiles/moscow_city_small_17_79236_40987.png,masks/tiles/moscow_city_small_17_79236_40987.png,0.552139,"{""0"": 29351, ""3"": 18799, ""4"": 17386}",Overture Maps,17,EPSG:4326
moscow_city_small_17_79237_40987,moscow_city_small,17,79237,40987,images/tiles/moscow_city_small_17_79237_40987.png,masks/tiles/moscow_city_small_17_79237_40987.png,0.573212,"{""0"": 27970, ""3"": 22232, ""4"": 15334}",Overture Maps,17,EPSG:4326
moscow_city_small_17_79238_40987,moscow_city_small,17,79238,40987,images/tiles/moscow_city_small_17_79238_40987.png,masks/tiles/moscow_city_small_17_79238_40987.png,0.622253,"{""0"": 24756, ""2"": 4736, ""3"": 17029, ""4"": 19015}",Overture Maps,17,EPSG:4326
moscow_city_small_17_79239_40987,moscow_city_small,17,79239,40987,images/tiles/moscow_city_small_17_79239_40987.png,masks/tiles/moscow_city_small_17_79239_40987.png,0.665985,"{""0"": 21890, ""2"": 4307, ""3"": 19560, ""4"": 19779}",Overture Maps,17,EPSG:4326
moscow_city_small_17_79240_40987,moscow_city_small,17,79240,40987,images/tiles/moscow_city_small_17_79240_40987.png,masks/tiles/moscow_city_small_17_79240_40987.png,0.293854,"{""0"": 46278, ""3"": 9891, ""4"": 9367}",Overture Maps,17,EPSG:4326
moscow_city_small_17_79218_40988,moscow_city_small,17,79218,40988,images/tiles/moscow_city_small_17_79218_40988.png,masks/tiles/moscow_city_small_17_79218_40988.png,0.486206,"{""0"": 33672, ""3"": 21636, ""4"": 10228}",Overture Maps,17,EPSG:4326
moscow_city_small_17_79219_40988,moscow_city_small,17,79219,40988,images/tiles/moscow_city_small_17_79219_40988.png,masks/tiles/moscow_city_small_17_79219_40988.png,0.472916,"{""0"": 34543, ""3"": 17393, ""4"": 13600}",Overture Maps,17,EPSG:4326
moscow_city_small_17_79220_40988,moscow_city_small,17,79220,40988,images/tiles/moscow_city_small_17_79220_40988.png,masks/tiles/moscow_city_small_17_79220_40988.png,0.58609,"{""0"": 27126, ""2"": 685, ""3"": 14694, ""4"": 23031}",Overture Maps,17,EPSG:4326
moscow_city_small_17_79221_40988,moscow_city_small,17,79221,40988,images/tiles/moscow_city_small_17_79221_40988.png,masks/tiles/moscow_city_small_17_79221_40988.png,0.73848,"{""0"": 17139, ""2"": 5342, ""3"": 22614, ""4"": 20441}",Overture Maps,17,EPSG:4326
moscow_city_small_17_79222_40988,moscow_city_small,17,79222,40988,images/tiles/moscow_city_small_17_79222_40988.png,masks/tiles/moscow_city_small_17_79222_40988.png,0.656677,"{""0"": 22500, ""2"": 476, ""3"": 22322, ""4"": 20238}",Overture Maps,17,EPSG:4326
moscow_city_small_17_79223_40988,moscow_city_small,17,79223,40988,images/tiles/moscow_city_small_17_79223_40988.png,masks/tiles/moscow_city_small_17_79223_40988.png,0.664612,"{""0"": 21980, ""2"": 5185, ""3"": 19614, ""4"": 18757}",Overture Maps,17,EPSG:4326
moscow_city_small_17_79224_40988,moscow_city_small,17,79224,40988,images/tiles/moscow_city_small_17_79224_40988.png,masks/tiles/moscow_city_small_17_79224_40988.png,0.897736,"{""0"": 6702, ""1"": 44540, ""2"": 6418, ""3"": 229, ""4"": 7647}",Overture Maps,17,EPSG:4326
moscow_city_small_17_79225_40988,moscow_city_small,17,79225,40988,images/tiles/moscow_city_small_17_79225_40988.png,masks/tiles/moscow_city_small_17_79225_40988.png,0.881775,"{""0"": 7748, ""1"": 27691, ""2"": 19117, ""3"": 4084, ""4"": 6896}",Overture Maps,17,EPSG:4326
moscow_city_small_17_79226_40988,moscow_city_small,17,79226,40988,images/tiles/moscow_city_small_17_79226_40988.png,masks/tiles/moscow_city_small_17_79226_40988.png,0.691711,"{""0"": 20204, ""2"": 20448, ""3"": 6137, ""4"": 18747}",Overture Maps,17,EPSG:4326
moscow_city_small_17_79227_40988,moscow_city_small,17,79227,40988,images/tiles/moscow_city_small_17_79227_40988.png,masks/tiles/moscow_city_small_17_79227_40988.png,0.572449,"{""0"": 28020, ""2"": 14136, ""3"": 385, ""4"": 22995}",Overture Maps,17,EPSG:4326
moscow_city_small_17_79228_40988,moscow_city_small,17,79228,40988,images/tiles/moscow_city_small_17_79228_40988.png,masks/tiles/moscow_city_small_17_79228_40988.png,0.650101,"{""0"": 22931, ""2"": 17208, ""3"": 14384, ""4"": 11013}",Overture Maps,17,EPSG:4326
moscow_city_small_17_79229_40988,moscow_city_small,17,79229,40988,images/tiles/moscow_city_small_17_79229_40988.png,masks/tiles/moscow_city_small_17_79229_40988.png,0.522263,"{""0"": 31309, ""2"": 1599, ""3"": 17539, ""4"": 15089}",Overture Maps,17,EPSG:4326
moscow_city_small_17_79230_40988,moscow_city_small,17,79230,40988,images/tiles/moscow_city_small_17_79230_40988.png,masks/tiles/moscow_city_small_17_79230_40988.png,0.56604,"{""0"": 28440, ""2"": 3432, ""3"": 19291, ""4"": 14373}",Overture Maps,17,EPSG:4326
moscow_city_small_17_79231_40988,moscow_city_small,17,79231,40988,images/tiles/moscow_city_small_17_79231_40988.png,masks/tiles/moscow_city_small_17_79231_40988.png,0.608017,"{""0"": 25689, ""2"": 2138, ""3"": 19438, ""4"": 18271}",Overture Maps,17,EPSG:4326
moscow_city_small_17_79232_40988,moscow_city_small,17,79232,40988,images/tiles/moscow_city_small_17_79232_40988.png,masks/tiles/moscow_city_small_17_79232_40988.png,0.764542,"{""0"": 15431, ""3"": 27190, ""4"": 22915}",Overture Maps,17,EPSG:4326
moscow_city_small_17_79233_40988,moscow_city_small,17,79233,40988,images/tiles/moscow_city_small_17_79233_40988.png,masks/tiles/moscow_city_small_17_79233_40988.png,0.732483,"{""0"": 17532, ""2"": 78, ""3"": 28646, ""4"": 19280}",Overture Maps,17,EPSG:4326
moscow_city_small_17_79234_40988,moscow_city_small,17,79234,40988,images/tiles/moscow_city_small_17_79234_40988.png,masks/tiles/moscow_city_small_17_79234_40988.png,0.673569,"{""0"": 21393, ""3"": 23618, ""4"": 20525}",Overture Maps,17,EPSG:4326
moscow_city_small_17_79235_40988,moscow_city_small,17,79235,40988,images/tiles/moscow_city_small_17_79235_40988.png,masks/tiles/moscow_city_small_17_79235_40988.png,0.754211,"{""0"": 16108, ""2"": 2252, ""3"": 26307, ""4"": 20869}",Overture Maps,17,EPSG:4326
moscow_city_small_17_79236_40988,moscow_city_small,17,79236,40988,images/tiles/moscow_city_small_17_79236_40988.png,masks/tiles/moscow_city_small_17_79236_40988.png,0.648239,"{""0"": 23053, ""3"": 24706, ""4"": 17777}",Overture Maps,17,EPSG:4326
moscow_city_small_17_79237_40988,moscow_city_small,17,79237,40988,images/tiles/moscow_city_small_17_79237_40988.png,masks/tiles/moscow_city_small_17_79237_40988.png,0.623047,"{""0"": 24704, ""3"": 21186, ""4"": 19646}",Overture Maps,17,EPSG:4326
moscow_city_small_17_79238_40988,moscow_city_small,17,79238,40988,images/tiles/moscow_city_small_17_79238_40988.png,masks/tiles/moscow_city_small_17_79238_40988.png,0.602539,"{""0"": 26048, ""2"": 1467, ""3"": 20820, ""4"": 17201}",Overture Maps,17,EPSG:4326
moscow_city_small_17_79239_40988,moscow_city_small,17,79239,40988,images/tiles/moscow_city_small_17_79239_40988.png,masks/tiles/moscow_city_small_17_79239_40988.png,0.594879,"{""0"": 26550, ""2"": 102, ""3"": 21438, ""4"": 17446}",Overture Maps,17,EPSG:4326
moscow_city_small_17_79240_40988,moscow_city_small,17,79240,40988,images/tiles/moscow_city_small_17_79240_40988.png,masks/tiles/moscow_city_small_17_79240_40988.png,0.267822,"{""0"": 47984, ""2"": 2205, ""3"": 3755, ""4"": 11592}",Overture Maps,17,EPSG:4326
moscow_city_small_17_79218_40989,moscow_city_small,17,79218,40989,images/tiles/moscow_city_small_17_79218_40989.png,masks/tiles/moscow_city_small_17_79218_40989.png,0.434021,"{""0"": 37092, ""3"": 15630, ""4"": 12814}",Overture Maps,17,EPSG:4326
moscow_city_small_17_79219_40989,moscow_city_small,17,79219,40989,images/tiles/moscow_city_small_17_79219_40989.png,masks/tiles/moscow_city_small_17_79219_40989.png,0.526627,"{""0"": 31023, ""3"": 16580, ""4"": 17933}",Overture Maps,17,EPSG:4326
moscow_city_small_17_79220_40989,moscow_city_small,17,79220,40989,images/tiles/moscow_city_small_17_79220_40989.png,masks/tiles/moscow_city_small_17_79220_40989.png,0.638046,"{""0"": 23721, ""2"": 1001, ""3"": 26273, ""4"": 14541}",Overture Maps,17,EPSG:4326
moscow_city_small_17_79221_40989,moscow_city_small,17,79221,40989,images/tiles/moscow_city_small_17_79221_40989.png,masks/tiles/moscow_city_small_17_79221_40989.png,0.674393,"{""0"": 21339, ""2"": 2428, ""3"": 23617, ""4"": 18152}",Overture Maps,17,EPSG:4326
moscow_city_small_17_79222_40989,moscow_city_small,17,79222,40989,images/tiles/moscow_city_small_17_79222_40989.png,masks/tiles/moscow_city_small_17_79222_40989.png,0.530655,"{""0"": 30759, ""2"": 5004, ""3"": 12547, ""4"": 17226}",Overture Maps,17,EPSG:4326
moscow_city_small_17_79223_40989,moscow_city_small,17,79223,40989,images/tiles/moscow_city_small_17_79223_40989.png,masks/tiles/moscow_city_small_17_79223_40989.png,0.776047,"{""0"": 14677, ""1"": 13252, ""2"": 12575, ""3"": 5912, ""4"": 19120}",Overture Maps,17,EPSG:4326
moscow_city_small_17_79224_40989,moscow_city_small,17,79224,40989,images/tiles/moscow_city_small_17_79224_40989.png,masks/tiles/moscow_city_small_17_79224_40989.png,0.99939,"{""0"": 40, ""1"": 58300, ""2"": 3915, ""3"": 1495, ""4"": 1786}",Overture Maps,17,EPSG:4326
moscow_city_small_17_79226_40989,moscow_city_small,17,79226,40989,images/tiles/moscow_city_small_17_79226_40989.png,masks/tiles/moscow_city_small_17_79226_40989.png,0.977936,"{""0"": 1446, ""2"": 47803, ""3"": 2028, ""4"": 14259}",Overture Maps,17,EPSG:4326
moscow_city_small_17_79227_40989,moscow_city_small,17,79227,40989,images/tiles/moscow_city_small_17_79227_40989.png,masks/tiles/moscow_city_small_17_79227_40989.png,0.875565,"{""0"": 8155, ""2"": 39050, ""3"": 4767, ""4"": 13564}",Overture Maps,17,EPSG:4326
moscow_city_small_17_79228_40989,moscow_city_small,17,79228,40989,images/tiles/moscow_city_small_17_79228_40989.png,masks/tiles/moscow_city_small_17_79228_40989.png,0.705292,"{""0"": 19314, ""2"": 19021, ""3"": 7685, ""4"": 19516}",Overture Maps,17,EPSG:4326
moscow_city_small_17_79229_40989,moscow_city_small,17,79229,40989,images/tiles/moscow_city_small_17_79229_40989.png,masks/tiles/moscow_city_small_17_79229_40989.png,0.462006,"{""0"": 35258, ""2"": 523, ""3"": 15896, ""4"": 13859}",Overture Maps,17,EPSG:4326
moscow_city_small_17_79230_40989,moscow_city_small,17,79230,40989,images/tiles/moscow_city_small_17_79230_40989.png,masks/tiles/moscow_city_small_17_79230_40989.png,0.487625,"{""0"": 33579, ""3"": 17406, ""4"": 14551}",Overture Maps,17,EPSG:4326
moscow_city_small_17_79231_40989,moscow_city_small,17,79231,40989,images/tiles/moscow_city_small_17_79231_40989.png,masks/tiles/moscow_city_small_17_79231_40989.png,0.683578,"{""0"": 20737, ""3"": 33227, ""4"": 11572}",Overture Maps,17,EPSG:4326
moscow_city_small_17_79232_40989,moscow_city_small,17,79232,40989,images/tiles/moscow_city_small_17_79232_40989.png,masks/tiles/moscow_city_small_17_79232_40989.png,0.681,"{""0"": 20906, ""2"": 12794, ""3"": 24210, ""4"": 7626}",Overture Maps,17,EPSG:4326
moscow_city_small_17_79233_40989,moscow_city_small,17,79233,40989,images/tiles/moscow_city_small_17_79233_40989.png,masks/tiles/moscow_city_small_17_79233_40989.png,0.695175,"{""0"": 19977, ""2"": 3667, ""3"": 25738, ""4"": 16154}",Overture Maps,17,EPSG:4326
moscow_city_small_17_79234_40989,moscow_city_small,17,79234,40989,images/tiles/moscow_city_small_17_79234_40989.png,masks/tiles/moscow_city_small_17_79234_40989.png,0.74379,"{""0"": 16791, ""3"": 32114, ""4"": 16631}",Overture Maps,17,EPSG:4326
moscow_city_small_17_79235_40989,moscow_city_small,17,79235,40989,images/tiles/moscow_city_small_17_79235_40989.png,masks/tiles/moscow_city_small_17_79235_40989.png,0.79454,"{""0"": 13465, ""3"": 35699, ""4"": 16372}",Overture Maps,17,EPSG:4326
moscow_city_small_17_79236_40989,moscow_city_small,17,79236,40989,images/tiles/moscow_city_small_17_79236_40989.png,masks/tiles/moscow_city_small_17_79236_40989.png,0.58313,"{""0"": 27320, ""2"": 78, ""3"": 18932, ""4"": 19206}",Overture Maps,17,EPSG:4326
moscow_city_small_17_79237_40989,moscow_city_small,17,79237,40989,images/tiles/moscow_city_small_17_79237_40989.png,masks/tiles/moscow_city_small_17_79237_40989.png,0.547714,"{""0"": 29641, ""2"": 335, ""3"": 18874, ""4"": 16686}",Overture Maps,17,EPSG:4326
moscow_city_small_17_79238_40989,moscow_city_small,17,79238,40989,images/tiles/moscow_city_small_17_79238_40989.png,masks/tiles/moscow_city_small_17_79238_40989.png,0.575851,"{""0"": 27797, ""2"": 1269, ""3"": 17815, ""4"": 18655}",Overture Maps,17,EPSG:4326
moscow_city_small_17_79239_40989,moscow_city_small,17,79239,40989,images/tiles/moscow_city_small_17_79239_40989.png,masks/tiles/moscow_city_small_17_79239_40989.png,0.788132,"{""0"": 13885, ""2"": 20324, ""3"": 7434, ""4"": 23893}",Overture Maps,17,EPSG:4326
moscow_city_small_17_79240_40989,moscow_city_small,17,79240,40989,images/tiles/moscow_city_small_17_79240_40989.png,masks/tiles/moscow_city_small_17_79240_40989.png,0.640366,"{""0"": 23569, ""2"": 21916, ""3"": 8254, ""4"": 11797}",Overture Maps,17,EPSG:4326
moscow_city_small_17_79218_40990,moscow_city_small,17,79218,40990,images/tiles/moscow_city_small_17_79218_40990.png,masks/tiles/moscow_city_small_17_79218_40990.png,0.556137,"{""0"": 29089, ""2"": 8209, ""3"": 16708, ""4"": 11530}",Overture Maps,17,EPSG:4326
moscow_city_small_17_79219_40990,moscow_city_small,17,79219,40990,images/tiles/moscow_city_small_17_79219_40990.png,masks/tiles/moscow_city_small_17_79219_40990.png,0.620438,"{""0"": 24875, ""2"": 120, ""3"": 30668, ""4"": 9873}",Overture Maps,17,EPSG:4326
moscow_city_small_17_79220_40990,moscow_city_small,17,79220,40990,images/tiles/moscow_city_small_17_79220_40990.png,masks/tiles/moscow_city_small_17_79220_40990.png,0.615082,"{""0"": 25226, ""2"": 3096, ""3"": 23197, ""4"": 14017}",Overture Maps,17,EPSG:4326
moscow_city_small_17_79221_40990,moscow_city_small,17,79221,40990,images/tiles/moscow_city_small_17_79221_40990.png,masks/tiles/moscow_city_small_17_79221_40990.png,0.514252,"{""0"": 31834, ""2"": 865, ""3"": 22472, ""4"": 10365}",Overture Maps,17,EPSG:4326
moscow_city_small_17_79222_40990,moscow_city_small,17,79222,40990,images/tiles/moscow_city_small_17_79222_40990.png,masks/tiles/moscow_city_small_17_79222_40990.png,0.58725,"{""0"": 27050, ""2"": 2976, ""3"": 20444, ""4"": 15066}",Overture Maps,17,EPSG:4326
moscow_city_small_17_79223_40990,moscow_city_small,17,79223,40990,images/tiles/moscow_city_small_17_79223_40990.png,masks/tiles/moscow_city_small_17_79223_40990.png,0.873688,"{""0"": 8278, ""1"": 39828, ""2"": 8263, ""3"": 156, ""4"": 9011}",Overture Maps,17,EPSG:4326
moscow_city_small_17_79228_40990,moscow_city_small,17,79228,40990,images/tiles/moscow_city_small_17_79228_40990.png,masks/tiles/moscow_city_small_17_79228_40990.png,0.811966,"{""0"": 12323, ""2"": 26248, ""3"": 15175, ""4"": 11790}",Overture Maps,17,EPSG:4326
moscow_city_small_17_79229_40990,moscow_city_small,17,79229,40990,images/tiles/moscow_city_small_17_79229_40990.png,masks/tiles/moscow_city_small_17_79229_40990.png,0.636581,"{""0"": 23817, ""2"": 2861, ""3"": 22966, ""4"": 15892}",Overture Maps,17,EPSG:4326
moscow_city_small_17_79230_40990,moscow_city_small,17,79230,40990,images/tiles/moscow_city_small_17_79230_40990.png,masks/tiles/moscow_city_small_17_79230_40990.png,0.560898,"{""0"": 28777, ""2"": 14916, ""3"": 62, ""4"": 21781}",Overture Maps,17,EPSG:4326
moscow_city_small_17_79231_40990,moscow_city_small,17,79231,40990,images/tiles/moscow_city_small_17_79231_40990.png,masks/tiles/moscow_city_small_17_79231_40990.png,0.657745,"{""0"": 22430, ""2"": 18504, ""3"": 5467, ""4"": 19135}",Overture Maps,17,EPSG:4326
moscow_city_small_17_79232_40990,moscow_city_small,17,79232,40990,images/tiles/moscow_city_small_17_79232_40990.png,masks/tiles/moscow_city_small_17_79232_40990.png,0.678284,"{""0"": 21084, ""2"": 15851, ""3"": 9796, ""4"": 18805}",Overture Maps,17,EPSG:4326
moscow_city_small_17_79233_40990,moscow_city_small,17,79233,40990,images/tiles/moscow_city_small_17_79233_40990.png,masks/tiles/moscow_city_small_17_79233_40990.png,0.659241,"{""0"": 22332, ""2"": 9154, ""3"": 20015, ""4"": 14035}",Overture Maps,17,EPSG:4326
moscow_city_small_17_79234_40990,moscow_city_small,17,79234,40990,images/tiles/moscow_city_small_17_79234_40990.png,masks/tiles/moscow_city_small_17_79234_40990.png,0.690796,"{""0"": 20264, ""2"": 8323, ""3"": 7099, ""4"": 29850}",Overture Maps,17,EPSG:4326
moscow_city_small_17_79235_40990,moscow_city_small,17,79235,40990,images/tiles/moscow_city_small_17_79235_40990.png,masks/tiles/moscow_city_small_17_79235_40990.png,0.641907,"{""0"": 23468, ""2"": 1678, ""3"": 18080, ""4"": 22310}",Overture Maps,17,EPSG:4326
moscow_city_small_17_79236_40990,moscow_city_small,17,79236,40990,images/tiles/moscow_city_small_17_79236_40990.png,masks/tiles/moscow_city_small_17_79236_40990.png,0.728531,"{""0"": 17791, ""2"": 1150, ""3"": 27321, ""4"": 19274}",Overture Maps,17,EPSG:4326
moscow_city_small_17_79237_40990,moscow_city_small,17,79237,40990,images/tiles/moscow_city_small_17_79237_40990.png,masks/tiles/moscow_city_small_17_79237_40990.png,0.684219,"{""0"": 20695, ""3"": 32668, ""4"": 12173}",Overture Maps,17,EPSG:4326
moscow_city_small_17_79238_40990,moscow_city_small,17,79238,40990,images/tiles/moscow_city_small_17_79238_40990.png,masks/tiles/moscow_city_small_17_79238_40990.png,0.709274,"{""0"": 19053, ""2"": 170, ""3"": 31304, ""4"": 15009}",Overture Maps,17,EPSG:4326
moscow_city_small_17_79239_40990,moscow_city_small,17,79239,40990,images/tiles/moscow_city_small_17_79239_40990.png,masks/tiles/moscow_city_small_17_79239_40990.png,0.684296,"{""0"": 20690, ""2"": 3261, ""3"": 27864, ""4"": 13721}",Overture Maps,17,EPSG:4326
moscow_city_small_17_79240_40990,moscow_city_small,17,79240,40990,images/tiles/moscow_city_small_17_79240_40990.png,masks/tiles/moscow_city_small_17_79240_40990.png,0.417236,"{""0"": 38192, ""3"": 21192, ""4"": 6152}",Overture Maps,17,EPSG:4326
moscow_city_small_17_79218_40991,moscow_city_small,17,79218,40991,images/tiles/moscow_city_small_17_79218_40991.png,masks/tiles/moscow_city_small_17_79218_40991.png,0.850327,"{""0"": 9809, ""2"": 19175, ""3"": 21754, ""4"": 14798}",Overture Maps,17,EPSG:4326
moscow_city_small_17_79219_40991,moscow_city_small,17,79219,40991,images/tiles/moscow_city_small_17_79219_40991.png,masks/tiles/moscow_city_small_17_79219_40991.png,0.671906,"{""0"": 21502, ""2"": 13807, ""3"": 8667, ""4"": 21560}",Overture Maps,17,EPSG:4326
moscow_city_small_17_79220_40991,moscow_city_small,17,79220,40991,images/tiles/moscow_city_small_17_79220_40991.png,masks/tiles/moscow_city_small_17_79220_40991.png,0.690536,"{""0"": 20281, ""2"": 11348, ""3"": 19219, ""4"": 14688}",Overture Maps,17,EPSG:4326
moscow_city_small_17_79221_40991,moscow_city_small,17,79221,40991,images/tiles/moscow_city_small_17_79221_40991.png,masks/tiles/moscow_city_small_17_79221_40991.png,0.61676,"{""0"": 25116, ""2"": 165, ""3"": 36938, ""4"": 3317}",Overture Maps,17,EPSG:4326
moscow_city_small_17_79222_40991,moscow_city_small,17,79222,40991,images/tiles/moscow_city_small_17_79222_40991.png,masks/tiles/moscow_city_small_17_79222_40991.png,0.621536,"{""0"": 24803, ""1"": 3305, ""2"": 6431, ""3"": 21102, ""4"": 9895}",Overture Maps,17,EPSG:4326
moscow_city_small_17_79223_40991,moscow_city_small,17,79223,40991,images/tiles/moscow_city_small_17_79223_40991.png,masks/tiles/moscow_city_small_17_79223_40991.png,0.984344,"{""0"": 1026, ""1"": 62414, ""2"": 753, ""4"": 1343}",Overture Maps,17,EPSG:4326
moscow_city_small_17_79227_40991,moscow_city_small,17,79227,40991,images/tiles/moscow_city_small_17_79227_40991.png,masks/tiles/moscow_city_small_17_79227_40991.png,0.811707,"{""0"": 12340, ""2"": 27351, ""3"": 18959, ""4"": 6886}",Overture Maps,17,EPSG:4326
moscow_city_small_17_79228_40991,moscow_city_small,17,79228,40991,images/tiles/moscow_city_small_17_79228_40991.png,masks/tiles/moscow_city_small_17_79228_40991.png,0.664261,"{""0"": 22003, ""2"": 703, ""3"": 35431, ""4"": 7399}",Overture Maps,17,EPSG:4326
moscow_city_small_17_79229_40991,moscow_city_small,17,79229,40991,images/tiles/moscow_city_small_17_79229_40991.png,masks/tiles/moscow_city_small_17_79229_40991.png,0.521118,"{""0"": 31384, ""2"": 3879, ""3"": 12808, ""4"": 17465}",Overture Maps,17,EPSG:4326
moscow_city_small_17_79230_40991,moscow_city_small,17,79230,40991,images/tiles/moscow_city_small_17_79230_40991.png,masks/tiles/moscow_city_small_17_79230_40991.png,0.617004,"{""0"": 25100, ""2"": 2169, ""3"": 22053, ""4"": 16214}",Overture Maps,17,EPSG:4326
moscow_city_small_17_79231_40991,moscow_city_small,17,79231,40991,images/tiles/moscow_city_small_17_79231_40991.png,masks/tiles/moscow_city_small_17_79231_40991.png,0.407257,"{""0"": 38846, ""3"": 17313, ""4"": 9377}",Overture Maps,17,EPSG:4326
moscow_city_small_17_79232_40991,moscow_city_small,17,79232,40991,images/tiles/moscow_city_small_17_79232_40991.png,masks/tiles/moscow_city_small_17_79232_40991.png,0.546906,"{""0"": 29694, ""3"": 17025, ""4"": 18817}",Overture Maps,17,EPSG:4326
moscow_city_small_17_79233_40991,moscow_city_small,17,79233,40991,images/tiles/moscow_city_small_17_79233_40991.png,masks/tiles/moscow_city_small_17_79233_40991.png,0.585907,"{""0"": 27138, ""2"": 214, ""3"": 25831, ""4"": 12353}",Overture Maps,17,EPSG:4326
moscow_city_small_17_79234_40991,moscow_city_small,17,79234,40991,images/tiles/moscow_city_small_17_79234_40991.png,masks/tiles/moscow_city_small_17_79234_40991.png,0.652756,"{""0"": 22757, ""2"": 5000, ""3"": 15053, ""4"": 22726}",Overture Maps,17,EPSG:4326
moscow_city_small_17_79235_40991,moscow_city_small,17,79235,40991,images/tiles/moscow_city_small_17_79235_40991.png,masks/tiles/moscow_city_small_17_79235_40991.png,0.515533,"{""0"": 31750, ""3"": 30157, ""4"": 3629}",Overture Maps,17,EPSG:4326
moscow_city_small_17_79236_40991,moscow_city_small,17,79236,40991,images/tiles/moscow_city_small_17_79236_40991.png,masks/tiles/moscow_city_small_17_79236_40991.png,0.772522,"{""0"": 14908, ""3"": 38573, ""4"": 12055}",Overture Maps,17,EPSG:4326
moscow_city_small_17_79237_40991,moscow_city_small,17,79237,40991,images/tiles/moscow_city_small_17_79237_40991.png,masks/tiles/moscow_city_small_17_79237_40991.png,0.511917,"{""0"": 31987, ""3"": 22440, ""4"": 11109}",Overture Maps,17,EPSG:4326
moscow_city_small_17_79238_40991,moscow_city_small,17,79238,40991,images/tiles/moscow_city_small_17_79238_40991.png,masks/tiles/moscow_city_small_17_79238_40991.png,0.59285,"{""0"": 26683, ""3"": 21158, ""4"": 17695}",Overture Maps,17,EPSG:4326
moscow_city_small_17_79239_40991,moscow_city_small,17,79239,40991,images/tiles/moscow_city_small_17_79239_40991.png,masks/tiles/moscow_city_small_17_79239_40991.png,0.520721,"{""0"": 31410, ""2"": 390, ""3"": 17597, ""4"": 16139}",Overture Maps,17,EPSG:4326
moscow_city_small_17_79240_40991,moscow_city_small,17,79240,40991,images/tiles/moscow_city_small_17_79240_40991.png,masks/tiles/moscow_city_small_17_79240_40991.png,0.18689,"{""0"": 53288, ""3"": 10924, ""4"": 1324}",Overture Maps,17,EPSG:4326
moscow_city_small_17_79218_40992,moscow_city_small,17,79218,40992,images/tiles/moscow_city_small_17_79218_40992.png,masks/tiles/moscow_city_small_17_79218_40992.png,0.588531,"{""0"": 26966, ""2"": 4586, ""3"": 16534, ""4"": 17450}",Overture Maps,17,EPSG:4326
moscow_city_small_17_79219_40992,moscow_city_small,17,79219,40992,images/tiles/moscow_city_small_17_79219_40992.png,masks/tiles/moscow_city_small_17_79219_40992.png,0.466049,"{""0"": 34993, ""2"": 477, ""3"": 15471, ""4"": 14595}",Overture Maps,17,EPSG:4326
moscow_city_small_17_79220_40992,moscow_city_small,17,79220,40992,images/tiles/moscow_city_small_17_79220_40992.png,masks/tiles/moscow_city_small_17_79220_40992.png,0.607452,"{""0"": 25726, ""2"": 12323, ""3"": 10486, ""4"": 17001}",Overture Maps,17,EPSG:4326
moscow_city_small_17_79221_40992,moscow_city_small,17,79221,40992,images/tiles/moscow_city_small_17_79221_40992.png,masks/tiles/moscow_city_small_17_79221_40992.png,0.822662,"{""0"": 11622, ""2"": 24640, ""3"": 11934, ""4"": 17340}",Overture Maps,17,EPSG:4326
moscow_city_small_17_79222_40992,moscow_city_small,17,79222,40992,images/tiles/moscow_city_small_17_79222_40992.png,masks/tiles/moscow_city_small_17_79222_40992.png,0.788956,"{""0"": 13831, ""1"": 28067, ""2"": 8688, ""3"": 4172, ""4"": 10778}",Overture Maps,17,EPSG:4326
moscow_city_small_17_79226_40992,moscow_city_small,17,79226,40992,images/tiles/moscow_city_small_17_79226_40992.png,masks/tiles/moscow_city_small_17_79226_40992.png,0.80571,"{""0"": 12733, ""2"": 31098, ""3"": 9861, ""4"": 11844}",Overture Maps,17,EPSG:4326
moscow_city_small_17_79227_40992,moscow_city_small,17,79227,40992,images/tiles/moscow_city_small_17_79227_40992.png,masks/tiles/moscow_city_small_17_79227_40992.png,0.572861,"{""0"": 27993, ""2"": 6693, ""3"": 22937, ""4"": 7913}",Overture Maps,17,EPSG:4326
moscow_city_small_17_79228_40992,moscow_city_small,17,79228,40992,images/tiles/moscow_city_small_17_79228_40992.png,masks/tiles/moscow_city_small_17_79228_40992.png,0.484406,"{""0"": 33790, ""2"": 1409, ""3"": 15111, ""4"": 15226}",Overture Maps,17,EPSG:4326
moscow_city_small_17_79229_40992,moscow_city_small,17,79229,40992,images/tiles/moscow_city_small_17_79229_40992.png,masks/tiles/moscow_city_small_17_79229_40992.png,0.629837,"{""0"": 24259, ""2"": 1515, ""3"": 22805, ""4"": 16957}",Overture Maps,17,EPSG:4326
moscow_city_small_17_79230_40992,moscow_city_small,17,79230,40992,images/tiles/moscow_city_small_17_79230_40992.png,masks/tiles/moscow_city_small_17_79230_40992.png,0.64035,"{""0"": 23570, ""2"": 2289, ""3"": 37199, ""4"": 2478}",Overture Maps,17,EPSG:4326
moscow_city_small_17_79231_40992,moscow_city_small,17,79231,40992,images/tiles/moscow_city_small_17_79231_40992.png,masks/tiles/moscow_city_small_17_79231_40992.png,0.412567,"{""0"": 38498, ""3"": 15867, ""4"": 11171}",Overture Maps,17,EPSG:4326
moscow_city_small_17_79232_40992,moscow_city_small,17,79232,40992,images/tiles/moscow_city_small_17_79232_40992.png,masks/tiles/moscow_city_small_17_79232_40992.png,0.433853,"{""0"": 37103, ""3"": 17561, ""4"": 10872}",Overture Maps,17,EPSG:4326
moscow_city_small_17_79233_40992,moscow_city_small,17,79233,40992,images/tiles/moscow_city_small_17_79233_40992.png,masks/tiles/moscow_city_small_17_79233_40992.png,0.456558,"{""0"": 35615, ""2"": 3229, ""3"": 12416, ""4"": 14276}",Overture Maps,17,EPSG:4326
moscow_city_small_17_79234_40992,moscow_city_small,17,79234,40992,images/tiles/moscow_city_small_17_79234_40992.png,masks/tiles/moscow_city_small_17_79234_40992.png,0.583649,"{""0"": 27286, ""2"": 1183, ""3"": 18916, ""4"": 18151}",Overture Maps,17,EPSG:4326
moscow_city_small_17_79235_40992,moscow_city_small,17,79235,40992,images/tiles/moscow_city_small_17_79235_40992.png,masks/tiles/moscow_city_small_17_79235_40992.png,0.57579,"{""0"": 27801, ""3"": 20962, ""4"": 16773}",Overture Maps,17,EPSG:4326
moscow_city_small_17_79236_40992,moscow_city_small,17,79236,40992,images/tiles/moscow_city_small_17_79236_40992.png,masks/tiles/moscow_city_small_17_79236_40992.png,0.622681,"{""0"": 24728, ""2"": 1347, ""3"": 28825, ""4"": 10636}",Overture Maps,17,EPSG:4326
moscow_city_small_17_79237_40992,moscow_city_small,17,79237,40992,images/tiles/moscow_city_small_17_79237_40992.png,masks/tiles/moscow_city_small_17_79237_40992.png,0.539581,"{""0"": 30174, ""3"": 22375, ""4"": 12987}",Overture Maps,17,EPSG:4326
moscow_city_small_17_79238_40992,moscow_city_small,17,79238,40992,images/tiles/moscow_city_small_17_79238_40992.png,masks/tiles/moscow_city_small_17_79238_40992.png,0.516754,"{""0"": 31670, ""3"": 17080, ""4"": 16786}",Overture Maps,17,EPSG:4326
moscow_city_small_17_79239_40992,moscow_city_small,17,79239,40992,images/tiles/moscow_city_small_17_79239_40992.png,masks/tiles/moscow_city_small_17_79239_40992.png,0.45195,"{""0"": 35917, ""2"": 2533, ""3"": 14485, ""4"": 12601}",Overture Maps,17,EPSG:4326
moscow_city_small_17_79240_40992,moscow_city_small,17,79240,40992,images/tiles/moscow_city_small_17_79240_40992.png,masks/tiles/moscow_city_small_17_79240_40992.png,0.249359,"{""0"": 49194, ""2"": 11, ""3"": 13900, ""4"": 2431}",Overture Maps,17,EPSG:4326
moscow_city_small_17_79218_40993,moscow_city_small,17,79218,40993,images/tiles/moscow_city_small_17_79218_40993.png,masks/tiles/moscow_city_small_17_79218_40993.png,0.514847,"{""0"": 31795, ""2"": 6406, ""3"": 11244, ""4"": 16091}",Overture Maps,17,EPSG:4326
moscow_city_small_17_79219_40993,moscow_city_small,17,79219,40993,images/tiles/moscow_city_small_17_79219_40993.png,masks/tiles/moscow_city_small_17_79219_40993.png,0.43364,"{""0"": 37117, ""3"": 18533, ""4"": 9886}",Overture Maps,17,EPSG:4326
moscow_city_small_17_79220_40993,moscow_city_small,17,79220,40993,images/tiles/moscow_city_small_17_79220_40993.png,masks/tiles/moscow_city_small_17_79220_40993.png,0.527969,"{""0"": 30935, ""3"": 29003, ""4"": 5598}",Overture Maps,17,EPSG:4326
moscow_city_small_17_79221_40993,moscow_city_small,17,79221,40993,images/tiles/moscow_city_small_17_79221_40993.png,masks/tiles/moscow_city_small_17_79221_40993.png,0.585449,"{""0"": 27168, ""1"": 4662, ""2"": 3896, ""3"": 12321, ""4"": 17489}",Overture Maps,17,EPSG:4326
moscow_city_small_17_79222_40993,moscow_city_small,17,79222,40993,images/tiles/moscow_city_small_17_79222_40993.png,masks/tiles/moscow_city_small_17_79222_40993.png,0.954987,"{""0"": 2950, ""1"": 54254, ""2"": 21, ""3"": 719, ""4"": 7592}",Overture Maps,17,EPSG:4326
moscow_city_small_17_79225_40993,moscow_city_small,17,79225,40993,images/tiles/moscow_city_small_17_79225_40993.png,masks/tiles/moscow_city_small_17_79225_40993.png,0.963715,"{""0"": 2378, ""2"": 43496, ""3"": 12933, ""4"": 6729}",Overture Maps,17,EPSG:4326
moscow_city_small_17_79226_40993,moscow_city_small,17,79226,40993,images/tiles/moscow_city_small_17_79226_40993.png,masks/tiles/moscow_city_small_17_79226_40993.png,0.592911,"{""0"": 26679, ""2"": 6617, ""3"": 23887, ""4"": 8353}",Overture Maps,17,EPSG:4326
moscow_city_small_17_79227_40993,moscow_city_small,17,79227,40993,images/tiles/moscow_city_small_17_79227_40993.png,masks/tiles/moscow_city_small_17_79227_40993.png,0.413483,"{""0"": 38438, ""3"": 10080, ""4"": 17018}",Overture Maps,17,EPSG:4326
moscow_city_small_17_79228_40993,moscow_city_small,17,79228,40993,images/tiles/moscow_city_small_17_79228_40993.png,masks/tiles/moscow_city_small_17_79228_40993.png,0.550034,"{""0"": 29489, ""3"": 20472, ""4"": 15575}",Overture Maps,17,EPSG:4326
moscow_city_small_17_79229_40993,moscow_city_small,17,79229,40993,images/tiles/moscow_city_small_17_79229_40993.png,masks/tiles/moscow_city_small_17_79229_40993.png,0.516632,"{""0"": 31678, ""2"": 364, ""3"": 19316, ""4"": 14178}",Overture Maps,17,EPSG:4326
moscow_city_small_17_79230_40993,moscow_city_small,17,79230,40993,images/tiles/moscow_city_small_17_79230_40993.png,masks/tiles/moscow_city_small_17_79230_40993.png,0.562744,"{""0"": 28656, ""3"": 35727, ""4"": 1153}",Overture Maps,17,EPSG:4326
moscow_city_small_17_79231_40993,moscow_city_small,17,79231,40993,images/tiles/moscow_city_small_17_79231_40993.png,masks/tiles/moscow_city_small_17_79231_40993.png,0.504761,"{""0"": 32456, ""3"": 23824, ""4"": 9256}",Overture Maps,17,EPSG:4326
moscow_city_small_17_79232_40993,moscow_city_small,17,79232,40993,images/tiles/moscow_city_small_17_79232_40993.png,masks/tiles/moscow_city_small_17_79232_40993.png,0.595062,"{""0"": 26538, ""3"": 28613, ""4"": 10385}",Overture Maps,17,EPSG:4326
moscow_city_small_17_79233_40993,moscow_city_small,17,79233,40993,images/tiles/moscow_city_small_17_79233_40993.png,masks/tiles/moscow_city_small_17_79233_40993.png,0.551559,"{""0"": 29389, ""2"": 3017, ""3"": 15318, ""4"": 17812}",Overture Maps,17,EPSG:4326
moscow_city_small_17_79234_40993,moscow_city_small,17,79234,40993,images/tiles/moscow_city_small_17_79234_40993.png,masks/tiles/moscow_city_small_17_79234_40993.png,0.526779,"{""0"": 31013, ""3"": 25837, ""4"": 8686}",Overture Maps,17,EPSG:4326
moscow_city_small_17_79235_40993,moscow_city_small,17,79235,40993,images/tiles/moscow_city_small_17_79235_40993.png,masks/tiles/moscow_city_small_17_79235_40993.png,0.60083,"{""0"": 26160, ""2"": 386, ""3"": 25303, ""4"": 13687}",Overture Maps,17,EPSG:4326
moscow_city_small_17_79236_40993,moscow_city_small,17,79236,40993,images/tiles/moscow_city_small_17_79236_40993.png,masks/tiles/moscow_city_small_17_79236_40993.png,0.582108,"{""0"": 27387, ""3"": 25628, ""4"": 12521}",Overture Maps,17,EPSG:4326
moscow_city_small_17_79237_40993,moscow_city_small,17,79237,40993,images/tiles/moscow_city_small_17_79237_40993.png,masks/tiles/moscow_city_small_17_79237_40993.png,0.629501,"{""0"": 24281, ""3"": 27547, ""4"": 13708}",Overture Maps,17,EPSG:4326
moscow_city_small_17_79238_40993,moscow_city_small,17,79238,40993,images/tiles/moscow_city_small_17_79238_40993.png,masks/tiles/moscow_city_small_17_79238_40993.png,0.55835,"{""0"": 28944, ""3"": 24548, ""4"": 12044}",Overture Maps,17,EPSG:4326
moscow_city_small_17_79239_40993,moscow_city_small,17,79239,40993,images/tiles/moscow_city_small_17_79239_40993.png,masks/tiles/moscow_city_small_17_79239_40993.png,0.55751,"{""0"": 28999, ""2"": 1215, ""3"": 23344, ""4"": 11978}",Overture Maps,17,EPSG:4326
moscow_city_small_17_79240_40993,moscow_city_small,17,79240,40993,images/tiles/moscow_city_small_17_79240_40993.png,masks/tiles/moscow_city_small_17_79240_40993.png,0.198288,"{""0"": 52541, ""2"": 988, ""3"": 8104, ""4"": 3903}",Overture Maps,17,EPSG:4326
moscow_city_small_17_79218_40994,moscow_city_small,17,79218,40994,images/tiles/moscow_city_small_17_79218_40994.png,masks/tiles/moscow_city_small_17_79218_40994.png,0.542313,"{""0"": 29995, ""2"": 11857, ""3"": 8493, ""4"": 15191}",Overture Maps,17,EPSG:4326
moscow_city_small_17_79219_40994,moscow_city_small,17,79219,40994,images/tiles/moscow_city_small_17_79219_40994.png,masks/tiles/moscow_city_small_17_79219_40994.png,0.594009,"{""0"": 26607, ""2"": 7409, ""3"": 17923, ""4"": 13597}",Overture Maps,17,EPSG:4326
moscow_city_small_17_79220_40994,moscow_city_small,17,79220,40994,images/tiles/moscow_city_small_17_79220_40994.png,masks/tiles/moscow_city_small_17_79220_40994.png,0.436432,"{""0"": 36934, ""3"": 17460, ""4"": 11142}",Overture Maps,17,EPSG:4326
moscow_city_small_17_79221_40994,moscow_city_small,17,79221,40994,images/tiles/moscow_city_small_17_79221_40994.png,masks/tiles/moscow_city_small_17_79221_40994.png,0.764496,"{""0"": 15434, ""1"": 38286, ""3"": 2369, ""4"": 9447}",Overture Maps,17,EPSG:4326
moscow_city_small_17_79225_40994,moscow_city_small,17,79225,40994,images/tiles/moscow_city_small_17_79225_40994.png,masks/tiles/moscow_city_small_17_79225_40994.png,0.888687,"{""0"": 7295, ""2"": 30578, ""3"": 19944, ""4"": 7719}",Overture Maps,17,EPSG:4326
moscow_city_small_17_79226_40994,moscow_city_small,17,79226,40994,images/tiles/moscow_city_small_17_79226_40994.png,masks/tiles/moscow_city_small_17_79226_40994.png,0.826187,"{""0"": 11391, ""2"": 29070, ""3"": 13462, ""4"": 11613}",Overture Maps,17,EPSG:4326
moscow_city_small_17_79227_40994,moscow_city_small,17,79227,40994,images/tiles/moscow_city_small_17_79227_40994.png,masks/tiles/moscow_city_small_17_79227_40994.png,0.416443,"{""0"": 38244, ""2"": 127, ""3"": 16374, ""4"": 10791}",Overture Maps,17,EPSG:4326
moscow_city_small_17_79228_40994,moscow_city_small,17,79228,40994,images/tiles/moscow_city_small_17_79228_40994.png,masks/tiles/moscow_city_small_17_79228_40994.png,0.5224,"{""0"": 31300, ""2"": 441, ""3"": 18980, ""4"": 14815}",Overture Maps,17,EPSG:4326
moscow_city_small_17_79229_40994,moscow_city_small,17,79229,40994,images/tiles/moscow_city_small_17_79229_40994.png,masks/tiles/moscow_city_small_17_79229_40994.png,0.76358,"{""0"": 15494, ""2"": 1934, ""3"": 29138, ""4"": 18970}",Overture Maps,17,EPSG:4326
moscow_city_small_17_79230_40994,moscow_city_small,17,79230,40994,images/tiles/moscow_city_small_17_79230_40994.png,masks/tiles/moscow_city_small_17_79230_40994.png,0.516754,"{""0"": 31670, ""2"": 281, ""3"": 25673, ""4"": 7912}",Overture Maps,17,EPSG:4326
moscow_city_small_17_79231_40994,moscow_city_small,17,79231,40994,images/tiles/moscow_city_small_17_79231_40994.png,masks/tiles/moscow_city_small_17_79231_40994.png,0.588165,"{""0"": 26990, ""3"": 27765, ""4"": 10781}",Overture Maps,17,EPSG:4326
moscow_city_small_17_79232_40994,moscow_city_small,17,79232,40994,images/tiles/moscow_city_small_17_79232_40994.png,masks/tiles/moscow_city_small_17_79232_40994.png,0.571243,"{""0"": 28099, ""3"": 23891, ""4"": 13546}",Overture Maps,17,EPSG:4326
moscow_city_small_17_79233_40994,moscow_city_small,17,79233,40994,images/tiles/moscow_city_small_17_79233_40994.png,masks/tiles/moscow_city_small_17_79233_40994.png,0.481308,"{""0"": 33993, ""2"": 1157, ""3"": 12649, ""4"": 17737}",Overture Maps,17,EPSG:4326
moscow_city_small_17_79234_40994,moscow_city_small,17,79234,40994,images/tiles/moscow_city_small_17_79234_40994.png,masks/tiles/moscow_city_small_17_79234_40994.png,0.616364,"{""0"": 25142, ""2"": 6117, ""3"": 18684, ""4"": 15593}",Overture Maps,17,EPSG:4326
moscow_city_small_17_79235_40994,moscow_city_small,17,79235,40994,images/tiles/moscow_city_small_17_79235_40994.png,masks/tiles/moscow_city_small_17_79235_40994.png,0.591309,"{""0"": 26784, ""2"": 409, ""3"": 21239, ""4"": 17104}",Overture Maps,17,EPSG:4326
moscow_city_small_17_79236_40994,moscow_city_small,17,79236,40994,images/tiles/moscow_city_small_17_79236_40994.png,masks/tiles/moscow_city_small_17_79236_40994.png,0.458496,"{""0"": 35488, ""3"": 17937, ""4"": 12111}",Overture Maps,17,EPSG:4326
moscow_city_small_17_79237_40994,moscow_city_small,17,79237,40994,images/tiles/moscow_city_small_17_79237_40994.png,masks/tiles/moscow_city_small_17_79237_40994.png,0.634186,"{""0"": 23974, ""3"": 26904, ""4"": 14658}",Overture Maps,17,EPSG:4326
moscow_city_small_17_79238_40994,moscow_city_small,17,79238,40994,images/tiles/moscow_city_small_17_79238_40994.png,masks/tiles/moscow_city_small_17_79238_40994.png,0.683899,"{""0"": 20716, ""2"": 237, ""3"": 32510, ""4"": 12073}",Overture Maps,17,EPSG:4326
moscow_city_small_17_79239_40994,moscow_city_small,17,79239,40994,images/tiles/moscow_city_small_17_79239_40994.png,masks/tiles/moscow_city_small_17_79239_40994.png,0.741608,"{""0"": 16934, ""2"": 24691, ""3"": 14382, ""4"": 9529}",Overture Maps,17,EPSG:4326
moscow_city_small_17_79240_40994,moscow_city_small,17,79240,40994,images/tiles/moscow_city_small_17_79240_40994.png,masks/tiles/moscow_city_small_17_79240_40994.png,0.234604,"{""0"": 50161, ""3"": 9421, ""4"": 5954}",Overture Maps,17,EPSG:4326
moscow_city_small_17_79218_40995,moscow_city_small,17,79218,40995,images/tiles/moscow_city_small_17_79218_40995.png,masks/tiles/moscow_city_small_17_79218_40995.png,0.352966,"{""0"": 42404, ""2"": 3316, ""3"": 11760, ""4"": 8056}",Overture Maps,17,EPSG:4326
moscow_city_small_17_79219_40995,moscow_city_small,17,79219,40995,images/tiles/moscow_city_small_17_79219_40995.png,masks/tiles/moscow_city_small_17_79219_40995.png,0.577011,"{""0"": 27721, ""2"": 11391, ""3"": 13145, ""4"": 13279}",Overture Maps,17,EPSG:4326
moscow_city_small_17_79220_40995,moscow_city_small,17,79220,40995,images/tiles/moscow_city_small_17_79220_40995.png,masks/tiles/moscow_city_small_17_79220_40995.png,0.643997,"{""0"": 23331, ""1"": 12237, ""2"": 3771, ""3"": 9187, ""4"": 17010}",Overture Maps,17,EPSG:4326
moscow_city_small_17_79221_40995,moscow_city_small,17,79221,40995,images/tiles/moscow_city_small_17_79221_40995.png,masks/tiles/moscow_city_small_17_79221_40995.png,0.993912,"{""0"": 399, ""1"": 61294, ""2"": 1946, ""4"": 1897}",Overture Maps,17,EPSG:4326
moscow_city_small_17_79223_40995,moscow_city_small,17,79223,40995,images/tiles/moscow_city_small_17_79223_40995.png,masks/tiles/moscow_city_small_17_79223_40995.png,0.9702,"{""0"": 1953, ""2"": 46634, ""3"": 12973, ""4"": 3976}",Overture Maps,17,EPSG:4326
moscow_city_small_17_79224_40995,moscow_city_small,17,79224,40995,images/tiles/moscow_city_small_17_79224_40995.png,masks/tiles/moscow_city_small_17_79224_40995.png,0.794891,"{""0"": 13442, ""2"": 26222, ""3"": 16073, ""4"": 9799}",Overture Maps,17,EPSG:4326
moscow_city_small_17_79225_40995,moscow_city_small,17,79225,40995,images/tiles/moscow_city_small_17_79225_40995.png,masks/tiles/moscow_city_small_17_79225_40995.png,0.901154,"{""0"": 6478, ""2"": 34796, ""3"": 8827, ""4"": 15435}",Overture Maps,17,EPSG:4326
moscow_city_small_17_79226_40995,moscow_city_small,17,79226,40995,images/tiles/moscow_city_small_17_79226_40995.png,masks/tiles/moscow_city_small_17_79226_40995.png,0.674423,"{""0"": 21337, ""2"": 16799, ""3"": 9925, ""4"": 17475}",Overture Maps,17,EPSG:4326
moscow_city_small_17_79227_40995,moscow_city_small,17,79227,40995,images/tiles/moscow_city_small_17_79227_40995.png,masks/tiles/moscow_city_small_17_79227_40995.png,0.46286,"{""0"": 35202, ""2"": 1808, ""3"": 17087, ""4"": 11439}",Overture Maps,17,EPSG:4326
moscow_city_small_17_79228_40995,moscow_city_small,17,79228,40995,images/tiles/moscow_city_small_17_79228_40995.png,masks/tiles/moscow_city_small_17_79228_40995.png,0.435104,"{""0"": 37021, ""2"": 318, ""3"": 15117, ""4"": 13080}",Overture Maps,17,EPSG:4326
moscow_city_small_17_79229_40995,moscow_city_small,17,79229,40995,images/tiles/moscow_city_small_17_79229_40995.png,masks/tiles/moscow_city_small_17_79229_40995.png,0.745605,"{""0"": 16672, ""2"": 8098, ""3"": 19048, ""4"": 21718}",Overture Maps,17,EPSG:4326
moscow_city_small_17_79230_40995,moscow_city_small,17,79230,40995,images/tiles/moscow_city_small_17_79230_40995.png,masks/tiles/moscow_city_small_17_79230_40995.png,0.568008,"{""0"": 28311, ""3"": 23342, ""4"": 13883}",Overture Maps,17,EPSG:4326
moscow_city_small_17_79231_40995,moscow_city_small,17,79231,40995,images/tiles/moscow_city_small_17_79231_40995.png,masks/tiles/moscow_city_small_17_79231_40995.png,0.503799,"{""0"": 32519, ""3"": 22140, ""4"": 10877}",Overture Maps,17,EPSG:4326
moscow_city_small_17_79232_40995,moscow_city_small,17,79232,40995,images/tiles/moscow_city_small_17_79232_40995.png,masks/tiles/moscow_city_small_17_79232_40995.png,0.545807,"{""0"": 29766, ""3"": 22487, ""4"": 13283}",Overture Maps,17,EPSG:4326
moscow_city_small_17_79233_40995,moscow_city_small,17,79233,40995,images/tiles/moscow_city_small_17_79233_40995.png,masks/tiles/moscow_city_small_17_79233_40995.png,0.48941,"{""0"": 33462, ""3"": 18270, ""4"": 13804}",Overture Maps,17,EPSG:4326
moscow_city_small_17_79234_40995,moscow_city_small,17,79234,40995,images/tiles/moscow_city_small_17_79234_40995.png,masks/tiles/moscow_city_small_17_79234_40995.png,0.575134,"{""0"": 27844, ""2"": 2562, ""3"": 15378, ""4"": 19752}",Overture Maps,17,EPSG:4326
moscow_city_small_17_79235_40995,moscow_city_small,17,79235,40995,images/tiles/moscow_city_small_17_79235_40995.png,masks/tiles/moscow_city_small_17_79235_40995.png,0.549957,"{""0"": 29494, ""2"": 1050, ""3"": 13849, ""4"": 21143}",Overture Maps,17,EPSG:4326
moscow_city_small_17_79236_40995,moscow_city_small,17,79236,40995,images/tiles/moscow_city_small_17_79236_40995.png,masks/tiles/moscow_city_small_17_79236_40995.png,0.76059,"{""0"": 15690, ""2"": 13164, ""3"": 16982, ""4"": 19700}",Overture Maps,17,EPSG:4326
moscow_city_small_17_79237_40995,moscow_city_small,17,79237,40995,images/tiles/moscow_city_small_17_79237_40995.png,masks/tiles/moscow_city_small_17_79237_40995.png,0.745895,"{""0"": 16653, ""2"": 6416, ""3"": 31881, ""4"": 10586}",Overture Maps,17,EPSG:4326
moscow_city_small_17_79238_40995,moscow_city_small,17,79238,40995,images/tiles/moscow_city_small_17_79238_40995.png,masks/tiles/moscow_city_small_17_79238_40995.png,0.6604,"{""0"": 22256, ""2"": 49, ""3"": 27363, ""4"": 15868}",Overture Maps,17,EPSG:4326
moscow_city_small_17_79239_40995,moscow_city_small,17,79239,40995,images/tiles/moscow_city_small_17_79239_40995.png,masks/tiles/moscow_city_small_17_79239_40995.png,0.665253,"{""0"": 21938, ""2"": 2987, ""3"": 34135, ""4"": 6476}",Overture Maps,17,EPSG:4326
moscow_city_small_17_79240_40995,moscow_city_small,17,79240,40995,images/tiles/moscow_city_small_17_79240_40995.png,masks/tiles/moscow_city_small_17_79240_40995.png,0.078766,"{""0"": 60374, ""3"": 754, ""4"": 4408}",Overture Maps,17,EPSG:4326
moscow_city_small_17_79218_40996,moscow_city_small,17,79218,40996,images/tiles/moscow_city_small_17_79218_40996.png,masks/tiles/moscow_city_small_17_79218_40996.png,0.379028,"{""0"": 40696, ""2"": 7137, ""3"": 4820, ""4"": 12883}",Overture Maps,17,EPSG:4326
moscow_city_small_17_79219_40996,moscow_city_small,17,79219,40996,images/tiles/moscow_city_small_17_79219_40996.png,masks/tiles/moscow_city_small_17_79219_40996.png,0.430923,"{""0"": 37295, ""1"": 547, ""2"": 2479, ""3"": 10977, ""4"": 14238}",Overture Maps,17,EPSG:4326
moscow_city_small_17_79220_40996,moscow_city_small,17,79220,40996,images/tiles/moscow_city_small_17_79220_40996.png,masks/tiles/moscow_city_small_17_79220_40996.png,0.86116,"{""0"": 9099, ""1"": 50883, ""3"": 322, ""4"": 5232}",Overture Maps,17,EPSG:4326
moscow_city_small_17_79224_40996,moscow_city_small,17,79224,40996,images/tiles/moscow_city_small_17_79224_40996.png,masks/tiles/moscow_city_small_17_79224_40996.png,0.806778,"{""0"": 12663, ""2"": 30428, ""3"": 16959, ""4"": 5486}",Overture Maps,17,EPSG:4326
moscow_city_small_17_79225_40996,moscow_city_small,17,79225,40996,images/tiles/moscow_city_small_17_79225_40996.png,masks/tiles/moscow_city_small_17_79225_40996.png,0.530914,"{""0"": 30742, ""3"": 20181, ""4"": 14613}",Overture Maps,17,EPSG:4326
moscow_city_small_17_79226_40996,moscow_city_small,17,79226,40996,images/tiles/moscow_city_small_17_79226_40996.png,masks/tiles/moscow_city_small_17_79226_40996.png,0.512466,"{""0"": 31951, ""2"": 992, ""3"": 25757, ""4"": 6836}",Overture Maps,17,EPSG:4326
moscow_city_small_17_79227_40996,moscow_city_small,17,79227,40996,images/tiles/moscow_city_small_17_79227_40996.png,masks/tiles/moscow_city_small_17_79227_40996.png,0.544342,"{""0"": 29862, ""2"": 8354, ""3"": 8820, ""4"": 18500}",Overture Maps,17,EPSG:4326
moscow_city_small_17_79228_40996,moscow_city_small,17,79228,40996,images/tiles/moscow_city_small_17_79228_40996.png,masks/tiles/moscow_city_small_17_79228_40996.png,0.574463,"{""0"": 27888, ""2"": 7771, ""3"": 19346, ""4"": 10531}",Overture Maps,17,EPSG:4326
moscow_city_small_17_79229_40996,moscow_city_small,17,79229,40996,images/tiles/moscow_city_small_17_79229_40996.png,masks/tiles/moscow_city_small_17_79229_40996.png,0.563446,"{""0"": 28610, ""2"": 3486, ""3"": 20085, ""4"": 13355}",Overture Maps,17,EPSG:4326
moscow_city_small_17_79230_40996,moscow_city_small,17,79230,40996,images/tiles/moscow_city_small_17_79230_40996.png,masks/tiles/moscow_city_small_17_79230_40996.png,0.465515,"{""0"": 35028, ""2"": 3996, ""3"": 17054, ""4"": 9458}",Overture Maps,17,EPSG:4326
moscow_city_small_17_79231_40996,moscow_city_small,17,79231,40996,images/tiles/moscow_city_small_17_79231_40996.png,masks/tiles/moscow_city_small_17_79231_40996.png,0.703278,"{""0"": 19446, ""2"": 19627, ""3"": 11001, ""4"": 15462}",Overture Maps,17,EPSG:4326
moscow_city_small_17_79232_40996,moscow_city_small,17,79232,40996,images/tiles/moscow_city_small_17_79232_40996.png,masks/tiles/moscow_city_small_17_79232_40996.png,0.632339,"{""0"": 24095, ""3"": 26350, ""4"": 15091}",Overture Maps,17,EPSG:4326
moscow_city_small_17_79233_40996,moscow_city_small,17,79233,40996,images/tiles/moscow_city_small_17_79233_40996.png,masks/tiles/moscow_city_small_17_79233_40996.png,0.549667,"{""0"": 29513, ""3"": 21961, ""4"": 14062}",Overture Maps,17,EPSG:4326
moscow_city_small_17_79234_40996,moscow_city_small,17,79234,40996,images/tiles/moscow_city_small_17_79234_40996.png,masks/tiles/moscow_city_small_17_79234_40996.png,0.3228,"{""0"": 44381, ""3"": 10782, ""4"": 10373}",Overture Maps,17,EPSG:4326
moscow_city_small_17_79235_40996,moscow_city_small,17,79235,40996,images/tiles/moscow_city_small_17_79235_40996.png,masks/tiles/moscow_city_small_17_79235_40996.png,0.539444,"{""0"": 30183, ""2"": 6773, ""3"": 13489, ""4"": 15091}",Overture Maps,17,EPSG:4326
moscow_city_small_17_79236_40996,moscow_city_small,17,79236,40996,images/tiles/moscow_city_small_17_79236_40996.png,masks/tiles/moscow_city_small_17_79236_40996.png,0.574097,"{""0"": 27912, ""2"": 11968, ""3"": 16221, ""4"": 9435}",Overture Maps,17,EPSG:4326
moscow_city_small_17_79237_40996,moscow_city_small,17,79237,40996,images/tiles/moscow_city_small_17_79237_40996.png,masks/tiles/moscow_city_small_17_79237_40996.png,0.540817,"{""0"": 30093, ""3"": 34394, ""4"": 1049}",Overture Maps,17,EPSG:4326
moscow_city_small_17_79238_40996,moscow_city_small,17,79238,40996,images/tiles/moscow_city_small_17_79238_40996.png,masks/tiles/moscow_city_small_17_79238_40996.png,0.507324,"{""0"": 32288, ""3"": 25133, ""4"": 8115}",Overture Maps,17,EPSG:4326
moscow_city_small_17_79239_40996,moscow_city_small,17,79239,40996,images/tiles/moscow_city_small_17_79239_40996.png,masks/tiles/moscow_city_small_17_79239_40996.png,0.354111,"{""0"": 42329, ""3"": 22693, ""4"": 514}",Overture Maps,17,EPSG:4326
moscow_city_small_17_79240_40996,moscow_city_small,17,79240,40996,images/tiles/moscow_city_small_17_79240_40996.png,masks/tiles/moscow_city_small_17_79240_40996.png,0.255524,"{""0"": 48790, ""3"": 14970, ""4"": 1776}",Overture Maps,17,EPSG:4326
